solid OpenSCAD_Model
  facet normal -1 0 0
    outer loop
      vertex -8.1 31.562 0
      vertex -8.1 17.431 5.12
      vertex -8.1 31.562 8.4
    endloop
  endfacet
  facet normal -1 0 0
    outer loop
      vertex -8.1 0 0
      vertex -8.1 17.431 5.12
      vertex -8.1 31.562 0
    endloop
  endfacet
  facet normal -1 0 0
    outer loop
      vertex -8.1 0 8.4
      vertex -8.1 12.031 5.12
      vertex -8.1 0 0
    endloop
  endfacet
  facet normal -1 -0 0
    outer loop
      vertex -8.1 17.431 5.12
      vertex -8.1 0 0
      vertex -8.1 12.031 5.12
    endloop
  endfacet
  facet normal -1 0 0
    outer loop
      vertex -8.1 17.431 7.47
      vertex -8.1 31.562 8.4
      vertex -8.1 17.431 5.12
    endloop
  endfacet
  facet normal -1 0 0
    outer loop
      vertex -8.1 0 8.4
      vertex -8.1 17.431 7.47
      vertex -8.1 12.031 7.47
    endloop
  endfacet
  facet normal -1 0 0
    outer loop
      vertex -8.1 17.431 7.47
      vertex -8.1 0 8.4
      vertex -8.1 31.562 8.4
    endloop
  endfacet
  facet normal -1 0 0
    outer loop
      vertex -8.1 12.031 5.12
      vertex -8.1 0 8.4
      vertex -8.1 12.031 7.47
    endloop
  endfacet
  facet normal -0 0 1
    outer loop
      vertex 22.7225 25.7067 2.4
      vertex 24.6637 25.0477 2.4
      vertex 22.7974 25.9057 2.4
    endloop
  endfacet
  facet normal 0 0 1
    outer loop
      vertex 24.6 24.662 2.4
      vertex 23.3565 22.5191 2.4
      vertex 23.5019 22.3639 2.4
    endloop
  endfacet
  facet normal 0 0 1
    outer loop
      vertex 24.6637 25.0477 2.4
      vertex 22.7225 25.7067 2.4
      vertex 24.6409 24.9726 2.4
    endloop
  endfacet
  facet normal 0 0 1
    outer loop
      vertex 24.6 24.662 2.4
      vertex 23.2216 22.6835 2.4
      vertex 23.3565 22.5191 2.4
    endloop
  endfacet
  facet normal -0 0 1
    outer loop
      vertex 22.6607 25.5032 2.4
      vertex 24.6409 24.9726 2.4
      vertex 22.7225 25.7067 2.4
    endloop
  endfacet
  facet normal 0 0 1
    outer loop
      vertex 24.6 24.662 2.4
      vertex 23.0977 22.8564 2.4
      vertex 23.2216 22.6835 2.4
    endloop
  endfacet
  facet normal 0 0 1
    outer loop
      vertex 24.6409 24.9726 2.4
      vertex 22.6607 25.5032 2.4
      vertex 24.6231 24.8961 2.4
    endloop
  endfacet
  facet normal 0 0 1
    outer loop
      vertex 24.6 24.662 2.4
      vertex 22.9854 23.037 2.4
      vertex 23.0977 22.8564 2.4
    endloop
  endfacet
  facet normal -0 0 1
    outer loop
      vertex 22.6124 25.296 2.4
      vertex 24.6231 24.8961 2.4
      vertex 22.6607 25.5032 2.4
    endloop
  endfacet
  facet normal 0 0 1
    outer loop
      vertex 24.6 24.662 2.4
      vertex 22.8852 23.2246 2.4
      vertex 22.9854 23.037 2.4
    endloop
  endfacet
  facet normal 0 0 1
    outer loop
      vertex 24.6231 24.8961 2.4
      vertex 22.6124 25.296 2.4
      vertex 24.6103 24.8186 2.4
    endloop
  endfacet
  facet normal 0 0 1
    outer loop
      vertex 24.6 24.662 2.4
      vertex 22.7974 23.4183 2.4
      vertex 22.8852 23.2246 2.4
    endloop
  endfacet
  facet normal -0 0 1
    outer loop
      vertex 22.5778 25.0862 2.4
      vertex 24.6103 24.8186 2.4
      vertex 22.6124 25.296 2.4
    endloop
  endfacet
  facet normal 0 0 1
    outer loop
      vertex 24.6 24.662 2.4
      vertex 22.7225 23.6173 2.4
      vertex 22.7974 23.4183 2.4
    endloop
  endfacet
  facet normal 0 0 1
    outer loop
      vertex 24.6103 24.8186 2.4
      vertex 22.5778 25.0862 2.4
      vertex 24.6026 24.7405 2.4
    endloop
  endfacet
  facet normal 0 0 1
    outer loop
      vertex 24.6 24.662 2.4
      vertex 22.6607 23.8208 2.4
      vertex 22.7225 23.6173 2.4
    endloop
  endfacet
  facet normal -0 0 1
    outer loop
      vertex 22.557 24.8746 2.4
      vertex 24.6026 24.7405 2.4
      vertex 22.5778 25.0862 2.4
    endloop
  endfacet
  facet normal 0 0 1
    outer loop
      vertex 24.6 24.662 2.4
      vertex 22.6124 24.028 2.4
      vertex 22.6607 23.8208 2.4
    endloop
  endfacet
  facet normal 0 0 1
    outer loop
      vertex 24.6026 24.7405 2.4
      vertex 22.557 24.8746 2.4
      vertex 24.6 24.662 2.4
    endloop
  endfacet
  facet normal 0 0 1
    outer loop
      vertex 24.6 24.662 2.4
      vertex 22.5778 24.2378 2.4
      vertex 22.6124 24.028 2.4
    endloop
  endfacet
  facet normal 0 0 1
    outer loop
      vertex 22.55 24.662 2.4
      vertex 24.6 24.662 2.4
      vertex 22.557 24.8746 2.4
    endloop
  endfacet
  facet normal 0 0 1
    outer loop
      vertex 24.6 24.662 2.4
      vertex 22.557 24.4494 2.4
      vertex 22.5778 24.2378 2.4
    endloop
  endfacet
  facet normal 0 0 1
    outer loop
      vertex 24.6 24.662 2.4
      vertex 22.55 24.662 2.4
      vertex 22.557 24.4494 2.4
    endloop
  endfacet
  facet normal 0 0 1
    outer loop
      vertex 6 24.662 2.4
      vertex 8.05 24.662 2.4
      vertex 8.04304 24.8746 2.4
    endloop
  endfacet
  facet normal 0 0 1
    outer loop
      vertex 5.99743 24.7405 2.4
      vertex 8.04304 24.8746 2.4
      vertex 8.02219 25.0862 2.4
    endloop
  endfacet
  facet normal 0 0 1
    outer loop
      vertex 8.05 24.662 2.4
      vertex 6 24.662 2.4
      vertex 8.04304 24.4494 2.4
    endloop
  endfacet
  facet normal 0 0 1
    outer loop
      vertex 5.98973 24.8186 2.4
      vertex 8.02219 25.0862 2.4
      vertex 7.98755 25.296 2.4
    endloop
  endfacet
  facet normal -0 0 1
    outer loop
      vertex 5.99743 24.5835 2.4
      vertex 8.04304 24.4494 2.4
      vertex 6 24.662 2.4
    endloop
  endfacet
  facet normal 0 0 1
    outer loop
      vertex 5.97694 24.8961 2.4
      vertex 7.98755 25.296 2.4
      vertex 7.93926 25.5032 2.4
    endloop
  endfacet
  facet normal 0 0 1
    outer loop
      vertex 8.04304 24.4494 2.4
      vertex 5.99743 24.5835 2.4
      vertex 8.02219 24.2378 2.4
    endloop
  endfacet
  facet normal 0 0 1
    outer loop
      vertex 5.95911 24.9726 2.4
      vertex 7.93926 25.5032 2.4
      vertex 7.87752 25.7067 2.4
    endloop
  endfacet
  facet normal -0 0 1
    outer loop
      vertex 5.98973 24.5054 2.4
      vertex 8.02219 24.2378 2.4
      vertex 5.99743 24.5835 2.4
    endloop
  endfacet
  facet normal 0 0 1
    outer loop
      vertex 5.93632 25.0477 2.4
      vertex 7.87752 25.7067 2.4
      vertex 7.80261 25.9057 2.4
    endloop
  endfacet
  facet normal 0 0 1
    outer loop
      vertex 8.02219 24.2378 2.4
      vertex 5.98973 24.5054 2.4
      vertex 7.98755 24.028 2.4
    endloop
  endfacet
  facet normal 0 0 1
    outer loop
      vertex 5.90866 25.1212 2.4
      vertex 7.80261 25.9057 2.4
      vertex 7.71484 26.0994 2.4
    endloop
  endfacet
  facet normal -0 0 1
    outer loop
      vertex 5.97694 24.4279 2.4
      vertex 7.98755 24.028 2.4
      vertex 5.98973 24.5054 2.4
    endloop
  endfacet
  facet normal 0 0 1
    outer loop
      vertex 5.87625 25.1927 2.4
      vertex 7.71484 26.0994 2.4
      vertex 7.61458 26.287 2.4
    endloop
  endfacet
  facet normal 0 0 1
    outer loop
      vertex 7.98755 24.028 2.4
      vertex 5.97694 24.4279 2.4
      vertex 7.93926 23.8208 2.4
    endloop
  endfacet
  facet normal 0 0 1
    outer loop
      vertex 5.83923 25.262 2.4
      vertex 7.61458 26.287 2.4
      vertex 7.50228 26.4676 2.4
    endloop
  endfacet
  facet normal -0 0 1
    outer loop
      vertex 5.95911 24.3514 2.4
      vertex 7.93926 23.8208 2.4
      vertex 5.97694 24.4279 2.4
    endloop
  endfacet
  facet normal 0 0 1
    outer loop
      vertex 5.79776 25.3287 2.4
      vertex 7.50228 26.4676 2.4
      vertex 7.3784 26.6405 2.4
    endloop
  endfacet
  facet normal 0 0 1
    outer loop
      vertex 7.93926 23.8208 2.4
      vertex 5.95911 24.3514 2.4
      vertex 7.87752 23.6173 2.4
    endloop
  endfacet
  facet normal 0 0 1
    outer loop
      vertex 5.75202 25.3925 2.4
      vertex 7.3784 26.6405 2.4
      vertex 7.24348 26.8049 2.4
    endloop
  endfacet
  facet normal -0 0 1
    outer loop
      vertex 5.93632 24.2763 2.4
      vertex 7.87752 23.6173 2.4
      vertex 5.95911 24.3514 2.4
    endloop
  endfacet
  facet normal 0 0 1
    outer loop
      vertex 5.70221 25.4532 2.4
      vertex 7.24348 26.8049 2.4
      vertex 7.18997 26.862 2.4
    endloop
  endfacet
  facet normal 0 0 1
    outer loop
      vertex 7.87752 23.6173 2.4
      vertex 5.93632 24.2763 2.4
      vertex 7.80261 23.4183 2.4
    endloop
  endfacet
  facet normal 0 0 1
    outer loop
      vertex 7.50228 22.8564 2.4
      vertex 5.79776 23.9953 2.4
      vertex 7.3784 22.6835 2.4
    endloop
  endfacet
  facet normal -0 0 1
    outer loop
      vertex 5.75202 23.9315 2.4
      vertex 7.3784 22.6835 2.4
      vertex 5.79776 23.9953 2.4
    endloop
  endfacet
  facet normal 0 0 1
    outer loop
      vertex 7.3784 22.6835 2.4
      vertex 5.75202 23.9315 2.4
      vertex 7.24348 22.5191 2.4
    endloop
  endfacet
  facet normal -0 0 1
    outer loop
      vertex 5.70221 23.8708 2.4
      vertex 7.24348 22.5191 2.4
      vertex 5.75202 23.9315 2.4
    endloop
  endfacet
  facet normal 0 0 1
    outer loop
      vertex 7.24348 22.5191 2.4
      vertex 5.70221 23.8708 2.4
      vertex 7.0981 22.3639 2.4
    endloop
  endfacet
  facet normal -0 0 1
    outer loop
      vertex 5.64853 23.8135 2.4
      vertex 7.0981 22.3639 2.4
      vertex 5.70221 23.8708 2.4
    endloop
  endfacet
  facet normal 0 0 1
    outer loop
      vertex 7.0981 22.3639 2.4
      vertex 5.64853 23.8135 2.4
      vertex 6.94287 22.2185 2.4
    endloop
  endfacet
  facet normal -0 0 1
    outer loop
      vertex 5.59121 23.7598 2.4
      vertex 6.94287 22.2185 2.4
      vertex 5.64853 23.8135 2.4
    endloop
  endfacet
  facet normal 0 0 1
    outer loop
      vertex 6.94287 22.2185 2.4
      vertex 5.59121 23.7598 2.4
      vertex 6.77847 22.0836 2.4
    endloop
  endfacet
  facet normal -0 0 1
    outer loop
      vertex 5.53051 23.71 2.4
      vertex 6.77847 22.0836 2.4
      vertex 5.59121 23.7598 2.4
    endloop
  endfacet
  facet normal 0 0 1
    outer loop
      vertex 6.77847 22.0836 2.4
      vertex 5.53051 23.71 2.4
      vertex 6.6056 21.9597 2.4
    endloop
  endfacet
  facet normal -0 0 1
    outer loop
      vertex 5.46668 23.6642 2.4
      vertex 6.6056 21.9597 2.4
      vertex 5.53051 23.71 2.4
    endloop
  endfacet
  facet normal 0 0 1
    outer loop
      vertex 6.6056 21.9597 2.4
      vertex 5.46668 23.6642 2.4
      vertex 6.425 21.8474 2.4
    endloop
  endfacet
  facet normal -0 0 1
    outer loop
      vertex 5.4 23.6228 2.4
      vertex 6.425 21.8474 2.4
      vertex 5.46668 23.6642 2.4
    endloop
  endfacet
  facet normal 0 0 1
    outer loop
      vertex 6.425 21.8474 2.4
      vertex 5.4 23.6228 2.4
      vertex 6.23744 21.7472 2.4
    endloop
  endfacet
  facet normal -0 0 1
    outer loop
      vertex 5.33075 23.5858 2.4
      vertex 6.23744 21.7472 2.4
      vertex 5.4 23.6228 2.4
    endloop
  endfacet
  facet normal 0 0 1
    outer loop
      vertex 6.23744 21.7472 2.4
      vertex 5.33075 23.5858 2.4
      vertex 6.04372 21.6594 2.4
    endloop
  endfacet
  facet normal -0 0 1
    outer loop
      vertex 5.25922 23.5533 2.4
      vertex 6.04372 21.6594 2.4
      vertex 5.33075 23.5858 2.4
    endloop
  endfacet
  facet normal 0 0 1
    outer loop
      vertex 6.04372 21.6594 2.4
      vertex 5.25922 23.5533 2.4
      vertex 5.84468 21.5845 2.4
    endloop
  endfacet
  facet normal -0 0 1
    outer loop
      vertex 5.18573 23.5257 2.4
      vertex 5.84468 21.5845 2.4
      vertex 5.25922 23.5533 2.4
    endloop
  endfacet
  facet normal 0 0 1
    outer loop
      vertex 5.84468 21.5845 2.4
      vertex 5.18573 23.5257 2.4
      vertex 5.64116 21.5227 2.4
    endloop
  endfacet
  facet normal -0 0 1
    outer loop
      vertex 5.11058 23.5029 2.4
      vertex 5.64116 21.5227 2.4
      vertex 5.18573 23.5257 2.4
    endloop
  endfacet
  facet normal 0 0 1
    outer loop
      vertex 5.64116 21.5227 2.4
      vertex 5.11058 23.5029 2.4
      vertex 5.43404 21.4744 2.4
    endloop
  endfacet
  facet normal -0 0 1
    outer loop
      vertex 5.03411 23.4851 2.4
      vertex 5.43404 21.4744 2.4
      vertex 5.11058 23.5029 2.4
    endloop
  endfacet
  facet normal 0 0 1
    outer loop
      vertex 5.43404 21.4744 2.4
      vertex 5.03411 23.4851 2.4
      vertex 5.22421 21.4398 2.4
    endloop
  endfacet
  facet normal -0 0 1
    outer loop
      vertex 4.95663 23.4723 2.4
      vertex 5.22421 21.4398 2.4
      vertex 5.03411 23.4851 2.4
    endloop
  endfacet
  facet normal 0 0 1
    outer loop
      vertex 5.22421 21.4398 2.4
      vertex 4.95663 23.4723 2.4
      vertex 5.01256 21.419 2.4
    endloop
  endfacet
  facet normal -0 0 1
    outer loop
      vertex 4.87848 23.4646 2.4
      vertex 5.01256 21.419 2.4
      vertex 4.95663 23.4723 2.4
    endloop
  endfacet
  facet normal -0 0 1
    outer loop
      vertex 4.8 23.462 2.4
      vertex 5.01256 21.419 2.4
      vertex 4.87848 23.4646 2.4
    endloop
  endfacet
  facet normal 0 0 1
    outer loop
      vertex 4.8 23.462 2.4
      vertex 4.8 21.412 2.4
      vertex 5.01256 21.419 2.4
    endloop
  endfacet
  facet normal 0 0 1
    outer loop
      vertex 4.72152 23.4646 2.4
      vertex 4.8 21.412 2.4
      vertex 4.8 23.462 2.4
    endloop
  endfacet
  facet normal 0 0 1
    outer loop
      vertex 4.58744 21.419 2.4
      vertex 4.72152 23.4646 2.4
      vertex 4.64337 23.4723 2.4
    endloop
  endfacet
  facet normal 0 0 1
    outer loop
      vertex 4.72152 23.4646 2.4
      vertex 4.58744 21.419 2.4
      vertex 4.8 21.412 2.4
    endloop
  endfacet
  facet normal 0 0 1
    outer loop
      vertex 4.37579 21.4398 2.4
      vertex 4.64337 23.4723 2.4
      vertex 4.56589 23.4851 2.4
    endloop
  endfacet
  facet normal 0 0 1
    outer loop
      vertex 4.16596 21.4744 2.4
      vertex 4.56589 23.4851 2.4
      vertex 4.48942 23.5029 2.4
    endloop
  endfacet
  facet normal 0 0 1
    outer loop
      vertex 3.95884 21.5227 2.4
      vertex 4.48942 23.5029 2.4
      vertex 4.41427 23.5257 2.4
    endloop
  endfacet
  facet normal 0 0 1
    outer loop
      vertex 4.64337 23.4723 2.4
      vertex 4.37579 21.4398 2.4
      vertex 4.58744 21.419 2.4
    endloop
  endfacet
  facet normal 0 0 1
    outer loop
      vertex 3.75532 21.5845 2.4
      vertex 4.41427 23.5257 2.4
      vertex 4.34078 23.5533 2.4
    endloop
  endfacet
  facet normal 0 0 1
    outer loop
      vertex 3.55628 21.6594 2.4
      vertex 4.34078 23.5533 2.4
      vertex 4.26925 23.5858 2.4
    endloop
  endfacet
  facet normal 0 0 1
    outer loop
      vertex 3.36256 21.7472 2.4
      vertex 4.26925 23.5858 2.4
      vertex 4.2 23.6228 2.4
    endloop
  endfacet
  facet normal 0 0 1
    outer loop
      vertex 4.56589 23.4851 2.4
      vertex 4.16596 21.4744 2.4
      vertex 4.37579 21.4398 2.4
    endloop
  endfacet
  facet normal 0 0 1
    outer loop
      vertex 3.175 21.8474 2.4
      vertex 4.2 23.6228 2.4
      vertex 4.13332 23.6642 2.4
    endloop
  endfacet
  facet normal 0 0 1
    outer loop
      vertex 2.9944 21.9597 2.4
      vertex 4.13332 23.6642 2.4
      vertex 4.06949 23.71 2.4
    endloop
  endfacet
  facet normal 0 0 1
    outer loop
      vertex 2.82152 22.0836 2.4
      vertex 4.06949 23.71 2.4
      vertex 4.00878 23.7598 2.4
    endloop
  endfacet
  facet normal 0 0 1
    outer loop
      vertex 4.48942 23.5029 2.4
      vertex 3.95884 21.5227 2.4
      vertex 4.16596 21.4744 2.4
    endloop
  endfacet
  facet normal 0 0 1
    outer loop
      vertex 2.6 22.272 2.4
      vertex 4.00878 23.7598 2.4
      vertex 3.95147 23.8135 2.4
    endloop
  endfacet
  facet normal 0 0 1
    outer loop
      vertex 2.6 22.272 2.4
      vertex 3.95147 23.8135 2.4
      vertex 3.89779 23.8708 2.4
    endloop
  endfacet
  facet normal 0 0 1
    outer loop
      vertex 2.6 22.272 2.4
      vertex 3.89779 23.8708 2.4
      vertex 3.84798 23.9315 2.4
    endloop
  endfacet
  facet normal 0 0 1
    outer loop
      vertex 2.6 22.272 2.4
      vertex 3.84798 23.9315 2.4
      vertex 3.80224 23.9953 2.4
    endloop
  endfacet
  facet normal 0 0 1
    outer loop
      vertex 2.6 22.272 2.4
      vertex 3.80224 23.9953 2.4
      vertex 3.76077 24.062 2.4
    endloop
  endfacet
  facet normal 0 0 1
    outer loop
      vertex 4.41427 23.5257 2.4
      vertex 3.75532 21.5845 2.4
      vertex 3.95884 21.5227 2.4
    endloop
  endfacet
  facet normal 0 0 1
    outer loop
      vertex 2.6 22.272 2.4
      vertex 3.76077 24.062 2.4
      vertex 3.72375 24.1313 2.4
    endloop
  endfacet
  facet normal 0 0 1
    outer loop
      vertex 2.6 22.272 2.4
      vertex 3.72375 24.1313 2.4
      vertex 3.69134 24.2028 2.4
    endloop
  endfacet
  facet normal 0 0 1
    outer loop
      vertex 2.6 22.272 2.4
      vertex 3.69134 24.2028 2.4
      vertex 3.66368 24.2763 2.4
    endloop
  endfacet
  facet normal 0 0 1
    outer loop
      vertex 2.6 22.272 2.4
      vertex 3.66368 24.2763 2.4
      vertex 3.64089 24.3514 2.4
    endloop
  endfacet
  facet normal 0 0 1
    outer loop
      vertex 2.6 22.272 2.4
      vertex 3.64089 24.3514 2.4
      vertex 3.62306 24.4279 2.4
    endloop
  endfacet
  facet normal 0 0 1
    outer loop
      vertex 2.6 22.272 2.4
      vertex 3.62306 24.4279 2.4
      vertex 3.61027 24.5054 2.4
    endloop
  endfacet
  facet normal 0 0 1
    outer loop
      vertex 2.6 22.272 2.4
      vertex 3.61027 24.5054 2.4
      vertex 3.60257 24.5835 2.4
    endloop
  endfacet
  facet normal 0 0 1
    outer loop
      vertex 4.34078 23.5533 2.4
      vertex 3.55628 21.6594 2.4
      vertex 3.75532 21.5845 2.4
    endloop
  endfacet
  facet normal 0 0 1
    outer loop
      vertex 2.6 22.272 2.4
      vertex 3.60257 24.5835 2.4
      vertex 3.6 24.662 2.4
    endloop
  endfacet
  facet normal 0 0 1
    outer loop
      vertex 6 12.162 2.4
      vertex 8.05 12.162 2.4
      vertex 8.04304 12.3746 2.4
    endloop
  endfacet
  facet normal 0 0 1
    outer loop
      vertex 5.99743 12.2405 2.4
      vertex 8.04304 12.3746 2.4
      vertex 8.02219 12.5862 2.4
    endloop
  endfacet
  facet normal 0 0 1
    outer loop
      vertex 8.05 12.162 2.4
      vertex 6 12.162 2.4
      vertex 8.04304 11.9494 2.4
    endloop
  endfacet
  facet normal 0 0 1
    outer loop
      vertex 5.98973 12.3186 2.4
      vertex 8.02219 12.5862 2.4
      vertex 7.98755 12.796 2.4
    endloop
  endfacet
  facet normal -0 0 1
    outer loop
      vertex 5.99743 12.0835 2.4
      vertex 8.04304 11.9494 2.4
      vertex 6 12.162 2.4
    endloop
  endfacet
  facet normal 0 0 1
    outer loop
      vertex 5.97694 12.3961 2.4
      vertex 7.98755 12.796 2.4
      vertex 7.93926 13.0032 2.4
    endloop
  endfacet
  facet normal 0 0 1
    outer loop
      vertex 8.04304 11.9494 2.4
      vertex 5.99743 12.0835 2.4
      vertex 8.02219 11.7378 2.4
    endloop
  endfacet
  facet normal 0 0 1
    outer loop
      vertex 5.95911 12.4726 2.4
      vertex 7.93926 13.0032 2.4
      vertex 7.87752 13.2067 2.4
    endloop
  endfacet
  facet normal -0 0 1
    outer loop
      vertex 5.98973 12.0054 2.4
      vertex 8.02219 11.7378 2.4
      vertex 5.99743 12.0835 2.4
    endloop
  endfacet
  facet normal 0 0 1
    outer loop
      vertex 5.93632 12.5477 2.4
      vertex 7.87752 13.2067 2.4
      vertex 7.80261 13.4057 2.4
    endloop
  endfacet
  facet normal 0 0 1
    outer loop
      vertex 8.02219 11.7378 2.4
      vertex 5.98973 12.0054 2.4
      vertex 7.98755 11.528 2.4
    endloop
  endfacet
  facet normal 0 0 1
    outer loop
      vertex 5.90866 12.6212 2.4
      vertex 7.80261 13.4057 2.4
      vertex 7.71484 13.5994 2.4
    endloop
  endfacet
  facet normal -0 0 1
    outer loop
      vertex 5.97694 11.9279 2.4
      vertex 7.98755 11.528 2.4
      vertex 5.98973 12.0054 2.4
    endloop
  endfacet
  facet normal 0 0 1
    outer loop
      vertex 5.87625 12.6927 2.4
      vertex 7.71484 13.5994 2.4
      vertex 7.61458 13.787 2.4
    endloop
  endfacet
  facet normal 0 0 1
    outer loop
      vertex 7.98755 11.528 2.4
      vertex 5.97694 11.9279 2.4
      vertex 7.93926 11.3208 2.4
    endloop
  endfacet
  facet normal 0 0 1
    outer loop
      vertex 5.83923 12.762 2.4
      vertex 7.61458 13.787 2.4
      vertex 7.50228 13.9676 2.4
    endloop
  endfacet
  facet normal -0 0 1
    outer loop
      vertex 5.95911 11.8514 2.4
      vertex 7.93926 11.3208 2.4
      vertex 5.97694 11.9279 2.4
    endloop
  endfacet
  facet normal 0 0 1
    outer loop
      vertex 5.79776 12.8287 2.4
      vertex 7.50228 13.9676 2.4
      vertex 7.3784 14.1405 2.4
    endloop
  endfacet
  facet normal 0 0 1
    outer loop
      vertex 7.93926 11.3208 2.4
      vertex 5.95911 11.8514 2.4
      vertex 7.87752 11.1173 2.4
    endloop
  endfacet
  facet normal 0 0 1
    outer loop
      vertex 5.75202 12.8925 2.4
      vertex 7.3784 14.1405 2.4
      vertex 7.24348 14.3049 2.4
    endloop
  endfacet
  facet normal -0 0 1
    outer loop
      vertex 5.93632 11.7763 2.4
      vertex 7.87752 11.1173 2.4
      vertex 5.95911 11.8514 2.4
    endloop
  endfacet
  facet normal 0 0 1
    outer loop
      vertex 5.70221 12.9532 2.4
      vertex 7.24348 14.3049 2.4
      vertex 7.0981 14.4601 2.4
    endloop
  endfacet
  facet normal 0 0 1
    outer loop
      vertex 7.87752 11.1173 2.4
      vertex 5.93632 11.7763 2.4
      vertex 7.80261 10.9183 2.4
    endloop
  endfacet
  facet normal 0 0 1
    outer loop
      vertex 5.64853 13.0105 2.4
      vertex 7.0981 14.4601 2.4
      vertex 6.94287 14.6055 2.4
    endloop
  endfacet
  facet normal -0 0 1
    outer loop
      vertex 5.90866 11.7028 2.4
      vertex 7.80261 10.9183 2.4
      vertex 5.93632 11.7763 2.4
    endloop
  endfacet
  facet normal 0 0 1
    outer loop
      vertex 5.59121 13.0642 2.4
      vertex 6.94287 14.6055 2.4
      vertex 6.77847 14.7404 2.4
    endloop
  endfacet
  facet normal 0 0 1
    outer loop
      vertex 7.80261 10.9183 2.4
      vertex 5.90866 11.7028 2.4
      vertex 7.71484 10.7246 2.4
    endloop
  endfacet
  facet normal 0 0 1
    outer loop
      vertex 5.53051 13.114 2.4
      vertex 6.77847 14.7404 2.4
      vertex 6.6056 14.8643 2.4
    endloop
  endfacet
  facet normal -0 0 1
    outer loop
      vertex 5.87625 11.6313 2.4
      vertex 7.71484 10.7246 2.4
      vertex 5.90866 11.7028 2.4
    endloop
  endfacet
  facet normal 0 0 1
    outer loop
      vertex 5.46668 13.1598 2.4
      vertex 6.6056 14.8643 2.4
      vertex 6.425 14.9766 2.4
    endloop
  endfacet
  facet normal 0 0 1
    outer loop
      vertex 7.71484 10.7246 2.4
      vertex 5.87625 11.6313 2.4
      vertex 7.61458 10.537 2.4
    endloop
  endfacet
  facet normal 0 0 1
    outer loop
      vertex 5.4 13.2012 2.4
      vertex 6.425 14.9766 2.4
      vertex 6.23744 15.0768 2.4
    endloop
  endfacet
  facet normal -0 0 1
    outer loop
      vertex 5.83923 11.562 2.4
      vertex 7.61458 10.537 2.4
      vertex 5.87625 11.6313 2.4
    endloop
  endfacet
  facet normal 0 0 1
    outer loop
      vertex 5.33075 13.2382 2.4
      vertex 6.23744 15.0768 2.4
      vertex 6.04372 15.1646 2.4
    endloop
  endfacet
  facet normal 0 0 1
    outer loop
      vertex 7.61458 10.537 2.4
      vertex 5.83923 11.562 2.4
      vertex 7.50228 10.3564 2.4
    endloop
  endfacet
  facet normal -0 0 1
    outer loop
      vertex 5.79776 11.4953 2.4
      vertex 7.50228 10.3564 2.4
      vertex 5.83923 11.562 2.4
    endloop
  endfacet
  facet normal 0 0 1
    outer loop
      vertex 8.04304 12.3746 2.4
      vertex 5.99743 12.2405 2.4
      vertex 6 12.162 2.4
    endloop
  endfacet
  facet normal 0 0 1
    outer loop
      vertex 8.02219 12.5862 2.4
      vertex 5.98973 12.3186 2.4
      vertex 5.99743 12.2405 2.4
    endloop
  endfacet
  facet normal 0 0 1
    outer loop
      vertex 7.98755 12.796 2.4
      vertex 5.97694 12.3961 2.4
      vertex 5.98973 12.3186 2.4
    endloop
  endfacet
  facet normal 0 0 1
    outer loop
      vertex 7.93926 13.0032 2.4
      vertex 5.95911 12.4726 2.4
      vertex 5.97694 12.3961 2.4
    endloop
  endfacet
  facet normal 0 0 1
    outer loop
      vertex 7.87752 13.2067 2.4
      vertex 5.93632 12.5477 2.4
      vertex 5.95911 12.4726 2.4
    endloop
  endfacet
  facet normal 0 0 1
    outer loop
      vertex 7.80261 13.4057 2.4
      vertex 5.90866 12.6212 2.4
      vertex 5.93632 12.5477 2.4
    endloop
  endfacet
  facet normal 0 0 1
    outer loop
      vertex 7.71484 13.5994 2.4
      vertex 5.87625 12.6927 2.4
      vertex 5.90866 12.6212 2.4
    endloop
  endfacet
  facet normal 0 0 1
    outer loop
      vertex 5.25922 13.2707 2.4
      vertex 6.04372 15.1646 2.4
      vertex 5.84468 15.2395 2.4
    endloop
  endfacet
  facet normal 0 0 1
    outer loop
      vertex 7.61458 13.787 2.4
      vertex 5.83923 12.762 2.4
      vertex 5.87625 12.6927 2.4
    endloop
  endfacet
  facet normal 0 0 1
    outer loop
      vertex 7.50228 13.9676 2.4
      vertex 5.79776 12.8287 2.4
      vertex 5.83923 12.762 2.4
    endloop
  endfacet
  facet normal 0 0 1
    outer loop
      vertex 7.3784 14.1405 2.4
      vertex 5.75202 12.8925 2.4
      vertex 5.79776 12.8287 2.4
    endloop
  endfacet
  facet normal 0 0 1
    outer loop
      vertex 7.24348 14.3049 2.4
      vertex 5.70221 12.9532 2.4
      vertex 5.75202 12.8925 2.4
    endloop
  endfacet
  facet normal 0 0 1
    outer loop
      vertex 7.0981 14.4601 2.4
      vertex 5.64853 13.0105 2.4
      vertex 5.70221 12.9532 2.4
    endloop
  endfacet
  facet normal 0 0 1
    outer loop
      vertex 5.18573 13.2983 2.4
      vertex 5.84468 15.2395 2.4
      vertex 5.64116 15.3013 2.4
    endloop
  endfacet
  facet normal 0 0 1
    outer loop
      vertex 6.94287 14.6055 2.4
      vertex 5.59121 13.0642 2.4
      vertex 5.64853 13.0105 2.4
    endloop
  endfacet
  facet normal 0 0 1
    outer loop
      vertex 6.77847 14.7404 2.4
      vertex 5.53051 13.114 2.4
      vertex 5.59121 13.0642 2.4
    endloop
  endfacet
  facet normal 0 0 1
    outer loop
      vertex 6.6056 14.8643 2.4
      vertex 5.46668 13.1598 2.4
      vertex 5.53051 13.114 2.4
    endloop
  endfacet
  facet normal 0 0 1
    outer loop
      vertex 5.11058 13.3211 2.4
      vertex 5.64116 15.3013 2.4
      vertex 5.43404 15.3496 2.4
    endloop
  endfacet
  facet normal 0 0 1
    outer loop
      vertex 6.425 14.9766 2.4
      vertex 5.4 13.2012 2.4
      vertex 5.46668 13.1598 2.4
    endloop
  endfacet
  facet normal 0 0 1
    outer loop
      vertex 6.23744 15.0768 2.4
      vertex 5.33075 13.2382 2.4
      vertex 5.4 13.2012 2.4
    endloop
  endfacet
  facet normal 0 0 1
    outer loop
      vertex 6.04372 15.1646 2.4
      vertex 5.25922 13.2707 2.4
      vertex 5.33075 13.2382 2.4
    endloop
  endfacet
  facet normal 0 0 1
    outer loop
      vertex 5.03411 13.3389 2.4
      vertex 5.43404 15.3496 2.4
      vertex 5.22421 15.3842 2.4
    endloop
  endfacet
  facet normal 0 0 1
    outer loop
      vertex 5.84468 15.2395 2.4
      vertex 5.18573 13.2983 2.4
      vertex 5.25922 13.2707 2.4
    endloop
  endfacet
  facet normal 0 0 1
    outer loop
      vertex 5.64116 15.3013 2.4
      vertex 5.11058 13.3211 2.4
      vertex 5.18573 13.2983 2.4
    endloop
  endfacet
  facet normal 0 0 1
    outer loop
      vertex 5.43404 15.3496 2.4
      vertex 5.03411 13.3389 2.4
      vertex 5.11058 13.3211 2.4
    endloop
  endfacet
  facet normal 0 0 1
    outer loop
      vertex 4.95663 13.3517 2.4
      vertex 5.22421 15.3842 2.4
      vertex 5.01256 15.405 2.4
    endloop
  endfacet
  facet normal 0 0 1
    outer loop
      vertex 5.22421 15.3842 2.4
      vertex 4.95663 13.3517 2.4
      vertex 5.03411 13.3389 2.4
    endloop
  endfacet
  facet normal 0 0 1
    outer loop
      vertex 5.01256 15.405 2.4
      vertex 4.87848 13.3594 2.4
      vertex 4.95663 13.3517 2.4
    endloop
  endfacet
  facet normal 0 0 1
    outer loop
      vertex 4.8 15.412 2.4
      vertex 4.87848 13.3594 2.4
      vertex 5.01256 15.405 2.4
    endloop
  endfacet
  facet normal 0 0 1
    outer loop
      vertex 4.8 15.412 2.4
      vertex 4.8 13.362 2.4
      vertex 4.87848 13.3594 2.4
    endloop
  endfacet
  facet normal 0 0 1
    outer loop
      vertex 4.8 15.412 2.4
      vertex 4.72152 13.3594 2.4
      vertex 4.8 13.362 2.4
    endloop
  endfacet
  facet normal -0 0 1
    outer loop
      vertex 4.58744 15.405 2.4
      vertex 4.72152 13.3594 2.4
      vertex 4.8 15.412 2.4
    endloop
  endfacet
  facet normal 0 0 1
    outer loop
      vertex 4.72152 13.3594 2.4
      vertex 4.58744 15.405 2.4
      vertex 4.64337 13.3517 2.4
    endloop
  endfacet
  facet normal -0 0 1
    outer loop
      vertex 4.37579 15.3842 2.4
      vertex 4.64337 13.3517 2.4
      vertex 4.58744 15.405 2.4
    endloop
  endfacet
  facet normal 0 0 1
    outer loop
      vertex 4.64337 13.3517 2.4
      vertex 4.37579 15.3842 2.4
      vertex 4.56589 13.3389 2.4
    endloop
  endfacet
  facet normal -0 0 1
    outer loop
      vertex 4.16596 15.3496 2.4
      vertex 4.56589 13.3389 2.4
      vertex 4.37579 15.3842 2.4
    endloop
  endfacet
  facet normal 0 0 1
    outer loop
      vertex 4.56589 13.3389 2.4
      vertex 4.16596 15.3496 2.4
      vertex 4.48942 13.3211 2.4
    endloop
  endfacet
  facet normal -0 0 1
    outer loop
      vertex 3.95884 15.3013 2.4
      vertex 4.48942 13.3211 2.4
      vertex 4.16596 15.3496 2.4
    endloop
  endfacet
  facet normal 0 0 1
    outer loop
      vertex 4.48942 13.3211 2.4
      vertex 3.95884 15.3013 2.4
      vertex 4.41427 13.2983 2.4
    endloop
  endfacet
  facet normal -0 0 1
    outer loop
      vertex 3.75532 15.2395 2.4
      vertex 4.41427 13.2983 2.4
      vertex 3.95884 15.3013 2.4
    endloop
  endfacet
  facet normal 0 0 1
    outer loop
      vertex 4.41427 13.2983 2.4
      vertex 3.75532 15.2395 2.4
      vertex 4.34078 13.2707 2.4
    endloop
  endfacet
  facet normal -0 0 1
    outer loop
      vertex 3.55628 15.1646 2.4
      vertex 4.34078 13.2707 2.4
      vertex 3.75532 15.2395 2.4
    endloop
  endfacet
  facet normal 0 0 1
    outer loop
      vertex 4.34078 13.2707 2.4
      vertex 3.55628 15.1646 2.4
      vertex 4.26925 13.2382 2.4
    endloop
  endfacet
  facet normal -0 0 1
    outer loop
      vertex 3.36256 15.0768 2.4
      vertex 4.26925 13.2382 2.4
      vertex 3.55628 15.1646 2.4
    endloop
  endfacet
  facet normal 0 0 1
    outer loop
      vertex 4.26925 13.2382 2.4
      vertex 3.36256 15.0768 2.4
      vertex 4.2 13.2012 2.4
    endloop
  endfacet
  facet normal -0 0 1
    outer loop
      vertex 3.175 14.9766 2.4
      vertex 4.2 13.2012 2.4
      vertex 3.36256 15.0768 2.4
    endloop
  endfacet
  facet normal 0 0 1
    outer loop
      vertex 4.2 13.2012 2.4
      vertex 3.175 14.9766 2.4
      vertex 4.13332 13.1598 2.4
    endloop
  endfacet
  facet normal -0 0 1
    outer loop
      vertex 2.9944 14.8643 2.4
      vertex 4.13332 13.1598 2.4
      vertex 3.175 14.9766 2.4
    endloop
  endfacet
  facet normal 0 0 1
    outer loop
      vertex 4.13332 13.1598 2.4
      vertex 2.9944 14.8643 2.4
      vertex 4.06949 13.114 2.4
    endloop
  endfacet
  facet normal -0 0 1
    outer loop
      vertex 2.82152 14.7404 2.4
      vertex 4.06949 13.114 2.4
      vertex 2.9944 14.8643 2.4
    endloop
  endfacet
  facet normal 0 0 1
    outer loop
      vertex 4.06949 13.114 2.4
      vertex 2.82152 14.7404 2.4
      vertex 4.00878 13.0642 2.4
    endloop
  endfacet
  facet normal -0 0 1
    outer loop
      vertex 2.65713 14.6055 2.4
      vertex 4.00878 13.0642 2.4
      vertex 2.82152 14.7404 2.4
    endloop
  endfacet
  facet normal -0 0 1
    outer loop
      vertex 2.6 14.552 2.4
      vertex 4.00878 13.0642 2.4
      vertex 2.65713 14.6055 2.4
    endloop
  endfacet
  facet normal 0 0 1
    outer loop
      vertex 4.00878 13.0642 2.4
      vertex 2.6 14.552 2.4
      vertex 3.95147 13.0105 2.4
    endloop
  endfacet
  facet normal 0 0 1
    outer loop
      vertex 3.95147 13.0105 2.4
      vertex 2.6 14.552 2.4
      vertex 3.89779 12.9532 2.4
    endloop
  endfacet
  facet normal 0 0 1
    outer loop
      vertex 3.89779 12.9532 2.4
      vertex 2.6 14.552 2.4
      vertex 3.84798 12.8925 2.4
    endloop
  endfacet
  facet normal 0 0 1
    outer loop
      vertex 3.84798 12.8925 2.4
      vertex 2.6 14.552 2.4
      vertex 3.80224 12.8287 2.4
    endloop
  endfacet
  facet normal 0 0 1
    outer loop
      vertex 3.80224 12.8287 2.4
      vertex 2.6 14.552 2.4
      vertex 3.76077 12.762 2.4
    endloop
  endfacet
  facet normal 0 0 1
    outer loop
      vertex 3.72375 12.6927 2.4
      vertex 2.6 14.552 2.4
      vertex 3.69134 12.6212 2.4
    endloop
  endfacet
  facet normal 0 0 1
    outer loop
      vertex 3.76077 12.762 2.4
      vertex 2.6 14.552 2.4
      vertex 3.72375 12.6927 2.4
    endloop
  endfacet
  facet normal 0 0 1
    outer loop
      vertex 7.50228 10.3564 2.4
      vertex 5.79776 11.4953 2.4
      vertex 7.3784 10.1835 2.4
    endloop
  endfacet
  facet normal -0 0 1
    outer loop
      vertex 5.75202 11.4315 2.4
      vertex 7.3784 10.1835 2.4
      vertex 5.79776 11.4953 2.4
    endloop
  endfacet
  facet normal 0 0 1
    outer loop
      vertex 7.3784 10.1835 2.4
      vertex 5.75202 11.4315 2.4
      vertex 7.24348 10.0191 2.4
    endloop
  endfacet
  facet normal -0 0 1
    outer loop
      vertex 5.70221 11.3708 2.4
      vertex 7.24348 10.0191 2.4
      vertex 5.75202 11.4315 2.4
    endloop
  endfacet
  facet normal 0 0 1
    outer loop
      vertex 7.24348 10.0191 2.4
      vertex 5.70221 11.3708 2.4
      vertex 7.0981 9.8639 2.4
    endloop
  endfacet
  facet normal -0 0 1
    outer loop
      vertex 5.64853 11.3135 2.4
      vertex 7.0981 9.8639 2.4
      vertex 5.70221 11.3708 2.4
    endloop
  endfacet
  facet normal 0 0 1
    outer loop
      vertex 7.0981 9.8639 2.4
      vertex 5.64853 11.3135 2.4
      vertex 6.94287 9.71852 2.4
    endloop
  endfacet
  facet normal -0 0 1
    outer loop
      vertex 5.59121 11.2598 2.4
      vertex 6.94287 9.71852 2.4
      vertex 5.64853 11.3135 2.4
    endloop
  endfacet
  facet normal 0 0 1
    outer loop
      vertex 6.94287 9.71852 2.4
      vertex 5.59121 11.2598 2.4
      vertex 6.77847 9.5836 2.4
    endloop
  endfacet
  facet normal -0 0 1
    outer loop
      vertex 5.53051 11.21 2.4
      vertex 6.77847 9.5836 2.4
      vertex 5.59121 11.2598 2.4
    endloop
  endfacet
  facet normal 0 0 1
    outer loop
      vertex 6.77847 9.5836 2.4
      vertex 5.53051 11.21 2.4
      vertex 6.6056 9.45972 2.4
    endloop
  endfacet
  facet normal -0 0 1
    outer loop
      vertex 5.46668 11.1642 2.4
      vertex 6.6056 9.45972 2.4
      vertex 5.53051 11.21 2.4
    endloop
  endfacet
  facet normal 0 0 1
    outer loop
      vertex 6.6056 9.45972 2.4
      vertex 5.46668 11.1642 2.4
      vertex 6.425 9.34742 2.4
    endloop
  endfacet
  facet normal -0 0 1
    outer loop
      vertex 5.4 11.1228 2.4
      vertex 6.425 9.34742 2.4
      vertex 5.46668 11.1642 2.4
    endloop
  endfacet
  facet normal 0 0 1
    outer loop
      vertex 6.425 9.34742 2.4
      vertex 5.4 11.1228 2.4
      vertex 6.23744 9.24716 2.4
    endloop
  endfacet
  facet normal -0 0 1
    outer loop
      vertex 5.33075 11.0858 2.4
      vertex 6.23744 9.24716 2.4
      vertex 5.4 11.1228 2.4
    endloop
  endfacet
  facet normal 0 0 1
    outer loop
      vertex 6.23744 9.24716 2.4
      vertex 5.33075 11.0858 2.4
      vertex 6.04372 9.15939 2.4
    endloop
  endfacet
  facet normal -0 0 1
    outer loop
      vertex 5.25922 11.0533 2.4
      vertex 6.04372 9.15939 2.4
      vertex 5.33075 11.0858 2.4
    endloop
  endfacet
  facet normal 0 0 1
    outer loop
      vertex 6.04372 9.15939 2.4
      vertex 5.25922 11.0533 2.4
      vertex 5.84468 9.08448 2.4
    endloop
  endfacet
  facet normal -0 0 1
    outer loop
      vertex 5.18573 11.0257 2.4
      vertex 5.84468 9.08448 2.4
      vertex 5.25922 11.0533 2.4
    endloop
  endfacet
  facet normal 0 0 1
    outer loop
      vertex 5.84468 9.08448 2.4
      vertex 5.18573 11.0257 2.4
      vertex 5.64116 9.02274 2.4
    endloop
  endfacet
  facet normal -0 0 1
    outer loop
      vertex 5.11058 11.0029 2.4
      vertex 5.64116 9.02274 2.4
      vertex 5.18573 11.0257 2.4
    endloop
  endfacet
  facet normal 0 0 1
    outer loop
      vertex 5.64116 9.02274 2.4
      vertex 5.11058 11.0029 2.4
      vertex 5.43404 8.97445 2.4
    endloop
  endfacet
  facet normal -0 0 1
    outer loop
      vertex 5.03411 10.9851 2.4
      vertex 5.43404 8.97445 2.4
      vertex 5.11058 11.0029 2.4
    endloop
  endfacet
  facet normal 0 0 1
    outer loop
      vertex 5.43404 8.97445 2.4
      vertex 5.03411 10.9851 2.4
      vertex 5.22421 8.9398 2.4
    endloop
  endfacet
  facet normal -0 0 1
    outer loop
      vertex 4.95663 10.9723 2.4
      vertex 5.22421 8.9398 2.4
      vertex 5.03411 10.9851 2.4
    endloop
  endfacet
  facet normal 0 0 1
    outer loop
      vertex 5.22421 8.9398 2.4
      vertex 4.95663 10.9723 2.4
      vertex 5.01256 8.91896 2.4
    endloop
  endfacet
  facet normal -0 0 1
    outer loop
      vertex 4.87848 10.9646 2.4
      vertex 5.01256 8.91896 2.4
      vertex 4.95663 10.9723 2.4
    endloop
  endfacet
  facet normal -0 0 1
    outer loop
      vertex 4.8 10.962 2.4
      vertex 5.01256 8.91896 2.4
      vertex 4.87848 10.9646 2.4
    endloop
  endfacet
  facet normal 0 0 1
    outer loop
      vertex 4.8 10.962 2.4
      vertex 4.8 8.912 2.4
      vertex 5.01256 8.91896 2.4
    endloop
  endfacet
  facet normal 0 0 1
    outer loop
      vertex 4.72152 10.9646 2.4
      vertex 4.8 8.912 2.4
      vertex 4.8 10.962 2.4
    endloop
  endfacet
  facet normal 0 0 1
    outer loop
      vertex 4.58744 8.91896 2.4
      vertex 4.72152 10.9646 2.4
      vertex 4.64337 10.9723 2.4
    endloop
  endfacet
  facet normal 0 0 1
    outer loop
      vertex 4.72152 10.9646 2.4
      vertex 4.58744 8.91896 2.4
      vertex 4.8 8.912 2.4
    endloop
  endfacet
  facet normal 0 0 1
    outer loop
      vertex 4.37579 8.9398 2.4
      vertex 4.64337 10.9723 2.4
      vertex 4.56589 10.9851 2.4
    endloop
  endfacet
  facet normal 0 0 1
    outer loop
      vertex 4.16596 8.97445 2.4
      vertex 4.56589 10.9851 2.4
      vertex 4.48942 11.0029 2.4
    endloop
  endfacet
  facet normal 0 0 1
    outer loop
      vertex 3.95884 9.02274 2.4
      vertex 4.48942 11.0029 2.4
      vertex 4.41427 11.0257 2.4
    endloop
  endfacet
  facet normal 0 0 1
    outer loop
      vertex 4.64337 10.9723 2.4
      vertex 4.37579 8.9398 2.4
      vertex 4.58744 8.91896 2.4
    endloop
  endfacet
  facet normal 0 0 1
    outer loop
      vertex 3.75532 9.08448 2.4
      vertex 4.41427 11.0257 2.4
      vertex 4.34078 11.0533 2.4
    endloop
  endfacet
  facet normal 0 0 1
    outer loop
      vertex 3.55628 9.15939 2.4
      vertex 4.34078 11.0533 2.4
      vertex 4.26925 11.0858 2.4
    endloop
  endfacet
  facet normal 0 0 1
    outer loop
      vertex 3.36256 9.24716 2.4
      vertex 4.26925 11.0858 2.4
      vertex 4.2 11.1228 2.4
    endloop
  endfacet
  facet normal 0 0 1
    outer loop
      vertex 4.56589 10.9851 2.4
      vertex 4.16596 8.97445 2.4
      vertex 4.37579 8.9398 2.4
    endloop
  endfacet
  facet normal 0 0 1
    outer loop
      vertex 3.175 9.34742 2.4
      vertex 4.2 11.1228 2.4
      vertex 4.13332 11.1642 2.4
    endloop
  endfacet
  facet normal 0 0 1
    outer loop
      vertex 2.9944 9.45972 2.4
      vertex 4.13332 11.1642 2.4
      vertex 4.06949 11.21 2.4
    endloop
  endfacet
  facet normal 0 0 1
    outer loop
      vertex 2.82152 9.5836 2.4
      vertex 4.06949 11.21 2.4
      vertex 4.00878 11.2598 2.4
    endloop
  endfacet
  facet normal 0 0 1
    outer loop
      vertex 4.48942 11.0029 2.4
      vertex 3.95884 9.02274 2.4
      vertex 4.16596 8.97445 2.4
    endloop
  endfacet
  facet normal 0 0 1
    outer loop
      vertex 2.6 9.77202 2.4
      vertex 4.00878 11.2598 2.4
      vertex 3.95147 11.3135 2.4
    endloop
  endfacet
  facet normal 0 0 1
    outer loop
      vertex 2.6 9.77202 2.4
      vertex 3.95147 11.3135 2.4
      vertex 3.89779 11.3708 2.4
    endloop
  endfacet
  facet normal 0 0 1
    outer loop
      vertex 2.6 9.77202 2.4
      vertex 3.89779 11.3708 2.4
      vertex 3.84798 11.4315 2.4
    endloop
  endfacet
  facet normal 0 0 1
    outer loop
      vertex 2.6 9.77202 2.4
      vertex 3.84798 11.4315 2.4
      vertex 3.80224 11.4953 2.4
    endloop
  endfacet
  facet normal 0 0 1
    outer loop
      vertex 2.6 9.77202 2.4
      vertex 3.80224 11.4953 2.4
      vertex 3.76077 11.562 2.4
    endloop
  endfacet
  facet normal 0 0 1
    outer loop
      vertex 4.41427 11.0257 2.4
      vertex 3.75532 9.08448 2.4
      vertex 3.95884 9.02274 2.4
    endloop
  endfacet
  facet normal 0 0 1
    outer loop
      vertex 2.6 9.77202 2.4
      vertex 3.76077 11.562 2.4
      vertex 3.72375 11.6313 2.4
    endloop
  endfacet
  facet normal 0 0 1
    outer loop
      vertex 2.6 9.77202 2.4
      vertex 3.72375 11.6313 2.4
      vertex 3.69134 11.7028 2.4
    endloop
  endfacet
  facet normal 0 0 1
    outer loop
      vertex 2.6 9.77202 2.4
      vertex 3.69134 11.7028 2.4
      vertex 3.66368 11.7763 2.4
    endloop
  endfacet
  facet normal 0 0 1
    outer loop
      vertex 2.6 9.77202 2.4
      vertex 3.66368 11.7763 2.4
      vertex 3.64089 11.8514 2.4
    endloop
  endfacet
  facet normal 0 0 1
    outer loop
      vertex 2.6 9.77202 2.4
      vertex 3.64089 11.8514 2.4
      vertex 3.62306 11.9279 2.4
    endloop
  endfacet
  facet normal 0 0 1
    outer loop
      vertex 2.6 9.77202 2.4
      vertex 3.62306 11.9279 2.4
      vertex 3.61027 12.0054 2.4
    endloop
  endfacet
  facet normal 0 0 1
    outer loop
      vertex 2.6 9.77202 2.4
      vertex 3.61027 12.0054 2.4
      vertex 3.60257 12.0835 2.4
    endloop
  endfacet
  facet normal 0 0 1
    outer loop
      vertex 4.34078 11.0533 2.4
      vertex 3.55628 9.15939 2.4
      vertex 3.75532 9.08448 2.4
    endloop
  endfacet
  facet normal 0 0 1
    outer loop
      vertex 2.6 9.77202 2.4
      vertex 3.60257 12.0835 2.4
      vertex 3.6 12.162 2.4
    endloop
  endfacet
  facet normal 0 0 1
    outer loop
      vertex 3.69134 12.6212 2.4
      vertex 2.6 14.552 2.4
      vertex 3.66368 12.5477 2.4
    endloop
  endfacet
  facet normal 0 0 1
    outer loop
      vertex 3.66368 12.5477 2.4
      vertex 2.6 14.552 2.4
      vertex 3.64089 12.4726 2.4
    endloop
  endfacet
  facet normal 0 0 1
    outer loop
      vertex 4.26925 11.0858 2.4
      vertex 3.36256 9.24716 2.4
      vertex 3.55628 9.15939 2.4
    endloop
  endfacet
  facet normal 0 0 1
    outer loop
      vertex 3.64089 12.4726 2.4
      vertex 2.6 14.552 2.4
      vertex 3.62306 12.3961 2.4
    endloop
  endfacet
  facet normal 0 0 1
    outer loop
      vertex 4.2 11.1228 2.4
      vertex 3.175 9.34742 2.4
      vertex 3.36256 9.24716 2.4
    endloop
  endfacet
  facet normal 0 0 1
    outer loop
      vertex 3.62306 12.3961 2.4
      vertex 2.6 14.552 2.4
      vertex 3.61027 12.3186 2.4
    endloop
  endfacet
  facet normal 0 0 1
    outer loop
      vertex 4.13332 11.1642 2.4
      vertex 2.9944 9.45972 2.4
      vertex 3.175 9.34742 2.4
    endloop
  endfacet
  facet normal 0 0 1
    outer loop
      vertex 3.61027 12.3186 2.4
      vertex 2.6 14.552 2.4
      vertex 3.60257 12.2405 2.4
    endloop
  endfacet
  facet normal 0 0 1
    outer loop
      vertex 4.06949 11.21 2.4
      vertex 2.82152 9.5836 2.4
      vertex 2.9944 9.45972 2.4
    endloop
  endfacet
  facet normal 0 0 1
    outer loop
      vertex 3.60257 12.2405 2.4
      vertex 2.6 14.552 2.4
      vertex 3.6 12.162 2.4
    endloop
  endfacet
  facet normal 0 0 1
    outer loop
      vertex 2.6 9.77202 2.4
      vertex 3.6 12.162 2.4
      vertex 2.6 14.552 2.4
    endloop
  endfacet
  facet normal 0 0 1
    outer loop
      vertex 4.00878 11.2598 2.4
      vertex 2.6 9.77202 2.4
      vertex 2.65713 9.71852 2.4
    endloop
  endfacet
  facet normal 0 0 1
    outer loop
      vertex 4.00878 11.2598 2.4
      vertex 2.65713 9.71852 2.4
      vertex 2.82152 9.5836 2.4
    endloop
  endfacet
  facet normal 0 0 1
    outer loop
      vertex 26.5912 13.0642 2.4
      vertex 28 14.552 2.4
      vertex 27.9429 14.6055 2.4
    endloop
  endfacet
  facet normal 0 0 1
    outer loop
      vertex 28 14.552 2.4
      vertex 27 12.162 2.4
      vertex 28 9.77203 2.4
    endloop
  endfacet
  facet normal 0 0 1
    outer loop
      vertex 26.5912 13.0642 2.4
      vertex 27.9429 14.6055 2.4
      vertex 27.7785 14.7404 2.4
    endloop
  endfacet
  facet normal -0 0 1
    outer loop
      vertex 26.9974 12.0835 2.4
      vertex 28 9.77203 2.4
      vertex 27 12.162 2.4
    endloop
  endfacet
  facet normal 0 0 1
    outer loop
      vertex 26.5305 13.114 2.4
      vertex 27.7785 14.7404 2.4
      vertex 27.6056 14.8643 2.4
    endloop
  endfacet
  facet normal -0 0 1
    outer loop
      vertex 26.9897 12.0054 2.4
      vertex 28 9.77203 2.4
      vertex 26.9974 12.0835 2.4
    endloop
  endfacet
  facet normal 0 0 1
    outer loop
      vertex 26.4667 13.1598 2.4
      vertex 27.6056 14.8643 2.4
      vertex 27.425 14.9766 2.4
    endloop
  endfacet
  facet normal -0 0 1
    outer loop
      vertex 26.9769 11.9279 2.4
      vertex 28 9.77203 2.4
      vertex 26.9897 12.0054 2.4
    endloop
  endfacet
  facet normal 0 0 1
    outer loop
      vertex 26.4 13.2012 2.4
      vertex 27.425 14.9766 2.4
      vertex 27.2374 15.0768 2.4
    endloop
  endfacet
  facet normal -0 0 1
    outer loop
      vertex 26.9591 11.8514 2.4
      vertex 28 9.77203 2.4
      vertex 26.9769 11.9279 2.4
    endloop
  endfacet
  facet normal 0 0 1
    outer loop
      vertex 26.3307 13.2382 2.4
      vertex 27.2374 15.0768 2.4
      vertex 27.0437 15.1646 2.4
    endloop
  endfacet
  facet normal -0 0 1
    outer loop
      vertex 26.9363 11.7763 2.4
      vertex 28 9.77203 2.4
      vertex 26.9591 11.8514 2.4
    endloop
  endfacet
  facet normal -0 0 1
    outer loop
      vertex 26.9087 11.7028 2.4
      vertex 28 9.77203 2.4
      vertex 26.9363 11.7763 2.4
    endloop
  endfacet
  facet normal 0 0 1
    outer loop
      vertex 28 14.552 2.4
      vertex 26.9974 12.2405 2.4
      vertex 27 12.162 2.4
    endloop
  endfacet
  facet normal 0 0 1
    outer loop
      vertex 28 14.552 2.4
      vertex 26.9897 12.3186 2.4
      vertex 26.9974 12.2405 2.4
    endloop
  endfacet
  facet normal 0 0 1
    outer loop
      vertex 28 14.552 2.4
      vertex 26.9769 12.3961 2.4
      vertex 26.9897 12.3186 2.4
    endloop
  endfacet
  facet normal 0 0 1
    outer loop
      vertex 28 14.552 2.4
      vertex 26.9591 12.4726 2.4
      vertex 26.9769 12.3961 2.4
    endloop
  endfacet
  facet normal 0 0 1
    outer loop
      vertex 28 14.552 2.4
      vertex 26.9363 12.5477 2.4
      vertex 26.9591 12.4726 2.4
    endloop
  endfacet
  facet normal 0 0 1
    outer loop
      vertex 28 14.552 2.4
      vertex 26.9087 12.6212 2.4
      vertex 26.9363 12.5477 2.4
    endloop
  endfacet
  facet normal 0 0 1
    outer loop
      vertex 28 14.552 2.4
      vertex 26.8762 12.6927 2.4
      vertex 26.9087 12.6212 2.4
    endloop
  endfacet
  facet normal 0 0 1
    outer loop
      vertex 26.2592 13.2707 2.4
      vertex 27.0437 15.1646 2.4
      vertex 26.8447 15.2395 2.4
    endloop
  endfacet
  facet normal 0 0 1
    outer loop
      vertex 28 14.552 2.4
      vertex 26.8392 12.762 2.4
      vertex 26.8762 12.6927 2.4
    endloop
  endfacet
  facet normal 0 0 1
    outer loop
      vertex 28 14.552 2.4
      vertex 26.7978 12.8287 2.4
      vertex 26.8392 12.762 2.4
    endloop
  endfacet
  facet normal 0 0 1
    outer loop
      vertex 28 14.552 2.4
      vertex 26.752 12.8925 2.4
      vertex 26.7978 12.8287 2.4
    endloop
  endfacet
  facet normal 0 0 1
    outer loop
      vertex 28 14.552 2.4
      vertex 26.7022 12.9532 2.4
      vertex 26.752 12.8925 2.4
    endloop
  endfacet
  facet normal 0 0 1
    outer loop
      vertex 28 14.552 2.4
      vertex 26.6485 13.0105 2.4
      vertex 26.7022 12.9532 2.4
    endloop
  endfacet
  facet normal 0 0 1
    outer loop
      vertex 26.1857 13.2983 2.4
      vertex 26.8447 15.2395 2.4
      vertex 26.6412 15.3013 2.4
    endloop
  endfacet
  facet normal 0 0 1
    outer loop
      vertex 28 14.552 2.4
      vertex 26.5912 13.0642 2.4
      vertex 26.6485 13.0105 2.4
    endloop
  endfacet
  facet normal 0 0 1
    outer loop
      vertex 27.7785 14.7404 2.4
      vertex 26.5305 13.114 2.4
      vertex 26.5912 13.0642 2.4
    endloop
  endfacet
  facet normal 0 0 1
    outer loop
      vertex 27.6056 14.8643 2.4
      vertex 26.4667 13.1598 2.4
      vertex 26.5305 13.114 2.4
    endloop
  endfacet
  facet normal 0 0 1
    outer loop
      vertex 26.1106 13.3211 2.4
      vertex 26.6412 15.3013 2.4
      vertex 26.434 15.3496 2.4
    endloop
  endfacet
  facet normal 0 0 1
    outer loop
      vertex 27.425 14.9766 2.4
      vertex 26.4 13.2012 2.4
      vertex 26.4667 13.1598 2.4
    endloop
  endfacet
  facet normal 0 0 1
    outer loop
      vertex 27.2374 15.0768 2.4
      vertex 26.3307 13.2382 2.4
      vertex 26.4 13.2012 2.4
    endloop
  endfacet
  facet normal 0 0 1
    outer loop
      vertex 27.0437 15.1646 2.4
      vertex 26.2592 13.2707 2.4
      vertex 26.3307 13.2382 2.4
    endloop
  endfacet
  facet normal 0 0 1
    outer loop
      vertex 26.0341 13.3389 2.4
      vertex 26.434 15.3496 2.4
      vertex 26.2242 15.3842 2.4
    endloop
  endfacet
  facet normal 0 0 1
    outer loop
      vertex 26.8447 15.2395 2.4
      vertex 26.1857 13.2983 2.4
      vertex 26.2592 13.2707 2.4
    endloop
  endfacet
  facet normal 0 0 1
    outer loop
      vertex 26.6412 15.3013 2.4
      vertex 26.1106 13.3211 2.4
      vertex 26.1857 13.2983 2.4
    endloop
  endfacet
  facet normal 0 0 1
    outer loop
      vertex 26.434 15.3496 2.4
      vertex 26.0341 13.3389 2.4
      vertex 26.1106 13.3211 2.4
    endloop
  endfacet
  facet normal 0 0 1
    outer loop
      vertex 25.9566 13.3517 2.4
      vertex 26.2242 15.3842 2.4
      vertex 26.0126 15.405 2.4
    endloop
  endfacet
  facet normal 0 0 1
    outer loop
      vertex 26.2242 15.3842 2.4
      vertex 25.9566 13.3517 2.4
      vertex 26.0341 13.3389 2.4
    endloop
  endfacet
  facet normal 0 0 1
    outer loop
      vertex 26.0126 15.405 2.4
      vertex 25.8785 13.3594 2.4
      vertex 25.9566 13.3517 2.4
    endloop
  endfacet
  facet normal 0 0 1
    outer loop
      vertex 25.8 15.412 2.4
      vertex 25.8785 13.3594 2.4
      vertex 26.0126 15.405 2.4
    endloop
  endfacet
  facet normal 0 0 1
    outer loop
      vertex 25.8 15.412 2.4
      vertex 25.8 13.362 2.4
      vertex 25.8785 13.3594 2.4
    endloop
  endfacet
  facet normal 0 0 1
    outer loop
      vertex 25.8 15.412 2.4
      vertex 25.7215 13.3594 2.4
      vertex 25.8 13.362 2.4
    endloop
  endfacet
  facet normal -0 0 1
    outer loop
      vertex 25.5874 15.405 2.4
      vertex 25.7215 13.3594 2.4
      vertex 25.8 15.412 2.4
    endloop
  endfacet
  facet normal 0 0 1
    outer loop
      vertex 25.7215 13.3594 2.4
      vertex 25.5874 15.405 2.4
      vertex 25.6434 13.3517 2.4
    endloop
  endfacet
  facet normal -0 0 1
    outer loop
      vertex 25.3758 15.3842 2.4
      vertex 25.6434 13.3517 2.4
      vertex 25.5874 15.405 2.4
    endloop
  endfacet
  facet normal 0 0 1
    outer loop
      vertex 25.6434 13.3517 2.4
      vertex 25.3758 15.3842 2.4
      vertex 25.5659 13.3389 2.4
    endloop
  endfacet
  facet normal -0 0 1
    outer loop
      vertex 25.166 15.3496 2.4
      vertex 25.5659 13.3389 2.4
      vertex 25.3758 15.3842 2.4
    endloop
  endfacet
  facet normal 0 0 1
    outer loop
      vertex 25.5659 13.3389 2.4
      vertex 25.166 15.3496 2.4
      vertex 25.4894 13.3211 2.4
    endloop
  endfacet
  facet normal -0 0 1
    outer loop
      vertex 24.9588 15.3013 2.4
      vertex 25.4894 13.3211 2.4
      vertex 25.166 15.3496 2.4
    endloop
  endfacet
  facet normal 0 0 1
    outer loop
      vertex 25.4894 13.3211 2.4
      vertex 24.9588 15.3013 2.4
      vertex 25.4143 13.2983 2.4
    endloop
  endfacet
  facet normal -0 0 1
    outer loop
      vertex 24.7553 15.2395 2.4
      vertex 25.4143 13.2983 2.4
      vertex 24.9588 15.3013 2.4
    endloop
  endfacet
  facet normal 0 0 1
    outer loop
      vertex 25.4143 13.2983 2.4
      vertex 24.7553 15.2395 2.4
      vertex 25.3408 13.2707 2.4
    endloop
  endfacet
  facet normal -0 0 1
    outer loop
      vertex 24.5563 15.1646 2.4
      vertex 25.3408 13.2707 2.4
      vertex 24.7553 15.2395 2.4
    endloop
  endfacet
  facet normal 0 0 1
    outer loop
      vertex 25.3408 13.2707 2.4
      vertex 24.5563 15.1646 2.4
      vertex 25.2693 13.2382 2.4
    endloop
  endfacet
  facet normal -0 0 1
    outer loop
      vertex 24.3626 15.0768 2.4
      vertex 25.2693 13.2382 2.4
      vertex 24.5563 15.1646 2.4
    endloop
  endfacet
  facet normal 0 0 1
    outer loop
      vertex 25.2693 13.2382 2.4
      vertex 24.3626 15.0768 2.4
      vertex 25.2 13.2012 2.4
    endloop
  endfacet
  facet normal -0 0 1
    outer loop
      vertex 24.175 14.9766 2.4
      vertex 25.2 13.2012 2.4
      vertex 24.3626 15.0768 2.4
    endloop
  endfacet
  facet normal 0 0 1
    outer loop
      vertex 25.2 13.2012 2.4
      vertex 24.175 14.9766 2.4
      vertex 25.1333 13.1598 2.4
    endloop
  endfacet
  facet normal -0 0 1
    outer loop
      vertex 23.9944 14.8643 2.4
      vertex 25.1333 13.1598 2.4
      vertex 24.175 14.9766 2.4
    endloop
  endfacet
  facet normal 0 0 1
    outer loop
      vertex 25.1333 13.1598 2.4
      vertex 23.9944 14.8643 2.4
      vertex 25.0695 13.114 2.4
    endloop
  endfacet
  facet normal -0 0 1
    outer loop
      vertex 23.8215 14.7404 2.4
      vertex 25.0695 13.114 2.4
      vertex 23.9944 14.8643 2.4
    endloop
  endfacet
  facet normal 0 0 1
    outer loop
      vertex 25.0695 13.114 2.4
      vertex 23.8215 14.7404 2.4
      vertex 25.0088 13.0642 2.4
    endloop
  endfacet
  facet normal -0 0 1
    outer loop
      vertex 23.6571 14.6055 2.4
      vertex 25.0088 13.0642 2.4
      vertex 23.8215 14.7404 2.4
    endloop
  endfacet
  facet normal 0 0 1
    outer loop
      vertex 25.0088 13.0642 2.4
      vertex 23.6571 14.6055 2.4
      vertex 24.9515 13.0105 2.4
    endloop
  endfacet
  facet normal -0 0 1
    outer loop
      vertex 23.5019 14.4601 2.4
      vertex 24.9515 13.0105 2.4
      vertex 23.6571 14.6055 2.4
    endloop
  endfacet
  facet normal 0 0 1
    outer loop
      vertex 24.9515 13.0105 2.4
      vertex 23.5019 14.4601 2.4
      vertex 24.8978 12.9532 2.4
    endloop
  endfacet
  facet normal -0 0 1
    outer loop
      vertex 23.3565 14.3049 2.4
      vertex 24.8978 12.9532 2.4
      vertex 23.5019 14.4601 2.4
    endloop
  endfacet
  facet normal 0 0 1
    outer loop
      vertex 24.8978 12.9532 2.4
      vertex 23.3565 14.3049 2.4
      vertex 24.848 12.8925 2.4
    endloop
  endfacet
  facet normal -0 0 1
    outer loop
      vertex 23.2216 14.1405 2.4
      vertex 24.848 12.8925 2.4
      vertex 23.3565 14.3049 2.4
    endloop
  endfacet
  facet normal -0 0 1
    outer loop
      vertex 23.0977 13.9676 2.4
      vertex 24.8022 12.8287 2.4
      vertex 23.2216 14.1405 2.4
    endloop
  endfacet
  facet normal 0 0 1
    outer loop
      vertex 24.848 12.8925 2.4
      vertex 23.2216 14.1405 2.4
      vertex 24.8022 12.8287 2.4
    endloop
  endfacet
  facet normal 0 0 1
    outer loop
      vertex 28 14.552 2.4
      vertex 36.9 29.762 2.4
      vertex 28 22.272 2.4
    endloop
  endfacet
  facet normal 0 0 1
    outer loop
      vertex 26.5912 23.7598 2.4
      vertex 27.9429 22.2185 2.4
      vertex 28 22.272 2.4
    endloop
  endfacet
  facet normal 0 0 1
    outer loop
      vertex 27.9429 22.2185 2.4
      vertex 26.5912 23.7598 2.4
      vertex 27.7785 22.0836 2.4
    endloop
  endfacet
  facet normal -0 0 1
    outer loop
      vertex 26.9897 24.8186 2.4
      vertex 28 22.272 2.4
      vertex 36.9 29.762 2.4
    endloop
  endfacet
  facet normal -0 0 1
    outer loop
      vertex 26.9974 24.5835 2.4
      vertex 28 22.272 2.4
      vertex 27 24.662 2.4
    endloop
  endfacet
  facet normal -0 0 1
    outer loop
      vertex 26.9769 24.4279 2.4
      vertex 28 22.272 2.4
      vertex 26.9897 24.5054 2.4
    endloop
  endfacet
  facet normal -0 0 1
    outer loop
      vertex 26.9363 24.2763 2.4
      vertex 28 22.272 2.4
      vertex 26.9591 24.3514 2.4
    endloop
  endfacet
  facet normal -0 0 1
    outer loop
      vertex 26.9897 24.5054 2.4
      vertex 28 22.272 2.4
      vertex 26.9974 24.5835 2.4
    endloop
  endfacet
  facet normal 0 0 1
    outer loop
      vertex 28 22.272 2.4
      vertex 26.9974 24.7405 2.4
      vertex 27 24.662 2.4
    endloop
  endfacet
  facet normal 0 0 1
    outer loop
      vertex 28 22.272 2.4
      vertex 26.9897 24.8186 2.4
      vertex 26.9974 24.7405 2.4
    endloop
  endfacet
  facet normal 0 0 1
    outer loop
      vertex 36.9 29.762 2.4
      vertex 26.9769 24.8961 2.4
      vertex 26.9897 24.8186 2.4
    endloop
  endfacet
  facet normal 0 0 1
    outer loop
      vertex 36.9 29.762 2.4
      vertex 26.9591 24.9726 2.4
      vertex 26.9769 24.8961 2.4
    endloop
  endfacet
  facet normal 0 0 1
    outer loop
      vertex 36.9 29.762 2.4
      vertex 26.9363 25.0477 2.4
      vertex 26.9591 24.9726 2.4
    endloop
  endfacet
  facet normal 0 0 1
    outer loop
      vertex 36.9 29.762 2.4
      vertex 26.9087 25.1212 2.4
      vertex 26.9363 25.0477 2.4
    endloop
  endfacet
  facet normal 0 0 1
    outer loop
      vertex 36.9 29.762 2.4
      vertex 26.8762 25.1927 2.4
      vertex 26.9087 25.1212 2.4
    endloop
  endfacet
  facet normal 0 0 1
    outer loop
      vertex 36.9 29.762 2.4
      vertex 26.8392 25.262 2.4
      vertex 26.8762 25.1927 2.4
    endloop
  endfacet
  facet normal 0 0 1
    outer loop
      vertex 36.9 29.762 2.4
      vertex 26.7978 25.3287 2.4
      vertex 26.8392 25.262 2.4
    endloop
  endfacet
  facet normal 0 0 1
    outer loop
      vertex 36.9 29.762 2.4
      vertex 26.752 25.3925 2.4
      vertex 26.7978 25.3287 2.4
    endloop
  endfacet
  facet normal 0 0 1
    outer loop
      vertex 36.9 29.762 2.4
      vertex 26.7022 25.4532 2.4
      vertex 26.752 25.3925 2.4
    endloop
  endfacet
  facet normal 0 0 1
    outer loop
      vertex 36.9 29.762 2.4
      vertex 26.6485 25.5105 2.4
      vertex 26.7022 25.4532 2.4
    endloop
  endfacet
  facet normal 0 0 1
    outer loop
      vertex 36.9 29.762 2.4
      vertex 26.5912 25.5642 2.4
      vertex 26.6485 25.5105 2.4
    endloop
  endfacet
  facet normal 0 0 1
    outer loop
      vertex 36.9 29.762 2.4
      vertex 26.5305 25.614 2.4
      vertex 26.5912 25.5642 2.4
    endloop
  endfacet
  facet normal 0 0 1
    outer loop
      vertex 36.9 29.762 2.4
      vertex 26.4667 25.6598 2.4
      vertex 26.5305 25.614 2.4
    endloop
  endfacet
  facet normal 0 0 1
    outer loop
      vertex 36.9 29.762 2.4
      vertex 26.4 25.7012 2.4
      vertex 26.4667 25.6598 2.4
    endloop
  endfacet
  facet normal 0 0 1
    outer loop
      vertex 36.9 29.762 2.4
      vertex 26.3307 25.7382 2.4
      vertex 26.4 25.7012 2.4
    endloop
  endfacet
  facet normal 0 0 1
    outer loop
      vertex 36.9 29.762 2.4
      vertex 26.2592 25.7707 2.4
      vertex 26.3307 25.7382 2.4
    endloop
  endfacet
  facet normal 0 0 1
    outer loop
      vertex 36.9 29.762 2.4
      vertex 26.1857 25.7983 2.4
      vertex 26.2592 25.7707 2.4
    endloop
  endfacet
  facet normal 0 0 1
    outer loop
      vertex 36.9 29.762 2.4
      vertex 26.1106 25.8211 2.4
      vertex 26.1857 25.7983 2.4
    endloop
  endfacet
  facet normal 0 0 1
    outer loop
      vertex 36.9 29.762 2.4
      vertex 26.0341 25.8389 2.4
      vertex 26.1106 25.8211 2.4
    endloop
  endfacet
  facet normal -0 0 1
    outer loop
      vertex 23.41 26.862 2.4
      vertex 26.0341 25.8389 2.4
      vertex 36.9 29.762 2.4
    endloop
  endfacet
  facet normal 0 0 1
    outer loop
      vertex 26.0341 25.8389 2.4
      vertex 23.41 26.862 2.4
      vertex 25.9566 25.8517 2.4
    endloop
  endfacet
  facet normal 0 0 1
    outer loop
      vertex 25.9566 25.8517 2.4
      vertex 23.41 26.862 2.4
      vertex 25.8785 25.8594 2.4
    endloop
  endfacet
  facet normal 0 0 1
    outer loop
      vertex 25.8785 25.8594 2.4
      vertex 23.41 26.862 2.4
      vertex 25.8 25.862 2.4
    endloop
  endfacet
  facet normal 0 0 1
    outer loop
      vertex 25.8 25.862 2.4
      vertex 23.41 26.862 2.4
      vertex 25.7215 25.8594 2.4
    endloop
  endfacet
  facet normal 0 0 1
    outer loop
      vertex 25.7215 25.8594 2.4
      vertex 23.41 26.862 2.4
      vertex 25.6434 25.8517 2.4
    endloop
  endfacet
  facet normal 0 0 1
    outer loop
      vertex 25.6434 25.8517 2.4
      vertex 23.41 26.862 2.4
      vertex 25.5659 25.8389 2.4
    endloop
  endfacet
  facet normal 0 0 1
    outer loop
      vertex 25.5659 25.8389 2.4
      vertex 23.41 26.862 2.4
      vertex 25.4894 25.8211 2.4
    endloop
  endfacet
  facet normal 0 0 1
    outer loop
      vertex 25.2693 23.5858 2.4
      vertex 24.3626 21.7472 2.4
      vertex 24.5563 21.6594 2.4
    endloop
  endfacet
  facet normal -0 0 1
    outer loop
      vertex 22.7974 25.9057 2.4
      vertex 24.6913 25.1212 2.4
      vertex 22.8852 26.0994 2.4
    endloop
  endfacet
  facet normal 0 0 1
    outer loop
      vertex 24.6026 24.5835 2.4
      vertex 24.175 21.8474 2.4
      vertex 24.3626 21.7472 2.4
    endloop
  endfacet
  facet normal 0 0 1
    outer loop
      vertex 24.7238 25.1927 2.4
      vertex 22.8852 26.0994 2.4
      vertex 24.6913 25.1212 2.4
    endloop
  endfacet
  facet normal 0 0 1
    outer loop
      vertex 24.6026 24.5835 2.4
      vertex 23.9944 21.9597 2.4
      vertex 24.175 21.8474 2.4
    endloop
  endfacet
  facet normal -0 0 1
    outer loop
      vertex 22.8852 26.0994 2.4
      vertex 24.7238 25.1927 2.4
      vertex 22.9854 26.287 2.4
    endloop
  endfacet
  facet normal 0 0 1
    outer loop
      vertex 24.6026 24.5835 2.4
      vertex 23.8215 22.0836 2.4
      vertex 23.9944 21.9597 2.4
    endloop
  endfacet
  facet normal 0 0 1
    outer loop
      vertex 24.7608 25.262 2.4
      vertex 22.9854 26.287 2.4
      vertex 24.7238 25.1927 2.4
    endloop
  endfacet
  facet normal 0 0 1
    outer loop
      vertex 24.6026 24.5835 2.4
      vertex 23.6571 22.2185 2.4
      vertex 23.8215 22.0836 2.4
    endloop
  endfacet
  facet normal -0 0 1
    outer loop
      vertex 22.9854 26.287 2.4
      vertex 24.7608 25.262 2.4
      vertex 23.0977 26.4676 2.4
    endloop
  endfacet
  facet normal 0 0 1
    outer loop
      vertex 24.6026 24.5835 2.4
      vertex 23.5019 22.3639 2.4
      vertex 23.6571 22.2185 2.4
    endloop
  endfacet
  facet normal 0 0 1
    outer loop
      vertex 24.8022 25.3287 2.4
      vertex 23.0977 26.4676 2.4
      vertex 24.7608 25.262 2.4
    endloop
  endfacet
  facet normal 0 0 1
    outer loop
      vertex 24.6913 25.1212 2.4
      vertex 22.7974 25.9057 2.4
      vertex 24.6637 25.0477 2.4
    endloop
  endfacet
  facet normal -0 0 1
    outer loop
      vertex 23.0977 26.4676 2.4
      vertex 24.8022 25.3287 2.4
      vertex 23.2216 26.6405 2.4
    endloop
  endfacet
  facet normal 0 0 1
    outer loop
      vertex 24.848 25.3925 2.4
      vertex 23.2216 26.6405 2.4
      vertex 24.8022 25.3287 2.4
    endloop
  endfacet
  facet normal -0 0 1
    outer loop
      vertex 23.2216 26.6405 2.4
      vertex 24.848 25.3925 2.4
      vertex 23.3565 26.8049 2.4
    endloop
  endfacet
  facet normal 0 0 1
    outer loop
      vertex 24.8978 25.4532 2.4
      vertex 23.3565 26.8049 2.4
      vertex 24.848 25.3925 2.4
    endloop
  endfacet
  facet normal -0 0 1
    outer loop
      vertex 23.3565 26.8049 2.4
      vertex 24.8978 25.4532 2.4
      vertex 23.41 26.862 2.4
    endloop
  endfacet
  facet normal 0 0 1
    outer loop
      vertex 24.9515 25.5105 2.4
      vertex 23.41 26.862 2.4
      vertex 24.8978 25.4532 2.4
    endloop
  endfacet
  facet normal 0 0 1
    outer loop
      vertex 25.0088 25.5642 2.4
      vertex 23.41 26.862 2.4
      vertex 24.9515 25.5105 2.4
    endloop
  endfacet
  facet normal 0 0 1
    outer loop
      vertex 25.0695 25.614 2.4
      vertex 23.41 26.862 2.4
      vertex 25.0088 25.5642 2.4
    endloop
  endfacet
  facet normal 0 0 1
    outer loop
      vertex 25.1333 25.6598 2.4
      vertex 23.41 26.862 2.4
      vertex 25.0695 25.614 2.4
    endloop
  endfacet
  facet normal 0 0 1
    outer loop
      vertex 25.2 25.7012 2.4
      vertex 23.41 26.862 2.4
      vertex 25.1333 25.6598 2.4
    endloop
  endfacet
  facet normal 0 0 1
    outer loop
      vertex 25.2693 25.7382 2.4
      vertex 23.41 26.862 2.4
      vertex 25.2 25.7012 2.4
    endloop
  endfacet
  facet normal 0 0 1
    outer loop
      vertex 25.3408 25.7707 2.4
      vertex 23.41 26.862 2.4
      vertex 25.2693 25.7382 2.4
    endloop
  endfacet
  facet normal 0 0 1
    outer loop
      vertex 25.4143 25.7983 2.4
      vertex 23.41 26.862 2.4
      vertex 25.3408 25.7707 2.4
    endloop
  endfacet
  facet normal 0 0 1
    outer loop
      vertex 25.4894 25.8211 2.4
      vertex 23.41 26.862 2.4
      vertex 25.4143 25.7983 2.4
    endloop
  endfacet
  facet normal 0 0 1
    outer loop
      vertex 36.9 29.762 2.4
      vertex 7.18997 26.862 2.4
      vertex 23.41 26.862 2.4
    endloop
  endfacet
  facet normal -0 0 1
    outer loop
      vertex 5.90866 24.2028 2.4
      vertex 7.80261 23.4183 2.4
      vertex 5.93632 24.2763 2.4
    endloop
  endfacet
  facet normal 0 0 1
    outer loop
      vertex 7.80261 23.4183 2.4
      vertex 5.90866 24.2028 2.4
      vertex 7.71484 23.2246 2.4
    endloop
  endfacet
  facet normal -0 0 1
    outer loop
      vertex 5.87625 24.1313 2.4
      vertex 7.71484 23.2246 2.4
      vertex 5.90866 24.2028 2.4
    endloop
  endfacet
  facet normal 0 0 1
    outer loop
      vertex 7.71484 23.2246 2.4
      vertex 5.87625 24.1313 2.4
      vertex 7.61458 23.037 2.4
    endloop
  endfacet
  facet normal -0 0 1
    outer loop
      vertex 5.83923 24.062 2.4
      vertex 7.61458 23.037 2.4
      vertex 5.87625 24.1313 2.4
    endloop
  endfacet
  facet normal 0 0 1
    outer loop
      vertex 7.61458 23.037 2.4
      vertex 5.83923 24.062 2.4
      vertex 7.50228 22.8564 2.4
    endloop
  endfacet
  facet normal -0 0 1
    outer loop
      vertex 5.79776 23.9953 2.4
      vertex 7.50228 22.8564 2.4
      vertex 5.83923 24.062 2.4
    endloop
  endfacet
  facet normal 0 0 1
    outer loop
      vertex 8.04304 24.8746 2.4
      vertex 5.99743 24.7405 2.4
      vertex 6 24.662 2.4
    endloop
  endfacet
  facet normal 0 0 1
    outer loop
      vertex 8.02219 25.0862 2.4
      vertex 5.98973 24.8186 2.4
      vertex 5.99743 24.7405 2.4
    endloop
  endfacet
  facet normal 0 0 1
    outer loop
      vertex 7.98755 25.296 2.4
      vertex 5.97694 24.8961 2.4
      vertex 5.98973 24.8186 2.4
    endloop
  endfacet
  facet normal 0 0 1
    outer loop
      vertex 7.93926 25.5032 2.4
      vertex 5.95911 24.9726 2.4
      vertex 5.97694 24.8961 2.4
    endloop
  endfacet
  facet normal 0 0 1
    outer loop
      vertex 7.87752 25.7067 2.4
      vertex 5.93632 25.0477 2.4
      vertex 5.95911 24.9726 2.4
    endloop
  endfacet
  facet normal 0 0 1
    outer loop
      vertex 7.80261 25.9057 2.4
      vertex 5.90866 25.1212 2.4
      vertex 5.93632 25.0477 2.4
    endloop
  endfacet
  facet normal 0 0 1
    outer loop
      vertex 7.71484 26.0994 2.4
      vertex 5.87625 25.1927 2.4
      vertex 5.90866 25.1212 2.4
    endloop
  endfacet
  facet normal 0 0 1
    outer loop
      vertex 7.61458 26.287 2.4
      vertex 5.83923 25.262 2.4
      vertex 5.87625 25.1927 2.4
    endloop
  endfacet
  facet normal 0 0 1
    outer loop
      vertex 7.50228 26.4676 2.4
      vertex 5.79776 25.3287 2.4
      vertex 5.83923 25.262 2.4
    endloop
  endfacet
  facet normal 0 0 1
    outer loop
      vertex 7.3784 26.6405 2.4
      vertex 5.75202 25.3925 2.4
      vertex 5.79776 25.3287 2.4
    endloop
  endfacet
  facet normal 0 0 1
    outer loop
      vertex 7.24348 26.8049 2.4
      vertex 5.70221 25.4532 2.4
      vertex 5.75202 25.3925 2.4
    endloop
  endfacet
  facet normal 0 0 1
    outer loop
      vertex 7.18997 26.862 2.4
      vertex 5.64853 25.5105 2.4
      vertex 5.70221 25.4532 2.4
    endloop
  endfacet
  facet normal 0 0 1
    outer loop
      vertex 7.18997 26.862 2.4
      vertex 5.59121 25.5642 2.4
      vertex 5.64853 25.5105 2.4
    endloop
  endfacet
  facet normal 0 0 1
    outer loop
      vertex 7.18997 26.862 2.4
      vertex 5.53051 25.614 2.4
      vertex 5.59121 25.5642 2.4
    endloop
  endfacet
  facet normal 0 0 1
    outer loop
      vertex 7.18997 26.862 2.4
      vertex 5.46668 25.6598 2.4
      vertex 5.53051 25.614 2.4
    endloop
  endfacet
  facet normal 0 0 1
    outer loop
      vertex 7.18997 26.862 2.4
      vertex 5.4 25.7012 2.4
      vertex 5.46668 25.6598 2.4
    endloop
  endfacet
  facet normal 0 0 1
    outer loop
      vertex 7.18997 26.862 2.4
      vertex 5.33075 25.7382 2.4
      vertex 5.4 25.7012 2.4
    endloop
  endfacet
  facet normal 0 0 1
    outer loop
      vertex 7.18997 26.862 2.4
      vertex 5.25922 25.7707 2.4
      vertex 5.33075 25.7382 2.4
    endloop
  endfacet
  facet normal 0 0 1
    outer loop
      vertex 7.18997 26.862 2.4
      vertex 5.18573 25.7983 2.4
      vertex 5.25922 25.7707 2.4
    endloop
  endfacet
  facet normal 0 0 1
    outer loop
      vertex 7.18997 26.862 2.4
      vertex 5.11058 25.8211 2.4
      vertex 5.18573 25.7983 2.4
    endloop
  endfacet
  facet normal 0 0 1
    outer loop
      vertex 7.18997 26.862 2.4
      vertex 5.03411 25.8389 2.4
      vertex 5.11058 25.8211 2.4
    endloop
  endfacet
  facet normal 0 0 1
    outer loop
      vertex 7.18997 26.862 2.4
      vertex 4.95663 25.8517 2.4
      vertex 5.03411 25.8389 2.4
    endloop
  endfacet
  facet normal 0 0 1
    outer loop
      vertex 7.18997 26.862 2.4
      vertex 4.87848 25.8594 2.4
      vertex 4.95663 25.8517 2.4
    endloop
  endfacet
  facet normal 0 0 1
    outer loop
      vertex 7.18997 26.862 2.4
      vertex 4.8 25.862 2.4
      vertex 4.87848 25.8594 2.4
    endloop
  endfacet
  facet normal 0 0 1
    outer loop
      vertex 7.18997 26.862 2.4
      vertex 4.72152 25.8594 2.4
      vertex 4.8 25.862 2.4
    endloop
  endfacet
  facet normal 0 0 1
    outer loop
      vertex 7.18997 26.862 2.4
      vertex 4.64337 25.8517 2.4
      vertex 4.72152 25.8594 2.4
    endloop
  endfacet
  facet normal 0 0 1
    outer loop
      vertex 7.18997 26.862 2.4
      vertex 4.56589 25.8389 2.4
      vertex 4.64337 25.8517 2.4
    endloop
  endfacet
  facet normal 0 0 1
    outer loop
      vertex 7.18997 26.862 2.4
      vertex 4.48942 25.8211 2.4
      vertex 4.56589 25.8389 2.4
    endloop
  endfacet
  facet normal 0 0 1
    outer loop
      vertex -6.3 29.762 2.4
      vertex 4.48942 25.8211 2.4
      vertex 7.18997 26.862 2.4
    endloop
  endfacet
  facet normal 0 0 1
    outer loop
      vertex 4.48942 25.8211 2.4
      vertex -6.3 29.762 2.4
      vertex 4.41427 25.7983 2.4
    endloop
  endfacet
  facet normal 0 0 1
    outer loop
      vertex 4.26925 23.5858 2.4
      vertex 3.36256 21.7472 2.4
      vertex 3.55628 21.6594 2.4
    endloop
  endfacet
  facet normal 0 0 1
    outer loop
      vertex 2.6 22.272 2.4
      vertex 3.6 24.662 2.4
      vertex 3.60257 24.7405 2.4
    endloop
  endfacet
  facet normal 0 0 1
    outer loop
      vertex 4.2 23.6228 2.4
      vertex 3.175 21.8474 2.4
      vertex 3.36256 21.7472 2.4
    endloop
  endfacet
  facet normal 0 0 1
    outer loop
      vertex 2.6 22.272 2.4
      vertex 3.60257 24.7405 2.4
      vertex 3.61027 24.8186 2.4
    endloop
  endfacet
  facet normal 0 0 1
    outer loop
      vertex 4.13332 23.6642 2.4
      vertex 2.9944 21.9597 2.4
      vertex 3.175 21.8474 2.4
    endloop
  endfacet
  facet normal 0 0 1
    outer loop
      vertex -6.3 29.762 2.4
      vertex 3.61027 24.8186 2.4
      vertex 3.62306 24.8961 2.4
    endloop
  endfacet
  facet normal 0 0 1
    outer loop
      vertex 4.06949 23.71 2.4
      vertex 2.82152 22.0836 2.4
      vertex 2.9944 21.9597 2.4
    endloop
  endfacet
  facet normal 0 0 1
    outer loop
      vertex -6.3 29.762 2.4
      vertex 3.62306 24.8961 2.4
      vertex 3.64089 24.9726 2.4
    endloop
  endfacet
  facet normal 0 0 1
    outer loop
      vertex 4.00878 23.7598 2.4
      vertex 2.65713 22.2185 2.4
      vertex 2.82152 22.0836 2.4
    endloop
  endfacet
  facet normal 0 0 1
    outer loop
      vertex -6.3 29.762 2.4
      vertex 3.64089 24.9726 2.4
      vertex 3.66368 25.0477 2.4
    endloop
  endfacet
  facet normal 0 0 1
    outer loop
      vertex 4.00878 23.7598 2.4
      vertex 2.6 22.272 2.4
      vertex 2.65713 22.2185 2.4
    endloop
  endfacet
  facet normal 0 0 1
    outer loop
      vertex -6.3 29.762 2.4
      vertex 3.66368 25.0477 2.4
      vertex 3.69134 25.1212 2.4
    endloop
  endfacet
  facet normal 0 0 1
    outer loop
      vertex -6.3 29.762 2.4
      vertex 2.6 14.552 2.4
      vertex 2.6 22.272 2.4
    endloop
  endfacet
  facet normal 0 0 1
    outer loop
      vertex -6.3 0 2.4
      vertex 2.6 14.552 2.4
      vertex -6.3 29.762 2.4
    endloop
  endfacet
  facet normal 0 0 1
    outer loop
      vertex 2.6 14.552 2.4
      vertex -6.3 0 2.4
      vertex 2.6 9.77202 2.4
    endloop
  endfacet
  facet normal 0 0 1
    outer loop
      vertex 3.61027 24.8186 2.4
      vertex -6.3 29.762 2.4
      vertex 2.6 22.272 2.4
    endloop
  endfacet
  facet normal 0 0 1
    outer loop
      vertex 3.72375 25.1927 2.4
      vertex -6.3 29.762 2.4
      vertex 3.69134 25.1212 2.4
    endloop
  endfacet
  facet normal 0 0 1
    outer loop
      vertex 3.76077 25.262 2.4
      vertex -6.3 29.762 2.4
      vertex 3.72375 25.1927 2.4
    endloop
  endfacet
  facet normal 0 0 1
    outer loop
      vertex 3.80224 25.3287 2.4
      vertex -6.3 29.762 2.4
      vertex 3.76077 25.262 2.4
    endloop
  endfacet
  facet normal 0 0 1
    outer loop
      vertex 3.84798 25.3925 2.4
      vertex -6.3 29.762 2.4
      vertex 3.80224 25.3287 2.4
    endloop
  endfacet
  facet normal 0 0 1
    outer loop
      vertex 3.89779 25.4532 2.4
      vertex -6.3 29.762 2.4
      vertex 3.84798 25.3925 2.4
    endloop
  endfacet
  facet normal 0 0 1
    outer loop
      vertex 3.95147 25.5105 2.4
      vertex -6.3 29.762 2.4
      vertex 3.89779 25.4532 2.4
    endloop
  endfacet
  facet normal 0 0 1
    outer loop
      vertex 4.00878 25.5642 2.4
      vertex -6.3 29.762 2.4
      vertex 3.95147 25.5105 2.4
    endloop
  endfacet
  facet normal 0 0 1
    outer loop
      vertex 4.06949 25.614 2.4
      vertex -6.3 29.762 2.4
      vertex 4.00878 25.5642 2.4
    endloop
  endfacet
  facet normal 0 0 1
    outer loop
      vertex 4.13332 25.6598 2.4
      vertex -6.3 29.762 2.4
      vertex 4.06949 25.614 2.4
    endloop
  endfacet
  facet normal 0 0 1
    outer loop
      vertex 4.2 25.7012 2.4
      vertex -6.3 29.762 2.4
      vertex 4.13332 25.6598 2.4
    endloop
  endfacet
  facet normal 0 0 1
    outer loop
      vertex 4.26925 25.7382 2.4
      vertex -6.3 29.762 2.4
      vertex 4.2 25.7012 2.4
    endloop
  endfacet
  facet normal 0 0 1
    outer loop
      vertex 4.34078 25.7707 2.4
      vertex -6.3 29.762 2.4
      vertex 4.26925 25.7382 2.4
    endloop
  endfacet
  facet normal 0 0 1
    outer loop
      vertex 4.41427 25.7983 2.4
      vertex -6.3 29.762 2.4
      vertex 4.34078 25.7707 2.4
    endloop
  endfacet
  facet normal -0 0 1
    outer loop
      vertex -6.3 29.762 2.4
      vertex 7.18997 26.862 2.4
      vertex 36.9 29.762 2.4
    endloop
  endfacet
  facet normal 0 0 1
    outer loop
      vertex 36.9 29.762 2.4
      vertex 28 14.552 2.4
      vertex 36.9 0 2.4
    endloop
  endfacet
  facet normal -0 0 1
    outer loop
      vertex 28 9.77203 2.4
      vertex 36.9 0 2.4
      vertex 28 14.552 2.4
    endloop
  endfacet
  facet normal -0 0 1
    outer loop
      vertex 28 2.6 2.4
      vertex 36.9 0 2.4
      vertex 28 9.77203 2.4
    endloop
  endfacet
  facet normal -0 0 1
    outer loop
      vertex 2.6 2.6 2.4
      vertex 36.9 0 2.4
      vertex 28 2.6 2.4
    endloop
  endfacet
  facet normal 0 0 1
    outer loop
      vertex 2.6 2.6 2.4
      vertex -6.3 0 2.4
      vertex 36.9 0 2.4
    endloop
  endfacet
  facet normal 0 0 1
    outer loop
      vertex 2.6 9.77202 2.4
      vertex -6.3 0 2.4
      vertex 2.6 2.6 2.4
    endloop
  endfacet
  facet normal -0 0 1
    outer loop
      vertex 26.9591 24.3514 2.4
      vertex 28 22.272 2.4
      vertex 26.9769 24.4279 2.4
    endloop
  endfacet
  facet normal -0 0 1
    outer loop
      vertex 26.9087 24.2028 2.4
      vertex 28 22.272 2.4
      vertex 26.9363 24.2763 2.4
    endloop
  endfacet
  facet normal -0 0 1
    outer loop
      vertex 26.8762 24.1313 2.4
      vertex 28 22.272 2.4
      vertex 26.9087 24.2028 2.4
    endloop
  endfacet
  facet normal -0 0 1
    outer loop
      vertex 26.8392 24.062 2.4
      vertex 28 22.272 2.4
      vertex 26.8762 24.1313 2.4
    endloop
  endfacet
  facet normal -0 0 1
    outer loop
      vertex 26.7978 23.9953 2.4
      vertex 28 22.272 2.4
      vertex 26.8392 24.062 2.4
    endloop
  endfacet
  facet normal -0 0 1
    outer loop
      vertex 26.752 23.9315 2.4
      vertex 28 22.272 2.4
      vertex 26.7978 23.9953 2.4
    endloop
  endfacet
  facet normal -0 0 1
    outer loop
      vertex 26.7022 23.8708 2.4
      vertex 28 22.272 2.4
      vertex 26.752 23.9315 2.4
    endloop
  endfacet
  facet normal -0 0 1
    outer loop
      vertex 26.6485 23.8135 2.4
      vertex 28 22.272 2.4
      vertex 26.7022 23.8708 2.4
    endloop
  endfacet
  facet normal -0 0 1
    outer loop
      vertex 26.5912 23.7598 2.4
      vertex 28 22.272 2.4
      vertex 26.6485 23.8135 2.4
    endloop
  endfacet
  facet normal 0 0 1
    outer loop
      vertex 27.7785 22.0836 2.4
      vertex 26.5912 23.7598 2.4
      vertex 26.5305 23.71 2.4
    endloop
  endfacet
  facet normal 0 0 1
    outer loop
      vertex 27.7785 22.0836 2.4
      vertex 26.5305 23.71 2.4
      vertex 27.6056 21.9597 2.4
    endloop
  endfacet
  facet normal -0 0 1
    outer loop
      vertex 26.4667 23.6642 2.4
      vertex 27.6056 21.9597 2.4
      vertex 26.5305 23.71 2.4
    endloop
  endfacet
  facet normal 0 0 1
    outer loop
      vertex 27.6056 21.9597 2.4
      vertex 26.4667 23.6642 2.4
      vertex 27.425 21.8474 2.4
    endloop
  endfacet
  facet normal -0 0 1
    outer loop
      vertex 26.4 23.6228 2.4
      vertex 27.425 21.8474 2.4
      vertex 26.4667 23.6642 2.4
    endloop
  endfacet
  facet normal 0 0 1
    outer loop
      vertex 27.425 21.8474 2.4
      vertex 26.4 23.6228 2.4
      vertex 27.2374 21.7472 2.4
    endloop
  endfacet
  facet normal -0 0 1
    outer loop
      vertex 26.3307 23.5858 2.4
      vertex 27.2374 21.7472 2.4
      vertex 26.4 23.6228 2.4
    endloop
  endfacet
  facet normal 0 0 1
    outer loop
      vertex 27.2374 21.7472 2.4
      vertex 26.3307 23.5858 2.4
      vertex 27.0437 21.6594 2.4
    endloop
  endfacet
  facet normal -0 0 1
    outer loop
      vertex 26.2592 23.5533 2.4
      vertex 27.0437 21.6594 2.4
      vertex 26.3307 23.5858 2.4
    endloop
  endfacet
  facet normal 0 0 1
    outer loop
      vertex 27.0437 21.6594 2.4
      vertex 26.2592 23.5533 2.4
      vertex 26.8447 21.5845 2.4
    endloop
  endfacet
  facet normal -0 0 1
    outer loop
      vertex 26.1857 23.5257 2.4
      vertex 26.8447 21.5845 2.4
      vertex 26.2592 23.5533 2.4
    endloop
  endfacet
  facet normal 0 0 1
    outer loop
      vertex 26.8447 21.5845 2.4
      vertex 26.1857 23.5257 2.4
      vertex 26.6412 21.5227 2.4
    endloop
  endfacet
  facet normal -0 0 1
    outer loop
      vertex 26.1106 23.5029 2.4
      vertex 26.6412 21.5227 2.4
      vertex 26.1857 23.5257 2.4
    endloop
  endfacet
  facet normal 0 0 1
    outer loop
      vertex 26.6412 21.5227 2.4
      vertex 26.1106 23.5029 2.4
      vertex 26.434 21.4744 2.4
    endloop
  endfacet
  facet normal -0 0 1
    outer loop
      vertex 26.0341 23.4851 2.4
      vertex 26.434 21.4744 2.4
      vertex 26.1106 23.5029 2.4
    endloop
  endfacet
  facet normal 0 0 1
    outer loop
      vertex 26.434 21.4744 2.4
      vertex 26.0341 23.4851 2.4
      vertex 26.2242 21.4398 2.4
    endloop
  endfacet
  facet normal -0 0 1
    outer loop
      vertex 25.9566 23.4723 2.4
      vertex 26.2242 21.4398 2.4
      vertex 26.0341 23.4851 2.4
    endloop
  endfacet
  facet normal 0 0 1
    outer loop
      vertex 26.2242 21.4398 2.4
      vertex 25.9566 23.4723 2.4
      vertex 26.0126 21.419 2.4
    endloop
  endfacet
  facet normal -0 0 1
    outer loop
      vertex 25.8785 23.4646 2.4
      vertex 26.0126 21.419 2.4
      vertex 25.9566 23.4723 2.4
    endloop
  endfacet
  facet normal -0 0 1
    outer loop
      vertex 25.8 23.462 2.4
      vertex 26.0126 21.419 2.4
      vertex 25.8785 23.4646 2.4
    endloop
  endfacet
  facet normal 0 0 1
    outer loop
      vertex 25.8 23.462 2.4
      vertex 25.8 21.412 2.4
      vertex 26.0126 21.419 2.4
    endloop
  endfacet
  facet normal 0 0 1
    outer loop
      vertex 25.7215 23.4646 2.4
      vertex 25.8 21.412 2.4
      vertex 25.8 23.462 2.4
    endloop
  endfacet
  facet normal 0 0 1
    outer loop
      vertex 25.5874 21.419 2.4
      vertex 25.7215 23.4646 2.4
      vertex 25.6434 23.4723 2.4
    endloop
  endfacet
  facet normal 0 0 1
    outer loop
      vertex 25.7215 23.4646 2.4
      vertex 25.5874 21.419 2.4
      vertex 25.8 21.412 2.4
    endloop
  endfacet
  facet normal 0 0 1
    outer loop
      vertex 25.3758 21.4398 2.4
      vertex 25.6434 23.4723 2.4
      vertex 25.5659 23.4851 2.4
    endloop
  endfacet
  facet normal 0 0 1
    outer loop
      vertex 25.166 21.4744 2.4
      vertex 25.5659 23.4851 2.4
      vertex 25.4894 23.5029 2.4
    endloop
  endfacet
  facet normal 0 0 1
    outer loop
      vertex 24.9588 21.5227 2.4
      vertex 25.4894 23.5029 2.4
      vertex 25.4143 23.5257 2.4
    endloop
  endfacet
  facet normal 0 0 1
    outer loop
      vertex 25.6434 23.4723 2.4
      vertex 25.3758 21.4398 2.4
      vertex 25.5874 21.419 2.4
    endloop
  endfacet
  facet normal 0 0 1
    outer loop
      vertex 24.7553 21.5845 2.4
      vertex 25.4143 23.5257 2.4
      vertex 25.3408 23.5533 2.4
    endloop
  endfacet
  facet normal 0 0 1
    outer loop
      vertex 24.5563 21.6594 2.4
      vertex 25.3408 23.5533 2.4
      vertex 25.2693 23.5858 2.4
    endloop
  endfacet
  facet normal 0 0 1
    outer loop
      vertex 24.3626 21.7472 2.4
      vertex 25.2693 23.5858 2.4
      vertex 25.2 23.6228 2.4
    endloop
  endfacet
  facet normal 0 0 1
    outer loop
      vertex 25.5659 23.4851 2.4
      vertex 25.166 21.4744 2.4
      vertex 25.3758 21.4398 2.4
    endloop
  endfacet
  facet normal 0 0 1
    outer loop
      vertex 24.3626 21.7472 2.4
      vertex 25.2 23.6228 2.4
      vertex 25.1333 23.6642 2.4
    endloop
  endfacet
  facet normal 0 0 1
    outer loop
      vertex 24.3626 21.7472 2.4
      vertex 25.1333 23.6642 2.4
      vertex 25.0695 23.71 2.4
    endloop
  endfacet
  facet normal 0 0 1
    outer loop
      vertex 24.3626 21.7472 2.4
      vertex 25.0695 23.71 2.4
      vertex 25.0088 23.7598 2.4
    endloop
  endfacet
  facet normal 0 0 1
    outer loop
      vertex 25.4894 23.5029 2.4
      vertex 24.9588 21.5227 2.4
      vertex 25.166 21.4744 2.4
    endloop
  endfacet
  facet normal 0 0 1
    outer loop
      vertex 24.3626 21.7472 2.4
      vertex 25.0088 23.7598 2.4
      vertex 24.9515 23.8135 2.4
    endloop
  endfacet
  facet normal 0 0 1
    outer loop
      vertex 24.3626 21.7472 2.4
      vertex 24.9515 23.8135 2.4
      vertex 24.8978 23.8708 2.4
    endloop
  endfacet
  facet normal 0 0 1
    outer loop
      vertex 24.3626 21.7472 2.4
      vertex 24.8978 23.8708 2.4
      vertex 24.848 23.9315 2.4
    endloop
  endfacet
  facet normal 0 0 1
    outer loop
      vertex 24.3626 21.7472 2.4
      vertex 24.848 23.9315 2.4
      vertex 24.8022 23.9953 2.4
    endloop
  endfacet
  facet normal 0 0 1
    outer loop
      vertex 24.3626 21.7472 2.4
      vertex 24.8022 23.9953 2.4
      vertex 24.7608 24.062 2.4
    endloop
  endfacet
  facet normal 0 0 1
    outer loop
      vertex 25.4143 23.5257 2.4
      vertex 24.7553 21.5845 2.4
      vertex 24.9588 21.5227 2.4
    endloop
  endfacet
  facet normal 0 0 1
    outer loop
      vertex 24.3626 21.7472 2.4
      vertex 24.7608 24.062 2.4
      vertex 24.7238 24.1313 2.4
    endloop
  endfacet
  facet normal 0 0 1
    outer loop
      vertex 24.3626 21.7472 2.4
      vertex 24.7238 24.1313 2.4
      vertex 24.6913 24.2028 2.4
    endloop
  endfacet
  facet normal 0 0 1
    outer loop
      vertex 24.3626 21.7472 2.4
      vertex 24.6913 24.2028 2.4
      vertex 24.6637 24.2763 2.4
    endloop
  endfacet
  facet normal 0 0 1
    outer loop
      vertex 24.3626 21.7472 2.4
      vertex 24.6637 24.2763 2.4
      vertex 24.6409 24.3514 2.4
    endloop
  endfacet
  facet normal 0 0 1
    outer loop
      vertex 24.3626 21.7472 2.4
      vertex 24.6409 24.3514 2.4
      vertex 24.6231 24.4279 2.4
    endloop
  endfacet
  facet normal 0 0 1
    outer loop
      vertex 24.3626 21.7472 2.4
      vertex 24.6231 24.4279 2.4
      vertex 24.6103 24.5054 2.4
    endloop
  endfacet
  facet normal 0 0 1
    outer loop
      vertex 24.3626 21.7472 2.4
      vertex 24.6103 24.5054 2.4
      vertex 24.6026 24.5835 2.4
    endloop
  endfacet
  facet normal 0 0 1
    outer loop
      vertex 25.3408 23.5533 2.4
      vertex 24.5563 21.6594 2.4
      vertex 24.7553 21.5845 2.4
    endloop
  endfacet
  facet normal 0 0 1
    outer loop
      vertex 23.5019 22.3639 2.4
      vertex 24.6026 24.5835 2.4
      vertex 24.6 24.662 2.4
    endloop
  endfacet
  facet normal -0 0 1
    outer loop
      vertex 26.8762 11.6313 2.4
      vertex 28 9.77203 2.4
      vertex 26.9087 11.7028 2.4
    endloop
  endfacet
  facet normal -0 0 1
    outer loop
      vertex 26.8392 11.562 2.4
      vertex 28 9.77203 2.4
      vertex 26.8762 11.6313 2.4
    endloop
  endfacet
  facet normal -0 0 1
    outer loop
      vertex 26.7978 11.4953 2.4
      vertex 28 9.77203 2.4
      vertex 26.8392 11.562 2.4
    endloop
  endfacet
  facet normal -0 0 1
    outer loop
      vertex 26.752 11.4315 2.4
      vertex 28 9.77203 2.4
      vertex 26.7978 11.4953 2.4
    endloop
  endfacet
  facet normal -0 0 1
    outer loop
      vertex 26.7022 11.3708 2.4
      vertex 28 9.77203 2.4
      vertex 26.752 11.4315 2.4
    endloop
  endfacet
  facet normal -0 0 1
    outer loop
      vertex 26.6485 11.3135 2.4
      vertex 28 9.77203 2.4
      vertex 26.7022 11.3708 2.4
    endloop
  endfacet
  facet normal -0 0 1
    outer loop
      vertex 26.5912 11.2598 2.4
      vertex 28 9.77203 2.4
      vertex 26.6485 11.3135 2.4
    endloop
  endfacet
  facet normal 0 0 1
    outer loop
      vertex 28 9.77203 2.4
      vertex 26.5912 11.2598 2.4
      vertex 27.9429 9.71852 2.4
    endloop
  endfacet
  facet normal 0 0 1
    outer loop
      vertex 27.9429 9.71852 2.4
      vertex 26.5912 11.2598 2.4
      vertex 27.7785 9.5836 2.4
    endloop
  endfacet
  facet normal -0 0 1
    outer loop
      vertex 26.5305 11.21 2.4
      vertex 27.7785 9.5836 2.4
      vertex 26.5912 11.2598 2.4
    endloop
  endfacet
  facet normal 0 0 1
    outer loop
      vertex 27.7785 9.5836 2.4
      vertex 26.5305 11.21 2.4
      vertex 27.6056 9.45972 2.4
    endloop
  endfacet
  facet normal -0 0 1
    outer loop
      vertex 26.4667 11.1642 2.4
      vertex 27.6056 9.45972 2.4
      vertex 26.5305 11.21 2.4
    endloop
  endfacet
  facet normal 0 0 1
    outer loop
      vertex 27.6056 9.45972 2.4
      vertex 26.4667 11.1642 2.4
      vertex 27.425 9.34742 2.4
    endloop
  endfacet
  facet normal -0 0 1
    outer loop
      vertex 26.4 11.1228 2.4
      vertex 27.425 9.34742 2.4
      vertex 26.4667 11.1642 2.4
    endloop
  endfacet
  facet normal 0 0 1
    outer loop
      vertex 27.425 9.34742 2.4
      vertex 26.4 11.1228 2.4
      vertex 27.2374 9.24716 2.4
    endloop
  endfacet
  facet normal -0 0 1
    outer loop
      vertex 26.3307 11.0858 2.4
      vertex 27.2374 9.24716 2.4
      vertex 26.4 11.1228 2.4
    endloop
  endfacet
  facet normal 0 0 1
    outer loop
      vertex 27.2374 9.24716 2.4
      vertex 26.3307 11.0858 2.4
      vertex 27.0437 9.15939 2.4
    endloop
  endfacet
  facet normal -0 0 1
    outer loop
      vertex 26.2592 11.0533 2.4
      vertex 27.0437 9.15939 2.4
      vertex 26.3307 11.0858 2.4
    endloop
  endfacet
  facet normal 0 0 1
    outer loop
      vertex 27.0437 9.15939 2.4
      vertex 26.2592 11.0533 2.4
      vertex 26.8447 9.08448 2.4
    endloop
  endfacet
  facet normal -0 0 1
    outer loop
      vertex 26.1857 11.0257 2.4
      vertex 26.8447 9.08448 2.4
      vertex 26.2592 11.0533 2.4
    endloop
  endfacet
  facet normal 0 0 1
    outer loop
      vertex 26.8447 9.08448 2.4
      vertex 26.1857 11.0257 2.4
      vertex 26.6412 9.02274 2.4
    endloop
  endfacet
  facet normal -0 0 1
    outer loop
      vertex 26.1106 11.0029 2.4
      vertex 26.6412 9.02274 2.4
      vertex 26.1857 11.0257 2.4
    endloop
  endfacet
  facet normal 0 0 1
    outer loop
      vertex 26.6412 9.02274 2.4
      vertex 26.1106 11.0029 2.4
      vertex 26.434 8.97445 2.4
    endloop
  endfacet
  facet normal -0 0 1
    outer loop
      vertex 26.0341 10.9851 2.4
      vertex 26.434 8.97445 2.4
      vertex 26.1106 11.0029 2.4
    endloop
  endfacet
  facet normal 0 0 1
    outer loop
      vertex 26.434 8.97445 2.4
      vertex 26.0341 10.9851 2.4
      vertex 26.2242 8.9398 2.4
    endloop
  endfacet
  facet normal -0 0 1
    outer loop
      vertex 25.9566 10.9723 2.4
      vertex 26.2242 8.9398 2.4
      vertex 26.0341 10.9851 2.4
    endloop
  endfacet
  facet normal 0 0 1
    outer loop
      vertex 26.2242 8.9398 2.4
      vertex 25.9566 10.9723 2.4
      vertex 26.0126 8.91896 2.4
    endloop
  endfacet
  facet normal -0 0 1
    outer loop
      vertex 25.8785 10.9646 2.4
      vertex 26.0126 8.91896 2.4
      vertex 25.9566 10.9723 2.4
    endloop
  endfacet
  facet normal -0 0 1
    outer loop
      vertex 25.8 10.962 2.4
      vertex 26.0126 8.91896 2.4
      vertex 25.8785 10.9646 2.4
    endloop
  endfacet
  facet normal 0 0 1
    outer loop
      vertex 25.8 10.962 2.4
      vertex 25.8 8.912 2.4
      vertex 26.0126 8.91896 2.4
    endloop
  endfacet
  facet normal 0 0 1
    outer loop
      vertex 25.7215 10.9646 2.4
      vertex 25.8 8.912 2.4
      vertex 25.8 10.962 2.4
    endloop
  endfacet
  facet normal 0 0 1
    outer loop
      vertex 25.5874 8.91896 2.4
      vertex 25.7215 10.9646 2.4
      vertex 25.6434 10.9723 2.4
    endloop
  endfacet
  facet normal 0 0 1
    outer loop
      vertex 25.7215 10.9646 2.4
      vertex 25.5874 8.91896 2.4
      vertex 25.8 8.912 2.4
    endloop
  endfacet
  facet normal 0 0 1
    outer loop
      vertex 25.3758 8.9398 2.4
      vertex 25.6434 10.9723 2.4
      vertex 25.5659 10.9851 2.4
    endloop
  endfacet
  facet normal 0 0 1
    outer loop
      vertex 25.166 8.97445 2.4
      vertex 25.5659 10.9851 2.4
      vertex 25.4894 11.0029 2.4
    endloop
  endfacet
  facet normal 0 0 1
    outer loop
      vertex 24.9588 9.02274 2.4
      vertex 25.4894 11.0029 2.4
      vertex 25.4143 11.0257 2.4
    endloop
  endfacet
  facet normal 0 0 1
    outer loop
      vertex 25.6434 10.9723 2.4
      vertex 25.3758 8.9398 2.4
      vertex 25.5874 8.91896 2.4
    endloop
  endfacet
  facet normal 0 0 1
    outer loop
      vertex 24.7553 9.08448 2.4
      vertex 25.4143 11.0257 2.4
      vertex 25.3408 11.0533 2.4
    endloop
  endfacet
  facet normal 0 0 1
    outer loop
      vertex 24.5563 9.15939 2.4
      vertex 25.3408 11.0533 2.4
      vertex 25.2693 11.0858 2.4
    endloop
  endfacet
  facet normal 0 0 1
    outer loop
      vertex 24.3626 9.24716 2.4
      vertex 25.2693 11.0858 2.4
      vertex 25.2 11.1228 2.4
    endloop
  endfacet
  facet normal 0 0 1
    outer loop
      vertex 25.5659 10.9851 2.4
      vertex 25.166 8.97445 2.4
      vertex 25.3758 8.9398 2.4
    endloop
  endfacet
  facet normal 0 0 1
    outer loop
      vertex 24.175 9.34742 2.4
      vertex 25.2 11.1228 2.4
      vertex 25.1333 11.1642 2.4
    endloop
  endfacet
  facet normal 0 0 1
    outer loop
      vertex 23.9944 9.45972 2.4
      vertex 25.1333 11.1642 2.4
      vertex 25.0695 11.21 2.4
    endloop
  endfacet
  facet normal 0 0 1
    outer loop
      vertex 23.8215 9.5836 2.4
      vertex 25.0695 11.21 2.4
      vertex 25.0088 11.2598 2.4
    endloop
  endfacet
  facet normal 0 0 1
    outer loop
      vertex 25.4894 11.0029 2.4
      vertex 24.9588 9.02274 2.4
      vertex 25.166 8.97445 2.4
    endloop
  endfacet
  facet normal 0 0 1
    outer loop
      vertex 23.6571 9.71852 2.4
      vertex 25.0088 11.2598 2.4
      vertex 24.9515 11.3135 2.4
    endloop
  endfacet
  facet normal 0 0 1
    outer loop
      vertex 23.5019 9.8639 2.4
      vertex 24.9515 11.3135 2.4
      vertex 24.8978 11.3708 2.4
    endloop
  endfacet
  facet normal 0 0 1
    outer loop
      vertex 23.3565 10.0191 2.4
      vertex 24.8978 11.3708 2.4
      vertex 24.848 11.4315 2.4
    endloop
  endfacet
  facet normal 0 0 1
    outer loop
      vertex 23.2216 10.1835 2.4
      vertex 24.848 11.4315 2.4
      vertex 24.8022 11.4953 2.4
    endloop
  endfacet
  facet normal 0 0 1
    outer loop
      vertex 23.0977 10.3564 2.4
      vertex 24.8022 11.4953 2.4
      vertex 24.7608 11.562 2.4
    endloop
  endfacet
  facet normal 0 0 1
    outer loop
      vertex 25.4143 11.0257 2.4
      vertex 24.7553 9.08448 2.4
      vertex 24.9588 9.02274 2.4
    endloop
  endfacet
  facet normal 0 0 1
    outer loop
      vertex 22.9854 10.537 2.4
      vertex 24.7608 11.562 2.4
      vertex 24.7238 11.6313 2.4
    endloop
  endfacet
  facet normal 0 0 1
    outer loop
      vertex 22.8852 10.7246 2.4
      vertex 24.7238 11.6313 2.4
      vertex 24.6913 11.7028 2.4
    endloop
  endfacet
  facet normal 0 0 1
    outer loop
      vertex 22.7974 10.9183 2.4
      vertex 24.6913 11.7028 2.4
      vertex 24.6637 11.7763 2.4
    endloop
  endfacet
  facet normal 0 0 1
    outer loop
      vertex 22.7225 11.1173 2.4
      vertex 24.6637 11.7763 2.4
      vertex 24.6409 11.8514 2.4
    endloop
  endfacet
  facet normal 0 0 1
    outer loop
      vertex 22.6607 11.3208 2.4
      vertex 24.6409 11.8514 2.4
      vertex 24.6231 11.9279 2.4
    endloop
  endfacet
  facet normal 0 0 1
    outer loop
      vertex 22.6124 11.528 2.4
      vertex 24.6231 11.9279 2.4
      vertex 24.6103 12.0054 2.4
    endloop
  endfacet
  facet normal 0 0 1
    outer loop
      vertex 22.5778 11.7378 2.4
      vertex 24.6103 12.0054 2.4
      vertex 24.6026 12.0835 2.4
    endloop
  endfacet
  facet normal 0 0 1
    outer loop
      vertex 25.3408 11.0533 2.4
      vertex 24.5563 9.15939 2.4
      vertex 24.7553 9.08448 2.4
    endloop
  endfacet
  facet normal 0 0 1
    outer loop
      vertex 22.557 11.9494 2.4
      vertex 24.6026 12.0835 2.4
      vertex 24.6 12.162 2.4
    endloop
  endfacet
  facet normal 0 0 1
    outer loop
      vertex 24.8022 12.8287 2.4
      vertex 23.0977 13.9676 2.4
      vertex 24.7608 12.762 2.4
    endloop
  endfacet
  facet normal -0 0 1
    outer loop
      vertex 22.9854 13.787 2.4
      vertex 24.7608 12.762 2.4
      vertex 23.0977 13.9676 2.4
    endloop
  endfacet
  facet normal 0 0 1
    outer loop
      vertex 25.2693 11.0858 2.4
      vertex 24.3626 9.24716 2.4
      vertex 24.5563 9.15939 2.4
    endloop
  endfacet
  facet normal 0 0 1
    outer loop
      vertex 24.7608 12.762 2.4
      vertex 22.9854 13.787 2.4
      vertex 24.7238 12.6927 2.4
    endloop
  endfacet
  facet normal 0 0 1
    outer loop
      vertex 25.2 11.1228 2.4
      vertex 24.175 9.34742 2.4
      vertex 24.3626 9.24716 2.4
    endloop
  endfacet
  facet normal -0 0 1
    outer loop
      vertex 22.8852 13.5994 2.4
      vertex 24.7238 12.6927 2.4
      vertex 22.9854 13.787 2.4
    endloop
  endfacet
  facet normal 0 0 1
    outer loop
      vertex 25.1333 11.1642 2.4
      vertex 23.9944 9.45972 2.4
      vertex 24.175 9.34742 2.4
    endloop
  endfacet
  facet normal 0 0 1
    outer loop
      vertex 24.7238 12.6927 2.4
      vertex 22.8852 13.5994 2.4
      vertex 24.6913 12.6212 2.4
    endloop
  endfacet
  facet normal 0 0 1
    outer loop
      vertex 25.0695 11.21 2.4
      vertex 23.8215 9.5836 2.4
      vertex 23.9944 9.45972 2.4
    endloop
  endfacet
  facet normal -0 0 1
    outer loop
      vertex 22.7974 13.4057 2.4
      vertex 24.6913 12.6212 2.4
      vertex 22.8852 13.5994 2.4
    endloop
  endfacet
  facet normal 0 0 1
    outer loop
      vertex 25.0088 11.2598 2.4
      vertex 23.6571 9.71852 2.4
      vertex 23.8215 9.5836 2.4
    endloop
  endfacet
  facet normal 0 0 1
    outer loop
      vertex 24.6913 12.6212 2.4
      vertex 22.7974 13.4057 2.4
      vertex 24.6637 12.5477 2.4
    endloop
  endfacet
  facet normal 0 0 1
    outer loop
      vertex 24.9515 11.3135 2.4
      vertex 23.5019 9.8639 2.4
      vertex 23.6571 9.71852 2.4
    endloop
  endfacet
  facet normal -0 0 1
    outer loop
      vertex 22.7225 13.2067 2.4
      vertex 24.6637 12.5477 2.4
      vertex 22.7974 13.4057 2.4
    endloop
  endfacet
  facet normal 0 0 1
    outer loop
      vertex 24.8978 11.3708 2.4
      vertex 23.3565 10.0191 2.4
      vertex 23.5019 9.8639 2.4
    endloop
  endfacet
  facet normal 0 0 1
    outer loop
      vertex 24.6637 12.5477 2.4
      vertex 22.7225 13.2067 2.4
      vertex 24.6409 12.4726 2.4
    endloop
  endfacet
  facet normal 0 0 1
    outer loop
      vertex 24.848 11.4315 2.4
      vertex 23.2216 10.1835 2.4
      vertex 23.3565 10.0191 2.4
    endloop
  endfacet
  facet normal -0 0 1
    outer loop
      vertex 22.6607 13.0032 2.4
      vertex 24.6409 12.4726 2.4
      vertex 22.7225 13.2067 2.4
    endloop
  endfacet
  facet normal 0 0 1
    outer loop
      vertex 24.8022 11.4953 2.4
      vertex 23.0977 10.3564 2.4
      vertex 23.2216 10.1835 2.4
    endloop
  endfacet
  facet normal 0 0 1
    outer loop
      vertex 24.6409 12.4726 2.4
      vertex 22.6607 13.0032 2.4
      vertex 24.6231 12.3961 2.4
    endloop
  endfacet
  facet normal 0 0 1
    outer loop
      vertex 24.7608 11.562 2.4
      vertex 22.9854 10.537 2.4
      vertex 23.0977 10.3564 2.4
    endloop
  endfacet
  facet normal -0 0 1
    outer loop
      vertex 22.6124 12.796 2.4
      vertex 24.6231 12.3961 2.4
      vertex 22.6607 13.0032 2.4
    endloop
  endfacet
  facet normal 0 0 1
    outer loop
      vertex 24.7238 11.6313 2.4
      vertex 22.8852 10.7246 2.4
      vertex 22.9854 10.537 2.4
    endloop
  endfacet
  facet normal 0 0 1
    outer loop
      vertex 24.6231 12.3961 2.4
      vertex 22.6124 12.796 2.4
      vertex 24.6103 12.3186 2.4
    endloop
  endfacet
  facet normal 0 0 1
    outer loop
      vertex 24.6913 11.7028 2.4
      vertex 22.7974 10.9183 2.4
      vertex 22.8852 10.7246 2.4
    endloop
  endfacet
  facet normal -0 0 1
    outer loop
      vertex 22.5778 12.5862 2.4
      vertex 24.6103 12.3186 2.4
      vertex 22.6124 12.796 2.4
    endloop
  endfacet
  facet normal 0 0 1
    outer loop
      vertex 24.6637 11.7763 2.4
      vertex 22.7225 11.1173 2.4
      vertex 22.7974 10.9183 2.4
    endloop
  endfacet
  facet normal 0 0 1
    outer loop
      vertex 24.6103 12.3186 2.4
      vertex 22.5778 12.5862 2.4
      vertex 24.6026 12.2405 2.4
    endloop
  endfacet
  facet normal 0 0 1
    outer loop
      vertex 24.6409 11.8514 2.4
      vertex 22.6607 11.3208 2.4
      vertex 22.7225 11.1173 2.4
    endloop
  endfacet
  facet normal -0 0 1
    outer loop
      vertex 22.557 12.3746 2.4
      vertex 24.6026 12.2405 2.4
      vertex 22.5778 12.5862 2.4
    endloop
  endfacet
  facet normal 0 0 1
    outer loop
      vertex 24.6231 11.9279 2.4
      vertex 22.6124 11.528 2.4
      vertex 22.6607 11.3208 2.4
    endloop
  endfacet
  facet normal 0 0 1
    outer loop
      vertex 24.6026 12.2405 2.4
      vertex 22.557 12.3746 2.4
      vertex 24.6 12.162 2.4
    endloop
  endfacet
  facet normal 0 0 1
    outer loop
      vertex 24.6103 12.0054 2.4
      vertex 22.5778 11.7378 2.4
      vertex 22.6124 11.528 2.4
    endloop
  endfacet
  facet normal 0 0 1
    outer loop
      vertex 22.55 12.162 2.4
      vertex 24.6 12.162 2.4
      vertex 22.557 12.3746 2.4
    endloop
  endfacet
  facet normal 0 0 1
    outer loop
      vertex 24.6026 12.0835 2.4
      vertex 22.557 11.9494 2.4
      vertex 22.5778 11.7378 2.4
    endloop
  endfacet
  facet normal 0 0 1
    outer loop
      vertex 24.6 12.162 2.4
      vertex 22.55 12.162 2.4
      vertex 22.557 11.9494 2.4
    endloop
  endfacet
  facet normal 1 0 0
    outer loop
      vertex 38.7 17.431 5.12
      vertex 38.7 31.562 8.4
      vertex 38.7 17.431 7.47
    endloop
  endfacet
  facet normal 1 -0 0
    outer loop
      vertex 38.7 0 8.4
      vertex 38.7 17.431 7.47
      vertex 38.7 31.562 8.4
    endloop
  endfacet
  facet normal 1 0 0
    outer loop
      vertex 38.7 12.031 7.47
      vertex 38.7 0 8.4
      vertex 38.7 12.031 5.12
    endloop
  endfacet
  facet normal 1 0 0
    outer loop
      vertex 38.7 17.431 7.47
      vertex 38.7 0 8.4
      vertex 38.7 12.031 7.47
    endloop
  endfacet
  facet normal 1 0 0
    outer loop
      vertex 38.7 31.562 8.4
      vertex 38.7 17.431 5.12
      vertex 38.7 31.562 0
    endloop
  endfacet
  facet normal 1 0 0
    outer loop
      vertex 38.7 0 0
      vertex 38.7 17.431 5.12
      vertex 38.7 12.031 5.12
    endloop
  endfacet
  facet normal 1 0 0
    outer loop
      vertex 38.7 17.431 5.12
      vertex 38.7 0 0
      vertex 38.7 31.562 0
    endloop
  endfacet
  facet normal 1 0 0
    outer loop
      vertex 38.7 0 0
      vertex 38.7 12.031 5.12
      vertex 38.7 0 8.4
    endloop
  endfacet
  facet normal 0 1 0
    outer loop
      vertex 38.7 31.562 8.4
      vertex 18 31.562 7.47
      vertex -8.1 31.562 8.4
    endloop
  endfacet
  facet normal 0 1 0
    outer loop
      vertex 38.7 31.562 8.4
      vertex 18 31.562 5.12
      vertex 18 31.562 7.47
    endloop
  endfacet
  facet normal 0 1 0
    outer loop
      vertex 18 31.562 5.12
      vertex 38.7 31.562 0
      vertex 12.6 31.562 5.12
    endloop
  endfacet
  facet normal 0 1 -0
    outer loop
      vertex 38.7 31.562 0
      vertex 18 31.562 5.12
      vertex 38.7 31.562 8.4
    endloop
  endfacet
  facet normal 0 1 -0
    outer loop
      vertex 12.6 31.562 7.47
      vertex -8.1 31.562 8.4
      vertex 18 31.562 7.47
    endloop
  endfacet
  facet normal 0 1 -0
    outer loop
      vertex 12.6 31.562 5.12
      vertex -8.1 31.562 8.4
      vertex 12.6 31.562 7.47
    endloop
  endfacet
  facet normal 0 1 0
    outer loop
      vertex -8.1 31.562 0
      vertex 12.6 31.562 5.12
      vertex 38.7 31.562 0
    endloop
  endfacet
  facet normal 0 1 0
    outer loop
      vertex 12.6 31.562 5.12
      vertex -8.1 31.562 0
      vertex -8.1 31.562 8.4
    endloop
  endfacet
  facet normal 0 0 -1
    outer loop
      vertex 5.98973 12.3186 0
      vertex 10.6 16.25 0
      vertex 5.99743 12.2405 0
    endloop
  endfacet
  facet normal 0 0 -1
    outer loop
      vertex 10.6 16.25 0
      vertex 5.99743 24.5835 0
      vertex 6 24.662 0
    endloop
  endfacet
  facet normal 0 0 -1
    outer loop
      vertex 5.97694 12.3961 0
      vertex 10.6 16.25 0
      vertex 5.98973 12.3186 0
    endloop
  endfacet
  facet normal 0 0 -1
    outer loop
      vertex 10.6 16.25 0
      vertex 5.98973 24.5054 0
      vertex 5.99743 24.5835 0
    endloop
  endfacet
  facet normal 0 0 -1
    outer loop
      vertex 5.95911 12.4726 0
      vertex 10.6 16.25 0
      vertex 5.97694 12.3961 0
    endloop
  endfacet
  facet normal 0 0 -1
    outer loop
      vertex 10.6 16.25 0
      vertex 5.97694 24.4279 0
      vertex 5.98973 24.5054 0
    endloop
  endfacet
  facet normal 0 0 -1
    outer loop
      vertex 5.93632 12.5477 0
      vertex 10.6 16.25 0
      vertex 5.95911 12.4726 0
    endloop
  endfacet
  facet normal 0 0 -1
    outer loop
      vertex 10.6 16.25 0
      vertex 5.95911 24.3514 0
      vertex 5.97694 24.4279 0
    endloop
  endfacet
  facet normal 0 0 -1
    outer loop
      vertex 5.90866 12.6212 0
      vertex 10.6 16.25 0
      vertex 5.93632 12.5477 0
    endloop
  endfacet
  facet normal 0 0 -1
    outer loop
      vertex 10.6 16.25 0
      vertex 5.93632 24.2763 0
      vertex 5.95911 24.3514 0
    endloop
  endfacet
  facet normal 0 0 -1
    outer loop
      vertex 5.87625 12.6927 0
      vertex 10.6 16.25 0
      vertex 5.90866 12.6212 0
    endloop
  endfacet
  facet normal 0 0 -1
    outer loop
      vertex 10.6 16.25 0
      vertex 5.90866 24.2028 0
      vertex 5.93632 24.2763 0
    endloop
  endfacet
  facet normal 0 0 -1
    outer loop
      vertex 5.83923 12.762 0
      vertex 10.6 16.25 0
      vertex 5.87625 12.6927 0
    endloop
  endfacet
  facet normal 0 0 -1
    outer loop
      vertex 10.6 16.25 0
      vertex 5.87625 24.1313 0
      vertex 5.90866 24.2028 0
    endloop
  endfacet
  facet normal 0 0 -1
    outer loop
      vertex 5.79776 12.8287 0
      vertex 10.6 16.25 0
      vertex 5.83923 12.762 0
    endloop
  endfacet
  facet normal 0 0 -1
    outer loop
      vertex 10.6 16.25 0
      vertex 5.83923 24.062 0
      vertex 5.87625 24.1313 0
    endloop
  endfacet
  facet normal 0 0 -1
    outer loop
      vertex 5.75202 12.8925 0
      vertex 10.6 16.25 0
      vertex 5.79776 12.8287 0
    endloop
  endfacet
  facet normal 0 0 -1
    outer loop
      vertex 10.6 16.25 0
      vertex 5.79776 23.9953 0
      vertex 5.83923 24.062 0
    endloop
  endfacet
  facet normal 0 0 -1
    outer loop
      vertex 5.70221 12.9532 0
      vertex 10.6 16.25 0
      vertex 5.75202 12.8925 0
    endloop
  endfacet
  facet normal 0 0 -1
    outer loop
      vertex 10.6 16.25 0
      vertex 5.75202 23.9315 0
      vertex 5.79776 23.9953 0
    endloop
  endfacet
  facet normal 0 0 -1
    outer loop
      vertex 5.64853 13.0105 0
      vertex 10.6 16.25 0
      vertex 5.70221 12.9532 0
    endloop
  endfacet
  facet normal 0 0 -1
    outer loop
      vertex 10.6 16.25 0
      vertex 5.70221 23.8708 0
      vertex 5.75202 23.9315 0
    endloop
  endfacet
  facet normal 0 0 -1
    outer loop
      vertex 5.59121 13.0642 0
      vertex 10.6 16.25 0
      vertex 5.64853 13.0105 0
    endloop
  endfacet
  facet normal 0 0 -1
    outer loop
      vertex 10.6 16.25 0
      vertex 5.64853 23.8135 0
      vertex 5.70221 23.8708 0
    endloop
  endfacet
  facet normal 0 0 -1
    outer loop
      vertex 5.53051 13.114 0
      vertex 10.6 16.25 0
      vertex 5.59121 13.0642 0
    endloop
  endfacet
  facet normal 0 0 -1
    outer loop
      vertex 10.6 16.25 0
      vertex 5.59121 23.7598 0
      vertex 5.64853 23.8135 0
    endloop
  endfacet
  facet normal 0 0 -1
    outer loop
      vertex 5.46668 13.1598 0
      vertex 10.6 16.25 0
      vertex 5.53051 13.114 0
    endloop
  endfacet
  facet normal 0 0 -1
    outer loop
      vertex 10.6 16.25 0
      vertex 5.53051 23.71 0
      vertex 5.59121 23.7598 0
    endloop
  endfacet
  facet normal 0 0 -1
    outer loop
      vertex 5.4 13.2012 0
      vertex 10.6 16.25 0
      vertex 5.46668 13.1598 0
    endloop
  endfacet
  facet normal 0 0 -1
    outer loop
      vertex 10.6 16.25 0
      vertex 5.46668 23.6642 0
      vertex 5.53051 23.71 0
    endloop
  endfacet
  facet normal 0 0 -1
    outer loop
      vertex 5.33075 13.2382 0
      vertex 10.6 16.25 0
      vertex 5.4 13.2012 0
    endloop
  endfacet
  facet normal 0 0 -1
    outer loop
      vertex 10.6 16.25 0
      vertex 5.4 23.6228 0
      vertex 5.46668 23.6642 0
    endloop
  endfacet
  facet normal 0 0 -1
    outer loop
      vertex 5.25922 13.2707 0
      vertex 10.6 16.25 0
      vertex 5.33075 13.2382 0
    endloop
  endfacet
  facet normal 0 0 -1
    outer loop
      vertex 10.6 16.25 0
      vertex 5.33075 23.5858 0
      vertex 5.4 23.6228 0
    endloop
  endfacet
  facet normal 0 0 -1
    outer loop
      vertex 5.18573 13.2983 0
      vertex 10.6 16.25 0
      vertex 5.25922 13.2707 0
    endloop
  endfacet
  facet normal 0 0 -1
    outer loop
      vertex 10.6 16.25 0
      vertex 5.25922 23.5533 0
      vertex 5.33075 23.5858 0
    endloop
  endfacet
  facet normal 0 0 -1
    outer loop
      vertex 5.11058 13.3211 0
      vertex 10.6 16.25 0
      vertex 5.18573 13.2983 0
    endloop
  endfacet
  facet normal 0 0 -1
    outer loop
      vertex 10.6 16.25 0
      vertex 5.18573 23.5257 0
      vertex 5.25922 23.5533 0
    endloop
  endfacet
  facet normal 0 0 -1
    outer loop
      vertex 5.03411 13.3389 0
      vertex 10.6 16.25 0
      vertex 5.11058 13.3211 0
    endloop
  endfacet
  facet normal 0 0 -1
    outer loop
      vertex 10.6 16.25 0
      vertex 5.11058 23.5029 0
      vertex 5.18573 23.5257 0
    endloop
  endfacet
  facet normal 0 0 -1
    outer loop
      vertex 5.03411 23.4851 0
      vertex 10.6 16.25 0
      vertex 5.03411 13.3389 0
    endloop
  endfacet
  facet normal 0 0 -1
    outer loop
      vertex 10.6 16.25 0
      vertex 5.03411 23.4851 0
      vertex 5.11058 23.5029 0
    endloop
  endfacet
  facet normal 0 0 -1
    outer loop
      vertex 4.95663 13.3517 0
      vertex 5.03411 23.4851 0
      vertex 5.03411 13.3389 0
    endloop
  endfacet
  facet normal 0 0 -1
    outer loop
      vertex 4.95663 13.3517 0
      vertex 4.95663 23.4723 0
      vertex 5.03411 23.4851 0
    endloop
  endfacet
  facet normal 0 0 -1
    outer loop
      vertex 4.87848 13.3594 0
      vertex 4.95663 23.4723 0
      vertex 4.95663 13.3517 0
    endloop
  endfacet
  facet normal 0 0 -1
    outer loop
      vertex 4.87848 13.3594 0
      vertex 4.87848 23.4646 0
      vertex 4.95663 23.4723 0
    endloop
  endfacet
  facet normal 0 0 -1
    outer loop
      vertex 4.8 13.362 0
      vertex 4.87848 23.4646 0
      vertex 4.87848 13.3594 0
    endloop
  endfacet
  facet normal 0 0 -1
    outer loop
      vertex 4.8 13.362 0
      vertex 4.8 23.462 0
      vertex 4.87848 23.4646 0
    endloop
  endfacet
  facet normal 0 0 -1
    outer loop
      vertex 4.72152 13.3594 0
      vertex 4.8 23.462 0
      vertex 4.8 13.362 0
    endloop
  endfacet
  facet normal 0 0 -1
    outer loop
      vertex 4.72152 13.3594 0
      vertex 4.72152 23.4646 0
      vertex 4.8 23.462 0
    endloop
  endfacet
  facet normal 0 0 -1
    outer loop
      vertex 4.64337 13.3517 0
      vertex 4.72152 23.4646 0
      vertex 4.72152 13.3594 0
    endloop
  endfacet
  facet normal 0 0 -1
    outer loop
      vertex 4.64337 13.3517 0
      vertex 4.64337 23.4723 0
      vertex 4.72152 23.4646 0
    endloop
  endfacet
  facet normal 0 0 -1
    outer loop
      vertex 4.56589 13.3389 0
      vertex 4.64337 23.4723 0
      vertex 4.64337 13.3517 0
    endloop
  endfacet
  facet normal 0 0 -1
    outer loop
      vertex 4.56589 13.3389 0
      vertex 4.56589 23.4851 0
      vertex 4.64337 23.4723 0
    endloop
  endfacet
  facet normal 0 0 -1
    outer loop
      vertex 4.48942 13.3211 0
      vertex 4.56589 23.4851 0
      vertex 4.56589 13.3389 0
    endloop
  endfacet
  facet normal 0 0 -1
    outer loop
      vertex 4.48942 13.3211 0
      vertex 4.48942 23.5029 0
      vertex 4.56589 23.4851 0
    endloop
  endfacet
  facet normal 0 0 -1
    outer loop
      vertex 4.41427 13.2983 0
      vertex 4.48942 23.5029 0
      vertex 4.48942 13.3211 0
    endloop
  endfacet
  facet normal 0 0 -1
    outer loop
      vertex 4.41427 13.2983 0
      vertex 4.41427 23.5257 0
      vertex 4.48942 23.5029 0
    endloop
  endfacet
  facet normal 0 0 -1
    outer loop
      vertex 4.34078 13.2707 0
      vertex 4.41427 23.5257 0
      vertex 4.41427 13.2983 0
    endloop
  endfacet
  facet normal 0 0 -1
    outer loop
      vertex 4.34078 13.2707 0
      vertex 4.34078 23.5533 0
      vertex 4.41427 23.5257 0
    endloop
  endfacet
  facet normal 0 0 -1
    outer loop
      vertex 4.26925 13.2382 0
      vertex 4.34078 23.5533 0
      vertex 4.34078 13.2707 0
    endloop
  endfacet
  facet normal 0 0 -1
    outer loop
      vertex 4.26925 13.2382 0
      vertex 4.26925 23.5858 0
      vertex 4.34078 23.5533 0
    endloop
  endfacet
  facet normal 0 0 -1
    outer loop
      vertex 4.2 13.2012 0
      vertex 4.26925 23.5858 0
      vertex 4.26925 13.2382 0
    endloop
  endfacet
  facet normal 0 0 -1
    outer loop
      vertex 4.2 13.2012 0
      vertex 4.2 23.6228 0
      vertex 4.26925 23.5858 0
    endloop
  endfacet
  facet normal 0 0 -1
    outer loop
      vertex 4.13332 13.1598 0
      vertex 4.2 23.6228 0
      vertex 4.2 13.2012 0
    endloop
  endfacet
  facet normal 0 0 -1
    outer loop
      vertex 4.13332 13.1598 0
      vertex 4.13332 23.6642 0
      vertex 4.2 23.6228 0
    endloop
  endfacet
  facet normal 0 0 -1
    outer loop
      vertex 4.06949 13.114 0
      vertex 4.13332 23.6642 0
      vertex 4.13332 13.1598 0
    endloop
  endfacet
  facet normal 0 0 -1
    outer loop
      vertex 4.06949 13.114 0
      vertex 4.06949 23.71 0
      vertex 4.13332 23.6642 0
    endloop
  endfacet
  facet normal 0 0 -1
    outer loop
      vertex 4.00878 13.0642 0
      vertex 4.06949 23.71 0
      vertex 4.06949 13.114 0
    endloop
  endfacet
  facet normal 0 0 -1
    outer loop
      vertex 4.00878 13.0642 0
      vertex 4.00878 23.7598 0
      vertex 4.06949 23.71 0
    endloop
  endfacet
  facet normal 0 0 -1
    outer loop
      vertex 3.95147 13.0105 0
      vertex 4.00878 23.7598 0
      vertex 4.00878 13.0642 0
    endloop
  endfacet
  facet normal 0 0 -1
    outer loop
      vertex 3.95147 13.0105 0
      vertex 3.95147 23.8135 0
      vertex 4.00878 23.7598 0
    endloop
  endfacet
  facet normal 0 0 -1
    outer loop
      vertex 3.89779 12.9532 0
      vertex 3.95147 23.8135 0
      vertex 3.95147 13.0105 0
    endloop
  endfacet
  facet normal 0 0 -1
    outer loop
      vertex 3.89779 12.9532 0
      vertex 3.89779 23.8708 0
      vertex 3.95147 23.8135 0
    endloop
  endfacet
  facet normal 0 0 -1
    outer loop
      vertex 3.84798 12.8925 0
      vertex 3.89779 23.8708 0
      vertex 3.89779 12.9532 0
    endloop
  endfacet
  facet normal 0 0 -1
    outer loop
      vertex 3.84798 12.8925 0
      vertex 3.84798 23.9315 0
      vertex 3.89779 23.8708 0
    endloop
  endfacet
  facet normal 0 0 -1
    outer loop
      vertex 3.80224 12.8287 0
      vertex 3.84798 23.9315 0
      vertex 3.84798 12.8925 0
    endloop
  endfacet
  facet normal 0 0 -1
    outer loop
      vertex 3.80224 12.8287 0
      vertex 3.80224 23.9953 0
      vertex 3.84798 23.9315 0
    endloop
  endfacet
  facet normal 0 0 -1
    outer loop
      vertex 3.76077 12.762 0
      vertex 3.80224 23.9953 0
      vertex 3.80224 12.8287 0
    endloop
  endfacet
  facet normal 0 0 -1
    outer loop
      vertex 3.76077 12.762 0
      vertex 3.76077 24.062 0
      vertex 3.80224 23.9953 0
    endloop
  endfacet
  facet normal 0 0 -1
    outer loop
      vertex 3.72375 12.6927 0
      vertex 3.76077 24.062 0
      vertex 3.76077 12.762 0
    endloop
  endfacet
  facet normal 0 0 -1
    outer loop
      vertex 3.72375 12.6927 0
      vertex 3.72375 24.1313 0
      vertex 3.76077 24.062 0
    endloop
  endfacet
  facet normal 0 0 -1
    outer loop
      vertex -8.1 31.562 0
      vertex 3.72375 12.6927 0
      vertex 3.69134 12.6212 0
    endloop
  endfacet
  facet normal 0 0 -1
    outer loop
      vertex 3.72375 12.6927 0
      vertex -8.1 31.562 0
      vertex 3.72375 24.1313 0
    endloop
  endfacet
  facet normal 0 0 -1
    outer loop
      vertex -8.1 31.562 0
      vertex 3.69134 12.6212 0
      vertex 3.66368 12.5477 0
    endloop
  endfacet
  facet normal 0 0 -1
    outer loop
      vertex 3.72375 24.1313 0
      vertex -8.1 31.562 0
      vertex 3.69134 24.2028 0
    endloop
  endfacet
  facet normal 0 0 -1
    outer loop
      vertex -8.1 31.562 0
      vertex 3.66368 12.5477 0
      vertex 3.64089 12.4726 0
    endloop
  endfacet
  facet normal 0 0 -1
    outer loop
      vertex 3.69134 24.2028 0
      vertex -8.1 31.562 0
      vertex 3.66368 24.2763 0
    endloop
  endfacet
  facet normal 0 0 -1
    outer loop
      vertex -8.1 31.562 0
      vertex 3.64089 12.4726 0
      vertex 3.62306 12.3961 0
    endloop
  endfacet
  facet normal 0 0 -1
    outer loop
      vertex 3.66368 24.2763 0
      vertex -8.1 31.562 0
      vertex 3.64089 24.3514 0
    endloop
  endfacet
  facet normal 0 0 -1
    outer loop
      vertex -8.1 0 0
      vertex 3.62306 12.3961 0
      vertex 3.61027 12.3186 0
    endloop
  endfacet
  facet normal 0 0 -1
    outer loop
      vertex 3.64089 24.3514 0
      vertex -8.1 31.562 0
      vertex 3.62306 24.4279 0
    endloop
  endfacet
  facet normal 0 0 -1
    outer loop
      vertex -8.1 0 0
      vertex 3.61027 12.3186 0
      vertex 3.60257 12.2405 0
    endloop
  endfacet
  facet normal 0 0 -1
    outer loop
      vertex 3.62306 24.4279 0
      vertex -8.1 31.562 0
      vertex 3.61027 24.5054 0
    endloop
  endfacet
  facet normal 0 0 -1
    outer loop
      vertex -8.1 0 0
      vertex 3.60257 12.2405 0
      vertex 3.6 12.162 0
    endloop
  endfacet
  facet normal 0 0 -1
    outer loop
      vertex 3.61027 24.5054 0
      vertex -8.1 31.562 0
      vertex 3.60257 24.5835 0
    endloop
  endfacet
  facet normal 0 0 -1
    outer loop
      vertex 26.9769 12.3961 0
      vertex 38.7 0 0
      vertex 26.9897 12.3186 0
    endloop
  endfacet
  facet normal 0 0 -1
    outer loop
      vertex 38.7 31.562 0
      vertex 26.9974 24.5835 0
      vertex 27 24.662 0
    endloop
  endfacet
  facet normal 0 0 -1
    outer loop
      vertex 38.7 0 0
      vertex 26.9769 12.3961 0
      vertex 38.7 31.562 0
    endloop
  endfacet
  facet normal 0 0 -1
    outer loop
      vertex 38.7 31.562 0
      vertex 26.9897 24.5054 0
      vertex 26.9974 24.5835 0
    endloop
  endfacet
  facet normal 0 0 -1
    outer loop
      vertex 26.9591 12.4726 0
      vertex 38.7 31.562 0
      vertex 26.9769 12.3961 0
    endloop
  endfacet
  facet normal 0 0 -1
    outer loop
      vertex 38.7 31.562 0
      vertex 26.9769 24.4279 0
      vertex 26.9897 24.5054 0
    endloop
  endfacet
  facet normal 0 0 -1
    outer loop
      vertex 26.9363 12.5477 0
      vertex 38.7 31.562 0
      vertex 26.9591 12.4726 0
    endloop
  endfacet
  facet normal 0 0 -1
    outer loop
      vertex 38.7 31.562 0
      vertex 26.9591 24.3514 0
      vertex 26.9769 24.4279 0
    endloop
  endfacet
  facet normal 0 0 -1
    outer loop
      vertex 26.9087 12.6212 0
      vertex 38.7 31.562 0
      vertex 26.9363 12.5477 0
    endloop
  endfacet
  facet normal 0 0 -1
    outer loop
      vertex 38.7 31.562 0
      vertex 26.9363 24.2763 0
      vertex 26.9591 24.3514 0
    endloop
  endfacet
  facet normal 0 0 -1
    outer loop
      vertex 26.8762 12.6927 0
      vertex 38.7 31.562 0
      vertex 26.9087 12.6212 0
    endloop
  endfacet
  facet normal 0 0 -1
    outer loop
      vertex 38.7 31.562 0
      vertex 26.9087 24.2028 0
      vertex 26.9363 24.2763 0
    endloop
  endfacet
  facet normal 0 0 -1
    outer loop
      vertex 26.8762 24.1313 0
      vertex 38.7 31.562 0
      vertex 26.8762 12.6927 0
    endloop
  endfacet
  facet normal 0 0 -1
    outer loop
      vertex 38.7 31.562 0
      vertex 26.8762 24.1313 0
      vertex 26.9087 24.2028 0
    endloop
  endfacet
  facet normal 0 0 -1
    outer loop
      vertex 26.8392 12.762 0
      vertex 26.8762 24.1313 0
      vertex 26.8762 12.6927 0
    endloop
  endfacet
  facet normal 0 0 -1
    outer loop
      vertex 26.8392 12.762 0
      vertex 26.8392 24.062 0
      vertex 26.8762 24.1313 0
    endloop
  endfacet
  facet normal 0 0 -1
    outer loop
      vertex 26.7978 12.8287 0
      vertex 26.8392 24.062 0
      vertex 26.8392 12.762 0
    endloop
  endfacet
  facet normal 0 0 -1
    outer loop
      vertex 26.7978 12.8287 0
      vertex 26.7978 23.9953 0
      vertex 26.8392 24.062 0
    endloop
  endfacet
  facet normal 0 0 -1
    outer loop
      vertex 26.752 12.8925 0
      vertex 26.7978 23.9953 0
      vertex 26.7978 12.8287 0
    endloop
  endfacet
  facet normal 0 0 -1
    outer loop
      vertex 26.752 12.8925 0
      vertex 26.752 23.9315 0
      vertex 26.7978 23.9953 0
    endloop
  endfacet
  facet normal 0 0 -1
    outer loop
      vertex 26.7022 12.9532 0
      vertex 26.752 23.9315 0
      vertex 26.752 12.8925 0
    endloop
  endfacet
  facet normal 0 0 -1
    outer loop
      vertex 26.7022 12.9532 0
      vertex 26.7022 23.8708 0
      vertex 26.752 23.9315 0
    endloop
  endfacet
  facet normal 0 0 -1
    outer loop
      vertex 26.6485 13.0105 0
      vertex 26.7022 23.8708 0
      vertex 26.7022 12.9532 0
    endloop
  endfacet
  facet normal 0 0 -1
    outer loop
      vertex 26.6485 13.0105 0
      vertex 26.6485 23.8135 0
      vertex 26.7022 23.8708 0
    endloop
  endfacet
  facet normal 0 0 -1
    outer loop
      vertex 26.5912 13.0642 0
      vertex 26.6485 23.8135 0
      vertex 26.6485 13.0105 0
    endloop
  endfacet
  facet normal 0 0 -1
    outer loop
      vertex 26.5912 13.0642 0
      vertex 26.5912 23.7598 0
      vertex 26.6485 23.8135 0
    endloop
  endfacet
  facet normal 0 0 -1
    outer loop
      vertex 26.5305 13.114 0
      vertex 26.5912 23.7598 0
      vertex 26.5912 13.0642 0
    endloop
  endfacet
  facet normal 0 0 -1
    outer loop
      vertex 26.5305 13.114 0
      vertex 26.5305 23.71 0
      vertex 26.5912 23.7598 0
    endloop
  endfacet
  facet normal 0 0 -1
    outer loop
      vertex 26.4667 13.1598 0
      vertex 26.5305 23.71 0
      vertex 26.5305 13.114 0
    endloop
  endfacet
  facet normal 0 0 -1
    outer loop
      vertex 26.4667 13.1598 0
      vertex 26.4667 23.6642 0
      vertex 26.5305 23.71 0
    endloop
  endfacet
  facet normal 0 0 -1
    outer loop
      vertex 26.4 13.2012 0
      vertex 26.4667 23.6642 0
      vertex 26.4667 13.1598 0
    endloop
  endfacet
  facet normal 0 0 -1
    outer loop
      vertex 26.4 13.2012 0
      vertex 26.4 23.6228 0
      vertex 26.4667 23.6642 0
    endloop
  endfacet
  facet normal 0 0 -1
    outer loop
      vertex 26.3307 13.2382 0
      vertex 26.4 23.6228 0
      vertex 26.4 13.2012 0
    endloop
  endfacet
  facet normal 0 0 -1
    outer loop
      vertex 26.3307 13.2382 0
      vertex 26.3307 23.5858 0
      vertex 26.4 23.6228 0
    endloop
  endfacet
  facet normal 0 0 -1
    outer loop
      vertex 26.2592 13.2707 0
      vertex 26.3307 23.5858 0
      vertex 26.3307 13.2382 0
    endloop
  endfacet
  facet normal 0 0 -1
    outer loop
      vertex 26.2592 13.2707 0
      vertex 26.2592 23.5533 0
      vertex 26.3307 23.5858 0
    endloop
  endfacet
  facet normal 0 0 -1
    outer loop
      vertex 26.1857 13.2983 0
      vertex 26.2592 23.5533 0
      vertex 26.2592 13.2707 0
    endloop
  endfacet
  facet normal 0 0 -1
    outer loop
      vertex 26.1857 13.2983 0
      vertex 26.1857 23.5257 0
      vertex 26.2592 23.5533 0
    endloop
  endfacet
  facet normal 0 0 -1
    outer loop
      vertex 26.1106 13.3211 0
      vertex 26.1857 23.5257 0
      vertex 26.1857 13.2983 0
    endloop
  endfacet
  facet normal 0 0 -1
    outer loop
      vertex 26.1106 13.3211 0
      vertex 26.1106 23.5029 0
      vertex 26.1857 23.5257 0
    endloop
  endfacet
  facet normal 0 0 -1
    outer loop
      vertex 26.0341 13.3389 0
      vertex 26.1106 23.5029 0
      vertex 26.1106 13.3211 0
    endloop
  endfacet
  facet normal 0 0 -1
    outer loop
      vertex 26.0341 13.3389 0
      vertex 26.0341 23.4851 0
      vertex 26.1106 23.5029 0
    endloop
  endfacet
  facet normal 0 0 -1
    outer loop
      vertex 25.9566 13.3517 0
      vertex 26.0341 23.4851 0
      vertex 26.0341 13.3389 0
    endloop
  endfacet
  facet normal 0 0 -1
    outer loop
      vertex 25.9566 13.3517 0
      vertex 25.9566 23.4723 0
      vertex 26.0341 23.4851 0
    endloop
  endfacet
  facet normal 0 0 -1
    outer loop
      vertex 25.8785 13.3594 0
      vertex 25.9566 23.4723 0
      vertex 25.9566 13.3517 0
    endloop
  endfacet
  facet normal 0 0 -1
    outer loop
      vertex 25.8785 13.3594 0
      vertex 25.8785 23.4646 0
      vertex 25.9566 23.4723 0
    endloop
  endfacet
  facet normal 0 0 -1
    outer loop
      vertex 25.8 13.362 0
      vertex 25.8785 23.4646 0
      vertex 25.8785 13.3594 0
    endloop
  endfacet
  facet normal 0 0 -1
    outer loop
      vertex 25.8 13.362 0
      vertex 25.8 23.462 0
      vertex 25.8785 23.4646 0
    endloop
  endfacet
  facet normal 0 0 -1
    outer loop
      vertex 25.7215 13.3594 0
      vertex 25.8 23.462 0
      vertex 25.8 13.362 0
    endloop
  endfacet
  facet normal 0 0 -1
    outer loop
      vertex 25.7215 13.3594 0
      vertex 25.7215 23.4646 0
      vertex 25.8 23.462 0
    endloop
  endfacet
  facet normal 0 0 -1
    outer loop
      vertex 25.6434 13.3517 0
      vertex 25.7215 23.4646 0
      vertex 25.7215 13.3594 0
    endloop
  endfacet
  facet normal 0 0 -1
    outer loop
      vertex 25.6434 13.3517 0
      vertex 25.6434 23.4723 0
      vertex 25.7215 23.4646 0
    endloop
  endfacet
  facet normal 0 0 -1
    outer loop
      vertex 25.5659 13.3389 0
      vertex 25.6434 23.4723 0
      vertex 25.6434 13.3517 0
    endloop
  endfacet
  facet normal 0 0 -1
    outer loop
      vertex 25.5659 13.3389 0
      vertex 25.5659 23.4851 0
      vertex 25.6434 23.4723 0
    endloop
  endfacet
  facet normal 0 0 -1
    outer loop
      vertex 20 16.25 0
      vertex 25.5659 13.3389 0
      vertex 25.4894 13.3211 0
    endloop
  endfacet
  facet normal 0 0 -1
    outer loop
      vertex 25.5659 13.3389 0
      vertex 20 16.25 0
      vertex 25.5659 23.4851 0
    endloop
  endfacet
  facet normal 0 0 -1
    outer loop
      vertex 20 16.25 0
      vertex 25.4894 13.3211 0
      vertex 25.4143 13.2983 0
    endloop
  endfacet
  facet normal -0 0 -1
    outer loop
      vertex 25.5659 23.4851 0
      vertex 20 16.25 0
      vertex 25.4894 23.5029 0
    endloop
  endfacet
  facet normal 0 0 -1
    outer loop
      vertex 20 16.25 0
      vertex 25.4143 13.2983 0
      vertex 25.3408 13.2707 0
    endloop
  endfacet
  facet normal -0 0 -1
    outer loop
      vertex 25.4894 23.5029 0
      vertex 20 16.25 0
      vertex 25.4143 23.5257 0
    endloop
  endfacet
  facet normal 0 0 -1
    outer loop
      vertex 20 16.25 0
      vertex 25.3408 13.2707 0
      vertex 25.2693 13.2382 0
    endloop
  endfacet
  facet normal -0 0 -1
    outer loop
      vertex 25.4143 23.5257 0
      vertex 20 16.25 0
      vertex 25.3408 23.5533 0
    endloop
  endfacet
  facet normal 0 0 -1
    outer loop
      vertex 20 16.25 0
      vertex 25.2693 13.2382 0
      vertex 25.2 13.2012 0
    endloop
  endfacet
  facet normal -0 0 -1
    outer loop
      vertex 25.3408 23.5533 0
      vertex 20 16.25 0
      vertex 25.2693 23.5858 0
    endloop
  endfacet
  facet normal 0 0 -1
    outer loop
      vertex 20 16.25 0
      vertex 25.2 13.2012 0
      vertex 25.1333 13.1598 0
    endloop
  endfacet
  facet normal -0 0 -1
    outer loop
      vertex 25.2693 23.5858 0
      vertex 20 16.25 0
      vertex 25.2 23.6228 0
    endloop
  endfacet
  facet normal 0 0 -1
    outer loop
      vertex 20 16.25 0
      vertex 25.1333 13.1598 0
      vertex 25.0695 13.114 0
    endloop
  endfacet
  facet normal -0 0 -1
    outer loop
      vertex 25.2 23.6228 0
      vertex 20 16.25 0
      vertex 25.1333 23.6642 0
    endloop
  endfacet
  facet normal 0 0 -1
    outer loop
      vertex 20 16.25 0
      vertex 25.0695 13.114 0
      vertex 25.0088 13.0642 0
    endloop
  endfacet
  facet normal -0 0 -1
    outer loop
      vertex 25.1333 23.6642 0
      vertex 20 16.25 0
      vertex 25.0695 23.71 0
    endloop
  endfacet
  facet normal 0 0 -1
    outer loop
      vertex 20 16.25 0
      vertex 25.0088 13.0642 0
      vertex 24.9515 13.0105 0
    endloop
  endfacet
  facet normal -0 0 -1
    outer loop
      vertex 25.0695 23.71 0
      vertex 20 16.25 0
      vertex 25.0088 23.7598 0
    endloop
  endfacet
  facet normal 0 0 -1
    outer loop
      vertex 20 16.25 0
      vertex 24.9515 13.0105 0
      vertex 24.8978 12.9532 0
    endloop
  endfacet
  facet normal -0 0 -1
    outer loop
      vertex 25.0088 23.7598 0
      vertex 20 16.25 0
      vertex 24.9515 23.8135 0
    endloop
  endfacet
  facet normal 0 0 -1
    outer loop
      vertex 20 16.25 0
      vertex 24.8978 12.9532 0
      vertex 24.848 12.8925 0
    endloop
  endfacet
  facet normal -0 0 -1
    outer loop
      vertex 24.9515 23.8135 0
      vertex 20 16.25 0
      vertex 24.8978 23.8708 0
    endloop
  endfacet
  facet normal 0 0 -1
    outer loop
      vertex 20 16.25 0
      vertex 24.848 12.8925 0
      vertex 24.8022 12.8287 0
    endloop
  endfacet
  facet normal -0 0 -1
    outer loop
      vertex 24.8978 23.8708 0
      vertex 20 16.25 0
      vertex 24.848 23.9315 0
    endloop
  endfacet
  facet normal 0 0 -1
    outer loop
      vertex 20 16.25 0
      vertex 24.8022 12.8287 0
      vertex 24.7608 12.762 0
    endloop
  endfacet
  facet normal -0 0 -1
    outer loop
      vertex 24.848 23.9315 0
      vertex 20 16.25 0
      vertex 24.8022 23.9953 0
    endloop
  endfacet
  facet normal 0 0 -1
    outer loop
      vertex 20 16.25 0
      vertex 24.7608 12.762 0
      vertex 24.7238 12.6927 0
    endloop
  endfacet
  facet normal -0 0 -1
    outer loop
      vertex 24.8022 23.9953 0
      vertex 20 16.25 0
      vertex 24.7608 24.062 0
    endloop
  endfacet
  facet normal 0 0 -1
    outer loop
      vertex 20 16.25 0
      vertex 24.7238 12.6927 0
      vertex 24.6913 12.6212 0
    endloop
  endfacet
  facet normal -0 0 -1
    outer loop
      vertex 24.7608 24.062 0
      vertex 20 16.25 0
      vertex 24.7238 24.1313 0
    endloop
  endfacet
  facet normal 0 0 -1
    outer loop
      vertex 20 16.25 0
      vertex 24.6913 12.6212 0
      vertex 24.6637 12.5477 0
    endloop
  endfacet
  facet normal -0 0 -1
    outer loop
      vertex 24.7238 24.1313 0
      vertex 20 16.25 0
      vertex 24.6913 24.2028 0
    endloop
  endfacet
  facet normal 0 0 -1
    outer loop
      vertex 20 16.25 0
      vertex 24.6637 12.5477 0
      vertex 24.6409 12.4726 0
    endloop
  endfacet
  facet normal -0 0 -1
    outer loop
      vertex 24.6913 24.2028 0
      vertex 20 16.25 0
      vertex 24.6637 24.2763 0
    endloop
  endfacet
  facet normal 0 0 -1
    outer loop
      vertex 20 16.25 0
      vertex 24.6409 12.4726 0
      vertex 24.6231 12.3961 0
    endloop
  endfacet
  facet normal -0 0 -1
    outer loop
      vertex 24.6637 24.2763 0
      vertex 20 16.25 0
      vertex 24.6409 24.3514 0
    endloop
  endfacet
  facet normal 0 0 -1
    outer loop
      vertex 20 16.25 0
      vertex 24.6231 12.3961 0
      vertex 24.6103 12.3186 0
    endloop
  endfacet
  facet normal -0 0 -1
    outer loop
      vertex 24.6409 24.3514 0
      vertex 20 16.25 0
      vertex 24.6231 24.4279 0
    endloop
  endfacet
  facet normal 0 0 -1
    outer loop
      vertex 20 16.25 0
      vertex 24.6103 12.3186 0
      vertex 24.6026 12.2405 0
    endloop
  endfacet
  facet normal -0 0 -1
    outer loop
      vertex 24.6231 24.4279 0
      vertex 20 16.25 0
      vertex 24.6103 24.5054 0
    endloop
  endfacet
  facet normal 0 0 -1
    outer loop
      vertex 20 16.25 0
      vertex 24.6026 12.2405 0
      vertex 24.6 12.162 0
    endloop
  endfacet
  facet normal -0 0 -1
    outer loop
      vertex 24.6103 24.5054 0
      vertex 20 16.25 0
      vertex 24.6026 24.5835 0
    endloop
  endfacet
  facet normal 0 0 -1
    outer loop
      vertex 26.9974 12.2405 0
      vertex 38.7 0 0
      vertex 27 12.162 0
    endloop
  endfacet
  facet normal 0 0 -1
    outer loop
      vertex 38.7 0 0
      vertex 26.9974 12.0835 0
      vertex 27 12.162 0
    endloop
  endfacet
  facet normal 0 0 -1
    outer loop
      vertex 38.7 0 0
      vertex 26.9897 12.0054 0
      vertex 26.9974 12.0835 0
    endloop
  endfacet
  facet normal 0 0 -1
    outer loop
      vertex 38.7 0 0
      vertex 26.9769 11.9279 0
      vertex 26.9897 12.0054 0
    endloop
  endfacet
  facet normal 0 0 -1
    outer loop
      vertex 38.7 0 0
      vertex 26.9591 11.8514 0
      vertex 26.9769 11.9279 0
    endloop
  endfacet
  facet normal 0 0 -1
    outer loop
      vertex 38.7 0 0
      vertex 26.9363 11.7763 0
      vertex 26.9591 11.8514 0
    endloop
  endfacet
  facet normal 0 0 -1
    outer loop
      vertex 38.7 0 0
      vertex 26.9087 11.7028 0
      vertex 26.9363 11.7763 0
    endloop
  endfacet
  facet normal 0 0 -1
    outer loop
      vertex 38.7 0 0
      vertex 26.8762 11.6313 0
      vertex 26.9087 11.7028 0
    endloop
  endfacet
  facet normal 0 0 -1
    outer loop
      vertex 38.7 0 0
      vertex 26.8392 11.562 0
      vertex 26.8762 11.6313 0
    endloop
  endfacet
  facet normal 0 0 -1
    outer loop
      vertex 38.7 0 0
      vertex 26.7978 11.4953 0
      vertex 26.8392 11.562 0
    endloop
  endfacet
  facet normal 0 0 -1
    outer loop
      vertex 38.7 0 0
      vertex 26.752 11.4315 0
      vertex 26.7978 11.4953 0
    endloop
  endfacet
  facet normal 0 0 -1
    outer loop
      vertex 38.7 0 0
      vertex 26.7022 11.3708 0
      vertex 26.752 11.4315 0
    endloop
  endfacet
  facet normal 0 0 -1
    outer loop
      vertex 38.7 0 0
      vertex 26.6485 11.3135 0
      vertex 26.7022 11.3708 0
    endloop
  endfacet
  facet normal 0 0 -1
    outer loop
      vertex 38.7 0 0
      vertex 26.5912 11.2598 0
      vertex 26.6485 11.3135 0
    endloop
  endfacet
  facet normal 0 0 -1
    outer loop
      vertex 38.7 0 0
      vertex 26.5305 11.21 0
      vertex 26.5912 11.2598 0
    endloop
  endfacet
  facet normal 0 0 -1
    outer loop
      vertex 38.7 0 0
      vertex 26.4667 11.1642 0
      vertex 26.5305 11.21 0
    endloop
  endfacet
  facet normal 0 0 -1
    outer loop
      vertex 38.7 0 0
      vertex 26.4 11.1228 0
      vertex 26.4667 11.1642 0
    endloop
  endfacet
  facet normal 0 0 -1
    outer loop
      vertex 38.7 0 0
      vertex 26.3307 11.0858 0
      vertex 26.4 11.1228 0
    endloop
  endfacet
  facet normal 0 0 -1
    outer loop
      vertex 38.7 0 0
      vertex 26.2592 11.0533 0
      vertex 26.3307 11.0858 0
    endloop
  endfacet
  facet normal 0 0 -1
    outer loop
      vertex 38.7 0 0
      vertex 26.1857 11.0257 0
      vertex 26.2592 11.0533 0
    endloop
  endfacet
  facet normal 0 0 -1
    outer loop
      vertex 38.7 0 0
      vertex 26.1106 11.0029 0
      vertex 26.1857 11.0257 0
    endloop
  endfacet
  facet normal 0 0 -1
    outer loop
      vertex 38.7 0 0
      vertex 26.0341 10.9851 0
      vertex 26.1106 11.0029 0
    endloop
  endfacet
  facet normal 0 0 -1
    outer loop
      vertex 20 6.85 0
      vertex 26.0341 10.9851 0
      vertex 38.7 0 0
    endloop
  endfacet
  facet normal 0 0 -1
    outer loop
      vertex 26.0341 10.9851 0
      vertex 20 6.85 0
      vertex 25.9566 10.9723 0
    endloop
  endfacet
  facet normal 0 0 -1
    outer loop
      vertex 25.9566 10.9723 0
      vertex 20 6.85 0
      vertex 25.8785 10.9646 0
    endloop
  endfacet
  facet normal 0 0 -1
    outer loop
      vertex 25.8785 10.9646 0
      vertex 20 6.85 0
      vertex 25.8 10.962 0
    endloop
  endfacet
  facet normal -0 0 -1
    outer loop
      vertex 25.8 10.962 0
      vertex 20 6.85 0
      vertex 25.7215 10.9646 0
    endloop
  endfacet
  facet normal -0 0 -1
    outer loop
      vertex 25.7215 10.9646 0
      vertex 20 6.85 0
      vertex 25.6434 10.9723 0
    endloop
  endfacet
  facet normal -0 0 -1
    outer loop
      vertex 25.6434 10.9723 0
      vertex 20 6.85 0
      vertex 25.5659 10.9851 0
    endloop
  endfacet
  facet normal -0 0 -1
    outer loop
      vertex 25.5659 10.9851 0
      vertex 20 6.85 0
      vertex 25.4894 11.0029 0
    endloop
  endfacet
  facet normal -0 0 -1
    outer loop
      vertex 25.4894 11.0029 0
      vertex 20 6.85 0
      vertex 25.4143 11.0257 0
    endloop
  endfacet
  facet normal -0 0 -1
    outer loop
      vertex 25.4143 11.0257 0
      vertex 20 6.85 0
      vertex 25.3408 11.0533 0
    endloop
  endfacet
  facet normal -0 0 -1
    outer loop
      vertex 25.3408 11.0533 0
      vertex 20 6.85 0
      vertex 25.2693 11.0858 0
    endloop
  endfacet
  facet normal -0 0 -1
    outer loop
      vertex 25.2693 11.0858 0
      vertex 20 6.85 0
      vertex 25.2 11.1228 0
    endloop
  endfacet
  facet normal -0 0 -1
    outer loop
      vertex 25.2 11.1228 0
      vertex 20 6.85 0
      vertex 25.1333 11.1642 0
    endloop
  endfacet
  facet normal -0 0 -1
    outer loop
      vertex 25.1333 11.1642 0
      vertex 20 6.85 0
      vertex 25.0695 11.21 0
    endloop
  endfacet
  facet normal 0 0 -1
    outer loop
      vertex 24.6026 12.0835 0
      vertex 20 16.25 0
      vertex 24.6 12.162 0
    endloop
  endfacet
  facet normal 0 0 -1
    outer loop
      vertex 20 16.25 0
      vertex 24.6026 12.0835 0
      vertex 20 6.85 0
    endloop
  endfacet
  facet normal -0 0 -1
    outer loop
      vertex 24.6103 12.0054 0
      vertex 20 6.85 0
      vertex 24.6026 12.0835 0
    endloop
  endfacet
  facet normal -0 0 -1
    outer loop
      vertex 24.6231 11.9279 0
      vertex 20 6.85 0
      vertex 24.6103 12.0054 0
    endloop
  endfacet
  facet normal -0 0 -1
    outer loop
      vertex 24.6409 11.8514 0
      vertex 20 6.85 0
      vertex 24.6231 11.9279 0
    endloop
  endfacet
  facet normal -0 0 -1
    outer loop
      vertex 24.6637 11.7763 0
      vertex 20 6.85 0
      vertex 24.6409 11.8514 0
    endloop
  endfacet
  facet normal -0 0 -1
    outer loop
      vertex 24.6913 11.7028 0
      vertex 20 6.85 0
      vertex 24.6637 11.7763 0
    endloop
  endfacet
  facet normal -0 0 -1
    outer loop
      vertex 24.7238 11.6313 0
      vertex 20 6.85 0
      vertex 24.6913 11.7028 0
    endloop
  endfacet
  facet normal -0 0 -1
    outer loop
      vertex 24.7608 11.562 0
      vertex 20 6.85 0
      vertex 24.7238 11.6313 0
    endloop
  endfacet
  facet normal -0 0 -1
    outer loop
      vertex 24.8022 11.4953 0
      vertex 20 6.85 0
      vertex 24.7608 11.562 0
    endloop
  endfacet
  facet normal -0 0 -1
    outer loop
      vertex 24.848 11.4315 0
      vertex 20 6.85 0
      vertex 24.8022 11.4953 0
    endloop
  endfacet
  facet normal -0 0 -1
    outer loop
      vertex 24.8978 11.3708 0
      vertex 20 6.85 0
      vertex 24.848 11.4315 0
    endloop
  endfacet
  facet normal -0 0 -1
    outer loop
      vertex 24.9515 11.3135 0
      vertex 20 6.85 0
      vertex 24.8978 11.3708 0
    endloop
  endfacet
  facet normal -0 0 -1
    outer loop
      vertex 25.0088 11.2598 0
      vertex 20 6.85 0
      vertex 24.9515 11.3135 0
    endloop
  endfacet
  facet normal -0 0 -1
    outer loop
      vertex 25.0695 11.21 0
      vertex 20 6.85 0
      vertex 25.0088 11.2598 0
    endloop
  endfacet
  facet normal 0 0 -1
    outer loop
      vertex 38.7 0 0
      vertex 10.6 6.85 0
      vertex 20 6.85 0
    endloop
  endfacet
  facet normal 0 0 -1
    outer loop
      vertex 5.99743 12.0835 0
      vertex 10.6 16.25 0
      vertex 10.6 6.85 0
    endloop
  endfacet
  facet normal 0 0 -1
    outer loop
      vertex 10.6 16.25 0
      vertex 5.99743 12.0835 0
      vertex 6 12.162 0
    endloop
  endfacet
  facet normal 0 0 -1
    outer loop
      vertex 10.6 6.85 0
      vertex 5.98973 12.0054 0
      vertex 5.99743 12.0835 0
    endloop
  endfacet
  facet normal 0 0 -1
    outer loop
      vertex 10.6 6.85 0
      vertex 5.97694 11.9279 0
      vertex 5.98973 12.0054 0
    endloop
  endfacet
  facet normal 0 0 -1
    outer loop
      vertex 10.6 6.85 0
      vertex 5.95911 11.8514 0
      vertex 5.97694 11.9279 0
    endloop
  endfacet
  facet normal 0 0 -1
    outer loop
      vertex 10.6 6.85 0
      vertex 5.93632 11.7763 0
      vertex 5.95911 11.8514 0
    endloop
  endfacet
  facet normal 0 0 -1
    outer loop
      vertex 10.6 6.85 0
      vertex 5.90866 11.7028 0
      vertex 5.93632 11.7763 0
    endloop
  endfacet
  facet normal 0 0 -1
    outer loop
      vertex 10.6 6.85 0
      vertex 5.87625 11.6313 0
      vertex 5.90866 11.7028 0
    endloop
  endfacet
  facet normal 0 0 -1
    outer loop
      vertex 10.6 6.85 0
      vertex 5.83923 11.562 0
      vertex 5.87625 11.6313 0
    endloop
  endfacet
  facet normal 0 0 -1
    outer loop
      vertex 10.6 6.85 0
      vertex 5.79776 11.4953 0
      vertex 5.83923 11.562 0
    endloop
  endfacet
  facet normal 0 0 -1
    outer loop
      vertex 10.6 6.85 0
      vertex 5.75202 11.4315 0
      vertex 5.79776 11.4953 0
    endloop
  endfacet
  facet normal 0 0 -1
    outer loop
      vertex 10.6 6.85 0
      vertex 5.70221 11.3708 0
      vertex 5.75202 11.4315 0
    endloop
  endfacet
  facet normal 0 0 -1
    outer loop
      vertex 10.6 6.85 0
      vertex 5.64853 11.3135 0
      vertex 5.70221 11.3708 0
    endloop
  endfacet
  facet normal 0 0 -1
    outer loop
      vertex 10.6 6.85 0
      vertex 5.59121 11.2598 0
      vertex 5.64853 11.3135 0
    endloop
  endfacet
  facet normal 0 0 -1
    outer loop
      vertex 10.6 6.85 0
      vertex 5.53051 11.21 0
      vertex 5.59121 11.2598 0
    endloop
  endfacet
  facet normal 0 0 -1
    outer loop
      vertex 10.6 6.85 0
      vertex 5.46668 11.1642 0
      vertex 5.53051 11.21 0
    endloop
  endfacet
  facet normal 0 0 -1
    outer loop
      vertex 10.6 6.85 0
      vertex 5.4 11.1228 0
      vertex 5.46668 11.1642 0
    endloop
  endfacet
  facet normal 0 0 -1
    outer loop
      vertex 10.6 6.85 0
      vertex 5.33075 11.0858 0
      vertex 5.4 11.1228 0
    endloop
  endfacet
  facet normal 0 0 -1
    outer loop
      vertex 10.6 6.85 0
      vertex 5.25922 11.0533 0
      vertex 5.33075 11.0858 0
    endloop
  endfacet
  facet normal 0 0 -1
    outer loop
      vertex 10.6 6.85 0
      vertex 5.18573 11.0257 0
      vertex 5.25922 11.0533 0
    endloop
  endfacet
  facet normal 0 0 -1
    outer loop
      vertex 10.6 6.85 0
      vertex 5.11058 11.0029 0
      vertex 5.18573 11.0257 0
    endloop
  endfacet
  facet normal 0 0 -1
    outer loop
      vertex 10.6 6.85 0
      vertex 5.03411 10.9851 0
      vertex 5.11058 11.0029 0
    endloop
  endfacet
  facet normal 0 0 -1
    outer loop
      vertex 10.6 6.85 0
      vertex 4.95663 10.9723 0
      vertex 5.03411 10.9851 0
    endloop
  endfacet
  facet normal 0 0 -1
    outer loop
      vertex 10.6 6.85 0
      vertex 4.87848 10.9646 0
      vertex 4.95663 10.9723 0
    endloop
  endfacet
  facet normal 0 0 -1
    outer loop
      vertex 10.6 6.85 0
      vertex 4.8 10.962 0
      vertex 4.87848 10.9646 0
    endloop
  endfacet
  facet normal 0 0 -1
    outer loop
      vertex 10.6 6.85 0
      vertex 4.72152 10.9646 0
      vertex 4.8 10.962 0
    endloop
  endfacet
  facet normal 0 0 -1
    outer loop
      vertex 10.6 6.85 0
      vertex 4.64337 10.9723 0
      vertex 4.72152 10.9646 0
    endloop
  endfacet
  facet normal 0 0 -1
    outer loop
      vertex 10.6 6.85 0
      vertex 4.56589 10.9851 0
      vertex 4.64337 10.9723 0
    endloop
  endfacet
  facet normal 0 0 -1
    outer loop
      vertex 10.6 6.85 0
      vertex 4.48942 11.0029 0
      vertex 4.56589 10.9851 0
    endloop
  endfacet
  facet normal 0 0 -1
    outer loop
      vertex -8.1 0 0
      vertex 4.48942 11.0029 0
      vertex 10.6 6.85 0
    endloop
  endfacet
  facet normal -0 0 -1
    outer loop
      vertex 4.48942 11.0029 0
      vertex -8.1 0 0
      vertex 4.41427 11.0257 0
    endloop
  endfacet
  facet normal -0 0 -1
    outer loop
      vertex 4.41427 11.0257 0
      vertex -8.1 0 0
      vertex 4.34078 11.0533 0
    endloop
  endfacet
  facet normal -0 0 -1
    outer loop
      vertex 4.34078 11.0533 0
      vertex -8.1 0 0
      vertex 4.26925 11.0858 0
    endloop
  endfacet
  facet normal -0 0 -1
    outer loop
      vertex 4.26925 11.0858 0
      vertex -8.1 0 0
      vertex 4.2 11.1228 0
    endloop
  endfacet
  facet normal -0 0 -1
    outer loop
      vertex 3.62306 12.3961 0
      vertex -8.1 0 0
      vertex -8.1 31.562 0
    endloop
  endfacet
  facet normal -0 0 -1
    outer loop
      vertex 3.60257 12.0835 0
      vertex -8.1 0 0
      vertex 3.6 12.162 0
    endloop
  endfacet
  facet normal -0 0 -1
    outer loop
      vertex 3.61027 12.0054 0
      vertex -8.1 0 0
      vertex 3.60257 12.0835 0
    endloop
  endfacet
  facet normal -0 0 -1
    outer loop
      vertex 3.62306 11.9279 0
      vertex -8.1 0 0
      vertex 3.61027 12.0054 0
    endloop
  endfacet
  facet normal -0 0 -1
    outer loop
      vertex 3.64089 11.8514 0
      vertex -8.1 0 0
      vertex 3.62306 11.9279 0
    endloop
  endfacet
  facet normal -0 0 -1
    outer loop
      vertex 3.66368 11.7763 0
      vertex -8.1 0 0
      vertex 3.64089 11.8514 0
    endloop
  endfacet
  facet normal -0 0 -1
    outer loop
      vertex 3.69134 11.7028 0
      vertex -8.1 0 0
      vertex 3.66368 11.7763 0
    endloop
  endfacet
  facet normal -0 0 -1
    outer loop
      vertex 3.72375 11.6313 0
      vertex -8.1 0 0
      vertex 3.69134 11.7028 0
    endloop
  endfacet
  facet normal -0 0 -1
    outer loop
      vertex 3.76077 11.562 0
      vertex -8.1 0 0
      vertex 3.72375 11.6313 0
    endloop
  endfacet
  facet normal -0 0 -1
    outer loop
      vertex 3.80224 11.4953 0
      vertex -8.1 0 0
      vertex 3.76077 11.562 0
    endloop
  endfacet
  facet normal -0 0 -1
    outer loop
      vertex 3.84798 11.4315 0
      vertex -8.1 0 0
      vertex 3.80224 11.4953 0
    endloop
  endfacet
  facet normal -0 0 -1
    outer loop
      vertex 3.89779 11.3708 0
      vertex -8.1 0 0
      vertex 3.84798 11.4315 0
    endloop
  endfacet
  facet normal -0 0 -1
    outer loop
      vertex 3.95147 11.3135 0
      vertex -8.1 0 0
      vertex 3.89779 11.3708 0
    endloop
  endfacet
  facet normal -0 0 -1
    outer loop
      vertex 4.00878 11.2598 0
      vertex -8.1 0 0
      vertex 3.95147 11.3135 0
    endloop
  endfacet
  facet normal -0 0 -1
    outer loop
      vertex 4.06949 11.21 0
      vertex -8.1 0 0
      vertex 4.00878 11.2598 0
    endloop
  endfacet
  facet normal -0 0 -1
    outer loop
      vertex 4.13332 11.1642 0
      vertex -8.1 0 0
      vertex 4.06949 11.21 0
    endloop
  endfacet
  facet normal -0 0 -1
    outer loop
      vertex 4.2 11.1228 0
      vertex -8.1 0 0
      vertex 4.13332 11.1642 0
    endloop
  endfacet
  facet normal 0 0 -1
    outer loop
      vertex -8.1 0 0
      vertex 10.6 6.85 0
      vertex 38.7 0 0
    endloop
  endfacet
  facet normal 0 0 -1
    outer loop
      vertex 26.9897 12.3186 0
      vertex 38.7 0 0
      vertex 26.9974 12.2405 0
    endloop
  endfacet
  facet normal 0 0 -1
    outer loop
      vertex 26.9974 24.7405 0
      vertex 38.7 31.562 0
      vertex 27 24.662 0
    endloop
  endfacet
  facet normal 0 0 -1
    outer loop
      vertex 26.9897 24.8186 0
      vertex 38.7 31.562 0
      vertex 26.9974 24.7405 0
    endloop
  endfacet
  facet normal 0 0 -1
    outer loop
      vertex 26.9769 24.8961 0
      vertex 38.7 31.562 0
      vertex 26.9897 24.8186 0
    endloop
  endfacet
  facet normal 0 0 -1
    outer loop
      vertex 26.9591 24.9726 0
      vertex 38.7 31.562 0
      vertex 26.9769 24.8961 0
    endloop
  endfacet
  facet normal 0 0 -1
    outer loop
      vertex 26.9363 25.0477 0
      vertex 38.7 31.562 0
      vertex 26.9591 24.9726 0
    endloop
  endfacet
  facet normal 0 0 -1
    outer loop
      vertex 26.9087 25.1212 0
      vertex 38.7 31.562 0
      vertex 26.9363 25.0477 0
    endloop
  endfacet
  facet normal 0 0 -1
    outer loop
      vertex 26.8762 25.1927 0
      vertex 38.7 31.562 0
      vertex 26.9087 25.1212 0
    endloop
  endfacet
  facet normal 0 0 -1
    outer loop
      vertex 26.8392 25.262 0
      vertex 38.7 31.562 0
      vertex 26.8762 25.1927 0
    endloop
  endfacet
  facet normal 0 0 -1
    outer loop
      vertex 26.7978 25.3287 0
      vertex 38.7 31.562 0
      vertex 26.8392 25.262 0
    endloop
  endfacet
  facet normal 0 0 -1
    outer loop
      vertex 26.752 25.3925 0
      vertex 38.7 31.562 0
      vertex 26.7978 25.3287 0
    endloop
  endfacet
  facet normal 0 0 -1
    outer loop
      vertex 26.7022 25.4532 0
      vertex 38.7 31.562 0
      vertex 26.752 25.3925 0
    endloop
  endfacet
  facet normal 0 0 -1
    outer loop
      vertex 26.6485 25.5105 0
      vertex 38.7 31.562 0
      vertex 26.7022 25.4532 0
    endloop
  endfacet
  facet normal 0 0 -1
    outer loop
      vertex 26.5912 25.5642 0
      vertex 38.7 31.562 0
      vertex 26.6485 25.5105 0
    endloop
  endfacet
  facet normal 0 0 -1
    outer loop
      vertex 26.5305 25.614 0
      vertex 38.7 31.562 0
      vertex 26.5912 25.5642 0
    endloop
  endfacet
  facet normal 0 0 -1
    outer loop
      vertex 26.4667 25.6598 0
      vertex 38.7 31.562 0
      vertex 26.5305 25.614 0
    endloop
  endfacet
  facet normal 0 0 -1
    outer loop
      vertex 26.4 25.7012 0
      vertex 38.7 31.562 0
      vertex 26.4667 25.6598 0
    endloop
  endfacet
  facet normal 0 0 -1
    outer loop
      vertex 26.3307 25.7382 0
      vertex 38.7 31.562 0
      vertex 26.4 25.7012 0
    endloop
  endfacet
  facet normal 0 0 -1
    outer loop
      vertex 26.2592 25.7707 0
      vertex 38.7 31.562 0
      vertex 26.3307 25.7382 0
    endloop
  endfacet
  facet normal 0 0 -1
    outer loop
      vertex 26.1857 25.7983 0
      vertex 38.7 31.562 0
      vertex 26.2592 25.7707 0
    endloop
  endfacet
  facet normal 0 0 -1
    outer loop
      vertex 26.1106 25.8211 0
      vertex 38.7 31.562 0
      vertex 26.1857 25.7983 0
    endloop
  endfacet
  facet normal 0 0 -1
    outer loop
      vertex 26.0341 25.8389 0
      vertex 38.7 31.562 0
      vertex 26.1106 25.8211 0
    endloop
  endfacet
  facet normal 0 0 -1
    outer loop
      vertex 25.9566 25.8517 0
      vertex 38.7 31.562 0
      vertex 26.0341 25.8389 0
    endloop
  endfacet
  facet normal 0 0 -1
    outer loop
      vertex 25.8785 25.8594 0
      vertex 38.7 31.562 0
      vertex 25.9566 25.8517 0
    endloop
  endfacet
  facet normal 0 0 -1
    outer loop
      vertex 25.8 25.862 0
      vertex 38.7 31.562 0
      vertex 25.8785 25.8594 0
    endloop
  endfacet
  facet normal 0 0 -1
    outer loop
      vertex 25.7215 25.8594 0
      vertex 38.7 31.562 0
      vertex 25.8 25.862 0
    endloop
  endfacet
  facet normal 0 0 -1
    outer loop
      vertex 25.6434 25.8517 0
      vertex 38.7 31.562 0
      vertex 25.7215 25.8594 0
    endloop
  endfacet
  facet normal 0 0 -1
    outer loop
      vertex 25.5659 25.8389 0
      vertex 38.7 31.562 0
      vertex 25.6434 25.8517 0
    endloop
  endfacet
  facet normal 0 0 -1
    outer loop
      vertex 25.4894 25.8211 0
      vertex 38.7 31.562 0
      vertex 25.5659 25.8389 0
    endloop
  endfacet
  facet normal 0 0 -1
    outer loop
      vertex 5.11058 25.8211 0
      vertex 25.4894 25.8211 0
      vertex 25.4143 25.7983 0
    endloop
  endfacet
  facet normal 0 0 -1
    outer loop
      vertex 5.18573 25.7983 0
      vertex 25.4143 25.7983 0
      vertex 25.3408 25.7707 0
    endloop
  endfacet
  facet normal -0 0 -1
    outer loop
      vertex 24.6026 24.5835 0
      vertex 20 16.25 0
      vertex 24.6 24.662 0
    endloop
  endfacet
  facet normal 0 0 -1
    outer loop
      vertex 6 24.662 0
      vertex 24.6 24.662 0
      vertex 20 16.25 0
    endloop
  endfacet
  facet normal 0 0 -1
    outer loop
      vertex 24.6 24.662 0
      vertex 6 24.662 0
      vertex 24.6026 24.7405 0
    endloop
  endfacet
  facet normal 0 0 -1
    outer loop
      vertex 5.99743 24.7405 0
      vertex 24.6026 24.7405 0
      vertex 6 24.662 0
    endloop
  endfacet
  facet normal 0 0 -1
    outer loop
      vertex 24.6026 24.7405 0
      vertex 5.99743 24.7405 0
      vertex 24.6103 24.8186 0
    endloop
  endfacet
  facet normal 0 0 -1
    outer loop
      vertex 5.98973 24.8186 0
      vertex 24.6103 24.8186 0
      vertex 5.99743 24.7405 0
    endloop
  endfacet
  facet normal 0 0 -1
    outer loop
      vertex 24.6103 24.8186 0
      vertex 5.98973 24.8186 0
      vertex 24.6231 24.8961 0
    endloop
  endfacet
  facet normal 0 0 -1
    outer loop
      vertex 5.97694 24.8961 0
      vertex 24.6231 24.8961 0
      vertex 5.98973 24.8186 0
    endloop
  endfacet
  facet normal 0 0 -1
    outer loop
      vertex 6 24.662 0
      vertex 20 16.25 0
      vertex 10.6 16.25 0
    endloop
  endfacet
  facet normal 0 0 -1
    outer loop
      vertex 24.6231 24.8961 0
      vertex 5.97694 24.8961 0
      vertex 24.6409 24.9726 0
    endloop
  endfacet
  facet normal 0 0 -1
    outer loop
      vertex 5.95911 24.9726 0
      vertex 24.6409 24.9726 0
      vertex 5.97694 24.8961 0
    endloop
  endfacet
  facet normal 0 0 -1
    outer loop
      vertex 24.6409 24.9726 0
      vertex 5.95911 24.9726 0
      vertex 24.6637 25.0477 0
    endloop
  endfacet
  facet normal 0 0 -1
    outer loop
      vertex 5.93632 25.0477 0
      vertex 24.6637 25.0477 0
      vertex 5.95911 24.9726 0
    endloop
  endfacet
  facet normal 0 0 -1
    outer loop
      vertex 24.6637 25.0477 0
      vertex 5.93632 25.0477 0
      vertex 24.6913 25.1212 0
    endloop
  endfacet
  facet normal 0 0 -1
    outer loop
      vertex 5.90866 25.1212 0
      vertex 24.6913 25.1212 0
      vertex 5.93632 25.0477 0
    endloop
  endfacet
  facet normal 0 0 -1
    outer loop
      vertex 24.6913 25.1212 0
      vertex 5.90866 25.1212 0
      vertex 24.7238 25.1927 0
    endloop
  endfacet
  facet normal 0 0 -1
    outer loop
      vertex 5.87625 25.1927 0
      vertex 24.7238 25.1927 0
      vertex 5.90866 25.1212 0
    endloop
  endfacet
  facet normal 0 0 -1
    outer loop
      vertex 5.99743 12.2405 0
      vertex 10.6 16.25 0
      vertex 6 12.162 0
    endloop
  endfacet
  facet normal 0 0 -1
    outer loop
      vertex 24.7238 25.1927 0
      vertex 5.87625 25.1927 0
      vertex 24.7608 25.262 0
    endloop
  endfacet
  facet normal 0 0 -1
    outer loop
      vertex 5.83923 25.262 0
      vertex 24.7608 25.262 0
      vertex 5.87625 25.1927 0
    endloop
  endfacet
  facet normal 0 0 -1
    outer loop
      vertex 24.7608 25.262 0
      vertex 5.83923 25.262 0
      vertex 24.8022 25.3287 0
    endloop
  endfacet
  facet normal 0 0 -1
    outer loop
      vertex 5.79776 25.3287 0
      vertex 24.8022 25.3287 0
      vertex 5.83923 25.262 0
    endloop
  endfacet
  facet normal 0 0 -1
    outer loop
      vertex 24.8022 25.3287 0
      vertex 5.79776 25.3287 0
      vertex 24.848 25.3925 0
    endloop
  endfacet
  facet normal 0 0 -1
    outer loop
      vertex 5.75202 25.3925 0
      vertex 24.848 25.3925 0
      vertex 5.79776 25.3287 0
    endloop
  endfacet
  facet normal 0 0 -1
    outer loop
      vertex 24.848 25.3925 0
      vertex 5.75202 25.3925 0
      vertex 24.8978 25.4532 0
    endloop
  endfacet
  facet normal 0 0 -1
    outer loop
      vertex 5.70221 25.4532 0
      vertex 24.8978 25.4532 0
      vertex 5.75202 25.3925 0
    endloop
  endfacet
  facet normal 0 0 -1
    outer loop
      vertex 24.8978 25.4532 0
      vertex 5.70221 25.4532 0
      vertex 24.9515 25.5105 0
    endloop
  endfacet
  facet normal 0 0 -1
    outer loop
      vertex 5.64853 25.5105 0
      vertex 24.9515 25.5105 0
      vertex 5.70221 25.4532 0
    endloop
  endfacet
  facet normal 0 0 -1
    outer loop
      vertex 24.9515 25.5105 0
      vertex 5.64853 25.5105 0
      vertex 25.0088 25.5642 0
    endloop
  endfacet
  facet normal 0 0 -1
    outer loop
      vertex 5.59121 25.5642 0
      vertex 25.0088 25.5642 0
      vertex 5.64853 25.5105 0
    endloop
  endfacet
  facet normal 0 0 -1
    outer loop
      vertex 25.0088 25.5642 0
      vertex 5.59121 25.5642 0
      vertex 25.0695 25.614 0
    endloop
  endfacet
  facet normal 0 0 -1
    outer loop
      vertex 5.53051 25.614 0
      vertex 25.0695 25.614 0
      vertex 5.59121 25.5642 0
    endloop
  endfacet
  facet normal 0 0 -1
    outer loop
      vertex 25.0695 25.614 0
      vertex 5.53051 25.614 0
      vertex 25.1333 25.6598 0
    endloop
  endfacet
  facet normal 0 0 -1
    outer loop
      vertex 5.46668 25.6598 0
      vertex 25.1333 25.6598 0
      vertex 5.53051 25.614 0
    endloop
  endfacet
  facet normal 0 0 -1
    outer loop
      vertex 25.1333 25.6598 0
      vertex 5.46668 25.6598 0
      vertex 25.2 25.7012 0
    endloop
  endfacet
  facet normal 0 0 -1
    outer loop
      vertex 5.4 25.7012 0
      vertex 25.2 25.7012 0
      vertex 5.46668 25.6598 0
    endloop
  endfacet
  facet normal 0 0 -1
    outer loop
      vertex 25.2 25.7012 0
      vertex 5.4 25.7012 0
      vertex 25.2693 25.7382 0
    endloop
  endfacet
  facet normal 0 0 -1
    outer loop
      vertex 5.33075 25.7382 0
      vertex 25.2693 25.7382 0
      vertex 5.4 25.7012 0
    endloop
  endfacet
  facet normal 0 0 -1
    outer loop
      vertex 25.2693 25.7382 0
      vertex 5.33075 25.7382 0
      vertex 25.3408 25.7707 0
    endloop
  endfacet
  facet normal 0 0 -1
    outer loop
      vertex 5.25922 25.7707 0
      vertex 25.3408 25.7707 0
      vertex 5.33075 25.7382 0
    endloop
  endfacet
  facet normal 0 0 -1
    outer loop
      vertex 5.18573 25.7983 0
      vertex 25.3408 25.7707 0
      vertex 5.25922 25.7707 0
    endloop
  endfacet
  facet normal 0 0 -1
    outer loop
      vertex 25.4143 25.7983 0
      vertex 5.18573 25.7983 0
      vertex 5.11058 25.8211 0
    endloop
  endfacet
  facet normal 0 0 -1
    outer loop
      vertex 25.4894 25.8211 0
      vertex 5.11058 25.8211 0
      vertex 38.7 31.562 0
    endloop
  endfacet
  facet normal 0 0 -1
    outer loop
      vertex -8.1 31.562 0
      vertex 5.11058 25.8211 0
      vertex 5.03411 25.8389 0
    endloop
  endfacet
  facet normal 0 0 -1
    outer loop
      vertex -8.1 31.562 0
      vertex 5.03411 25.8389 0
      vertex 4.95663 25.8517 0
    endloop
  endfacet
  facet normal 0 0 -1
    outer loop
      vertex -8.1 31.562 0
      vertex 4.95663 25.8517 0
      vertex 4.87848 25.8594 0
    endloop
  endfacet
  facet normal 0 0 -1
    outer loop
      vertex -8.1 31.562 0
      vertex 4.87848 25.8594 0
      vertex 4.8 25.862 0
    endloop
  endfacet
  facet normal 0 0 -1
    outer loop
      vertex -8.1 31.562 0
      vertex 4.8 25.862 0
      vertex 4.72152 25.8594 0
    endloop
  endfacet
  facet normal 0 0 -1
    outer loop
      vertex -8.1 31.562 0
      vertex 4.72152 25.8594 0
      vertex 4.64337 25.8517 0
    endloop
  endfacet
  facet normal 0 0 -1
    outer loop
      vertex -8.1 31.562 0
      vertex 4.64337 25.8517 0
      vertex 4.56589 25.8389 0
    endloop
  endfacet
  facet normal 0 0 -1
    outer loop
      vertex 3.60257 24.5835 0
      vertex -8.1 31.562 0
      vertex 3.6 24.662 0
    endloop
  endfacet
  facet normal 0 0 -1
    outer loop
      vertex 3.6 24.662 0
      vertex -8.1 31.562 0
      vertex 3.60257 24.7405 0
    endloop
  endfacet
  facet normal 0 0 -1
    outer loop
      vertex 3.60257 24.7405 0
      vertex -8.1 31.562 0
      vertex 3.61027 24.8186 0
    endloop
  endfacet
  facet normal 0 0 -1
    outer loop
      vertex 3.61027 24.8186 0
      vertex -8.1 31.562 0
      vertex 3.62306 24.8961 0
    endloop
  endfacet
  facet normal 0 0 -1
    outer loop
      vertex 3.62306 24.8961 0
      vertex -8.1 31.562 0
      vertex 3.64089 24.9726 0
    endloop
  endfacet
  facet normal 0 0 -1
    outer loop
      vertex 3.64089 24.9726 0
      vertex -8.1 31.562 0
      vertex 3.66368 25.0477 0
    endloop
  endfacet
  facet normal 0 0 -1
    outer loop
      vertex 3.66368 25.0477 0
      vertex -8.1 31.562 0
      vertex 3.69134 25.1212 0
    endloop
  endfacet
  facet normal 0 0 -1
    outer loop
      vertex 5.11058 25.8211 0
      vertex -8.1 31.562 0
      vertex 38.7 31.562 0
    endloop
  endfacet
  facet normal 0 0 -1
    outer loop
      vertex 4.48942 25.8211 0
      vertex -8.1 31.562 0
      vertex 4.56589 25.8389 0
    endloop
  endfacet
  facet normal 0 0 -1
    outer loop
      vertex 4.41427 25.7983 0
      vertex -8.1 31.562 0
      vertex 4.48942 25.8211 0
    endloop
  endfacet
  facet normal 0 0 -1
    outer loop
      vertex 4.34078 25.7707 0
      vertex -8.1 31.562 0
      vertex 4.41427 25.7983 0
    endloop
  endfacet
  facet normal 0 0 -1
    outer loop
      vertex 4.26925 25.7382 0
      vertex -8.1 31.562 0
      vertex 4.34078 25.7707 0
    endloop
  endfacet
  facet normal 0 0 -1
    outer loop
      vertex 4.2 25.7012 0
      vertex -8.1 31.562 0
      vertex 4.26925 25.7382 0
    endloop
  endfacet
  facet normal 0 0 -1
    outer loop
      vertex 4.13332 25.6598 0
      vertex -8.1 31.562 0
      vertex 4.2 25.7012 0
    endloop
  endfacet
  facet normal 0 0 -1
    outer loop
      vertex 4.06949 25.614 0
      vertex -8.1 31.562 0
      vertex 4.13332 25.6598 0
    endloop
  endfacet
  facet normal 0 0 -1
    outer loop
      vertex 4.00878 25.5642 0
      vertex -8.1 31.562 0
      vertex 4.06949 25.614 0
    endloop
  endfacet
  facet normal 0 0 -1
    outer loop
      vertex 3.95147 25.5105 0
      vertex -8.1 31.562 0
      vertex 4.00878 25.5642 0
    endloop
  endfacet
  facet normal 0 0 -1
    outer loop
      vertex 3.89779 25.4532 0
      vertex -8.1 31.562 0
      vertex 3.95147 25.5105 0
    endloop
  endfacet
  facet normal 0 0 -1
    outer loop
      vertex 3.84798 25.3925 0
      vertex -8.1 31.562 0
      vertex 3.89779 25.4532 0
    endloop
  endfacet
  facet normal 0 0 -1
    outer loop
      vertex 3.80224 25.3287 0
      vertex -8.1 31.562 0
      vertex 3.84798 25.3925 0
    endloop
  endfacet
  facet normal 0 0 -1
    outer loop
      vertex 3.76077 25.262 0
      vertex -8.1 31.562 0
      vertex 3.80224 25.3287 0
    endloop
  endfacet
  facet normal 0 0 -1
    outer loop
      vertex 3.72375 25.1927 0
      vertex -8.1 31.562 0
      vertex 3.76077 25.262 0
    endloop
  endfacet
  facet normal 0 0 -1
    outer loop
      vertex 3.69134 25.1212 0
      vertex -8.1 31.562 0
      vertex 3.72375 25.1927 0
    endloop
  endfacet
  facet normal 0 -1 0
    outer loop
      vertex -8.1 0 8.4
      vertex -6.3 0 2.4
      vertex -6.3 0 8.4
    endloop
  endfacet
  facet normal 0 -1 -0
    outer loop
      vertex -6.3 0 2.4
      vertex -8.1 0 0
      vertex 36.9 0 2.4
    endloop
  endfacet
  facet normal 0 -1 0
    outer loop
      vertex -8.1 0 0
      vertex -6.3 0 2.4
      vertex -8.1 0 8.4
    endloop
  endfacet
  facet normal 0 -1 0
    outer loop
      vertex 36.9 0 2.4
      vertex 38.7 0 8.4
      vertex 36.9 0 8.4
    endloop
  endfacet
  facet normal 0 -1 0
    outer loop
      vertex 36.9 0 2.4
      vertex 38.7 0 0
      vertex 38.7 0 8.4
    endloop
  endfacet
  facet normal 0 -1 0
    outer loop
      vertex 38.7 0 0
      vertex 36.9 0 2.4
      vertex -8.1 0 0
    endloop
  endfacet
  facet normal 0 0 1
    outer loop
      vertex 38.7 31.562 8.4
      vertex 36.9 29.762 8.4
      vertex 38.7 0 8.4
    endloop
  endfacet
  facet normal 0 0 1
    outer loop
      vertex 38.7 31.562 8.4
      vertex -6.3 29.762 8.4
      vertex 36.9 29.762 8.4
    endloop
  endfacet
  facet normal -0 0 1
    outer loop
      vertex -8.1 31.562 8.4
      vertex -6.3 29.762 8.4
      vertex 38.7 31.562 8.4
    endloop
  endfacet
  facet normal 0 0 1
    outer loop
      vertex -8.1 0 8.4
      vertex -6.3 29.762 8.4
      vertex -8.1 31.562 8.4
    endloop
  endfacet
  facet normal 0 0 1
    outer loop
      vertex -6.3 29.762 8.4
      vertex -8.1 0 8.4
      vertex -6.3 0 8.4
    endloop
  endfacet
  facet normal 0 0 1
    outer loop
      vertex 38.7 0 8.4
      vertex 36.9 29.762 8.4
      vertex 36.9 0 8.4
    endloop
  endfacet
  facet normal 1 0 0
    outer loop
      vertex -6.3 17.431 5.12
      vertex -6.3 29.762 8.4
      vertex -6.3 17.431 7.47
    endloop
  endfacet
  facet normal 1 0 0
    outer loop
      vertex -6.3 29.762 8.4
      vertex -6.3 12.031 7.47
      vertex -6.3 17.431 7.47
    endloop
  endfacet
  facet normal 1 0 0
    outer loop
      vertex -6.3 12.031 7.47
      vertex -6.3 0 8.4
      vertex -6.3 12.031 5.12
    endloop
  endfacet
  facet normal 1 -0 0
    outer loop
      vertex -6.3 0 8.4
      vertex -6.3 12.031 7.47
      vertex -6.3 29.762 8.4
    endloop
  endfacet
  facet normal 1 0 0
    outer loop
      vertex -6.3 29.762 8.4
      vertex -6.3 17.431 5.12
      vertex -6.3 29.762 2.4
    endloop
  endfacet
  facet normal 1 -0 0
    outer loop
      vertex -6.3 12.031 5.12
      vertex -6.3 29.762 2.4
      vertex -6.3 17.431 5.12
    endloop
  endfacet
  facet normal 1 0 0
    outer loop
      vertex -6.3 12.031 5.12
      vertex -6.3 0 2.4
      vertex -6.3 29.762 2.4
    endloop
  endfacet
  facet normal 1 0 0
    outer loop
      vertex -6.3 0 2.4
      vertex -6.3 12.031 5.12
      vertex -6.3 0 8.4
    endloop
  endfacet
  facet normal -1 0 0
    outer loop
      vertex 36.9 29.762 2.4
      vertex 36.9 17.431 5.12
      vertex 36.9 29.762 8.4
    endloop
  endfacet
  facet normal -1 0 0
    outer loop
      vertex 36.9 29.762 2.4
      vertex 36.9 12.031 5.12
      vertex 36.9 17.431 5.12
    endloop
  endfacet
  facet normal -1 0 0
    outer loop
      vertex 36.9 0 8.4
      vertex 36.9 12.031 5.12
      vertex 36.9 0 2.4
    endloop
  endfacet
  facet normal -1 0 0
    outer loop
      vertex 36.9 0 2.4
      vertex 36.9 12.031 5.12
      vertex 36.9 29.762 2.4
    endloop
  endfacet
  facet normal -1 0 0
    outer loop
      vertex 36.9 17.431 7.47
      vertex 36.9 29.762 8.4
      vertex 36.9 17.431 5.12
    endloop
  endfacet
  facet normal -1 0 0
    outer loop
      vertex 36.9 12.031 7.47
      vertex 36.9 29.762 8.4
      vertex 36.9 17.431 7.47
    endloop
  endfacet
  facet normal -1 0 0
    outer loop
      vertex 36.9 12.031 7.47
      vertex 36.9 0 8.4
      vertex 36.9 29.762 8.4
    endloop
  endfacet
  facet normal -1 0 0
    outer loop
      vertex 36.9 12.031 5.12
      vertex 36.9 0 8.4
      vertex 36.9 12.031 7.47
    endloop
  endfacet
  facet normal 0 -1 0
    outer loop
      vertex -6.3 29.762 8.4
      vertex 12.6 29.762 7.47
      vertex 36.9 29.762 8.4
    endloop
  endfacet
  facet normal 0 -1 0
    outer loop
      vertex -6.3 29.762 8.4
      vertex 12.6 29.762 5.12
      vertex 12.6 29.762 7.47
    endloop
  endfacet
  facet normal 0 -1 -0
    outer loop
      vertex 12.6 29.762 5.12
      vertex -6.3 29.762 2.4
      vertex 18 29.762 5.12
    endloop
  endfacet
  facet normal 0 -1 0
    outer loop
      vertex -6.3 29.762 2.4
      vertex 12.6 29.762 5.12
      vertex -6.3 29.762 8.4
    endloop
  endfacet
  facet normal 0 -1 0
    outer loop
      vertex 18 29.762 7.47
      vertex 36.9 29.762 8.4
      vertex 12.6 29.762 7.47
    endloop
  endfacet
  facet normal 0 -1 0
    outer loop
      vertex 18 29.762 5.12
      vertex 36.9 29.762 8.4
      vertex 18 29.762 7.47
    endloop
  endfacet
  facet normal 0 -1 0
    outer loop
      vertex 18 29.762 5.12
      vertex 36.9 29.762 2.4
      vertex 36.9 29.762 8.4
    endloop
  endfacet
  facet normal 0 -1 0
    outer loop
      vertex 36.9 29.762 2.4
      vertex 18 29.762 5.12
      vertex -6.3 29.762 2.4
    endloop
  endfacet
  facet normal -0.634278 -0.773105 0
    outer loop
      vertex 5.53051 13.114 0
      vertex 5.59121 13.0642 2.4
      vertex 5.53051 13.114 2.4
    endloop
  endfacet
  facet normal -0.634278 -0.773105 -0
    outer loop
      vertex 5.59121 13.0642 2.4
      vertex 5.53051 13.114 0
      vertex 5.59121 13.0642 0
    endloop
  endfacet
  facet normal 0.413659 -0.910432 0
    outer loop
      vertex 4.26925 13.2382 0
      vertex 4.34078 13.2707 2.4
      vertex 4.26925 13.2382 2.4
    endloop
  endfacet
  facet normal 0.413659 -0.910432 0
    outer loop
      vertex 4.34078 13.2707 2.4
      vertex 4.26925 13.2382 0
      vertex 4.34078 13.2707 0
    endloop
  endfacet
  facet normal 0.93592 -0.352212 0
    outer loop
      vertex 3.66368 12.5477 2.4
      vertex 3.69134 12.6212 0
      vertex 3.69134 12.6212 2.4
    endloop
  endfacet
  facet normal 0.93592 -0.352212 0
    outer loop
      vertex 3.69134 12.6212 0
      vertex 3.66368 12.5477 2.4
      vertex 3.66368 12.5477 0
    endloop
  endfacet
  facet normal -0.582983 0.812485 0
    outer loop
      vertex 5.53051 11.21 0
      vertex 5.46668 11.1642 2.4
      vertex 5.53051 11.21 2.4
    endloop
  endfacet
  facet normal -0.582983 0.812485 0
    outer loop
      vertex 5.46668 11.1642 2.4
      vertex 5.53051 11.21 0
      vertex 5.46668 11.1642 0
    endloop
  endfacet
  facet normal -0.995175 0.0981158 0
    outer loop
      vertex 5.98973 12.0054 0
      vertex 5.99743 12.0835 2.4
      vertex 5.99743 12.0835 0
    endloop
  endfacet
  facet normal -0.995175 0.0981158 0
    outer loop
      vertex 5.99743 12.0835 2.4
      vertex 5.98973 12.0054 0
      vertex 5.98973 12.0054 2.4
    endloop
  endfacet
  facet normal -0.910798 -0.412853 0
    outer loop
      vertex 5.90866 12.6212 0
      vertex 5.87625 12.6927 2.4
      vertex 5.87625 12.6927 0
    endloop
  endfacet
  facet normal -0.910798 -0.412853 0
    outer loop
      vertex 5.87625 12.6927 2.4
      vertex 5.90866 12.6212 0
      vertex 5.90866 12.6212 2.4
    endloop
  endfacet
  facet normal -0.882036 -0.471183 0
    outer loop
      vertex 5.87625 12.6927 0
      vertex 5.83923 12.762 2.4
      vertex 5.83923 12.762 0
    endloop
  endfacet
  facet normal -0.882036 -0.471183 0
    outer loop
      vertex 5.83923 12.762 2.4
      vertex 5.87625 12.6927 0
      vertex 5.87625 12.6927 2.4
    endloop
  endfacet
  facet normal -0.351584 -0.936156 0
    outer loop
      vertex 5.18573 13.2983 0
      vertex 5.25922 13.2707 2.4
      vertex 5.18573 13.2983 2.4
    endloop
  endfacet
  facet normal -0.351584 -0.936156 -0
    outer loop
      vertex 5.25922 13.2707 2.4
      vertex 5.18573 13.2983 0
      vertex 5.25922 13.2707 0
    endloop
  endfacet
  facet normal -0.0980537 -0.995181 0
    outer loop
      vertex 4.87848 13.3594 0
      vertex 4.95663 13.3517 2.4
      vertex 4.87848 13.3594 2.4
    endloop
  endfacet
  facet normal -0.0980537 -0.995181 -0
    outer loop
      vertex 4.95663 13.3517 2.4
      vertex 4.87848 13.3594 0
      vertex 4.95663 13.3517 0
    endloop
  endfacet
  facet normal 0.995175 -0.0981158 0
    outer loop
      vertex 3.60257 12.2405 2.4
      vertex 3.61027 12.3186 0
      vertex 3.61027 12.3186 2.4
    endloop
  endfacet
  facet normal 0.995175 -0.0981158 0
    outer loop
      vertex 3.61027 12.3186 0
      vertex 3.60257 12.2405 2.4
      vertex 3.60257 12.2405 0
    endloop
  endfacet
  facet normal 0.773043 -0.634354 0
    outer loop
      vertex 3.84798 12.8925 2.4
      vertex 3.89779 12.9532 0
      vertex 3.89779 12.9532 2.4
    endloop
  endfacet
  facet normal 0.773043 -0.634354 0
    outer loop
      vertex 3.89779 12.9532 0
      vertex 3.84798 12.8925 2.4
      vertex 3.84798 12.8925 0
    endloop
  endfacet
  facet normal 0.22671 -0.973962 0
    outer loop
      vertex 4.48942 13.3211 0
      vertex 4.56589 13.3389 2.4
      vertex 4.48942 13.3211 2.4
    endloop
  endfacet
  facet normal 0.22671 -0.973962 0
    outer loop
      vertex 4.56589 13.3389 2.4
      vertex 4.48942 13.3211 0
      vertex 4.56589 13.3389 0
    endloop
  endfacet
  facet normal -0.93592 0.352212 0
    outer loop
      vertex 5.90866 11.7028 0
      vertex 5.93632 11.7763 2.4
      vertex 5.93632 11.7763 0
    endloop
  endfacet
  facet normal -0.93592 0.352212 0
    outer loop
      vertex 5.93632 11.7763 2.4
      vertex 5.90866 11.7028 0
      vertex 5.90866 11.7028 2.4
    endloop
  endfacet
  facet normal 0.634215 0.773157 -0
    outer loop
      vertex 4.06949 11.21 0
      vertex 4.00878 11.2598 2.4
      vertex 4.06949 11.21 2.4
    endloop
  endfacet
  facet normal 0.634215 0.773157 0
    outer loop
      vertex 4.00878 11.2598 2.4
      vertex 4.06949 11.21 0
      vertex 4.00878 11.2598 0
    endloop
  endfacet
  facet normal 0.973898 0.226988 0
    outer loop
      vertex 3.64089 11.8514 2.4
      vertex 3.62306 11.9279 0
      vertex 3.62306 11.9279 2.4
    endloop
  endfacet
  facet normal 0.973898 0.226988 0
    outer loop
      vertex 3.62306 11.9279 0
      vertex 3.64089 11.8514 2.4
      vertex 3.64089 11.8514 0
    endloop
  endfacet
  facet normal -0.995175 -0.0981158 0
    outer loop
      vertex 5.99743 12.2405 0
      vertex 5.98973 12.3186 2.4
      vertex 5.98973 12.3186 0
    endloop
  endfacet
  facet normal -0.995175 -0.0981158 0
    outer loop
      vertex 5.98973 12.3186 2.4
      vertex 5.99743 12.2405 0
      vertex 5.99743 12.2405 2.4
    endloop
  endfacet
  facet normal -0.973898 -0.226988 0
    outer loop
      vertex 5.97694 12.3961 0
      vertex 5.95911 12.4726 2.4
      vertex 5.95911 12.4726 0
    endloop
  endfacet
  facet normal -0.973898 -0.226988 0
    outer loop
      vertex 5.95911 12.4726 2.4
      vertex 5.97694 12.3961 0
      vertex 5.97694 12.3961 2.4
    endloop
  endfacet
  facet normal -0.812717 -0.582659 0
    outer loop
      vertex 5.79776 12.8287 0
      vertex 5.75202 12.8925 2.4
      vertex 5.75202 12.8925 0
    endloop
  endfacet
  facet normal -0.812717 -0.582659 0
    outer loop
      vertex 5.75202 12.8925 2.4
      vertex 5.79776 12.8287 0
      vertex 5.79776 12.8287 2.4
    endloop
  endfacet
  facet normal -0.683687 -0.729775 0
    outer loop
      vertex 5.59121 13.0642 0
      vertex 5.64853 13.0105 2.4
      vertex 5.59121 13.0642 2.4
    endloop
  endfacet
  facet normal -0.683687 -0.729775 -0
    outer loop
      vertex 5.64853 13.0105 2.4
      vertex 5.59121 13.0642 0
      vertex 5.64853 13.0105 0
    endloop
  endfacet
  facet normal -0.527477 -0.849569 0
    outer loop
      vertex 5.4 13.2012 0
      vertex 5.46668 13.1598 2.4
      vertex 5.4 13.2012 2.4
    endloop
  endfacet
  facet normal -0.527477 -0.849569 -0
    outer loop
      vertex 5.46668 13.1598 2.4
      vertex 5.4 13.2012 0
      vertex 5.46668 13.1598 0
    endloop
  endfacet
  facet normal -0.471249 -0.882 0
    outer loop
      vertex 5.33075 13.2382 0
      vertex 5.4 13.2012 2.4
      vertex 5.33075 13.2382 2.4
    endloop
  endfacet
  facet normal -0.471249 -0.882 -0
    outer loop
      vertex 5.4 13.2012 2.4
      vertex 5.33075 13.2382 0
      vertex 5.4 13.2012 0
    endloop
  endfacet
  facet normal -0.290325 -0.956928 0
    outer loop
      vertex 5.11058 13.3211 0
      vertex 5.18573 13.2983 2.4
      vertex 5.11058 13.3211 2.4
    endloop
  endfacet
  facet normal -0.290325 -0.956928 -0
    outer loop
      vertex 5.18573 13.2983 2.4
      vertex 5.11058 13.3211 0
      vertex 5.18573 13.2983 0
    endloop
  endfacet
  facet normal -0.162995 -0.986627 0
    outer loop
      vertex 4.95663 13.3517 0
      vertex 5.03411 13.3389 2.4
      vertex 4.95663 13.3517 2.4
    endloop
  endfacet
  facet normal -0.162995 -0.986627 -0
    outer loop
      vertex 5.03411 13.3389 2.4
      vertex 4.95663 13.3517 0
      vertex 5.03411 13.3389 0
    endloop
  endfacet
  facet normal 0.95691 -0.290386 0
    outer loop
      vertex 3.64089 12.4726 2.4
      vertex 3.66368 12.5477 0
      vertex 3.66368 12.5477 2.4
    endloop
  endfacet
  facet normal 0.95691 -0.290386 0
    outer loop
      vertex 3.66368 12.5477 0
      vertex 3.64089 12.4726 2.4
      vertex 3.64089 12.4726 0
    endloop
  endfacet
  facet normal 0.986654 -0.16283 0
    outer loop
      vertex 3.61027 12.3186 2.4
      vertex 3.62306 12.3961 0
      vertex 3.62306 12.3961 2.4
    endloop
  endfacet
  facet normal 0.986654 -0.16283 0
    outer loop
      vertex 3.62306 12.3961 0
      vertex 3.61027 12.3186 2.4
      vertex 3.61027 12.3186 0
    endloop
  endfacet
  facet normal 0.882036 -0.471183 0
    outer loop
      vertex 3.72375 12.6927 2.4
      vertex 3.76077 12.762 0
      vertex 3.76077 12.762 2.4
    endloop
  endfacet
  facet normal 0.882036 -0.471183 0
    outer loop
      vertex 3.76077 12.762 0
      vertex 3.72375 12.6927 2.4
      vertex 3.72375 12.6927 0
    endloop
  endfacet
  facet normal 0.849241 -0.528006 0
    outer loop
      vertex 3.76077 12.762 2.4
      vertex 3.80224 12.8287 0
      vertex 3.80224 12.8287 2.4
    endloop
  endfacet
  facet normal 0.849241 -0.528006 0
    outer loop
      vertex 3.80224 12.8287 0
      vertex 3.76077 12.762 2.4
      vertex 3.76077 12.762 0
    endloop
  endfacet
  facet normal 0.290325 -0.956928 0
    outer loop
      vertex 4.41427 13.2983 0
      vertex 4.48942 13.3211 2.4
      vertex 4.41427 13.2983 2.4
    endloop
  endfacet
  facet normal 0.290325 -0.956928 0
    outer loop
      vertex 4.48942 13.3211 2.4
      vertex 4.41427 13.2983 0
      vertex 4.48942 13.3211 0
    endloop
  endfacet
  facet normal 0.0980537 -0.995181 0
    outer loop
      vertex 4.64337 13.3517 0
      vertex 4.72152 13.3594 2.4
      vertex 4.64337 13.3517 2.4
    endloop
  endfacet
  facet normal 0.0980537 -0.995181 0
    outer loop
      vertex 4.72152 13.3594 2.4
      vertex 4.64337 13.3517 0
      vertex 4.72152 13.3594 0
    endloop
  endfacet
  facet normal 0.582983 -0.812485 0
    outer loop
      vertex 4.06949 13.114 0
      vertex 4.13332 13.1598 2.4
      vertex 4.06949 13.114 2.4
    endloop
  endfacet
  facet normal 0.582983 -0.812485 0
    outer loop
      vertex 4.13332 13.1598 2.4
      vertex 4.06949 13.114 0
      vertex 4.13332 13.1598 0
    endloop
  endfacet
  facet normal 0.634215 -0.773157 0
    outer loop
      vertex 4.00878 13.0642 0
      vertex 4.06949 13.114 2.4
      vertex 4.00878 13.0642 2.4
    endloop
  endfacet
  facet normal 0.634215 -0.773157 0
    outer loop
      vertex 4.06949 13.114 2.4
      vertex 4.00878 13.0642 0
      vertex 4.06949 13.114 0
    endloop
  endfacet
  facet normal 0.527477 -0.849569 0
    outer loop
      vertex 4.13332 13.1598 0
      vertex 4.2 13.2012 2.4
      vertex 4.13332 13.1598 2.4
    endloop
  endfacet
  facet normal 0.527477 -0.849569 0
    outer loop
      vertex 4.2 13.2012 2.4
      vertex 4.13332 13.1598 0
      vertex 4.2 13.2012 0
    endloop
  endfacet
  facet normal -0.999465 -0.0327213 0
    outer loop
      vertex 6 12.162 0
      vertex 5.99743 12.2405 2.4
      vertex 5.99743 12.2405 0
    endloop
  endfacet
  facet normal -0.999465 -0.0327213 0
    outer loop
      vertex 5.99743 12.2405 2.4
      vertex 6 12.162 0
      vertex 6 12.162 2.4
    endloop
  endfacet
  facet normal -0.0980537 0.995181 0
    outer loop
      vertex 4.95663 10.9723 0
      vertex 4.87848 10.9646 2.4
      vertex 4.95663 10.9723 2.4
    endloop
  endfacet
  facet normal -0.0980537 0.995181 0
    outer loop
      vertex 4.87848 10.9646 2.4
      vertex 4.95663 10.9723 0
      vertex 4.87848 10.9646 0
    endloop
  endfacet
  facet normal -0.973898 0.226988 0
    outer loop
      vertex 5.95911 11.8514 0
      vertex 5.97694 11.9279 2.4
      vertex 5.97694 11.9279 0
    endloop
  endfacet
  facet normal -0.973898 0.226988 0
    outer loop
      vertex 5.97694 11.9279 2.4
      vertex 5.95911 11.8514 0
      vertex 5.95911 11.8514 2.4
    endloop
  endfacet
  facet normal -0.773043 0.634354 0
    outer loop
      vertex 5.70221 11.3708 0
      vertex 5.75202 11.4315 2.4
      vertex 5.75202 11.4315 0
    endloop
  endfacet
  facet normal -0.773043 0.634354 0
    outer loop
      vertex 5.75202 11.4315 2.4
      vertex 5.70221 11.3708 0
      vertex 5.70221 11.3708 2.4
    endloop
  endfacet
  facet normal -0.634278 0.773105 0
    outer loop
      vertex 5.59121 11.2598 0
      vertex 5.53051 11.21 2.4
      vertex 5.59121 11.2598 2.4
    endloop
  endfacet
  facet normal -0.634278 0.773105 0
    outer loop
      vertex 5.53051 11.21 2.4
      vertex 5.59121 11.2598 0
      vertex 5.53051 11.21 0
    endloop
  endfacet
  facet normal -0.471249 0.882 0
    outer loop
      vertex 5.4 11.1228 0
      vertex 5.33075 11.0858 2.4
      vertex 5.4 11.1228 2.4
    endloop
  endfacet
  facet normal -0.471249 0.882 0
    outer loop
      vertex 5.33075 11.0858 2.4
      vertex 5.4 11.1228 0
      vertex 5.33075 11.0858 0
    endloop
  endfacet
  facet normal -0.0331113 0.999452 0
    outer loop
      vertex 4.87848 10.9646 0
      vertex 4.8 10.962 2.4
      vertex 4.87848 10.9646 2.4
    endloop
  endfacet
  facet normal -0.0331113 0.999452 0
    outer loop
      vertex 4.8 10.962 2.4
      vertex 4.87848 10.9646 0
      vertex 4.8 10.962 0
    endloop
  endfacet
  facet normal 0.95691 0.290386 0
    outer loop
      vertex 3.66368 11.7763 2.4
      vertex 3.64089 11.8514 0
      vertex 3.64089 11.8514 2.4
    endloop
  endfacet
  facet normal 0.95691 0.290386 0
    outer loop
      vertex 3.64089 11.8514 0
      vertex 3.66368 11.7763 2.4
      vertex 3.66368 11.7763 0
    endloop
  endfacet
  facet normal 0.995175 0.0981158 0
    outer loop
      vertex 3.61027 12.0054 2.4
      vertex 3.60257 12.0835 0
      vertex 3.60257 12.0835 2.4
    endloop
  endfacet
  facet normal 0.995175 0.0981158 0
    outer loop
      vertex 3.60257 12.0835 0
      vertex 3.61027 12.0054 2.4
      vertex 3.61027 12.0054 0
    endloop
  endfacet
  facet normal 0.773043 0.634354 0
    outer loop
      vertex 3.89779 11.3708 2.4
      vertex 3.84798 11.4315 0
      vertex 3.84798 11.4315 2.4
    endloop
  endfacet
  facet normal 0.773043 0.634354 0
    outer loop
      vertex 3.84798 11.4315 0
      vertex 3.89779 11.3708 2.4
      vertex 3.89779 11.3708 0
    endloop
  endfacet
  facet normal -0.986654 -0.16283 0
    outer loop
      vertex 5.98973 12.3186 0
      vertex 5.97694 12.3961 2.4
      vertex 5.97694 12.3961 0
    endloop
  endfacet
  facet normal -0.986654 -0.16283 0
    outer loop
      vertex 5.97694 12.3961 2.4
      vertex 5.98973 12.3186 0
      vertex 5.98973 12.3186 2.4
    endloop
  endfacet
  facet normal -0.93592 -0.352212 0
    outer loop
      vertex 5.93632 12.5477 0
      vertex 5.90866 12.6212 2.4
      vertex 5.90866 12.6212 0
    endloop
  endfacet
  facet normal -0.93592 -0.352212 0
    outer loop
      vertex 5.90866 12.6212 2.4
      vertex 5.93632 12.5477 0
      vertex 5.93632 12.5477 2.4
    endloop
  endfacet
  facet normal -0.95691 -0.290386 0
    outer loop
      vertex 5.95911 12.4726 0
      vertex 5.93632 12.5477 2.4
      vertex 5.93632 12.5477 0
    endloop
  endfacet
  facet normal -0.95691 -0.290386 0
    outer loop
      vertex 5.93632 12.5477 2.4
      vertex 5.95911 12.4726 0
      vertex 5.95911 12.4726 2.4
    endloop
  endfacet
  facet normal -0.849241 -0.528006 0
    outer loop
      vertex 5.83923 12.762 0
      vertex 5.79776 12.8287 2.4
      vertex 5.79776 12.8287 0
    endloop
  endfacet
  facet normal -0.849241 -0.528006 0
    outer loop
      vertex 5.79776 12.8287 2.4
      vertex 5.83923 12.762 0
      vertex 5.83923 12.762 2.4
    endloop
  endfacet
  facet normal -0.729783 -0.683678 0
    outer loop
      vertex 5.70221 12.9532 0
      vertex 5.64853 13.0105 2.4
      vertex 5.64853 13.0105 0
    endloop
  endfacet
  facet normal -0.729783 -0.683678 0
    outer loop
      vertex 5.64853 13.0105 2.4
      vertex 5.70221 12.9532 0
      vertex 5.70221 12.9532 2.4
    endloop
  endfacet
  facet normal -0.773043 -0.634354 0
    outer loop
      vertex 5.75202 12.8925 0
      vertex 5.70221 12.9532 2.4
      vertex 5.70221 12.9532 0
    endloop
  endfacet
  facet normal -0.773043 -0.634354 0
    outer loop
      vertex 5.70221 12.9532 2.4
      vertex 5.75202 12.8925 0
      vertex 5.75202 12.8925 2.4
    endloop
  endfacet
  facet normal -0.582983 -0.812485 0
    outer loop
      vertex 5.46668 13.1598 0
      vertex 5.53051 13.114 2.4
      vertex 5.46668 13.1598 2.4
    endloop
  endfacet
  facet normal -0.582983 -0.812485 -0
    outer loop
      vertex 5.53051 13.114 2.4
      vertex 5.46668 13.1598 0
      vertex 5.53051 13.114 0
    endloop
  endfacet
  facet normal 0.0331113 -0.999452 0
    outer loop
      vertex 4.72152 13.3594 0
      vertex 4.8 13.362 2.4
      vertex 4.72152 13.3594 2.4
    endloop
  endfacet
  facet normal 0.0331113 -0.999452 0
    outer loop
      vertex 4.8 13.362 2.4
      vertex 4.72152 13.3594 0
      vertex 4.8 13.362 0
    endloop
  endfacet
  facet normal -0.413659 -0.910432 0
    outer loop
      vertex 5.25922 13.2707 0
      vertex 5.33075 13.2382 2.4
      vertex 5.25922 13.2707 2.4
    endloop
  endfacet
  facet normal -0.413659 -0.910432 -0
    outer loop
      vertex 5.33075 13.2382 2.4
      vertex 5.25922 13.2707 0
      vertex 5.33075 13.2382 0
    endloop
  endfacet
  facet normal -0.22671 -0.973962 0
    outer loop
      vertex 5.03411 13.3389 0
      vertex 5.11058 13.3211 2.4
      vertex 5.03411 13.3389 2.4
    endloop
  endfacet
  facet normal -0.22671 -0.973962 -0
    outer loop
      vertex 5.11058 13.3211 2.4
      vertex 5.03411 13.3389 0
      vertex 5.11058 13.3211 0
    endloop
  endfacet
  facet normal 0.999465 0.0327213 0
    outer loop
      vertex 3.60257 12.0835 2.4
      vertex 3.6 12.162 0
      vertex 3.6 12.162 2.4
    endloop
  endfacet
  facet normal 0.999465 0.0327213 0
    outer loop
      vertex 3.6 12.162 0
      vertex 3.60257 12.0835 2.4
      vertex 3.60257 12.0835 0
    endloop
  endfacet
  facet normal 0.973898 -0.226988 0
    outer loop
      vertex 3.62306 12.3961 2.4
      vertex 3.64089 12.4726 0
      vertex 3.64089 12.4726 2.4
    endloop
  endfacet
  facet normal 0.973898 -0.226988 0
    outer loop
      vertex 3.64089 12.4726 0
      vertex 3.62306 12.3961 2.4
      vertex 3.62306 12.3961 0
    endloop
  endfacet
  facet normal 0.910798 -0.412853 0
    outer loop
      vertex 3.69134 12.6212 2.4
      vertex 3.72375 12.6927 0
      vertex 3.72375 12.6927 2.4
    endloop
  endfacet
  facet normal 0.910798 -0.412853 0
    outer loop
      vertex 3.72375 12.6927 0
      vertex 3.69134 12.6212 2.4
      vertex 3.69134 12.6212 0
    endloop
  endfacet
  facet normal 0.812717 -0.582659 0
    outer loop
      vertex 3.80224 12.8287 2.4
      vertex 3.84798 12.8925 0
      vertex 3.84798 12.8925 2.4
    endloop
  endfacet
  facet normal 0.812717 -0.582659 0
    outer loop
      vertex 3.84798 12.8925 0
      vertex 3.80224 12.8287 2.4
      vertex 3.80224 12.8287 0
    endloop
  endfacet
  facet normal 0.351584 -0.936156 0
    outer loop
      vertex 4.34078 13.2707 0
      vertex 4.41427 13.2983 2.4
      vertex 4.34078 13.2707 2.4
    endloop
  endfacet
  facet normal 0.351584 -0.936156 0
    outer loop
      vertex 4.41427 13.2983 2.4
      vertex 4.34078 13.2707 0
      vertex 4.41427 13.2983 0
    endloop
  endfacet
  facet normal 0.162995 -0.986627 0
    outer loop
      vertex 4.56589 13.3389 0
      vertex 4.64337 13.3517 2.4
      vertex 4.56589 13.3389 2.4
    endloop
  endfacet
  facet normal 0.162995 -0.986627 0
    outer loop
      vertex 4.64337 13.3517 2.4
      vertex 4.56589 13.3389 0
      vertex 4.64337 13.3517 0
    endloop
  endfacet
  facet normal 0.471249 -0.882 0
    outer loop
      vertex 4.2 13.2012 0
      vertex 4.26925 13.2382 2.4
      vertex 4.2 13.2012 2.4
    endloop
  endfacet
  facet normal 0.471249 -0.882 0
    outer loop
      vertex 4.26925 13.2382 2.4
      vertex 4.2 13.2012 0
      vertex 4.26925 13.2382 0
    endloop
  endfacet
  facet normal 0.683751 -0.729716 0
    outer loop
      vertex 3.95147 13.0105 0
      vertex 4.00878 13.0642 2.4
      vertex 3.95147 13.0105 2.4
    endloop
  endfacet
  facet normal 0.683751 -0.729716 0
    outer loop
      vertex 4.00878 13.0642 2.4
      vertex 3.95147 13.0105 0
      vertex 4.00878 13.0642 0
    endloop
  endfacet
  facet normal 0.729783 -0.683678 0
    outer loop
      vertex 3.89779 12.9532 2.4
      vertex 3.95147 13.0105 0
      vertex 3.95147 13.0105 2.4
    endloop
  endfacet
  facet normal 0.729783 -0.683678 0
    outer loop
      vertex 3.95147 13.0105 0
      vertex 3.89779 12.9532 2.4
      vertex 3.89779 12.9532 0
    endloop
  endfacet
  facet normal -0.999465 0.0327213 0
    outer loop
      vertex 5.99743 12.0835 0
      vertex 6 12.162 2.4
      vertex 6 12.162 0
    endloop
  endfacet
  facet normal -0.999465 0.0327213 0
    outer loop
      vertex 6 12.162 2.4
      vertex 5.99743 12.0835 0
      vertex 5.99743 12.0835 2.4
    endloop
  endfacet
  facet normal -0.986654 0.16283 0
    outer loop
      vertex 5.97694 11.9279 0
      vertex 5.98973 12.0054 2.4
      vertex 5.98973 12.0054 0
    endloop
  endfacet
  facet normal -0.986654 0.16283 0
    outer loop
      vertex 5.98973 12.0054 2.4
      vertex 5.97694 11.9279 0
      vertex 5.97694 11.9279 2.4
    endloop
  endfacet
  facet normal -0.162995 0.986627 0
    outer loop
      vertex 5.03411 10.9851 0
      vertex 4.95663 10.9723 2.4
      vertex 5.03411 10.9851 2.4
    endloop
  endfacet
  facet normal -0.162995 0.986627 0
    outer loop
      vertex 4.95663 10.9723 2.4
      vertex 5.03411 10.9851 0
      vertex 4.95663 10.9723 0
    endloop
  endfacet
  facet normal -0.413659 0.910432 0
    outer loop
      vertex 5.33075 11.0858 0
      vertex 5.25922 11.0533 2.4
      vertex 5.33075 11.0858 2.4
    endloop
  endfacet
  facet normal -0.413659 0.910432 0
    outer loop
      vertex 5.25922 11.0533 2.4
      vertex 5.33075 11.0858 0
      vertex 5.25922 11.0533 0
    endloop
  endfacet
  facet normal -0.290325 0.956928 0
    outer loop
      vertex 5.18573 11.0257 0
      vertex 5.11058 11.0029 2.4
      vertex 5.18573 11.0257 2.4
    endloop
  endfacet
  facet normal -0.290325 0.956928 0
    outer loop
      vertex 5.11058 11.0029 2.4
      vertex 5.18573 11.0257 0
      vertex 5.11058 11.0029 0
    endloop
  endfacet
  facet normal -0.683687 0.729775 0
    outer loop
      vertex 5.64853 11.3135 0
      vertex 5.59121 11.2598 2.4
      vertex 5.64853 11.3135 2.4
    endloop
  endfacet
  facet normal -0.683687 0.729775 0
    outer loop
      vertex 5.59121 11.2598 2.4
      vertex 5.64853 11.3135 0
      vertex 5.59121 11.2598 0
    endloop
  endfacet
  facet normal -0.527477 0.849569 0
    outer loop
      vertex 5.46668 11.1642 0
      vertex 5.4 11.1228 2.4
      vertex 5.46668 11.1642 2.4
    endloop
  endfacet
  facet normal -0.527477 0.849569 0
    outer loop
      vertex 5.4 11.1228 2.4
      vertex 5.46668 11.1642 0
      vertex 5.4 11.1228 0
    endloop
  endfacet
  facet normal 0.290325 0.956928 -0
    outer loop
      vertex 4.48942 11.0029 0
      vertex 4.41427 11.0257 2.4
      vertex 4.48942 11.0029 2.4
    endloop
  endfacet
  facet normal 0.290325 0.956928 0
    outer loop
      vertex 4.41427 11.0257 2.4
      vertex 4.48942 11.0029 0
      vertex 4.41427 11.0257 0
    endloop
  endfacet
  facet normal 0.0980537 0.995181 -0
    outer loop
      vertex 4.72152 10.9646 0
      vertex 4.64337 10.9723 2.4
      vertex 4.72152 10.9646 2.4
    endloop
  endfacet
  facet normal 0.0980537 0.995181 0
    outer loop
      vertex 4.64337 10.9723 2.4
      vertex 4.72152 10.9646 0
      vertex 4.64337 10.9723 0
    endloop
  endfacet
  facet normal 0.162995 0.986627 -0
    outer loop
      vertex 4.64337 10.9723 0
      vertex 4.56589 10.9851 2.4
      vertex 4.64337 10.9723 2.4
    endloop
  endfacet
  facet normal 0.162995 0.986627 0
    outer loop
      vertex 4.56589 10.9851 2.4
      vertex 4.64337 10.9723 0
      vertex 4.56589 10.9851 0
    endloop
  endfacet
  facet normal 0.471249 0.882 -0
    outer loop
      vertex 4.26925 11.0858 0
      vertex 4.2 11.1228 2.4
      vertex 4.26925 11.0858 2.4
    endloop
  endfacet
  facet normal 0.471249 0.882 0
    outer loop
      vertex 4.2 11.1228 2.4
      vertex 4.26925 11.0858 0
      vertex 4.2 11.1228 0
    endloop
  endfacet
  facet normal 0.351584 0.936156 -0
    outer loop
      vertex 4.41427 11.0257 0
      vertex 4.34078 11.0533 2.4
      vertex 4.41427 11.0257 2.4
    endloop
  endfacet
  facet normal 0.351584 0.936156 0
    outer loop
      vertex 4.34078 11.0533 2.4
      vertex 4.41427 11.0257 0
      vertex 4.34078 11.0533 0
    endloop
  endfacet
  facet normal 0.527477 0.849569 -0
    outer loop
      vertex 4.2 11.1228 0
      vertex 4.13332 11.1642 2.4
      vertex 4.2 11.1228 2.4
    endloop
  endfacet
  facet normal 0.527477 0.849569 0
    outer loop
      vertex 4.13332 11.1642 2.4
      vertex 4.2 11.1228 0
      vertex 4.13332 11.1642 0
    endloop
  endfacet
  facet normal 0.93592 0.352212 0
    outer loop
      vertex 3.69134 11.7028 2.4
      vertex 3.66368 11.7763 0
      vertex 3.66368 11.7763 2.4
    endloop
  endfacet
  facet normal 0.93592 0.352212 0
    outer loop
      vertex 3.66368 11.7763 0
      vertex 3.69134 11.7028 2.4
      vertex 3.69134 11.7028 0
    endloop
  endfacet
  facet normal 0.986654 0.16283 0
    outer loop
      vertex 3.62306 11.9279 2.4
      vertex 3.61027 12.0054 0
      vertex 3.61027 12.0054 2.4
    endloop
  endfacet
  facet normal 0.986654 0.16283 0
    outer loop
      vertex 3.61027 12.0054 0
      vertex 3.62306 11.9279 2.4
      vertex 3.62306 11.9279 0
    endloop
  endfacet
  facet normal 0.812717 0.582659 0
    outer loop
      vertex 3.84798 11.4315 2.4
      vertex 3.80224 11.4953 0
      vertex 3.80224 11.4953 2.4
    endloop
  endfacet
  facet normal 0.812717 0.582659 0
    outer loop
      vertex 3.80224 11.4953 0
      vertex 3.84798 11.4315 2.4
      vertex 3.84798 11.4315 0
    endloop
  endfacet
  facet normal 0.882036 0.471183 0
    outer loop
      vertex 3.76077 11.562 2.4
      vertex 3.72375 11.6313 0
      vertex 3.72375 11.6313 2.4
    endloop
  endfacet
  facet normal 0.882036 0.471183 0
    outer loop
      vertex 3.72375 11.6313 0
      vertex 3.76077 11.562 2.4
      vertex 3.76077 11.562 0
    endloop
  endfacet
  facet normal 0.729783 0.683678 0
    outer loop
      vertex 3.95147 11.3135 2.4
      vertex 3.89779 11.3708 0
      vertex 3.89779 11.3708 2.4
    endloop
  endfacet
  facet normal 0.729783 0.683678 0
    outer loop
      vertex 3.89779 11.3708 0
      vertex 3.95147 11.3135 2.4
      vertex 3.95147 11.3135 0
    endloop
  endfacet
  facet normal -0.0331113 -0.999452 0
    outer loop
      vertex 4.8 13.362 0
      vertex 4.87848 13.3594 2.4
      vertex 4.8 13.362 2.4
    endloop
  endfacet
  facet normal -0.0331113 -0.999452 -0
    outer loop
      vertex 4.87848 13.3594 2.4
      vertex 4.8 13.362 0
      vertex 4.87848 13.3594 0
    endloop
  endfacet
  facet normal 0.999465 -0.0327213 0
    outer loop
      vertex 3.6 12.162 2.4
      vertex 3.60257 12.2405 0
      vertex 3.60257 12.2405 2.4
    endloop
  endfacet
  facet normal 0.999465 -0.0327213 0
    outer loop
      vertex 3.60257 12.2405 0
      vertex 3.6 12.162 2.4
      vertex 3.6 12.162 0
    endloop
  endfacet
  facet normal -0.95691 0.290386 0
    outer loop
      vertex 5.93632 11.7763 0
      vertex 5.95911 11.8514 2.4
      vertex 5.95911 11.8514 0
    endloop
  endfacet
  facet normal -0.95691 0.290386 0
    outer loop
      vertex 5.95911 11.8514 2.4
      vertex 5.93632 11.7763 0
      vertex 5.93632 11.7763 2.4
    endloop
  endfacet
  facet normal -0.910798 0.412853 0
    outer loop
      vertex 5.87625 11.6313 0
      vertex 5.90866 11.7028 2.4
      vertex 5.90866 11.7028 0
    endloop
  endfacet
  facet normal -0.910798 0.412853 0
    outer loop
      vertex 5.90866 11.7028 2.4
      vertex 5.87625 11.6313 0
      vertex 5.87625 11.6313 2.4
    endloop
  endfacet
  facet normal -0.22671 0.973962 0
    outer loop
      vertex 5.11058 11.0029 0
      vertex 5.03411 10.9851 2.4
      vertex 5.11058 11.0029 2.4
    endloop
  endfacet
  facet normal -0.22671 0.973962 0
    outer loop
      vertex 5.03411 10.9851 2.4
      vertex 5.11058 11.0029 0
      vertex 5.03411 10.9851 0
    endloop
  endfacet
  facet normal -0.351584 0.936156 0
    outer loop
      vertex 5.25922 11.0533 0
      vertex 5.18573 11.0257 2.4
      vertex 5.25922 11.0533 2.4
    endloop
  endfacet
  facet normal -0.351584 0.936156 0
    outer loop
      vertex 5.18573 11.0257 2.4
      vertex 5.25922 11.0533 0
      vertex 5.18573 11.0257 0
    endloop
  endfacet
  facet normal -0.729783 0.683678 0
    outer loop
      vertex 5.64853 11.3135 0
      vertex 5.70221 11.3708 2.4
      vertex 5.70221 11.3708 0
    endloop
  endfacet
  facet normal -0.729783 0.683678 0
    outer loop
      vertex 5.70221 11.3708 2.4
      vertex 5.64853 11.3135 0
      vertex 5.64853 11.3135 2.4
    endloop
  endfacet
  facet normal 0.0331113 0.999452 -0
    outer loop
      vertex 4.8 10.962 0
      vertex 4.72152 10.9646 2.4
      vertex 4.8 10.962 2.4
    endloop
  endfacet
  facet normal 0.0331113 0.999452 0
    outer loop
      vertex 4.72152 10.9646 2.4
      vertex 4.8 10.962 0
      vertex 4.72152 10.9646 0
    endloop
  endfacet
  facet normal 0.22671 0.973962 -0
    outer loop
      vertex 4.56589 10.9851 0
      vertex 4.48942 11.0029 2.4
      vertex 4.56589 10.9851 2.4
    endloop
  endfacet
  facet normal 0.22671 0.973962 0
    outer loop
      vertex 4.48942 11.0029 2.4
      vertex 4.56589 10.9851 0
      vertex 4.48942 11.0029 0
    endloop
  endfacet
  facet normal 0.413659 0.910432 -0
    outer loop
      vertex 4.34078 11.0533 0
      vertex 4.26925 11.0858 2.4
      vertex 4.34078 11.0533 2.4
    endloop
  endfacet
  facet normal 0.413659 0.910432 0
    outer loop
      vertex 4.26925 11.0858 2.4
      vertex 4.34078 11.0533 0
      vertex 4.26925 11.0858 0
    endloop
  endfacet
  facet normal 0.582983 0.812485 -0
    outer loop
      vertex 4.13332 11.1642 0
      vertex 4.06949 11.21 2.4
      vertex 4.13332 11.1642 2.4
    endloop
  endfacet
  facet normal 0.582983 0.812485 0
    outer loop
      vertex 4.06949 11.21 2.4
      vertex 4.13332 11.1642 0
      vertex 4.06949 11.21 0
    endloop
  endfacet
  facet normal 0.910798 0.412853 0
    outer loop
      vertex 3.72375 11.6313 2.4
      vertex 3.69134 11.7028 0
      vertex 3.69134 11.7028 2.4
    endloop
  endfacet
  facet normal 0.910798 0.412853 0
    outer loop
      vertex 3.69134 11.7028 0
      vertex 3.72375 11.6313 2.4
      vertex 3.72375 11.6313 0
    endloop
  endfacet
  facet normal 0.849241 0.528006 0
    outer loop
      vertex 3.80224 11.4953 2.4
      vertex 3.76077 11.562 0
      vertex 3.76077 11.562 2.4
    endloop
  endfacet
  facet normal 0.849241 0.528006 0
    outer loop
      vertex 3.76077 11.562 0
      vertex 3.80224 11.4953 2.4
      vertex 3.80224 11.4953 0
    endloop
  endfacet
  facet normal 0.683751 0.729716 -0
    outer loop
      vertex 4.00878 11.2598 0
      vertex 3.95147 11.3135 2.4
      vertex 4.00878 11.2598 2.4
    endloop
  endfacet
  facet normal 0.683751 0.729716 0
    outer loop
      vertex 3.95147 11.3135 2.4
      vertex 4.00878 11.2598 0
      vertex 3.95147 11.3135 0
    endloop
  endfacet
  facet normal -0.849241 0.528006 0
    outer loop
      vertex 5.79776 11.4953 0
      vertex 5.83923 11.562 2.4
      vertex 5.83923 11.562 0
    endloop
  endfacet
  facet normal -0.849241 0.528006 0
    outer loop
      vertex 5.83923 11.562 2.4
      vertex 5.79776 11.4953 0
      vertex 5.79776 11.4953 2.4
    endloop
  endfacet
  facet normal -0.812717 0.582659 0
    outer loop
      vertex 5.75202 11.4315 0
      vertex 5.79776 11.4953 2.4
      vertex 5.79776 11.4953 0
    endloop
  endfacet
  facet normal -0.812717 0.582659 0
    outer loop
      vertex 5.79776 11.4953 2.4
      vertex 5.75202 11.4315 0
      vertex 5.75202 11.4315 2.4
    endloop
  endfacet
  facet normal -0.882036 0.471183 0
    outer loop
      vertex 5.83923 11.562 0
      vertex 5.87625 11.6313 2.4
      vertex 5.87625 11.6313 0
    endloop
  endfacet
  facet normal -0.882036 0.471183 0
    outer loop
      vertex 5.87625 11.6313 2.4
      vertex 5.83923 11.562 0
      vertex 5.83923 11.562 2.4
    endloop
  endfacet
  facet normal -0.527477 -0.849569 0
    outer loop
      vertex 5.4 25.7012 0
      vertex 5.46668 25.6598 2.4
      vertex 5.4 25.7012 2.4
    endloop
  endfacet
  facet normal -0.527477 -0.849569 -0
    outer loop
      vertex 5.46668 25.6598 2.4
      vertex 5.4 25.7012 0
      vertex 5.46668 25.6598 0
    endloop
  endfacet
  facet normal 0.882036 0.471183 0
    outer loop
      vertex 3.76077 24.062 2.4
      vertex 3.72375 24.1313 0
      vertex 3.72375 24.1313 2.4
    endloop
  endfacet
  facet normal 0.882036 0.471183 0
    outer loop
      vertex 3.72375 24.1313 0
      vertex 3.76077 24.062 2.4
      vertex 3.76077 24.062 0
    endloop
  endfacet
  facet normal -0.95691 -0.290386 0
    outer loop
      vertex 5.95911 24.9726 0
      vertex 5.93632 25.0477 2.4
      vertex 5.93632 25.0477 0
    endloop
  endfacet
  facet normal -0.95691 -0.290386 0
    outer loop
      vertex 5.93632 25.0477 2.4
      vertex 5.95911 24.9726 0
      vertex 5.95911 24.9726 2.4
    endloop
  endfacet
  facet normal -0.773043 -0.634354 0
    outer loop
      vertex 5.75202 25.3925 0
      vertex 5.70221 25.4532 2.4
      vertex 5.70221 25.4532 0
    endloop
  endfacet
  facet normal -0.773043 -0.634354 0
    outer loop
      vertex 5.70221 25.4532 2.4
      vertex 5.75202 25.3925 0
      vertex 5.75202 25.3925 2.4
    endloop
  endfacet
  facet normal -0.471249 -0.882 0
    outer loop
      vertex 5.33075 25.7382 0
      vertex 5.4 25.7012 2.4
      vertex 5.33075 25.7382 2.4
    endloop
  endfacet
  facet normal -0.471249 -0.882 -0
    outer loop
      vertex 5.4 25.7012 2.4
      vertex 5.33075 25.7382 0
      vertex 5.4 25.7012 0
    endloop
  endfacet
  facet normal -0.0331113 -0.999452 0
    outer loop
      vertex 4.8 25.862 0
      vertex 4.87848 25.8594 2.4
      vertex 4.8 25.862 2.4
    endloop
  endfacet
  facet normal -0.0331113 -0.999452 -0
    outer loop
      vertex 4.87848 25.8594 2.4
      vertex 4.8 25.862 0
      vertex 4.87848 25.8594 0
    endloop
  endfacet
  facet normal 0.999465 -0.0327213 0
    outer loop
      vertex 3.6 24.662 2.4
      vertex 3.60257 24.7405 0
      vertex 3.60257 24.7405 2.4
    endloop
  endfacet
  facet normal 0.999465 -0.0327213 0
    outer loop
      vertex 3.60257 24.7405 0
      vertex 3.6 24.662 2.4
      vertex 3.6 24.662 0
    endloop
  endfacet
  facet normal 0.910798 -0.412853 0
    outer loop
      vertex 3.69134 25.1212 2.4
      vertex 3.72375 25.1927 0
      vertex 3.72375 25.1927 2.4
    endloop
  endfacet
  facet normal 0.910798 -0.412853 0
    outer loop
      vertex 3.72375 25.1927 0
      vertex 3.69134 25.1212 2.4
      vertex 3.69134 25.1212 0
    endloop
  endfacet
  facet normal 0.351584 -0.936156 0
    outer loop
      vertex 4.34078 25.7707 0
      vertex 4.41427 25.7983 2.4
      vertex 4.34078 25.7707 2.4
    endloop
  endfacet
  facet normal 0.351584 -0.936156 0
    outer loop
      vertex 4.41427 25.7983 2.4
      vertex 4.34078 25.7707 0
      vertex 4.41427 25.7983 0
    endloop
  endfacet
  facet normal 0.634215 -0.773157 0
    outer loop
      vertex 4.00878 25.5642 0
      vertex 4.06949 25.614 2.4
      vertex 4.00878 25.5642 2.4
    endloop
  endfacet
  facet normal 0.634215 -0.773157 0
    outer loop
      vertex 4.06949 25.614 2.4
      vertex 4.00878 25.5642 0
      vertex 4.06949 25.614 0
    endloop
  endfacet
  facet normal -0.290325 0.956928 0
    outer loop
      vertex 5.18573 23.5257 0
      vertex 5.11058 23.5029 2.4
      vertex 5.18573 23.5257 2.4
    endloop
  endfacet
  facet normal -0.290325 0.956928 0
    outer loop
      vertex 5.11058 23.5029 2.4
      vertex 5.18573 23.5257 0
      vertex 5.11058 23.5029 0
    endloop
  endfacet
  facet normal -0.683687 0.729775 0
    outer loop
      vertex 5.64853 23.8135 0
      vertex 5.59121 23.7598 2.4
      vertex 5.64853 23.8135 2.4
    endloop
  endfacet
  facet normal -0.683687 0.729775 0
    outer loop
      vertex 5.59121 23.7598 2.4
      vertex 5.64853 23.8135 0
      vertex 5.59121 23.7598 0
    endloop
  endfacet
  facet normal -0.0331113 0.999452 0
    outer loop
      vertex 4.87848 23.4646 0
      vertex 4.8 23.462 2.4
      vertex 4.87848 23.4646 2.4
    endloop
  endfacet
  facet normal -0.0331113 0.999452 0
    outer loop
      vertex 4.8 23.462 2.4
      vertex 4.87848 23.4646 0
      vertex 4.8 23.462 0
    endloop
  endfacet
  facet normal -0.910798 -0.412853 0
    outer loop
      vertex 5.90866 25.1212 0
      vertex 5.87625 25.1927 2.4
      vertex 5.87625 25.1927 0
    endloop
  endfacet
  facet normal -0.910798 -0.412853 0
    outer loop
      vertex 5.87625 25.1927 2.4
      vertex 5.90866 25.1212 0
      vertex 5.90866 25.1212 2.4
    endloop
  endfacet
  facet normal -0.849241 -0.528006 0
    outer loop
      vertex 5.83923 25.262 0
      vertex 5.79776 25.3287 2.4
      vertex 5.79776 25.3287 0
    endloop
  endfacet
  facet normal -0.849241 -0.528006 0
    outer loop
      vertex 5.79776 25.3287 2.4
      vertex 5.83923 25.262 0
      vertex 5.83923 25.262 2.4
    endloop
  endfacet
  facet normal -0.812717 -0.582659 0
    outer loop
      vertex 5.79776 25.3287 0
      vertex 5.75202 25.3925 2.4
      vertex 5.75202 25.3925 0
    endloop
  endfacet
  facet normal -0.812717 -0.582659 0
    outer loop
      vertex 5.75202 25.3925 2.4
      vertex 5.79776 25.3287 0
      vertex 5.79776 25.3287 2.4
    endloop
  endfacet
  facet normal -0.683687 -0.729775 0
    outer loop
      vertex 5.59121 25.5642 0
      vertex 5.64853 25.5105 2.4
      vertex 5.59121 25.5642 2.4
    endloop
  endfacet
  facet normal -0.683687 -0.729775 -0
    outer loop
      vertex 5.64853 25.5105 2.4
      vertex 5.59121 25.5642 0
      vertex 5.64853 25.5105 0
    endloop
  endfacet
  facet normal -0.162995 -0.986627 0
    outer loop
      vertex 4.95663 25.8517 0
      vertex 5.03411 25.8389 2.4
      vertex 4.95663 25.8517 2.4
    endloop
  endfacet
  facet normal -0.162995 -0.986627 -0
    outer loop
      vertex 5.03411 25.8389 2.4
      vertex 4.95663 25.8517 0
      vertex 5.03411 25.8389 0
    endloop
  endfacet
  facet normal -0.290325 -0.956928 0
    outer loop
      vertex 5.11058 25.8211 0
      vertex 5.18573 25.7983 2.4
      vertex 5.11058 25.8211 2.4
    endloop
  endfacet
  facet normal -0.290325 -0.956928 -0
    outer loop
      vertex 5.18573 25.7983 2.4
      vertex 5.11058 25.8211 0
      vertex 5.18573 25.7983 0
    endloop
  endfacet
  facet normal -0.0980537 -0.995181 0
    outer loop
      vertex 4.87848 25.8594 0
      vertex 4.95663 25.8517 2.4
      vertex 4.87848 25.8594 2.4
    endloop
  endfacet
  facet normal -0.0980537 -0.995181 -0
    outer loop
      vertex 4.95663 25.8517 2.4
      vertex 4.87848 25.8594 0
      vertex 4.95663 25.8517 0
    endloop
  endfacet
  facet normal 0.986654 -0.16283 0
    outer loop
      vertex 3.61027 24.8186 2.4
      vertex 3.62306 24.8961 0
      vertex 3.62306 24.8961 2.4
    endloop
  endfacet
  facet normal 0.986654 -0.16283 0
    outer loop
      vertex 3.62306 24.8961 0
      vertex 3.61027 24.8186 2.4
      vertex 3.61027 24.8186 0
    endloop
  endfacet
  facet normal 0.95691 -0.290386 0
    outer loop
      vertex 3.64089 24.9726 2.4
      vertex 3.66368 25.0477 0
      vertex 3.66368 25.0477 2.4
    endloop
  endfacet
  facet normal 0.95691 -0.290386 0
    outer loop
      vertex 3.66368 25.0477 0
      vertex 3.64089 24.9726 2.4
      vertex 3.64089 24.9726 0
    endloop
  endfacet
  facet normal 0.812717 -0.582659 0
    outer loop
      vertex 3.80224 25.3287 2.4
      vertex 3.84798 25.3925 0
      vertex 3.84798 25.3925 2.4
    endloop
  endfacet
  facet normal 0.812717 -0.582659 0
    outer loop
      vertex 3.84798 25.3925 0
      vertex 3.80224 25.3287 2.4
      vertex 3.80224 25.3287 0
    endloop
  endfacet
  facet normal 0.849241 -0.528006 0
    outer loop
      vertex 3.76077 25.262 2.4
      vertex 3.80224 25.3287 0
      vertex 3.80224 25.3287 2.4
    endloop
  endfacet
  facet normal 0.849241 -0.528006 0
    outer loop
      vertex 3.80224 25.3287 0
      vertex 3.76077 25.262 2.4
      vertex 3.76077 25.262 0
    endloop
  endfacet
  facet normal 0.0980537 -0.995181 0
    outer loop
      vertex 4.64337 25.8517 0
      vertex 4.72152 25.8594 2.4
      vertex 4.64337 25.8517 2.4
    endloop
  endfacet
  facet normal 0.0980537 -0.995181 0
    outer loop
      vertex 4.72152 25.8594 2.4
      vertex 4.64337 25.8517 0
      vertex 4.72152 25.8594 0
    endloop
  endfacet
  facet normal 0.527477 -0.849569 0
    outer loop
      vertex 4.13332 25.6598 0
      vertex 4.2 25.7012 2.4
      vertex 4.13332 25.6598 2.4
    endloop
  endfacet
  facet normal 0.527477 -0.849569 0
    outer loop
      vertex 4.2 25.7012 2.4
      vertex 4.13332 25.6598 0
      vertex 4.2 25.7012 0
    endloop
  endfacet
  facet normal 0.582983 -0.812485 0
    outer loop
      vertex 4.06949 25.614 0
      vertex 4.13332 25.6598 2.4
      vertex 4.06949 25.614 2.4
    endloop
  endfacet
  facet normal 0.582983 -0.812485 0
    outer loop
      vertex 4.13332 25.6598 2.4
      vertex 4.06949 25.614 0
      vertex 4.13332 25.6598 0
    endloop
  endfacet
  facet normal -0.999465 -0.0327213 0
    outer loop
      vertex 6 24.662 0
      vertex 5.99743 24.7405 2.4
      vertex 5.99743 24.7405 0
    endloop
  endfacet
  facet normal -0.999465 -0.0327213 0
    outer loop
      vertex 5.99743 24.7405 2.4
      vertex 6 24.662 0
      vertex 6 24.662 2.4
    endloop
  endfacet
  facet normal -0.0980537 0.995181 0
    outer loop
      vertex 4.95663 23.4723 0
      vertex 4.87848 23.4646 2.4
      vertex 4.95663 23.4723 2.4
    endloop
  endfacet
  facet normal -0.0980537 0.995181 0
    outer loop
      vertex 4.87848 23.4646 2.4
      vertex 4.95663 23.4723 0
      vertex 4.87848 23.4646 0
    endloop
  endfacet
  facet normal -0.471249 0.882 0
    outer loop
      vertex 5.4 23.6228 0
      vertex 5.33075 23.5858 2.4
      vertex 5.4 23.6228 2.4
    endloop
  endfacet
  facet normal -0.471249 0.882 0
    outer loop
      vertex 5.33075 23.5858 2.4
      vertex 5.4 23.6228 0
      vertex 5.33075 23.5858 0
    endloop
  endfacet
  facet normal -0.634278 0.773105 0
    outer loop
      vertex 5.59121 23.7598 0
      vertex 5.53051 23.71 2.4
      vertex 5.59121 23.7598 2.4
    endloop
  endfacet
  facet normal -0.634278 0.773105 0
    outer loop
      vertex 5.53051 23.71 2.4
      vertex 5.59121 23.7598 0
      vertex 5.53051 23.71 0
    endloop
  endfacet
  facet normal 0.162995 0.986627 -0
    outer loop
      vertex 4.64337 23.4723 0
      vertex 4.56589 23.4851 2.4
      vertex 4.64337 23.4723 2.4
    endloop
  endfacet
  facet normal 0.162995 0.986627 0
    outer loop
      vertex 4.56589 23.4851 2.4
      vertex 4.64337 23.4723 0
      vertex 4.56589 23.4851 0
    endloop
  endfacet
  facet normal 0.351584 0.936156 -0
    outer loop
      vertex 4.41427 23.5257 0
      vertex 4.34078 23.5533 2.4
      vertex 4.41427 23.5257 2.4
    endloop
  endfacet
  facet normal 0.351584 0.936156 0
    outer loop
      vertex 4.34078 23.5533 2.4
      vertex 4.41427 23.5257 0
      vertex 4.34078 23.5533 0
    endloop
  endfacet
  facet normal 0.95691 0.290386 0
    outer loop
      vertex 3.66368 24.2763 2.4
      vertex 3.64089 24.3514 0
      vertex 3.64089 24.3514 2.4
    endloop
  endfacet
  facet normal 0.95691 0.290386 0
    outer loop
      vertex 3.64089 24.3514 0
      vertex 3.66368 24.2763 2.4
      vertex 3.66368 24.2763 0
    endloop
  endfacet
  facet normal 0.995175 0.0981158 0
    outer loop
      vertex 3.61027 24.5054 2.4
      vertex 3.60257 24.5835 0
      vertex 3.60257 24.5835 2.4
    endloop
  endfacet
  facet normal 0.995175 0.0981158 0
    outer loop
      vertex 3.60257 24.5835 0
      vertex 3.61027 24.5054 2.4
      vertex 3.61027 24.5054 0
    endloop
  endfacet
  facet normal 0.773043 0.634354 0
    outer loop
      vertex 3.89779 23.8708 2.4
      vertex 3.84798 23.9315 0
      vertex 3.84798 23.9315 2.4
    endloop
  endfacet
  facet normal 0.773043 0.634354 0
    outer loop
      vertex 3.84798 23.9315 0
      vertex 3.89779 23.8708 2.4
      vertex 3.89779 23.8708 0
    endloop
  endfacet
  facet normal 0.729783 0.683678 0
    outer loop
      vertex 3.95147 23.8135 2.4
      vertex 3.89779 23.8708 0
      vertex 3.89779 23.8708 2.4
    endloop
  endfacet
  facet normal 0.729783 0.683678 0
    outer loop
      vertex 3.89779 23.8708 0
      vertex 3.95147 23.8135 2.4
      vertex 3.95147 23.8135 0
    endloop
  endfacet
  facet normal -0.93592 -0.352212 0
    outer loop
      vertex 5.93632 25.0477 0
      vertex 5.90866 25.1212 2.4
      vertex 5.90866 25.1212 0
    endloop
  endfacet
  facet normal -0.93592 -0.352212 0
    outer loop
      vertex 5.90866 25.1212 2.4
      vertex 5.93632 25.0477 0
      vertex 5.93632 25.0477 2.4
    endloop
  endfacet
  facet normal -0.882036 -0.471183 0
    outer loop
      vertex 5.87625 25.1927 0
      vertex 5.83923 25.262 2.4
      vertex 5.83923 25.262 0
    endloop
  endfacet
  facet normal -0.882036 -0.471183 0
    outer loop
      vertex 5.83923 25.262 2.4
      vertex 5.87625 25.1927 0
      vertex 5.87625 25.1927 2.4
    endloop
  endfacet
  facet normal -0.729783 -0.683678 0
    outer loop
      vertex 5.70221 25.4532 0
      vertex 5.64853 25.5105 2.4
      vertex 5.64853 25.5105 0
    endloop
  endfacet
  facet normal -0.729783 -0.683678 0
    outer loop
      vertex 5.64853 25.5105 2.4
      vertex 5.70221 25.4532 0
      vertex 5.70221 25.4532 2.4
    endloop
  endfacet
  facet normal -0.634278 -0.773105 0
    outer loop
      vertex 5.53051 25.614 0
      vertex 5.59121 25.5642 2.4
      vertex 5.53051 25.614 2.4
    endloop
  endfacet
  facet normal -0.634278 -0.773105 -0
    outer loop
      vertex 5.59121 25.5642 2.4
      vertex 5.53051 25.614 0
      vertex 5.59121 25.5642 0
    endloop
  endfacet
  facet normal 0.0331113 -0.999452 0
    outer loop
      vertex 4.72152 25.8594 0
      vertex 4.8 25.862 2.4
      vertex 4.72152 25.8594 2.4
    endloop
  endfacet
  facet normal 0.0331113 -0.999452 0
    outer loop
      vertex 4.8 25.862 2.4
      vertex 4.72152 25.8594 0
      vertex 4.8 25.862 0
    endloop
  endfacet
  facet normal -0.582983 -0.812485 0
    outer loop
      vertex 5.46668 25.6598 0
      vertex 5.53051 25.614 2.4
      vertex 5.46668 25.6598 2.4
    endloop
  endfacet
  facet normal -0.582983 -0.812485 -0
    outer loop
      vertex 5.53051 25.614 2.4
      vertex 5.46668 25.6598 0
      vertex 5.53051 25.614 0
    endloop
  endfacet
  facet normal -0.351584 -0.936156 0
    outer loop
      vertex 5.18573 25.7983 0
      vertex 5.25922 25.7707 2.4
      vertex 5.18573 25.7983 2.4
    endloop
  endfacet
  facet normal -0.351584 -0.936156 -0
    outer loop
      vertex 5.25922 25.7707 2.4
      vertex 5.18573 25.7983 0
      vertex 5.25922 25.7707 0
    endloop
  endfacet
  facet normal -0.413659 -0.910432 0
    outer loop
      vertex 5.25922 25.7707 0
      vertex 5.33075 25.7382 2.4
      vertex 5.25922 25.7707 2.4
    endloop
  endfacet
  facet normal -0.413659 -0.910432 -0
    outer loop
      vertex 5.33075 25.7382 2.4
      vertex 5.25922 25.7707 0
      vertex 5.33075 25.7382 0
    endloop
  endfacet
  facet normal -0.22671 -0.973962 0
    outer loop
      vertex 5.03411 25.8389 0
      vertex 5.11058 25.8211 2.4
      vertex 5.03411 25.8389 2.4
    endloop
  endfacet
  facet normal -0.22671 -0.973962 -0
    outer loop
      vertex 5.11058 25.8211 2.4
      vertex 5.03411 25.8389 0
      vertex 5.11058 25.8211 0
    endloop
  endfacet
  facet normal 0.999465 0.0327213 0
    outer loop
      vertex 3.60257 24.5835 2.4
      vertex 3.6 24.662 0
      vertex 3.6 24.662 2.4
    endloop
  endfacet
  facet normal 0.999465 0.0327213 0
    outer loop
      vertex 3.6 24.662 0
      vertex 3.60257 24.5835 2.4
      vertex 3.60257 24.5835 0
    endloop
  endfacet
  facet normal 0.995175 -0.0981158 0
    outer loop
      vertex 3.60257 24.7405 2.4
      vertex 3.61027 24.8186 0
      vertex 3.61027 24.8186 2.4
    endloop
  endfacet
  facet normal 0.995175 -0.0981158 0
    outer loop
      vertex 3.61027 24.8186 0
      vertex 3.60257 24.7405 2.4
      vertex 3.60257 24.7405 0
    endloop
  endfacet
  facet normal 0.973898 -0.226988 0
    outer loop
      vertex 3.62306 24.8961 2.4
      vertex 3.64089 24.9726 0
      vertex 3.64089 24.9726 2.4
    endloop
  endfacet
  facet normal 0.973898 -0.226988 0
    outer loop
      vertex 3.64089 24.9726 0
      vertex 3.62306 24.8961 2.4
      vertex 3.62306 24.8961 0
    endloop
  endfacet
  facet normal 0.93592 -0.352212 0
    outer loop
      vertex 3.66368 25.0477 2.4
      vertex 3.69134 25.1212 0
      vertex 3.69134 25.1212 2.4
    endloop
  endfacet
  facet normal 0.93592 -0.352212 0
    outer loop
      vertex 3.69134 25.1212 0
      vertex 3.66368 25.0477 2.4
      vertex 3.66368 25.0477 0
    endloop
  endfacet
  facet normal 0.882036 -0.471183 0
    outer loop
      vertex 3.72375 25.1927 2.4
      vertex 3.76077 25.262 0
      vertex 3.76077 25.262 2.4
    endloop
  endfacet
  facet normal 0.882036 -0.471183 0
    outer loop
      vertex 3.76077 25.262 0
      vertex 3.72375 25.1927 2.4
      vertex 3.72375 25.1927 0
    endloop
  endfacet
  facet normal 0.773043 -0.634354 0
    outer loop
      vertex 3.84798 25.3925 2.4
      vertex 3.89779 25.4532 0
      vertex 3.89779 25.4532 2.4
    endloop
  endfacet
  facet normal 0.773043 -0.634354 0
    outer loop
      vertex 3.89779 25.4532 0
      vertex 3.84798 25.3925 2.4
      vertex 3.84798 25.3925 0
    endloop
  endfacet
  facet normal 0.413659 -0.910432 0
    outer loop
      vertex 4.26925 25.7382 0
      vertex 4.34078 25.7707 2.4
      vertex 4.26925 25.7382 2.4
    endloop
  endfacet
  facet normal 0.413659 -0.910432 0
    outer loop
      vertex 4.34078 25.7707 2.4
      vertex 4.26925 25.7382 0
      vertex 4.34078 25.7707 0
    endloop
  endfacet
  facet normal 0.290325 -0.956928 0
    outer loop
      vertex 4.41427 25.7983 0
      vertex 4.48942 25.8211 2.4
      vertex 4.41427 25.7983 2.4
    endloop
  endfacet
  facet normal 0.290325 -0.956928 0
    outer loop
      vertex 4.48942 25.8211 2.4
      vertex 4.41427 25.7983 0
      vertex 4.48942 25.8211 0
    endloop
  endfacet
  facet normal 0.162995 -0.986627 0
    outer loop
      vertex 4.56589 25.8389 0
      vertex 4.64337 25.8517 2.4
      vertex 4.56589 25.8389 2.4
    endloop
  endfacet
  facet normal 0.162995 -0.986627 0
    outer loop
      vertex 4.64337 25.8517 2.4
      vertex 4.56589 25.8389 0
      vertex 4.64337 25.8517 0
    endloop
  endfacet
  facet normal 0.22671 -0.973962 0
    outer loop
      vertex 4.48942 25.8211 0
      vertex 4.56589 25.8389 2.4
      vertex 4.48942 25.8211 2.4
    endloop
  endfacet
  facet normal 0.22671 -0.973962 0
    outer loop
      vertex 4.56589 25.8389 2.4
      vertex 4.48942 25.8211 0
      vertex 4.56589 25.8389 0
    endloop
  endfacet
  facet normal 0.471249 -0.882 0
    outer loop
      vertex 4.2 25.7012 0
      vertex 4.26925 25.7382 2.4
      vertex 4.2 25.7012 2.4
    endloop
  endfacet
  facet normal 0.471249 -0.882 0
    outer loop
      vertex 4.26925 25.7382 2.4
      vertex 4.2 25.7012 0
      vertex 4.26925 25.7382 0
    endloop
  endfacet
  facet normal 0.729783 -0.683678 0
    outer loop
      vertex 3.89779 25.4532 2.4
      vertex 3.95147 25.5105 0
      vertex 3.95147 25.5105 2.4
    endloop
  endfacet
  facet normal 0.729783 -0.683678 0
    outer loop
      vertex 3.95147 25.5105 0
      vertex 3.89779 25.4532 2.4
      vertex 3.89779 25.4532 0
    endloop
  endfacet
  facet normal -0.995175 0.0981158 0
    outer loop
      vertex 5.98973 24.5054 0
      vertex 5.99743 24.5835 2.4
      vertex 5.99743 24.5835 0
    endloop
  endfacet
  facet normal -0.995175 0.0981158 0
    outer loop
      vertex 5.99743 24.5835 2.4
      vertex 5.98973 24.5054 0
      vertex 5.98973 24.5054 2.4
    endloop
  endfacet
  facet normal -0.986654 0.16283 0
    outer loop
      vertex 5.97694 24.4279 0
      vertex 5.98973 24.5054 2.4
      vertex 5.98973 24.5054 0
    endloop
  endfacet
  facet normal -0.986654 0.16283 0
    outer loop
      vertex 5.98973 24.5054 2.4
      vertex 5.97694 24.4279 0
      vertex 5.97694 24.4279 2.4
    endloop
  endfacet
  facet normal -0.999465 0.0327213 0
    outer loop
      vertex 5.99743 24.5835 0
      vertex 6 24.662 2.4
      vertex 6 24.662 0
    endloop
  endfacet
  facet normal -0.999465 0.0327213 0
    outer loop
      vertex 6 24.662 2.4
      vertex 5.99743 24.5835 0
      vertex 5.99743 24.5835 2.4
    endloop
  endfacet
  facet normal -0.95691 0.290386 0
    outer loop
      vertex 5.93632 24.2763 0
      vertex 5.95911 24.3514 2.4
      vertex 5.95911 24.3514 0
    endloop
  endfacet
  facet normal -0.95691 0.290386 0
    outer loop
      vertex 5.95911 24.3514 2.4
      vertex 5.93632 24.2763 0
      vertex 5.93632 24.2763 2.4
    endloop
  endfacet
  facet normal -0.773043 0.634354 0
    outer loop
      vertex 5.70221 23.8708 0
      vertex 5.75202 23.9315 2.4
      vertex 5.75202 23.9315 0
    endloop
  endfacet
  facet normal -0.773043 0.634354 0
    outer loop
      vertex 5.75202 23.9315 2.4
      vertex 5.70221 23.8708 0
      vertex 5.70221 23.8708 2.4
    endloop
  endfacet
  facet normal -0.162995 0.986627 0
    outer loop
      vertex 5.03411 23.4851 0
      vertex 4.95663 23.4723 2.4
      vertex 5.03411 23.4851 2.4
    endloop
  endfacet
  facet normal -0.162995 0.986627 0
    outer loop
      vertex 4.95663 23.4723 2.4
      vertex 5.03411 23.4851 0
      vertex 4.95663 23.4723 0
    endloop
  endfacet
  facet normal -0.413659 0.910432 0
    outer loop
      vertex 5.33075 23.5858 0
      vertex 5.25922 23.5533 2.4
      vertex 5.33075 23.5858 2.4
    endloop
  endfacet
  facet normal -0.413659 0.910432 0
    outer loop
      vertex 5.25922 23.5533 2.4
      vertex 5.33075 23.5858 0
      vertex 5.25922 23.5533 0
    endloop
  endfacet
  facet normal -0.729783 0.683678 0
    outer loop
      vertex 5.64853 23.8135 0
      vertex 5.70221 23.8708 2.4
      vertex 5.70221 23.8708 0
    endloop
  endfacet
  facet normal -0.729783 0.683678 0
    outer loop
      vertex 5.70221 23.8708 2.4
      vertex 5.64853 23.8135 0
      vertex 5.64853 23.8135 2.4
    endloop
  endfacet
  facet normal -0.527477 0.849569 0
    outer loop
      vertex 5.46668 23.6642 0
      vertex 5.4 23.6228 2.4
      vertex 5.46668 23.6642 2.4
    endloop
  endfacet
  facet normal -0.527477 0.849569 0
    outer loop
      vertex 5.4 23.6228 2.4
      vertex 5.46668 23.6642 0
      vertex 5.4 23.6228 0
    endloop
  endfacet
  facet normal 0.290325 0.956928 -0
    outer loop
      vertex 4.48942 23.5029 0
      vertex 4.41427 23.5257 2.4
      vertex 4.48942 23.5029 2.4
    endloop
  endfacet
  facet normal 0.290325 0.956928 0
    outer loop
      vertex 4.41427 23.5257 2.4
      vertex 4.48942 23.5029 0
      vertex 4.41427 23.5257 0
    endloop
  endfacet
  facet normal 0.22671 0.973962 -0
    outer loop
      vertex 4.56589 23.4851 0
      vertex 4.48942 23.5029 2.4
      vertex 4.56589 23.4851 2.4
    endloop
  endfacet
  facet normal 0.22671 0.973962 0
    outer loop
      vertex 4.48942 23.5029 2.4
      vertex 4.56589 23.4851 0
      vertex 4.48942 23.5029 0
    endloop
  endfacet
  facet normal 0.0980537 0.995181 -0
    outer loop
      vertex 4.72152 23.4646 0
      vertex 4.64337 23.4723 2.4
      vertex 4.72152 23.4646 2.4
    endloop
  endfacet
  facet normal 0.0980537 0.995181 0
    outer loop
      vertex 4.64337 23.4723 2.4
      vertex 4.72152 23.4646 0
      vertex 4.64337 23.4723 0
    endloop
  endfacet
  facet normal 0.471249 0.882 -0
    outer loop
      vertex 4.26925 23.5858 0
      vertex 4.2 23.6228 2.4
      vertex 4.26925 23.5858 2.4
    endloop
  endfacet
  facet normal 0.471249 0.882 0
    outer loop
      vertex 4.2 23.6228 2.4
      vertex 4.26925 23.5858 0
      vertex 4.2 23.6228 0
    endloop
  endfacet
  facet normal 0.527477 0.849569 -0
    outer loop
      vertex 4.2 23.6228 0
      vertex 4.13332 23.6642 2.4
      vertex 4.2 23.6228 2.4
    endloop
  endfacet
  facet normal 0.527477 0.849569 0
    outer loop
      vertex 4.13332 23.6642 2.4
      vertex 4.2 23.6228 0
      vertex 4.13332 23.6642 0
    endloop
  endfacet
  facet normal 0.634215 0.773157 -0
    outer loop
      vertex 4.06949 23.71 0
      vertex 4.00878 23.7598 2.4
      vertex 4.06949 23.71 2.4
    endloop
  endfacet
  facet normal 0.634215 0.773157 0
    outer loop
      vertex 4.00878 23.7598 2.4
      vertex 4.06949 23.71 0
      vertex 4.00878 23.7598 0
    endloop
  endfacet
  facet normal 0.986654 0.16283 0
    outer loop
      vertex 3.62306 24.4279 2.4
      vertex 3.61027 24.5054 0
      vertex 3.61027 24.5054 2.4
    endloop
  endfacet
  facet normal 0.986654 0.16283 0
    outer loop
      vertex 3.61027 24.5054 0
      vertex 3.62306 24.4279 2.4
      vertex 3.62306 24.4279 0
    endloop
  endfacet
  facet normal 0.93592 0.352212 0
    outer loop
      vertex 3.69134 24.2028 2.4
      vertex 3.66368 24.2763 0
      vertex 3.66368 24.2763 2.4
    endloop
  endfacet
  facet normal 0.93592 0.352212 0
    outer loop
      vertex 3.66368 24.2763 0
      vertex 3.69134 24.2028 2.4
      vertex 3.69134 24.2028 0
    endloop
  endfacet
  facet normal 0.683751 0.729716 -0
    outer loop
      vertex 4.00878 23.7598 0
      vertex 3.95147 23.8135 2.4
      vertex 4.00878 23.7598 2.4
    endloop
  endfacet
  facet normal 0.683751 0.729716 0
    outer loop
      vertex 3.95147 23.8135 2.4
      vertex 4.00878 23.7598 0
      vertex 3.95147 23.8135 0
    endloop
  endfacet
  facet normal 0.812717 0.582659 0
    outer loop
      vertex 3.84798 23.9315 2.4
      vertex 3.80224 23.9953 0
      vertex 3.80224 23.9953 2.4
    endloop
  endfacet
  facet normal 0.812717 0.582659 0
    outer loop
      vertex 3.80224 23.9953 0
      vertex 3.84798 23.9315 2.4
      vertex 3.84798 23.9315 0
    endloop
  endfacet
  facet normal -0.973898 -0.226988 0
    outer loop
      vertex 5.97694 24.8961 0
      vertex 5.95911 24.9726 2.4
      vertex 5.95911 24.9726 0
    endloop
  endfacet
  facet normal -0.973898 -0.226988 0
    outer loop
      vertex 5.95911 24.9726 2.4
      vertex 5.97694 24.8961 0
      vertex 5.97694 24.8961 2.4
    endloop
  endfacet
  facet normal -0.986654 -0.16283 0
    outer loop
      vertex 5.98973 24.8186 0
      vertex 5.97694 24.8961 2.4
      vertex 5.97694 24.8961 0
    endloop
  endfacet
  facet normal -0.986654 -0.16283 0
    outer loop
      vertex 5.97694 24.8961 2.4
      vertex 5.98973 24.8186 0
      vertex 5.98973 24.8186 2.4
    endloop
  endfacet
  facet normal -0.995175 -0.0981158 0
    outer loop
      vertex 5.99743 24.7405 0
      vertex 5.98973 24.8186 2.4
      vertex 5.98973 24.8186 0
    endloop
  endfacet
  facet normal -0.995175 -0.0981158 0
    outer loop
      vertex 5.98973 24.8186 2.4
      vertex 5.99743 24.7405 0
      vertex 5.99743 24.7405 2.4
    endloop
  endfacet
  facet normal 0.683751 -0.729716 0
    outer loop
      vertex 3.95147 25.5105 0
      vertex 4.00878 25.5642 2.4
      vertex 3.95147 25.5105 2.4
    endloop
  endfacet
  facet normal 0.683751 -0.729716 0
    outer loop
      vertex 4.00878 25.5642 2.4
      vertex 3.95147 25.5105 0
      vertex 4.00878 25.5642 0
    endloop
  endfacet
  facet normal -0.93592 0.352212 0
    outer loop
      vertex 5.90866 24.2028 0
      vertex 5.93632 24.2763 2.4
      vertex 5.93632 24.2763 0
    endloop
  endfacet
  facet normal -0.93592 0.352212 0
    outer loop
      vertex 5.93632 24.2763 2.4
      vertex 5.90866 24.2028 0
      vertex 5.90866 24.2028 2.4
    endloop
  endfacet
  facet normal -0.910798 0.412853 0
    outer loop
      vertex 5.87625 24.1313 0
      vertex 5.90866 24.2028 2.4
      vertex 5.90866 24.2028 0
    endloop
  endfacet
  facet normal -0.910798 0.412853 0
    outer loop
      vertex 5.90866 24.2028 2.4
      vertex 5.87625 24.1313 0
      vertex 5.87625 24.1313 2.4
    endloop
  endfacet
  facet normal -0.22671 0.973962 0
    outer loop
      vertex 5.11058 23.5029 0
      vertex 5.03411 23.4851 2.4
      vertex 5.11058 23.5029 2.4
    endloop
  endfacet
  facet normal -0.22671 0.973962 0
    outer loop
      vertex 5.03411 23.4851 2.4
      vertex 5.11058 23.5029 0
      vertex 5.03411 23.4851 0
    endloop
  endfacet
  facet normal -0.351584 0.936156 0
    outer loop
      vertex 5.25922 23.5533 0
      vertex 5.18573 23.5257 2.4
      vertex 5.25922 23.5533 2.4
    endloop
  endfacet
  facet normal -0.351584 0.936156 0
    outer loop
      vertex 5.18573 23.5257 2.4
      vertex 5.25922 23.5533 0
      vertex 5.18573 23.5257 0
    endloop
  endfacet
  facet normal -0.582983 0.812485 0
    outer loop
      vertex 5.53051 23.71 0
      vertex 5.46668 23.6642 2.4
      vertex 5.53051 23.71 2.4
    endloop
  endfacet
  facet normal -0.582983 0.812485 0
    outer loop
      vertex 5.46668 23.6642 2.4
      vertex 5.53051 23.71 0
      vertex 5.46668 23.6642 0
    endloop
  endfacet
  facet normal 0.0331113 0.999452 -0
    outer loop
      vertex 4.8 23.462 0
      vertex 4.72152 23.4646 2.4
      vertex 4.8 23.462 2.4
    endloop
  endfacet
  facet normal 0.0331113 0.999452 0
    outer loop
      vertex 4.72152 23.4646 2.4
      vertex 4.8 23.462 0
      vertex 4.72152 23.4646 0
    endloop
  endfacet
  facet normal 0.413659 0.910432 -0
    outer loop
      vertex 4.34078 23.5533 0
      vertex 4.26925 23.5858 2.4
      vertex 4.34078 23.5533 2.4
    endloop
  endfacet
  facet normal 0.413659 0.910432 0
    outer loop
      vertex 4.26925 23.5858 2.4
      vertex 4.34078 23.5533 0
      vertex 4.26925 23.5858 0
    endloop
  endfacet
  facet normal 0.582983 0.812485 -0
    outer loop
      vertex 4.13332 23.6642 0
      vertex 4.06949 23.71 2.4
      vertex 4.13332 23.6642 2.4
    endloop
  endfacet
  facet normal 0.582983 0.812485 0
    outer loop
      vertex 4.06949 23.71 2.4
      vertex 4.13332 23.6642 0
      vertex 4.06949 23.71 0
    endloop
  endfacet
  facet normal 0.973898 0.226988 0
    outer loop
      vertex 3.64089 24.3514 2.4
      vertex 3.62306 24.4279 0
      vertex 3.62306 24.4279 2.4
    endloop
  endfacet
  facet normal 0.973898 0.226988 0
    outer loop
      vertex 3.62306 24.4279 0
      vertex 3.64089 24.3514 2.4
      vertex 3.64089 24.3514 0
    endloop
  endfacet
  facet normal 0.910798 0.412853 0
    outer loop
      vertex 3.72375 24.1313 2.4
      vertex 3.69134 24.2028 0
      vertex 3.69134 24.2028 2.4
    endloop
  endfacet
  facet normal 0.910798 0.412853 0
    outer loop
      vertex 3.69134 24.2028 0
      vertex 3.72375 24.1313 2.4
      vertex 3.72375 24.1313 0
    endloop
  endfacet
  facet normal 0.849241 0.528006 0
    outer loop
      vertex 3.80224 23.9953 2.4
      vertex 3.76077 24.062 0
      vertex 3.76077 24.062 2.4
    endloop
  endfacet
  facet normal 0.849241 0.528006 0
    outer loop
      vertex 3.76077 24.062 0
      vertex 3.80224 23.9953 2.4
      vertex 3.80224 23.9953 0
    endloop
  endfacet
  facet normal -0.973898 0.226988 0
    outer loop
      vertex 5.95911 24.3514 0
      vertex 5.97694 24.4279 2.4
      vertex 5.97694 24.4279 0
    endloop
  endfacet
  facet normal -0.973898 0.226988 0
    outer loop
      vertex 5.97694 24.4279 2.4
      vertex 5.95911 24.3514 0
      vertex 5.95911 24.3514 2.4
    endloop
  endfacet
  facet normal -0.849241 0.528006 0
    outer loop
      vertex 5.79776 23.9953 0
      vertex 5.83923 24.062 2.4
      vertex 5.83923 24.062 0
    endloop
  endfacet
  facet normal -0.849241 0.528006 0
    outer loop
      vertex 5.83923 24.062 2.4
      vertex 5.79776 23.9953 0
      vertex 5.79776 23.9953 2.4
    endloop
  endfacet
  facet normal -0.812717 0.582659 0
    outer loop
      vertex 5.75202 23.9315 0
      vertex 5.79776 23.9953 2.4
      vertex 5.79776 23.9953 0
    endloop
  endfacet
  facet normal -0.812717 0.582659 0
    outer loop
      vertex 5.79776 23.9953 2.4
      vertex 5.75202 23.9315 0
      vertex 5.75202 23.9315 2.4
    endloop
  endfacet
  facet normal -0.882036 0.471183 0
    outer loop
      vertex 5.83923 24.062 0
      vertex 5.87625 24.1313 2.4
      vertex 5.87625 24.1313 0
    endloop
  endfacet
  facet normal -0.882036 0.471183 0
    outer loop
      vertex 5.87625 24.1313 2.4
      vertex 5.83923 24.062 0
      vertex 5.83923 24.062 2.4
    endloop
  endfacet
  facet normal -0.999452 -0.0331029 0
    outer loop
      vertex 27 12.162 0
      vertex 26.9974 12.2405 2.4
      vertex 26.9974 12.2405 0
    endloop
  endfacet
  facet normal -0.999452 -0.0331029 0
    outer loop
      vertex 26.9974 12.2405 2.4
      vertex 27 12.162 0
      vertex 27 12.162 2.4
    endloop
  endfacet
  facet normal -0.683814 -0.729656 0
    outer loop
      vertex 26.5912 13.0642 0
      vertex 26.6485 13.0105 2.4
      vertex 26.5912 13.0642 2.4
    endloop
  endfacet
  facet normal -0.683814 -0.729656 -0
    outer loop
      vertex 26.6485 13.0105 2.4
      vertex 26.5912 13.0642 0
      vertex 26.6485 13.0105 0
    endloop
  endfacet
  facet normal 0.773105 0.634278 0
    outer loop
      vertex 24.8978 11.3708 2.4
      vertex 24.848 11.4315 0
      vertex 24.848 11.4315 2.4
    endloop
  endfacet
  facet normal 0.773105 0.634278 0
    outer loop
      vertex 24.848 11.4315 0
      vertex 24.8978 11.3708 2.4
      vertex 24.8978 11.3708 0
    endloop
  endfacet
  facet normal -0.956874 -0.290502 0
    outer loop
      vertex 26.9591 12.4726 0
      vertex 26.9363 12.5477 2.4
      vertex 26.9363 12.5477 0
    endloop
  endfacet
  facet normal -0.956874 -0.290502 0
    outer loop
      vertex 26.9363 12.5477 2.4
      vertex 26.9591 12.4726 0
      vertex 26.9591 12.4726 2.4
    endloop
  endfacet
  facet normal -0.0331029 -0.999452 0
    outer loop
      vertex 25.8 13.362 0
      vertex 25.8785 13.3594 2.4
      vertex 25.8 13.362 2.4
    endloop
  endfacet
  facet normal -0.0331029 -0.999452 -0
    outer loop
      vertex 25.8785 13.3594 2.4
      vertex 25.8 13.362 0
      vertex 25.8785 13.3594 0
    endloop
  endfacet
  facet normal -0.413803 -0.910366 0
    outer loop
      vertex 26.2592 13.2707 0
      vertex 26.3307 13.2382 2.4
      vertex 26.2592 13.2707 2.4
    endloop
  endfacet
  facet normal -0.413803 -0.910366 -0
    outer loop
      vertex 26.3307 13.2382 2.4
      vertex 26.2592 13.2707 0
      vertex 26.3307 13.2382 0
    endloop
  endfacet
  facet normal 0.882141 -0.470985 0
    outer loop
      vertex 24.7238 12.6927 2.4
      vertex 24.7608 12.762 0
      vertex 24.7608 12.762 2.4
    endloop
  endfacet
  facet normal 0.882141 -0.470985 0
    outer loop
      vertex 24.7608 12.762 0
      vertex 24.7238 12.6927 2.4
      vertex 24.7238 12.6927 0
    endloop
  endfacet
  facet normal 0.84964 -0.527363 0
    outer loop
      vertex 24.7608 12.762 2.4
      vertex 24.8022 12.8287 0
      vertex 24.8022 12.8287 2.4
    endloop
  endfacet
  facet normal 0.84964 -0.527363 0
    outer loop
      vertex 24.8022 12.8287 0
      vertex 24.7608 12.762 2.4
      vertex 24.7608 12.762 0
    endloop
  endfacet
  facet normal 0.999452 -0.0331029 0
    outer loop
      vertex 24.6 12.162 2.4
      vertex 24.6026 12.2405 0
      vertex 24.6026 12.2405 2.4
    endloop
  endfacet
  facet normal 0.999452 -0.0331029 0
    outer loop
      vertex 24.6026 12.2405 0
      vertex 24.6 12.162 2.4
      vertex 24.6 12.162 0
    endloop
  endfacet
  facet normal 0.351542 -0.936172 0
    outer loop
      vertex 25.3408 13.2707 0
      vertex 25.4143 13.2983 2.4
      vertex 25.3408 13.2707 2.4
    endloop
  endfacet
  facet normal 0.351542 -0.936172 0
    outer loop
      vertex 25.4143 13.2983 2.4
      vertex 25.3408 13.2707 0
      vertex 25.4143 13.2983 0
    endloop
  endfacet
  facet normal -0.882141 0.470985 0
    outer loop
      vertex 26.8392 11.562 0
      vertex 26.8762 11.6313 2.4
      vertex 26.8762 11.6313 0
    endloop
  endfacet
  facet normal -0.882141 0.470985 0
    outer loop
      vertex 26.8762 11.6313 2.4
      vertex 26.8392 11.562 0
      vertex 26.8392 11.562 2.4
    endloop
  endfacet
  facet normal -0.290502 0.956874 0
    outer loop
      vertex 26.1857 11.0257 0
      vertex 26.1106 11.0029 2.4
      vertex 26.1857 11.0257 2.4
    endloop
  endfacet
  facet normal -0.290502 0.956874 0
    outer loop
      vertex 26.1106 11.0029 2.4
      vertex 26.1857 11.0257 0
      vertex 26.1106 11.0029 0
    endloop
  endfacet
  facet normal -0.683814 0.729656 0
    outer loop
      vertex 26.6485 11.3135 0
      vertex 26.5912 11.2598 2.4
      vertex 26.6485 11.3135 2.4
    endloop
  endfacet
  facet normal -0.683814 0.729656 0
    outer loop
      vertex 26.5912 11.2598 2.4
      vertex 26.6485 11.3135 0
      vertex 26.5912 11.2598 0
    endloop
  endfacet
  facet normal -0.986634 0.162954 0
    outer loop
      vertex 26.9769 11.9279 0
      vertex 26.9897 12.0054 2.4
      vertex 26.9897 12.0054 0
    endloop
  endfacet
  facet normal -0.986634 0.162954 0
    outer loop
      vertex 26.9897 12.0054 2.4
      vertex 26.9769 11.9279 0
      vertex 26.9769 11.9279 2.4
    endloop
  endfacet
  facet normal -0.973982 0.226626 0
    outer loop
      vertex 26.9591 11.8514 0
      vertex 26.9769 11.9279 2.4
      vertex 26.9769 11.9279 0
    endloop
  endfacet
  facet normal -0.973982 0.226626 0
    outer loop
      vertex 26.9769 11.9279 2.4
      vertex 26.9591 11.8514 0
      vertex 26.9591 11.8514 2.4
    endloop
  endfacet
  facet normal 0.290502 0.956874 -0
    outer loop
      vertex 25.4894 11.0029 0
      vertex 25.4143 11.0257 2.4
      vertex 25.4894 11.0029 2.4
    endloop
  endfacet
  facet normal 0.290502 0.956874 0
    outer loop
      vertex 25.4143 11.0257 2.4
      vertex 25.4894 11.0029 0
      vertex 25.4143 11.0257 0
    endloop
  endfacet
  facet normal -0.910366 -0.413803 0
    outer loop
      vertex 26.9087 12.6212 0
      vertex 26.8762 12.6927 2.4
      vertex 26.8762 12.6927 0
    endloop
  endfacet
  facet normal -0.910366 -0.413803 0
    outer loop
      vertex 26.8762 12.6927 2.4
      vertex 26.9087 12.6212 0
      vertex 26.9087 12.6212 2.4
    endloop
  endfacet
  facet normal -0.84964 -0.527363 0
    outer loop
      vertex 26.8392 12.762 0
      vertex 26.7978 12.8287 2.4
      vertex 26.7978 12.8287 0
    endloop
  endfacet
  facet normal -0.84964 -0.527363 0
    outer loop
      vertex 26.7978 12.8287 2.4
      vertex 26.8392 12.762 0
      vertex 26.8392 12.762 2.4
    endloop
  endfacet
  facet normal -0.729656 -0.683814 0
    outer loop
      vertex 26.7022 12.9532 0
      vertex 26.6485 13.0105 2.4
      vertex 26.6485 13.0105 0
    endloop
  endfacet
  facet normal -0.729656 -0.683814 0
    outer loop
      vertex 26.6485 13.0105 2.4
      vertex 26.7022 12.9532 0
      vertex 26.7022 12.9532 2.4
    endloop
  endfacet
  facet normal -0.812355 -0.583164 0
    outer loop
      vertex 26.7978 12.8287 0
      vertex 26.752 12.8925 2.4
      vertex 26.752 12.8925 0
    endloop
  endfacet
  facet normal -0.812355 -0.583164 0
    outer loop
      vertex 26.752 12.8925 2.4
      vertex 26.7978 12.8287 0
      vertex 26.7978 12.8287 2.4
    endloop
  endfacet
  facet normal -0.162954 -0.986634 0
    outer loop
      vertex 25.9566 13.3517 0
      vertex 26.0341 13.3389 2.4
      vertex 25.9566 13.3517 2.4
    endloop
  endfacet
  facet normal -0.162954 -0.986634 -0
    outer loop
      vertex 26.0341 13.3389 2.4
      vertex 25.9566 13.3517 0
      vertex 26.0341 13.3389 0
    endloop
  endfacet
  facet normal -0.290502 -0.956874 0
    outer loop
      vertex 26.1106 13.3211 0
      vertex 26.1857 13.2983 2.4
      vertex 26.1106 13.3211 2.4
    endloop
  endfacet
  facet normal -0.290502 -0.956874 -0
    outer loop
      vertex 26.1857 13.2983 2.4
      vertex 26.1106 13.3211 0
      vertex 26.1857 13.2983 0
    endloop
  endfacet
  facet normal -0.583164 -0.812355 0
    outer loop
      vertex 26.4667 13.1598 0
      vertex 26.5305 13.114 2.4
      vertex 26.4667 13.1598 2.4
    endloop
  endfacet
  facet normal -0.583164 -0.812355 -0
    outer loop
      vertex 26.5305 13.114 2.4
      vertex 26.4667 13.1598 0
      vertex 26.5305 13.114 0
    endloop
  endfacet
  facet normal -0.470985 -0.882141 0
    outer loop
      vertex 26.3307 13.2382 0
      vertex 26.4 13.2012 2.4
      vertex 26.3307 13.2382 2.4
    endloop
  endfacet
  facet normal -0.470985 -0.882141 -0
    outer loop
      vertex 26.4 13.2012 2.4
      vertex 26.3307 13.2382 0
      vertex 26.4 13.2012 0
    endloop
  endfacet
  facet normal -0.527363 -0.84964 0
    outer loop
      vertex 26.4 13.2012 0
      vertex 26.4667 13.1598 2.4
      vertex 26.4 13.2012 2.4
    endloop
  endfacet
  facet normal -0.527363 -0.84964 -0
    outer loop
      vertex 26.4667 13.1598 2.4
      vertex 26.4 13.2012 0
      vertex 26.4667 13.1598 0
    endloop
  endfacet
  facet normal 0.986634 -0.162954 0
    outer loop
      vertex 24.6103 12.3186 2.4
      vertex 24.6231 12.3961 0
      vertex 24.6231 12.3961 2.4
    endloop
  endfacet
  facet normal 0.986634 -0.162954 0
    outer loop
      vertex 24.6231 12.3961 0
      vertex 24.6103 12.3186 2.4
      vertex 24.6103 12.3186 0
    endloop
  endfacet
  facet normal 0.956874 -0.290502 0
    outer loop
      vertex 24.6409 12.4726 2.4
      vertex 24.6637 12.5477 0
      vertex 24.6637 12.5477 2.4
    endloop
  endfacet
  facet normal 0.956874 -0.290502 0
    outer loop
      vertex 24.6637 12.5477 0
      vertex 24.6409 12.4726 2.4
      vertex 24.6409 12.4726 0
    endloop
  endfacet
  facet normal 0.995175 -0.0981158 0
    outer loop
      vertex 24.6026 12.2405 2.4
      vertex 24.6103 12.3186 0
      vertex 24.6103 12.3186 2.4
    endloop
  endfacet
  facet normal 0.995175 -0.0981158 0
    outer loop
      vertex 24.6103 12.3186 0
      vertex 24.6026 12.2405 2.4
      vertex 24.6026 12.2405 0
    endloop
  endfacet
  facet normal 0.583164 -0.812355 0
    outer loop
      vertex 25.0695 13.114 0
      vertex 25.1333 13.1598 2.4
      vertex 25.0695 13.114 2.4
    endloop
  endfacet
  facet normal 0.583164 -0.812355 0
    outer loop
      vertex 25.1333 13.1598 2.4
      vertex 25.0695 13.114 0
      vertex 25.1333 13.1598 0
    endloop
  endfacet
  facet normal 0.0981158 -0.995175 0
    outer loop
      vertex 25.6434 13.3517 0
      vertex 25.7215 13.3594 2.4
      vertex 25.6434 13.3517 2.4
    endloop
  endfacet
  facet normal 0.0981158 -0.995175 0
    outer loop
      vertex 25.7215 13.3594 2.4
      vertex 25.6434 13.3517 0
      vertex 25.7215 13.3594 0
    endloop
  endfacet
  facet normal 0.290502 -0.956874 0
    outer loop
      vertex 25.4143 13.2983 0
      vertex 25.4894 13.3211 2.4
      vertex 25.4143 13.2983 2.4
    endloop
  endfacet
  facet normal 0.290502 -0.956874 0
    outer loop
      vertex 25.4894 13.3211 2.4
      vertex 25.4143 13.2983 0
      vertex 25.4894 13.3211 0
    endloop
  endfacet
  facet normal -0.999452 0.0331029 0
    outer loop
      vertex 26.9974 12.0835 0
      vertex 27 12.162 2.4
      vertex 27 12.162 0
    endloop
  endfacet
  facet normal -0.999452 0.0331029 0
    outer loop
      vertex 27 12.162 2.4
      vertex 26.9974 12.0835 0
      vertex 26.9974 12.0835 2.4
    endloop
  endfacet
  facet normal -0.0981158 0.995175 0
    outer loop
      vertex 25.9566 10.9723 0
      vertex 25.8785 10.9646 2.4
      vertex 25.9566 10.9723 2.4
    endloop
  endfacet
  facet normal -0.0981158 0.995175 0
    outer loop
      vertex 25.8785 10.9646 2.4
      vertex 25.9566 10.9723 0
      vertex 25.8785 10.9646 0
    endloop
  endfacet
  facet normal -0.470985 0.882141 0
    outer loop
      vertex 26.4 11.1228 0
      vertex 26.3307 11.0858 2.4
      vertex 26.4 11.1228 2.4
    endloop
  endfacet
  facet normal -0.470985 0.882141 0
    outer loop
      vertex 26.3307 11.0858 2.4
      vertex 26.4 11.1228 0
      vertex 26.3307 11.0858 0
    endloop
  endfacet
  facet normal -0.634278 0.773105 0
    outer loop
      vertex 26.5912 11.2598 0
      vertex 26.5305 11.21 2.4
      vertex 26.5912 11.2598 2.4
    endloop
  endfacet
  facet normal -0.634278 0.773105 0
    outer loop
      vertex 26.5305 11.21 2.4
      vertex 26.5912 11.2598 0
      vertex 26.5305 11.21 0
    endloop
  endfacet
  facet normal -0.773105 0.634278 0
    outer loop
      vertex 26.7022 11.3708 0
      vertex 26.752 11.4315 2.4
      vertex 26.752 11.4315 0
    endloop
  endfacet
  facet normal -0.773105 0.634278 0
    outer loop
      vertex 26.752 11.4315 2.4
      vertex 26.7022 11.3708 0
      vertex 26.7022 11.3708 2.4
    endloop
  endfacet
  facet normal -0.0331029 0.999452 0
    outer loop
      vertex 25.8785 10.9646 0
      vertex 25.8 10.962 2.4
      vertex 25.8785 10.9646 2.4
    endloop
  endfacet
  facet normal -0.0331029 0.999452 0
    outer loop
      vertex 25.8 10.962 2.4
      vertex 25.8785 10.9646 0
      vertex 25.8 10.962 0
    endloop
  endfacet
  facet normal 0.527363 0.84964 -0
    outer loop
      vertex 25.2 11.1228 0
      vertex 25.1333 11.1642 2.4
      vertex 25.2 11.1228 2.4
    endloop
  endfacet
  facet normal 0.527363 0.84964 0
    outer loop
      vertex 25.1333 11.1642 2.4
      vertex 25.2 11.1228 0
      vertex 25.1333 11.1642 0
    endloop
  endfacet
  facet normal 0.729656 0.683814 0
    outer loop
      vertex 24.9515 11.3135 2.4
      vertex 24.8978 11.3708 0
      vertex 24.8978 11.3708 2.4
    endloop
  endfacet
  facet normal 0.729656 0.683814 0
    outer loop
      vertex 24.8978 11.3708 0
      vertex 24.9515 11.3135 2.4
      vertex 24.9515 11.3135 0
    endloop
  endfacet
  facet normal 0.882141 0.470985 0
    outer loop
      vertex 24.7608 11.562 2.4
      vertex 24.7238 11.6313 0
      vertex 24.7238 11.6313 2.4
    endloop
  endfacet
  facet normal 0.882141 0.470985 0
    outer loop
      vertex 24.7238 11.6313 0
      vertex 24.7608 11.562 2.4
      vertex 24.7608 11.562 0
    endloop
  endfacet
  facet normal 0.956874 0.290502 0
    outer loop
      vertex 24.6637 11.7763 2.4
      vertex 24.6409 11.8514 0
      vertex 24.6409 11.8514 2.4
    endloop
  endfacet
  facet normal 0.956874 0.290502 0
    outer loop
      vertex 24.6409 11.8514 0
      vertex 24.6637 11.7763 2.4
      vertex 24.6637 11.7763 0
    endloop
  endfacet
  facet normal 0.995175 0.0981158 0
    outer loop
      vertex 24.6103 12.0054 2.4
      vertex 24.6026 12.0835 0
      vertex 24.6026 12.0835 2.4
    endloop
  endfacet
  facet normal 0.995175 0.0981158 0
    outer loop
      vertex 24.6026 12.0835 0
      vertex 24.6103 12.0054 2.4
      vertex 24.6103 12.0054 0
    endloop
  endfacet
  facet normal -0.936172 -0.351542 0
    outer loop
      vertex 26.9363 12.5477 0
      vertex 26.9087 12.6212 2.4
      vertex 26.9087 12.6212 0
    endloop
  endfacet
  facet normal -0.936172 -0.351542 0
    outer loop
      vertex 26.9087 12.6212 2.4
      vertex 26.9363 12.5477 0
      vertex 26.9363 12.5477 2.4
    endloop
  endfacet
  facet normal -0.773105 -0.634278 0
    outer loop
      vertex 26.752 12.8925 0
      vertex 26.7022 12.9532 2.4
      vertex 26.7022 12.9532 0
    endloop
  endfacet
  facet normal -0.773105 -0.634278 0
    outer loop
      vertex 26.7022 12.9532 2.4
      vertex 26.752 12.8925 0
      vertex 26.752 12.8925 2.4
    endloop
  endfacet
  facet normal -0.882141 -0.470985 0
    outer loop
      vertex 26.8762 12.6927 0
      vertex 26.8392 12.762 2.4
      vertex 26.8392 12.762 0
    endloop
  endfacet
  facet normal -0.882141 -0.470985 0
    outer loop
      vertex 26.8392 12.762 2.4
      vertex 26.8762 12.6927 0
      vertex 26.8762 12.6927 2.4
    endloop
  endfacet
  facet normal 0.0331029 -0.999452 0
    outer loop
      vertex 25.7215 13.3594 0
      vertex 25.8 13.362 2.4
      vertex 25.7215 13.3594 2.4
    endloop
  endfacet
  facet normal 0.0331029 -0.999452 0
    outer loop
      vertex 25.8 13.362 2.4
      vertex 25.7215 13.3594 0
      vertex 25.8 13.362 0
    endloop
  endfacet
  facet normal -0.0981158 -0.995175 0
    outer loop
      vertex 25.8785 13.3594 0
      vertex 25.9566 13.3517 2.4
      vertex 25.8785 13.3594 2.4
    endloop
  endfacet
  facet normal -0.0981158 -0.995175 -0
    outer loop
      vertex 25.9566 13.3517 2.4
      vertex 25.8785 13.3594 0
      vertex 25.9566 13.3517 0
    endloop
  endfacet
  facet normal -0.226626 -0.973982 0
    outer loop
      vertex 26.0341 13.3389 0
      vertex 26.1106 13.3211 2.4
      vertex 26.0341 13.3389 2.4
    endloop
  endfacet
  facet normal -0.226626 -0.973982 -0
    outer loop
      vertex 26.1106 13.3211 2.4
      vertex 26.0341 13.3389 0
      vertex 26.1106 13.3211 0
    endloop
  endfacet
  facet normal -0.351542 -0.936172 0
    outer loop
      vertex 26.1857 13.2983 0
      vertex 26.2592 13.2707 2.4
      vertex 26.1857 13.2983 2.4
    endloop
  endfacet
  facet normal -0.351542 -0.936172 -0
    outer loop
      vertex 26.2592 13.2707 2.4
      vertex 26.1857 13.2983 0
      vertex 26.2592 13.2707 0
    endloop
  endfacet
  facet normal -0.634278 -0.773105 0
    outer loop
      vertex 26.5305 13.114 0
      vertex 26.5912 13.0642 2.4
      vertex 26.5305 13.114 2.4
    endloop
  endfacet
  facet normal -0.634278 -0.773105 -0
    outer loop
      vertex 26.5912 13.0642 2.4
      vertex 26.5305 13.114 0
      vertex 26.5912 13.0642 0
    endloop
  endfacet
  facet normal 0.773105 -0.634278 0
    outer loop
      vertex 24.848 12.8925 2.4
      vertex 24.8978 12.9532 0
      vertex 24.8978 12.9532 2.4
    endloop
  endfacet
  facet normal 0.773105 -0.634278 0
    outer loop
      vertex 24.8978 12.9532 0
      vertex 24.848 12.8925 2.4
      vertex 24.848 12.8925 0
    endloop
  endfacet
  facet normal 0.812355 -0.583164 0
    outer loop
      vertex 24.8022 12.8287 2.4
      vertex 24.848 12.8925 0
      vertex 24.848 12.8925 2.4
    endloop
  endfacet
  facet normal 0.812355 -0.583164 0
    outer loop
      vertex 24.848 12.8925 0
      vertex 24.8022 12.8287 2.4
      vertex 24.8022 12.8287 0
    endloop
  endfacet
  facet normal 0.936172 -0.351542 0
    outer loop
      vertex 24.6637 12.5477 2.4
      vertex 24.6913 12.6212 0
      vertex 24.6913 12.6212 2.4
    endloop
  endfacet
  facet normal 0.936172 -0.351542 0
    outer loop
      vertex 24.6913 12.6212 0
      vertex 24.6637 12.5477 2.4
      vertex 24.6637 12.5477 0
    endloop
  endfacet
  facet normal 0.910366 -0.413803 0
    outer loop
      vertex 24.6913 12.6212 2.4
      vertex 24.7238 12.6927 0
      vertex 24.7238 12.6927 2.4
    endloop
  endfacet
  facet normal 0.910366 -0.413803 0
    outer loop
      vertex 24.7238 12.6927 0
      vertex 24.6913 12.6212 2.4
      vertex 24.6913 12.6212 0
    endloop
  endfacet
  facet normal 0.973982 -0.226626 0
    outer loop
      vertex 24.6231 12.3961 2.4
      vertex 24.6409 12.4726 0
      vertex 24.6409 12.4726 2.4
    endloop
  endfacet
  facet normal 0.973982 -0.226626 0
    outer loop
      vertex 24.6409 12.4726 0
      vertex 24.6231 12.3961 2.4
      vertex 24.6231 12.3961 0
    endloop
  endfacet
  facet normal 0.729656 -0.683814 0
    outer loop
      vertex 24.8978 12.9532 2.4
      vertex 24.9515 13.0105 0
      vertex 24.9515 13.0105 2.4
    endloop
  endfacet
  facet normal 0.729656 -0.683814 0
    outer loop
      vertex 24.9515 13.0105 0
      vertex 24.8978 12.9532 2.4
      vertex 24.8978 12.9532 0
    endloop
  endfacet
  facet normal 0.634278 -0.773105 0
    outer loop
      vertex 25.0088 13.0642 0
      vertex 25.0695 13.114 2.4
      vertex 25.0088 13.0642 2.4
    endloop
  endfacet
  facet normal 0.634278 -0.773105 0
    outer loop
      vertex 25.0695 13.114 2.4
      vertex 25.0088 13.0642 0
      vertex 25.0695 13.114 0
    endloop
  endfacet
  facet normal 0.527363 -0.84964 0
    outer loop
      vertex 25.1333 13.1598 0
      vertex 25.2 13.2012 2.4
      vertex 25.1333 13.1598 2.4
    endloop
  endfacet
  facet normal 0.527363 -0.84964 0
    outer loop
      vertex 25.2 13.2012 2.4
      vertex 25.1333 13.1598 0
      vertex 25.2 13.2012 0
    endloop
  endfacet
  facet normal 0.413803 -0.910366 0
    outer loop
      vertex 25.2693 13.2382 0
      vertex 25.3408 13.2707 2.4
      vertex 25.2693 13.2382 2.4
    endloop
  endfacet
  facet normal 0.413803 -0.910366 0
    outer loop
      vertex 25.3408 13.2707 2.4
      vertex 25.2693 13.2382 0
      vertex 25.3408 13.2707 0
    endloop
  endfacet
  facet normal 0.162954 -0.986634 0
    outer loop
      vertex 25.5659 13.3389 0
      vertex 25.6434 13.3517 2.4
      vertex 25.5659 13.3389 2.4
    endloop
  endfacet
  facet normal 0.162954 -0.986634 0
    outer loop
      vertex 25.6434 13.3517 2.4
      vertex 25.5659 13.3389 0
      vertex 25.6434 13.3517 0
    endloop
  endfacet
  facet normal 0.226626 -0.973982 0
    outer loop
      vertex 25.4894 13.3211 0
      vertex 25.5659 13.3389 2.4
      vertex 25.4894 13.3211 2.4
    endloop
  endfacet
  facet normal 0.226626 -0.973982 0
    outer loop
      vertex 25.5659 13.3389 2.4
      vertex 25.4894 13.3211 0
      vertex 25.5659 13.3389 0
    endloop
  endfacet
  facet normal -0.162954 0.986634 0
    outer loop
      vertex 26.0341 10.9851 0
      vertex 25.9566 10.9723 2.4
      vertex 26.0341 10.9851 2.4
    endloop
  endfacet
  facet normal -0.162954 0.986634 0
    outer loop
      vertex 25.9566 10.9723 2.4
      vertex 26.0341 10.9851 0
      vertex 25.9566 10.9723 0
    endloop
  endfacet
  facet normal -0.413803 0.910366 0
    outer loop
      vertex 26.3307 11.0858 0
      vertex 26.2592 11.0533 2.4
      vertex 26.3307 11.0858 2.4
    endloop
  endfacet
  facet normal -0.413803 0.910366 0
    outer loop
      vertex 26.2592 11.0533 2.4
      vertex 26.3307 11.0858 0
      vertex 26.2592 11.0533 0
    endloop
  endfacet
  facet normal -0.729656 0.683814 0
    outer loop
      vertex 26.6485 11.3135 0
      vertex 26.7022 11.3708 2.4
      vertex 26.7022 11.3708 0
    endloop
  endfacet
  facet normal -0.729656 0.683814 0
    outer loop
      vertex 26.7022 11.3708 2.4
      vertex 26.6485 11.3135 0
      vertex 26.6485 11.3135 2.4
    endloop
  endfacet
  facet normal -0.527363 0.84964 0
    outer loop
      vertex 26.4667 11.1642 0
      vertex 26.4 11.1228 2.4
      vertex 26.4667 11.1642 2.4
    endloop
  endfacet
  facet normal -0.527363 0.84964 0
    outer loop
      vertex 26.4 11.1228 2.4
      vertex 26.4667 11.1642 0
      vertex 26.4 11.1228 0
    endloop
  endfacet
  facet normal -0.812355 0.583164 0
    outer loop
      vertex 26.752 11.4315 0
      vertex 26.7978 11.4953 2.4
      vertex 26.7978 11.4953 0
    endloop
  endfacet
  facet normal -0.812355 0.583164 0
    outer loop
      vertex 26.7978 11.4953 2.4
      vertex 26.752 11.4315 0
      vertex 26.752 11.4315 2.4
    endloop
  endfacet
  facet normal -0.936172 0.351542 0
    outer loop
      vertex 26.9087 11.7028 0
      vertex 26.9363 11.7763 2.4
      vertex 26.9363 11.7763 0
    endloop
  endfacet
  facet normal -0.936172 0.351542 0
    outer loop
      vertex 26.9363 11.7763 2.4
      vertex 26.9087 11.7028 0
      vertex 26.9087 11.7028 2.4
    endloop
  endfacet
  facet normal -0.956874 0.290502 0
    outer loop
      vertex 26.9363 11.7763 0
      vertex 26.9591 11.8514 2.4
      vertex 26.9591 11.8514 0
    endloop
  endfacet
  facet normal -0.956874 0.290502 0
    outer loop
      vertex 26.9591 11.8514 2.4
      vertex 26.9363 11.7763 0
      vertex 26.9363 11.7763 2.4
    endloop
  endfacet
  facet normal 0.634278 0.773105 -0
    outer loop
      vertex 25.0695 11.21 0
      vertex 25.0088 11.2598 2.4
      vertex 25.0695 11.21 2.4
    endloop
  endfacet
  facet normal 0.634278 0.773105 0
    outer loop
      vertex 25.0088 11.2598 2.4
      vertex 25.0695 11.21 0
      vertex 25.0088 11.2598 0
    endloop
  endfacet
  facet normal 0.162954 0.986634 -0
    outer loop
      vertex 25.6434 10.9723 0
      vertex 25.5659 10.9851 2.4
      vertex 25.6434 10.9723 2.4
    endloop
  endfacet
  facet normal 0.162954 0.986634 0
    outer loop
      vertex 25.5659 10.9851 2.4
      vertex 25.6434 10.9723 0
      vertex 25.5659 10.9851 0
    endloop
  endfacet
  facet normal 0.0981158 0.995175 -0
    outer loop
      vertex 25.7215 10.9646 0
      vertex 25.6434 10.9723 2.4
      vertex 25.7215 10.9646 2.4
    endloop
  endfacet
  facet normal 0.0981158 0.995175 0
    outer loop
      vertex 25.6434 10.9723 2.4
      vertex 25.7215 10.9646 0
      vertex 25.6434 10.9723 0
    endloop
  endfacet
  facet normal 0.470985 0.882141 -0
    outer loop
      vertex 25.2693 11.0858 0
      vertex 25.2 11.1228 2.4
      vertex 25.2693 11.0858 2.4
    endloop
  endfacet
  facet normal 0.470985 0.882141 0
    outer loop
      vertex 25.2 11.1228 2.4
      vertex 25.2693 11.0858 0
      vertex 25.2 11.1228 0
    endloop
  endfacet
  facet normal 0.351542 0.936172 -0
    outer loop
      vertex 25.4143 11.0257 0
      vertex 25.3408 11.0533 2.4
      vertex 25.4143 11.0257 2.4
    endloop
  endfacet
  facet normal 0.351542 0.936172 0
    outer loop
      vertex 25.3408 11.0533 2.4
      vertex 25.4143 11.0257 0
      vertex 25.3408 11.0533 0
    endloop
  endfacet
  facet normal 0.583164 0.812355 -0
    outer loop
      vertex 25.1333 11.1642 0
      vertex 25.0695 11.21 2.4
      vertex 25.1333 11.1642 2.4
    endloop
  endfacet
  facet normal 0.583164 0.812355 0
    outer loop
      vertex 25.0695 11.21 2.4
      vertex 25.1333 11.1642 0
      vertex 25.0695 11.21 0
    endloop
  endfacet
  facet normal 0.683814 0.729656 -0
    outer loop
      vertex 25.0088 11.2598 0
      vertex 24.9515 11.3135 2.4
      vertex 25.0088 11.2598 2.4
    endloop
  endfacet
  facet normal 0.683814 0.729656 0
    outer loop
      vertex 24.9515 11.3135 2.4
      vertex 25.0088 11.2598 0
      vertex 24.9515 11.3135 0
    endloop
  endfacet
  facet normal 0.812355 0.583164 0
    outer loop
      vertex 24.848 11.4315 2.4
      vertex 24.8022 11.4953 0
      vertex 24.8022 11.4953 2.4
    endloop
  endfacet
  facet normal 0.812355 0.583164 0
    outer loop
      vertex 24.8022 11.4953 0
      vertex 24.848 11.4315 2.4
      vertex 24.848 11.4315 0
    endloop
  endfacet
  facet normal 0.986634 0.162954 0
    outer loop
      vertex 24.6231 11.9279 2.4
      vertex 24.6103 12.0054 0
      vertex 24.6103 12.0054 2.4
    endloop
  endfacet
  facet normal 0.986634 0.162954 0
    outer loop
      vertex 24.6103 12.0054 0
      vertex 24.6231 11.9279 2.4
      vertex 24.6231 11.9279 0
    endloop
  endfacet
  facet normal 0.973982 0.226626 0
    outer loop
      vertex 24.6409 11.8514 2.4
      vertex 24.6231 11.9279 0
      vertex 24.6231 11.9279 2.4
    endloop
  endfacet
  facet normal 0.973982 0.226626 0
    outer loop
      vertex 24.6231 11.9279 0
      vertex 24.6409 11.8514 2.4
      vertex 24.6409 11.8514 0
    endloop
  endfacet
  facet normal 0.936172 0.351542 0
    outer loop
      vertex 24.6913 11.7028 2.4
      vertex 24.6637 11.7763 0
      vertex 24.6637 11.7763 2.4
    endloop
  endfacet
  facet normal 0.936172 0.351542 0
    outer loop
      vertex 24.6637 11.7763 0
      vertex 24.6913 11.7028 2.4
      vertex 24.6913 11.7028 0
    endloop
  endfacet
  facet normal -0.973982 -0.226626 0
    outer loop
      vertex 26.9769 12.3961 0
      vertex 26.9591 12.4726 2.4
      vertex 26.9591 12.4726 0
    endloop
  endfacet
  facet normal -0.973982 -0.226626 0
    outer loop
      vertex 26.9591 12.4726 2.4
      vertex 26.9769 12.3961 0
      vertex 26.9769 12.3961 2.4
    endloop
  endfacet
  facet normal -0.986634 -0.162954 0
    outer loop
      vertex 26.9897 12.3186 0
      vertex 26.9769 12.3961 2.4
      vertex 26.9769 12.3961 0
    endloop
  endfacet
  facet normal -0.986634 -0.162954 0
    outer loop
      vertex 26.9769 12.3961 2.4
      vertex 26.9897 12.3186 0
      vertex 26.9897 12.3186 2.4
    endloop
  endfacet
  facet normal -0.995175 -0.0981158 0
    outer loop
      vertex 26.9974 12.2405 0
      vertex 26.9897 12.3186 2.4
      vertex 26.9897 12.3186 0
    endloop
  endfacet
  facet normal -0.995175 -0.0981158 0
    outer loop
      vertex 26.9897 12.3186 2.4
      vertex 26.9974 12.2405 0
      vertex 26.9974 12.2405 2.4
    endloop
  endfacet
  facet normal 0.999452 0.0331029 0
    outer loop
      vertex 24.6026 12.0835 2.4
      vertex 24.6 12.162 0
      vertex 24.6 12.162 2.4
    endloop
  endfacet
  facet normal 0.999452 0.0331029 0
    outer loop
      vertex 24.6 12.162 0
      vertex 24.6026 12.0835 2.4
      vertex 24.6026 12.0835 0
    endloop
  endfacet
  facet normal 0.683814 -0.729656 0
    outer loop
      vertex 24.9515 13.0105 0
      vertex 25.0088 13.0642 2.4
      vertex 24.9515 13.0105 2.4
    endloop
  endfacet
  facet normal 0.683814 -0.729656 0
    outer loop
      vertex 25.0088 13.0642 2.4
      vertex 24.9515 13.0105 0
      vertex 25.0088 13.0642 0
    endloop
  endfacet
  facet normal 0.470985 -0.882141 0
    outer loop
      vertex 25.2 13.2012 0
      vertex 25.2693 13.2382 2.4
      vertex 25.2 13.2012 2.4
    endloop
  endfacet
  facet normal 0.470985 -0.882141 0
    outer loop
      vertex 25.2693 13.2382 2.4
      vertex 25.2 13.2012 0
      vertex 25.2693 13.2382 0
    endloop
  endfacet
  facet normal -0.226626 0.973982 0
    outer loop
      vertex 26.1106 11.0029 0
      vertex 26.0341 10.9851 2.4
      vertex 26.1106 11.0029 2.4
    endloop
  endfacet
  facet normal -0.226626 0.973982 0
    outer loop
      vertex 26.0341 10.9851 2.4
      vertex 26.1106 11.0029 0
      vertex 26.0341 10.9851 0
    endloop
  endfacet
  facet normal -0.351542 0.936172 0
    outer loop
      vertex 26.2592 11.0533 0
      vertex 26.1857 11.0257 2.4
      vertex 26.2592 11.0533 2.4
    endloop
  endfacet
  facet normal -0.351542 0.936172 0
    outer loop
      vertex 26.1857 11.0257 2.4
      vertex 26.2592 11.0533 0
      vertex 26.1857 11.0257 0
    endloop
  endfacet
  facet normal -0.583164 0.812355 0
    outer loop
      vertex 26.5305 11.21 0
      vertex 26.4667 11.1642 2.4
      vertex 26.5305 11.21 2.4
    endloop
  endfacet
  facet normal -0.583164 0.812355 0
    outer loop
      vertex 26.4667 11.1642 2.4
      vertex 26.5305 11.21 0
      vertex 26.4667 11.1642 0
    endloop
  endfacet
  facet normal -0.84964 0.527363 0
    outer loop
      vertex 26.7978 11.4953 0
      vertex 26.8392 11.562 2.4
      vertex 26.8392 11.562 0
    endloop
  endfacet
  facet normal -0.84964 0.527363 0
    outer loop
      vertex 26.8392 11.562 2.4
      vertex 26.7978 11.4953 0
      vertex 26.7978 11.4953 2.4
    endloop
  endfacet
  facet normal -0.910366 0.413803 0
    outer loop
      vertex 26.8762 11.6313 0
      vertex 26.9087 11.7028 2.4
      vertex 26.9087 11.7028 0
    endloop
  endfacet
  facet normal -0.910366 0.413803 0
    outer loop
      vertex 26.9087 11.7028 2.4
      vertex 26.8762 11.6313 0
      vertex 26.8762 11.6313 2.4
    endloop
  endfacet
  facet normal -0.995175 0.0981158 0
    outer loop
      vertex 26.9897 12.0054 0
      vertex 26.9974 12.0835 2.4
      vertex 26.9974 12.0835 0
    endloop
  endfacet
  facet normal -0.995175 0.0981158 0
    outer loop
      vertex 26.9974 12.0835 2.4
      vertex 26.9897 12.0054 0
      vertex 26.9897 12.0054 2.4
    endloop
  endfacet
  facet normal 0.226626 0.973982 -0
    outer loop
      vertex 25.5659 10.9851 0
      vertex 25.4894 11.0029 2.4
      vertex 25.5659 10.9851 2.4
    endloop
  endfacet
  facet normal 0.226626 0.973982 0
    outer loop
      vertex 25.4894 11.0029 2.4
      vertex 25.5659 10.9851 0
      vertex 25.4894 11.0029 0
    endloop
  endfacet
  facet normal 0.0331029 0.999452 -0
    outer loop
      vertex 25.8 10.962 0
      vertex 25.7215 10.9646 2.4
      vertex 25.8 10.962 2.4
    endloop
  endfacet
  facet normal 0.0331029 0.999452 0
    outer loop
      vertex 25.7215 10.9646 2.4
      vertex 25.8 10.962 0
      vertex 25.7215 10.9646 0
    endloop
  endfacet
  facet normal 0.413803 0.910366 -0
    outer loop
      vertex 25.3408 11.0533 0
      vertex 25.2693 11.0858 2.4
      vertex 25.3408 11.0533 2.4
    endloop
  endfacet
  facet normal 0.413803 0.910366 0
    outer loop
      vertex 25.2693 11.0858 2.4
      vertex 25.3408 11.0533 0
      vertex 25.2693 11.0858 0
    endloop
  endfacet
  facet normal 0.84964 0.527363 0
    outer loop
      vertex 24.8022 11.4953 2.4
      vertex 24.7608 11.562 0
      vertex 24.7608 11.562 2.4
    endloop
  endfacet
  facet normal 0.84964 0.527363 0
    outer loop
      vertex 24.7608 11.562 0
      vertex 24.8022 11.4953 2.4
      vertex 24.8022 11.4953 0
    endloop
  endfacet
  facet normal 0.910366 0.413803 0
    outer loop
      vertex 24.7238 11.6313 2.4
      vertex 24.6913 11.7028 0
      vertex 24.6913 11.7028 2.4
    endloop
  endfacet
  facet normal 0.910366 0.413803 0
    outer loop
      vertex 24.6913 11.7028 0
      vertex 24.7238 11.6313 2.4
      vertex 24.7238 11.6313 0
    endloop
  endfacet
  facet normal -0.527363 -0.84964 0
    outer loop
      vertex 26.4 25.7012 0
      vertex 26.4667 25.6598 2.4
      vertex 26.4 25.7012 2.4
    endloop
  endfacet
  facet normal -0.527363 -0.84964 -0
    outer loop
      vertex 26.4667 25.6598 2.4
      vertex 26.4 25.7012 0
      vertex 26.4667 25.6598 0
    endloop
  endfacet
  facet normal 0.882141 0.470985 0
    outer loop
      vertex 24.7608 24.062 2.4
      vertex 24.7238 24.1313 0
      vertex 24.7238 24.1313 2.4
    endloop
  endfacet
  facet normal 0.882141 0.470985 0
    outer loop
      vertex 24.7238 24.1313 0
      vertex 24.7608 24.062 2.4
      vertex 24.7608 24.062 0
    endloop
  endfacet
  facet normal -0.956874 -0.290502 0
    outer loop
      vertex 26.9591 24.9726 0
      vertex 26.9363 25.0477 2.4
      vertex 26.9363 25.0477 0
    endloop
  endfacet
  facet normal -0.956874 -0.290502 0
    outer loop
      vertex 26.9363 25.0477 2.4
      vertex 26.9591 24.9726 0
      vertex 26.9591 24.9726 2.4
    endloop
  endfacet
  facet normal -0.773105 -0.634278 0
    outer loop
      vertex 26.752 25.3925 0
      vertex 26.7022 25.4532 2.4
      vertex 26.7022 25.4532 0
    endloop
  endfacet
  facet normal -0.773105 -0.634278 0
    outer loop
      vertex 26.7022 25.4532 2.4
      vertex 26.752 25.3925 0
      vertex 26.752 25.3925 2.4
    endloop
  endfacet
  facet normal -0.470985 -0.882141 0
    outer loop
      vertex 26.3307 25.7382 0
      vertex 26.4 25.7012 2.4
      vertex 26.3307 25.7382 2.4
    endloop
  endfacet
  facet normal -0.470985 -0.882141 -0
    outer loop
      vertex 26.4 25.7012 2.4
      vertex 26.3307 25.7382 0
      vertex 26.4 25.7012 0
    endloop
  endfacet
  facet normal -0.0331029 -0.999452 0
    outer loop
      vertex 25.8 25.862 0
      vertex 25.8785 25.8594 2.4
      vertex 25.8 25.862 2.4
    endloop
  endfacet
  facet normal -0.0331029 -0.999452 -0
    outer loop
      vertex 25.8785 25.8594 2.4
      vertex 25.8 25.862 0
      vertex 25.8785 25.8594 0
    endloop
  endfacet
  facet normal 0.999452 -0.0331029 0
    outer loop
      vertex 24.6 24.662 2.4
      vertex 24.6026 24.7405 0
      vertex 24.6026 24.7405 2.4
    endloop
  endfacet
  facet normal 0.999452 -0.0331029 0
    outer loop
      vertex 24.6026 24.7405 0
      vertex 24.6 24.662 2.4
      vertex 24.6 24.662 0
    endloop
  endfacet
  facet normal 0.910366 -0.413803 0
    outer loop
      vertex 24.6913 25.1212 2.4
      vertex 24.7238 25.1927 0
      vertex 24.7238 25.1927 2.4
    endloop
  endfacet
  facet normal 0.910366 -0.413803 0
    outer loop
      vertex 24.7238 25.1927 0
      vertex 24.6913 25.1212 2.4
      vertex 24.6913 25.1212 0
    endloop
  endfacet
  facet normal 0.351542 -0.936172 0
    outer loop
      vertex 25.3408 25.7707 0
      vertex 25.4143 25.7983 2.4
      vertex 25.3408 25.7707 2.4
    endloop
  endfacet
  facet normal 0.351542 -0.936172 0
    outer loop
      vertex 25.4143 25.7983 2.4
      vertex 25.3408 25.7707 0
      vertex 25.4143 25.7983 0
    endloop
  endfacet
  facet normal 0.634278 -0.773105 0
    outer loop
      vertex 25.0088 25.5642 0
      vertex 25.0695 25.614 2.4
      vertex 25.0088 25.5642 2.4
    endloop
  endfacet
  facet normal 0.634278 -0.773105 0
    outer loop
      vertex 25.0695 25.614 2.4
      vertex 25.0088 25.5642 0
      vertex 25.0695 25.614 0
    endloop
  endfacet
  facet normal -0.290502 0.956874 0
    outer loop
      vertex 26.1857 23.5257 0
      vertex 26.1106 23.5029 2.4
      vertex 26.1857 23.5257 2.4
    endloop
  endfacet
  facet normal -0.290502 0.956874 0
    outer loop
      vertex 26.1106 23.5029 2.4
      vertex 26.1857 23.5257 0
      vertex 26.1106 23.5029 0
    endloop
  endfacet
  facet normal -0.683814 0.729656 0
    outer loop
      vertex 26.6485 23.8135 0
      vertex 26.5912 23.7598 2.4
      vertex 26.6485 23.8135 2.4
    endloop
  endfacet
  facet normal -0.683814 0.729656 0
    outer loop
      vertex 26.5912 23.7598 2.4
      vertex 26.6485 23.8135 0
      vertex 26.5912 23.7598 0
    endloop
  endfacet
  facet normal -0.0331029 0.999452 0
    outer loop
      vertex 25.8785 23.4646 0
      vertex 25.8 23.462 2.4
      vertex 25.8785 23.4646 2.4
    endloop
  endfacet
  facet normal -0.0331029 0.999452 0
    outer loop
      vertex 25.8 23.462 2.4
      vertex 25.8785 23.4646 0
      vertex 25.8 23.462 0
    endloop
  endfacet
  facet normal 0.973982 0.226626 0
    outer loop
      vertex 24.6409 24.3514 2.4
      vertex 24.6231 24.4279 0
      vertex 24.6231 24.4279 2.4
    endloop
  endfacet
  facet normal 0.973982 0.226626 0
    outer loop
      vertex 24.6231 24.4279 0
      vertex 24.6409 24.3514 2.4
      vertex 24.6409 24.3514 0
    endloop
  endfacet
  facet normal -0.995175 -0.0981158 0
    outer loop
      vertex 26.9974 24.7405 0
      vertex 26.9897 24.8186 2.4
      vertex 26.9897 24.8186 0
    endloop
  endfacet
  facet normal -0.995175 -0.0981158 0
    outer loop
      vertex 26.9897 24.8186 2.4
      vertex 26.9974 24.7405 0
      vertex 26.9974 24.7405 2.4
    endloop
  endfacet
  facet normal -0.910366 -0.413803 0
    outer loop
      vertex 26.9087 25.1212 0
      vertex 26.8762 25.1927 2.4
      vertex 26.8762 25.1927 0
    endloop
  endfacet
  facet normal -0.910366 -0.413803 0
    outer loop
      vertex 26.8762 25.1927 2.4
      vertex 26.9087 25.1212 0
      vertex 26.9087 25.1212 2.4
    endloop
  endfacet
  facet normal -0.84964 -0.527363 0
    outer loop
      vertex 26.8392 25.262 0
      vertex 26.7978 25.3287 2.4
      vertex 26.7978 25.3287 0
    endloop
  endfacet
  facet normal -0.84964 -0.527363 0
    outer loop
      vertex 26.7978 25.3287 2.4
      vertex 26.8392 25.262 0
      vertex 26.8392 25.262 2.4
    endloop
  endfacet
  facet normal -0.812355 -0.583164 0
    outer loop
      vertex 26.7978 25.3287 0
      vertex 26.752 25.3925 2.4
      vertex 26.752 25.3925 0
    endloop
  endfacet
  facet normal -0.812355 -0.583164 0
    outer loop
      vertex 26.752 25.3925 2.4
      vertex 26.7978 25.3287 0
      vertex 26.7978 25.3287 2.4
    endloop
  endfacet
  facet normal -0.683814 -0.729656 0
    outer loop
      vertex 26.5912 25.5642 0
      vertex 26.6485 25.5105 2.4
      vertex 26.5912 25.5642 2.4
    endloop
  endfacet
  facet normal -0.683814 -0.729656 -0
    outer loop
      vertex 26.6485 25.5105 2.4
      vertex 26.5912 25.5642 0
      vertex 26.6485 25.5105 0
    endloop
  endfacet
  facet normal -0.162954 -0.986634 0
    outer loop
      vertex 25.9566 25.8517 0
      vertex 26.0341 25.8389 2.4
      vertex 25.9566 25.8517 2.4
    endloop
  endfacet
  facet normal -0.162954 -0.986634 -0
    outer loop
      vertex 26.0341 25.8389 2.4
      vertex 25.9566 25.8517 0
      vertex 26.0341 25.8389 0
    endloop
  endfacet
  facet normal -0.290502 -0.956874 0
    outer loop
      vertex 26.1106 25.8211 0
      vertex 26.1857 25.7983 2.4
      vertex 26.1106 25.8211 2.4
    endloop
  endfacet
  facet normal -0.290502 -0.956874 -0
    outer loop
      vertex 26.1857 25.7983 2.4
      vertex 26.1106 25.8211 0
      vertex 26.1857 25.7983 0
    endloop
  endfacet
  facet normal 0.986634 -0.162954 0
    outer loop
      vertex 24.6103 24.8186 2.4
      vertex 24.6231 24.8961 0
      vertex 24.6231 24.8961 2.4
    endloop
  endfacet
  facet normal 0.986634 -0.162954 0
    outer loop
      vertex 24.6231 24.8961 0
      vertex 24.6103 24.8186 2.4
      vertex 24.6103 24.8186 0
    endloop
  endfacet
  facet normal 0.956874 -0.290502 0
    outer loop
      vertex 24.6409 24.9726 2.4
      vertex 24.6637 25.0477 0
      vertex 24.6637 25.0477 2.4
    endloop
  endfacet
  facet normal 0.956874 -0.290502 0
    outer loop
      vertex 24.6637 25.0477 0
      vertex 24.6409 24.9726 2.4
      vertex 24.6409 24.9726 0
    endloop
  endfacet
  facet normal 0.812355 -0.583164 0
    outer loop
      vertex 24.8022 25.3287 2.4
      vertex 24.848 25.3925 0
      vertex 24.848 25.3925 2.4
    endloop
  endfacet
  facet normal 0.812355 -0.583164 0
    outer loop
      vertex 24.848 25.3925 0
      vertex 24.8022 25.3287 2.4
      vertex 24.8022 25.3287 0
    endloop
  endfacet
  facet normal 0.84964 -0.527363 0
    outer loop
      vertex 24.7608 25.262 2.4
      vertex 24.8022 25.3287 0
      vertex 24.8022 25.3287 2.4
    endloop
  endfacet
  facet normal 0.84964 -0.527363 0
    outer loop
      vertex 24.8022 25.3287 0
      vertex 24.7608 25.262 2.4
      vertex 24.7608 25.262 0
    endloop
  endfacet
  facet normal 0.0981158 -0.995175 0
    outer loop
      vertex 25.6434 25.8517 0
      vertex 25.7215 25.8594 2.4
      vertex 25.6434 25.8517 2.4
    endloop
  endfacet
  facet normal 0.0981158 -0.995175 0
    outer loop
      vertex 25.7215 25.8594 2.4
      vertex 25.6434 25.8517 0
      vertex 25.7215 25.8594 0
    endloop
  endfacet
  facet normal 0.527363 -0.84964 0
    outer loop
      vertex 25.1333 25.6598 0
      vertex 25.2 25.7012 2.4
      vertex 25.1333 25.6598 2.4
    endloop
  endfacet
  facet normal 0.527363 -0.84964 0
    outer loop
      vertex 25.2 25.7012 2.4
      vertex 25.1333 25.6598 0
      vertex 25.2 25.7012 0
    endloop
  endfacet
  facet normal 0.583164 -0.812355 0
    outer loop
      vertex 25.0695 25.614 0
      vertex 25.1333 25.6598 2.4
      vertex 25.0695 25.614 2.4
    endloop
  endfacet
  facet normal 0.583164 -0.812355 0
    outer loop
      vertex 25.1333 25.6598 2.4
      vertex 25.0695 25.614 0
      vertex 25.1333 25.6598 0
    endloop
  endfacet
  facet normal -0.999452 -0.0331029 0
    outer loop
      vertex 27 24.662 0
      vertex 26.9974 24.7405 2.4
      vertex 26.9974 24.7405 0
    endloop
  endfacet
  facet normal -0.999452 -0.0331029 0
    outer loop
      vertex 26.9974 24.7405 2.4
      vertex 27 24.662 0
      vertex 27 24.662 2.4
    endloop
  endfacet
  facet normal -0.0981158 0.995175 0
    outer loop
      vertex 25.9566 23.4723 0
      vertex 25.8785 23.4646 2.4
      vertex 25.9566 23.4723 2.4
    endloop
  endfacet
  facet normal -0.0981158 0.995175 0
    outer loop
      vertex 25.8785 23.4646 2.4
      vertex 25.9566 23.4723 0
      vertex 25.8785 23.4646 0
    endloop
  endfacet
  facet normal -0.470985 0.882141 0
    outer loop
      vertex 26.4 23.6228 0
      vertex 26.3307 23.5858 2.4
      vertex 26.4 23.6228 2.4
    endloop
  endfacet
  facet normal -0.470985 0.882141 0
    outer loop
      vertex 26.3307 23.5858 2.4
      vertex 26.4 23.6228 0
      vertex 26.3307 23.5858 0
    endloop
  endfacet
  facet normal -0.634278 0.773105 0
    outer loop
      vertex 26.5912 23.7598 0
      vertex 26.5305 23.71 2.4
      vertex 26.5912 23.7598 2.4
    endloop
  endfacet
  facet normal -0.634278 0.773105 0
    outer loop
      vertex 26.5305 23.71 2.4
      vertex 26.5912 23.7598 0
      vertex 26.5305 23.71 0
    endloop
  endfacet
  facet normal 0.162954 0.986634 -0
    outer loop
      vertex 25.6434 23.4723 0
      vertex 25.5659 23.4851 2.4
      vertex 25.6434 23.4723 2.4
    endloop
  endfacet
  facet normal 0.162954 0.986634 0
    outer loop
      vertex 25.5659 23.4851 2.4
      vertex 25.6434 23.4723 0
      vertex 25.5659 23.4851 0
    endloop
  endfacet
  facet normal 0.351542 0.936172 -0
    outer loop
      vertex 25.4143 23.5257 0
      vertex 25.3408 23.5533 2.4
      vertex 25.4143 23.5257 2.4
    endloop
  endfacet
  facet normal 0.351542 0.936172 0
    outer loop
      vertex 25.3408 23.5533 2.4
      vertex 25.4143 23.5257 0
      vertex 25.3408 23.5533 0
    endloop
  endfacet
  facet normal 0.956874 0.290502 0
    outer loop
      vertex 24.6637 24.2763 2.4
      vertex 24.6409 24.3514 0
      vertex 24.6409 24.3514 2.4
    endloop
  endfacet
  facet normal 0.956874 0.290502 0
    outer loop
      vertex 24.6409 24.3514 0
      vertex 24.6637 24.2763 2.4
      vertex 24.6637 24.2763 0
    endloop
  endfacet
  facet normal 0.995175 0.0981158 0
    outer loop
      vertex 24.6103 24.5054 2.4
      vertex 24.6026 24.5835 0
      vertex 24.6026 24.5835 2.4
    endloop
  endfacet
  facet normal 0.995175 0.0981158 0
    outer loop
      vertex 24.6026 24.5835 0
      vertex 24.6103 24.5054 2.4
      vertex 24.6103 24.5054 0
    endloop
  endfacet
  facet normal 0.773105 0.634278 0
    outer loop
      vertex 24.8978 23.8708 2.4
      vertex 24.848 23.9315 0
      vertex 24.848 23.9315 2.4
    endloop
  endfacet
  facet normal 0.773105 0.634278 0
    outer loop
      vertex 24.848 23.9315 0
      vertex 24.8978 23.8708 2.4
      vertex 24.8978 23.8708 0
    endloop
  endfacet
  facet normal -0.936172 -0.351542 0
    outer loop
      vertex 26.9363 25.0477 0
      vertex 26.9087 25.1212 2.4
      vertex 26.9087 25.1212 0
    endloop
  endfacet
  facet normal -0.936172 -0.351542 0
    outer loop
      vertex 26.9087 25.1212 2.4
      vertex 26.9363 25.0477 0
      vertex 26.9363 25.0477 2.4
    endloop
  endfacet
  facet normal -0.882141 -0.470985 0
    outer loop
      vertex 26.8762 25.1927 0
      vertex 26.8392 25.262 2.4
      vertex 26.8392 25.262 0
    endloop
  endfacet
  facet normal -0.882141 -0.470985 0
    outer loop
      vertex 26.8392 25.262 2.4
      vertex 26.8762 25.1927 0
      vertex 26.8762 25.1927 2.4
    endloop
  endfacet
  facet normal -0.729656 -0.683814 0
    outer loop
      vertex 26.7022 25.4532 0
      vertex 26.6485 25.5105 2.4
      vertex 26.6485 25.5105 0
    endloop
  endfacet
  facet normal -0.729656 -0.683814 0
    outer loop
      vertex 26.6485 25.5105 2.4
      vertex 26.7022 25.4532 0
      vertex 26.7022 25.4532 2.4
    endloop
  endfacet
  facet normal -0.634278 -0.773105 0
    outer loop
      vertex 26.5305 25.614 0
      vertex 26.5912 25.5642 2.4
      vertex 26.5305 25.614 2.4
    endloop
  endfacet
  facet normal -0.634278 -0.773105 -0
    outer loop
      vertex 26.5912 25.5642 2.4
      vertex 26.5305 25.614 0
      vertex 26.5912 25.5642 0
    endloop
  endfacet
  facet normal 0.0331029 -0.999452 0
    outer loop
      vertex 25.7215 25.8594 0
      vertex 25.8 25.862 2.4
      vertex 25.7215 25.8594 2.4
    endloop
  endfacet
  facet normal 0.0331029 -0.999452 0
    outer loop
      vertex 25.8 25.862 2.4
      vertex 25.7215 25.8594 0
      vertex 25.8 25.862 0
    endloop
  endfacet
  facet normal -0.583164 -0.812355 0
    outer loop
      vertex 26.4667 25.6598 0
      vertex 26.5305 25.614 2.4
      vertex 26.4667 25.6598 2.4
    endloop
  endfacet
  facet normal -0.583164 -0.812355 -0
    outer loop
      vertex 26.5305 25.614 2.4
      vertex 26.4667 25.6598 0
      vertex 26.5305 25.614 0
    endloop
  endfacet
  facet normal -0.351542 -0.936172 0
    outer loop
      vertex 26.1857 25.7983 0
      vertex 26.2592 25.7707 2.4
      vertex 26.1857 25.7983 2.4
    endloop
  endfacet
  facet normal -0.351542 -0.936172 -0
    outer loop
      vertex 26.2592 25.7707 2.4
      vertex 26.1857 25.7983 0
      vertex 26.2592 25.7707 0
    endloop
  endfacet
  facet normal -0.413803 -0.910366 0
    outer loop
      vertex 26.2592 25.7707 0
      vertex 26.3307 25.7382 2.4
      vertex 26.2592 25.7707 2.4
    endloop
  endfacet
  facet normal -0.413803 -0.910366 -0
    outer loop
      vertex 26.3307 25.7382 2.4
      vertex 26.2592 25.7707 0
      vertex 26.3307 25.7382 0
    endloop
  endfacet
  facet normal -0.0981158 -0.995175 0
    outer loop
      vertex 25.8785 25.8594 0
      vertex 25.9566 25.8517 2.4
      vertex 25.8785 25.8594 2.4
    endloop
  endfacet
  facet normal -0.0981158 -0.995175 -0
    outer loop
      vertex 25.9566 25.8517 2.4
      vertex 25.8785 25.8594 0
      vertex 25.9566 25.8517 0
    endloop
  endfacet
  facet normal -0.226626 -0.973982 0
    outer loop
      vertex 26.0341 25.8389 0
      vertex 26.1106 25.8211 2.4
      vertex 26.0341 25.8389 2.4
    endloop
  endfacet
  facet normal -0.226626 -0.973982 -0
    outer loop
      vertex 26.1106 25.8211 2.4
      vertex 26.0341 25.8389 0
      vertex 26.1106 25.8211 0
    endloop
  endfacet
  facet normal 0.999452 0.0331029 0
    outer loop
      vertex 24.6026 24.5835 2.4
      vertex 24.6 24.662 0
      vertex 24.6 24.662 2.4
    endloop
  endfacet
  facet normal 0.999452 0.0331029 0
    outer loop
      vertex 24.6 24.662 0
      vertex 24.6026 24.5835 2.4
      vertex 24.6026 24.5835 0
    endloop
  endfacet
  facet normal 0.995175 -0.0981158 0
    outer loop
      vertex 24.6026 24.7405 2.4
      vertex 24.6103 24.8186 0
      vertex 24.6103 24.8186 2.4
    endloop
  endfacet
  facet normal 0.995175 -0.0981158 0
    outer loop
      vertex 24.6103 24.8186 0
      vertex 24.6026 24.7405 2.4
      vertex 24.6026 24.7405 0
    endloop
  endfacet
  facet normal 0.973982 -0.226626 0
    outer loop
      vertex 24.6231 24.8961 2.4
      vertex 24.6409 24.9726 0
      vertex 24.6409 24.9726 2.4
    endloop
  endfacet
  facet normal 0.973982 -0.226626 0
    outer loop
      vertex 24.6409 24.9726 0
      vertex 24.6231 24.8961 2.4
      vertex 24.6231 24.8961 0
    endloop
  endfacet
  facet normal 0.936172 -0.351542 0
    outer loop
      vertex 24.6637 25.0477 2.4
      vertex 24.6913 25.1212 0
      vertex 24.6913 25.1212 2.4
    endloop
  endfacet
  facet normal 0.936172 -0.351542 0
    outer loop
      vertex 24.6913 25.1212 0
      vertex 24.6637 25.0477 2.4
      vertex 24.6637 25.0477 0
    endloop
  endfacet
  facet normal 0.882141 -0.470985 0
    outer loop
      vertex 24.7238 25.1927 2.4
      vertex 24.7608 25.262 0
      vertex 24.7608 25.262 2.4
    endloop
  endfacet
  facet normal 0.882141 -0.470985 0
    outer loop
      vertex 24.7608 25.262 0
      vertex 24.7238 25.1927 2.4
      vertex 24.7238 25.1927 0
    endloop
  endfacet
  facet normal 0.773105 -0.634278 0
    outer loop
      vertex 24.848 25.3925 2.4
      vertex 24.8978 25.4532 0
      vertex 24.8978 25.4532 2.4
    endloop
  endfacet
  facet normal 0.773105 -0.634278 0
    outer loop
      vertex 24.8978 25.4532 0
      vertex 24.848 25.3925 2.4
      vertex 24.848 25.3925 0
    endloop
  endfacet
  facet normal 0.413803 -0.910366 0
    outer loop
      vertex 25.2693 25.7382 0
      vertex 25.3408 25.7707 2.4
      vertex 25.2693 25.7382 2.4
    endloop
  endfacet
  facet normal 0.413803 -0.910366 0
    outer loop
      vertex 25.3408 25.7707 2.4
      vertex 25.2693 25.7382 0
      vertex 25.3408 25.7707 0
    endloop
  endfacet
  facet normal 0.290502 -0.956874 0
    outer loop
      vertex 25.4143 25.7983 0
      vertex 25.4894 25.8211 2.4
      vertex 25.4143 25.7983 2.4
    endloop
  endfacet
  facet normal 0.290502 -0.956874 0
    outer loop
      vertex 25.4894 25.8211 2.4
      vertex 25.4143 25.7983 0
      vertex 25.4894 25.8211 0
    endloop
  endfacet
  facet normal 0.162954 -0.986634 0
    outer loop
      vertex 25.5659 25.8389 0
      vertex 25.6434 25.8517 2.4
      vertex 25.5659 25.8389 2.4
    endloop
  endfacet
  facet normal 0.162954 -0.986634 0
    outer loop
      vertex 25.6434 25.8517 2.4
      vertex 25.5659 25.8389 0
      vertex 25.6434 25.8517 0
    endloop
  endfacet
  facet normal 0.226626 -0.973982 0
    outer loop
      vertex 25.4894 25.8211 0
      vertex 25.5659 25.8389 2.4
      vertex 25.4894 25.8211 2.4
    endloop
  endfacet
  facet normal 0.226626 -0.973982 0
    outer loop
      vertex 25.5659 25.8389 2.4
      vertex 25.4894 25.8211 0
      vertex 25.5659 25.8389 0
    endloop
  endfacet
  facet normal 0.470985 -0.882141 0
    outer loop
      vertex 25.2 25.7012 0
      vertex 25.2693 25.7382 2.4
      vertex 25.2 25.7012 2.4
    endloop
  endfacet
  facet normal 0.470985 -0.882141 0
    outer loop
      vertex 25.2693 25.7382 2.4
      vertex 25.2 25.7012 0
      vertex 25.2693 25.7382 0
    endloop
  endfacet
  facet normal 0.729656 -0.683814 0
    outer loop
      vertex 24.8978 25.4532 2.4
      vertex 24.9515 25.5105 0
      vertex 24.9515 25.5105 2.4
    endloop
  endfacet
  facet normal 0.729656 -0.683814 0
    outer loop
      vertex 24.9515 25.5105 0
      vertex 24.8978 25.4532 2.4
      vertex 24.8978 25.4532 0
    endloop
  endfacet
  facet normal 0.683814 -0.729656 0
    outer loop
      vertex 24.9515 25.5105 0
      vertex 25.0088 25.5642 2.4
      vertex 24.9515 25.5105 2.4
    endloop
  endfacet
  facet normal 0.683814 -0.729656 0
    outer loop
      vertex 25.0088 25.5642 2.4
      vertex 24.9515 25.5105 0
      vertex 25.0088 25.5642 0
    endloop
  endfacet
  facet normal -0.995175 0.0981158 0
    outer loop
      vertex 26.9897 24.5054 0
      vertex 26.9974 24.5835 2.4
      vertex 26.9974 24.5835 0
    endloop
  endfacet
  facet normal -0.995175 0.0981158 0
    outer loop
      vertex 26.9974 24.5835 2.4
      vertex 26.9897 24.5054 0
      vertex 26.9897 24.5054 2.4
    endloop
  endfacet
  facet normal -0.986634 0.162954 0
    outer loop
      vertex 26.9769 24.4279 0
      vertex 26.9897 24.5054 2.4
      vertex 26.9897 24.5054 0
    endloop
  endfacet
  facet normal -0.986634 0.162954 0
    outer loop
      vertex 26.9897 24.5054 2.4
      vertex 26.9769 24.4279 0
      vertex 26.9769 24.4279 2.4
    endloop
  endfacet
  facet normal -0.956874 0.290502 0
    outer loop
      vertex 26.9363 24.2763 0
      vertex 26.9591 24.3514 2.4
      vertex 26.9591 24.3514 0
    endloop
  endfacet
  facet normal -0.956874 0.290502 0
    outer loop
      vertex 26.9591 24.3514 2.4
      vertex 26.9363 24.2763 0
      vertex 26.9363 24.2763 2.4
    endloop
  endfacet
  facet normal -0.936172 0.351542 0
    outer loop
      vertex 26.9087 24.2028 0
      vertex 26.9363 24.2763 2.4
      vertex 26.9363 24.2763 0
    endloop
  endfacet
  facet normal -0.936172 0.351542 0
    outer loop
      vertex 26.9363 24.2763 2.4
      vertex 26.9087 24.2028 0
      vertex 26.9087 24.2028 2.4
    endloop
  endfacet
  facet normal -0.773105 0.634278 0
    outer loop
      vertex 26.7022 23.8708 0
      vertex 26.752 23.9315 2.4
      vertex 26.752 23.9315 0
    endloop
  endfacet
  facet normal -0.773105 0.634278 0
    outer loop
      vertex 26.752 23.9315 2.4
      vertex 26.7022 23.8708 0
      vertex 26.7022 23.8708 2.4
    endloop
  endfacet
  facet normal -0.812355 0.583164 0
    outer loop
      vertex 26.752 23.9315 0
      vertex 26.7978 23.9953 2.4
      vertex 26.7978 23.9953 0
    endloop
  endfacet
  facet normal -0.812355 0.583164 0
    outer loop
      vertex 26.7978 23.9953 2.4
      vertex 26.752 23.9315 0
      vertex 26.752 23.9315 2.4
    endloop
  endfacet
  facet normal -0.162954 0.986634 0
    outer loop
      vertex 26.0341 23.4851 0
      vertex 25.9566 23.4723 2.4
      vertex 26.0341 23.4851 2.4
    endloop
  endfacet
  facet normal -0.162954 0.986634 0
    outer loop
      vertex 25.9566 23.4723 2.4
      vertex 26.0341 23.4851 0
      vertex 25.9566 23.4723 0
    endloop
  endfacet
  facet normal -0.413803 0.910366 0
    outer loop
      vertex 26.3307 23.5858 0
      vertex 26.2592 23.5533 2.4
      vertex 26.3307 23.5858 2.4
    endloop
  endfacet
  facet normal -0.413803 0.910366 0
    outer loop
      vertex 26.2592 23.5533 2.4
      vertex 26.3307 23.5858 0
      vertex 26.2592 23.5533 0
    endloop
  endfacet
  facet normal -0.527363 0.84964 0
    outer loop
      vertex 26.4667 23.6642 0
      vertex 26.4 23.6228 2.4
      vertex 26.4667 23.6642 2.4
    endloop
  endfacet
  facet normal -0.527363 0.84964 0
    outer loop
      vertex 26.4 23.6228 2.4
      vertex 26.4667 23.6642 0
      vertex 26.4 23.6228 0
    endloop
  endfacet
  facet normal 0.290502 0.956874 -0
    outer loop
      vertex 25.4894 23.5029 0
      vertex 25.4143 23.5257 2.4
      vertex 25.4894 23.5029 2.4
    endloop
  endfacet
  facet normal 0.290502 0.956874 0
    outer loop
      vertex 25.4143 23.5257 2.4
      vertex 25.4894 23.5029 0
      vertex 25.4143 23.5257 0
    endloop
  endfacet
  facet normal 0.0981158 0.995175 -0
    outer loop
      vertex 25.7215 23.4646 0
      vertex 25.6434 23.4723 2.4
      vertex 25.7215 23.4646 2.4
    endloop
  endfacet
  facet normal 0.0981158 0.995175 0
    outer loop
      vertex 25.6434 23.4723 2.4
      vertex 25.7215 23.4646 0
      vertex 25.6434 23.4723 0
    endloop
  endfacet
  facet normal 0.470985 0.882141 -0
    outer loop
      vertex 25.2693 23.5858 0
      vertex 25.2 23.6228 2.4
      vertex 25.2693 23.5858 2.4
    endloop
  endfacet
  facet normal 0.470985 0.882141 0
    outer loop
      vertex 25.2 23.6228 2.4
      vertex 25.2693 23.5858 0
      vertex 25.2 23.6228 0
    endloop
  endfacet
  facet normal 0.527363 0.84964 -0
    outer loop
      vertex 25.2 23.6228 0
      vertex 25.1333 23.6642 2.4
      vertex 25.2 23.6228 2.4
    endloop
  endfacet
  facet normal 0.527363 0.84964 0
    outer loop
      vertex 25.1333 23.6642 2.4
      vertex 25.2 23.6228 0
      vertex 25.1333 23.6642 0
    endloop
  endfacet
  facet normal 0.634278 0.773105 -0
    outer loop
      vertex 25.0695 23.71 0
      vertex 25.0088 23.7598 2.4
      vertex 25.0695 23.71 2.4
    endloop
  endfacet
  facet normal 0.634278 0.773105 0
    outer loop
      vertex 25.0088 23.7598 2.4
      vertex 25.0695 23.71 0
      vertex 25.0088 23.7598 0
    endloop
  endfacet
  facet normal 0.986634 0.162954 0
    outer loop
      vertex 24.6231 24.4279 2.4
      vertex 24.6103 24.5054 0
      vertex 24.6103 24.5054 2.4
    endloop
  endfacet
  facet normal 0.986634 0.162954 0
    outer loop
      vertex 24.6103 24.5054 0
      vertex 24.6231 24.4279 2.4
      vertex 24.6231 24.4279 0
    endloop
  endfacet
  facet normal 0.936172 0.351542 0
    outer loop
      vertex 24.6913 24.2028 2.4
      vertex 24.6637 24.2763 0
      vertex 24.6637 24.2763 2.4
    endloop
  endfacet
  facet normal 0.936172 0.351542 0
    outer loop
      vertex 24.6637 24.2763 0
      vertex 24.6913 24.2028 2.4
      vertex 24.6913 24.2028 0
    endloop
  endfacet
  facet normal 0.812355 0.583164 0
    outer loop
      vertex 24.848 23.9315 2.4
      vertex 24.8022 23.9953 0
      vertex 24.8022 23.9953 2.4
    endloop
  endfacet
  facet normal 0.812355 0.583164 0
    outer loop
      vertex 24.8022 23.9953 0
      vertex 24.848 23.9315 2.4
      vertex 24.848 23.9315 0
    endloop
  endfacet
  facet normal 0.729656 0.683814 0
    outer loop
      vertex 24.9515 23.8135 2.4
      vertex 24.8978 23.8708 0
      vertex 24.8978 23.8708 2.4
    endloop
  endfacet
  facet normal 0.729656 0.683814 0
    outer loop
      vertex 24.8978 23.8708 0
      vertex 24.9515 23.8135 2.4
      vertex 24.9515 23.8135 0
    endloop
  endfacet
  facet normal -0.973982 -0.226626 0
    outer loop
      vertex 26.9769 24.8961 0
      vertex 26.9591 24.9726 2.4
      vertex 26.9591 24.9726 0
    endloop
  endfacet
  facet normal -0.973982 -0.226626 0
    outer loop
      vertex 26.9591 24.9726 2.4
      vertex 26.9769 24.8961 0
      vertex 26.9769 24.8961 2.4
    endloop
  endfacet
  facet normal -0.986634 -0.162954 0
    outer loop
      vertex 26.9897 24.8186 0
      vertex 26.9769 24.8961 2.4
      vertex 26.9769 24.8961 0
    endloop
  endfacet
  facet normal -0.986634 -0.162954 0
    outer loop
      vertex 26.9769 24.8961 2.4
      vertex 26.9897 24.8186 0
      vertex 26.9897 24.8186 2.4
    endloop
  endfacet
  facet normal -0.973982 0.226626 0
    outer loop
      vertex 26.9591 24.3514 0
      vertex 26.9769 24.4279 2.4
      vertex 26.9769 24.4279 0
    endloop
  endfacet
  facet normal -0.973982 0.226626 0
    outer loop
      vertex 26.9769 24.4279 2.4
      vertex 26.9591 24.3514 0
      vertex 26.9591 24.3514 2.4
    endloop
  endfacet
  facet normal -0.999452 0.0331029 0
    outer loop
      vertex 26.9974 24.5835 0
      vertex 27 24.662 2.4
      vertex 27 24.662 0
    endloop
  endfacet
  facet normal -0.999452 0.0331029 0
    outer loop
      vertex 27 24.662 2.4
      vertex 26.9974 24.5835 0
      vertex 26.9974 24.5835 2.4
    endloop
  endfacet
  facet normal -0.910366 0.413803 0
    outer loop
      vertex 26.8762 24.1313 0
      vertex 26.9087 24.2028 2.4
      vertex 26.9087 24.2028 0
    endloop
  endfacet
  facet normal -0.910366 0.413803 0
    outer loop
      vertex 26.9087 24.2028 2.4
      vertex 26.8762 24.1313 0
      vertex 26.8762 24.1313 2.4
    endloop
  endfacet
  facet normal -0.226626 0.973982 0
    outer loop
      vertex 26.1106 23.5029 0
      vertex 26.0341 23.4851 2.4
      vertex 26.1106 23.5029 2.4
    endloop
  endfacet
  facet normal -0.226626 0.973982 0
    outer loop
      vertex 26.0341 23.4851 2.4
      vertex 26.1106 23.5029 0
      vertex 26.0341 23.4851 0
    endloop
  endfacet
  facet normal -0.351542 0.936172 0
    outer loop
      vertex 26.2592 23.5533 0
      vertex 26.1857 23.5257 2.4
      vertex 26.2592 23.5533 2.4
    endloop
  endfacet
  facet normal -0.351542 0.936172 0
    outer loop
      vertex 26.1857 23.5257 2.4
      vertex 26.2592 23.5533 0
      vertex 26.1857 23.5257 0
    endloop
  endfacet
  facet normal -0.729656 0.683814 0
    outer loop
      vertex 26.6485 23.8135 0
      vertex 26.7022 23.8708 2.4
      vertex 26.7022 23.8708 0
    endloop
  endfacet
  facet normal -0.729656 0.683814 0
    outer loop
      vertex 26.7022 23.8708 2.4
      vertex 26.6485 23.8135 0
      vertex 26.6485 23.8135 2.4
    endloop
  endfacet
  facet normal -0.583164 0.812355 0
    outer loop
      vertex 26.5305 23.71 0
      vertex 26.4667 23.6642 2.4
      vertex 26.5305 23.71 2.4
    endloop
  endfacet
  facet normal -0.583164 0.812355 0
    outer loop
      vertex 26.4667 23.6642 2.4
      vertex 26.5305 23.71 0
      vertex 26.4667 23.6642 0
    endloop
  endfacet
  facet normal 0.226626 0.973982 -0
    outer loop
      vertex 25.5659 23.4851 0
      vertex 25.4894 23.5029 2.4
      vertex 25.5659 23.4851 2.4
    endloop
  endfacet
  facet normal 0.226626 0.973982 0
    outer loop
      vertex 25.4894 23.5029 2.4
      vertex 25.5659 23.4851 0
      vertex 25.4894 23.5029 0
    endloop
  endfacet
  facet normal 0.0331029 0.999452 -0
    outer loop
      vertex 25.8 23.462 0
      vertex 25.7215 23.4646 2.4
      vertex 25.8 23.462 2.4
    endloop
  endfacet
  facet normal 0.0331029 0.999452 0
    outer loop
      vertex 25.7215 23.4646 2.4
      vertex 25.8 23.462 0
      vertex 25.7215 23.4646 0
    endloop
  endfacet
  facet normal 0.413803 0.910366 -0
    outer loop
      vertex 25.3408 23.5533 0
      vertex 25.2693 23.5858 2.4
      vertex 25.3408 23.5533 2.4
    endloop
  endfacet
  facet normal 0.413803 0.910366 0
    outer loop
      vertex 25.2693 23.5858 2.4
      vertex 25.3408 23.5533 0
      vertex 25.2693 23.5858 0
    endloop
  endfacet
  facet normal 0.583164 0.812355 -0
    outer loop
      vertex 25.1333 23.6642 0
      vertex 25.0695 23.71 2.4
      vertex 25.1333 23.6642 2.4
    endloop
  endfacet
  facet normal 0.583164 0.812355 0
    outer loop
      vertex 25.0695 23.71 2.4
      vertex 25.1333 23.6642 0
      vertex 25.0695 23.71 0
    endloop
  endfacet
  facet normal 0.910366 0.413803 0
    outer loop
      vertex 24.7238 24.1313 2.4
      vertex 24.6913 24.2028 0
      vertex 24.6913 24.2028 2.4
    endloop
  endfacet
  facet normal 0.910366 0.413803 0
    outer loop
      vertex 24.6913 24.2028 0
      vertex 24.7238 24.1313 2.4
      vertex 24.7238 24.1313 0
    endloop
  endfacet
  facet normal 0.84964 0.527363 0
    outer loop
      vertex 24.8022 23.9953 2.4
      vertex 24.7608 24.062 0
      vertex 24.7608 24.062 2.4
    endloop
  endfacet
  facet normal 0.84964 0.527363 0
    outer loop
      vertex 24.7608 24.062 0
      vertex 24.8022 23.9953 2.4
      vertex 24.8022 23.9953 0
    endloop
  endfacet
  facet normal 0.683814 0.729656 -0
    outer loop
      vertex 25.0088 23.7598 0
      vertex 24.9515 23.8135 2.4
      vertex 25.0088 23.7598 2.4
    endloop
  endfacet
  facet normal 0.683814 0.729656 0
    outer loop
      vertex 24.9515 23.8135 2.4
      vertex 25.0088 23.7598 0
      vertex 24.9515 23.8135 0
    endloop
  endfacet
  facet normal -0.84964 0.527363 0
    outer loop
      vertex 26.7978 23.9953 0
      vertex 26.8392 24.062 2.4
      vertex 26.8392 24.062 0
    endloop
  endfacet
  facet normal -0.84964 0.527363 0
    outer loop
      vertex 26.8392 24.062 2.4
      vertex 26.7978 23.9953 0
      vertex 26.7978 23.9953 2.4
    endloop
  endfacet
  facet normal -0.882141 0.470985 0
    outer loop
      vertex 26.8392 24.062 0
      vertex 26.8762 24.1313 2.4
      vertex 26.8762 24.1313 0
    endloop
  endfacet
  facet normal -0.882141 0.470985 0
    outer loop
      vertex 26.8762 24.1313 2.4
      vertex 26.8392 24.062 0
      vertex 26.8392 24.062 2.4
    endloop
  endfacet
  facet normal 0.986642 0.162904 0
    outer loop
      vertex 8.02219 12.5862 2.4
      vertex 7.98755 12.796 1.8
      vertex 7.98755 12.796 2.4
    endloop
  endfacet
  facet normal 0.986642 0.162904 0
    outer loop
      vertex 7.98755 12.796 1.8
      vertex 8.02219 12.5862 2.4
      vertex 8.02219 12.5862 1.8
    endloop
  endfacet
  facet normal 0.729819 0.683641 0
    outer loop
      vertex 7.24348 14.3049 2.4
      vertex 7.0981 14.4601 1.8
      vertex 7.0981 14.4601 2.4
    endloop
  endfacet
  facet normal 0.729819 0.683641 0
    outer loop
      vertex 7.0981 14.4601 1.8
      vertex 7.24348 14.3049 2.4
      vertex 7.24348 14.3049 1.8
    endloop
  endfacet
  facet normal -0.683537 0.729916 0
    outer loop
      vertex 2.65713 14.6055 1.8
      vertex 2.6 14.552 2.4
      vertex 2.65713 14.6055 2.4
    endloop
  endfacet
  facet normal -0.683537 0.729916 0
    outer loop
      vertex 2.6 14.552 2.4
      vertex 2.65713 14.6055 1.8
      vertex 2.6 14.552 1.8
    endloop
  endfacet
  facet normal 0.910854 0.412729 0
    outer loop
      vertex 7.80261 13.4057 2.4
      vertex 7.71484 13.5994 1.8
      vertex 7.71484 13.5994 2.4
    endloop
  endfacet
  facet normal 0.910854 0.412729 0
    outer loop
      vertex 7.71484 13.5994 1.8
      vertex 7.80261 13.4057 2.4
      vertex 7.80261 13.4057 1.8
    endloop
  endfacet
  facet normal 0.999465 -0.03272 0
    outer loop
      vertex 8.04304 11.9494 2.4
      vertex 8.05 12.162 1.8
      vertex 8.05 12.162 2.4
    endloop
  endfacet
  facet normal 0.999465 -0.03272 0
    outer loop
      vertex 8.05 12.162 1.8
      vertex 8.04304 11.9494 2.4
      vertex 8.04304 11.9494 1.8
    endloop
  endfacet
  facet normal -0.0979906 -0.995187 0
    outer loop
      vertex 4.37579 8.9398 1.8
      vertex 4.58744 8.91896 2.4
      vertex 4.37579 8.9398 2.4
    endloop
  endfacet
  facet normal -0.0979906 -0.995187 -0
    outer loop
      vertex 4.58744 8.91896 2.4
      vertex 4.37579 8.9398 1.8
      vertex 4.58744 8.91896 1.8
    endloop
  endfacet
  facet normal 0.0979906 -0.995187 0
    outer loop
      vertex 5.01256 8.91896 1.8
      vertex 5.22421 8.9398 2.4
      vertex 5.01256 8.91896 2.4
    endloop
  endfacet
  facet normal 0.0979906 -0.995187 0
    outer loop
      vertex 5.22421 8.9398 2.4
      vertex 5.01256 8.91896 1.8
      vertex 5.22421 8.9398 1.8
    endloop
  endfacet
  facet normal 0.9739 0.226977 0
    outer loop
      vertex 7.98755 12.796 2.4
      vertex 7.93926 13.0032 1.8
      vertex 7.93926 13.0032 2.4
    endloop
  endfacet
  facet normal 0.9739 0.226977 0
    outer loop
      vertex 7.93926 13.0032 1.8
      vertex 7.98755 12.796 2.4
      vertex 7.98755 12.796 1.8
    endloop
  endfacet
  facet normal 0.956929 0.290323 0
    outer loop
      vertex 7.93926 13.0032 2.4
      vertex 7.87752 13.2067 1.8
      vertex 7.87752 13.2067 2.4
    endloop
  endfacet
  facet normal 0.956929 0.290323 0
    outer loop
      vertex 7.87752 13.2067 1.8
      vertex 7.93926 13.0032 2.4
      vertex 7.93926 13.0032 1.8
    endloop
  endfacet
  facet normal 0.77301 0.634394 0
    outer loop
      vertex 7.3784 14.1405 2.4
      vertex 7.24348 14.3049 1.8
      vertex 7.24348 14.3049 2.4
    endloop
  endfacet
  facet normal 0.77301 0.634394 0
    outer loop
      vertex 7.24348 14.3049 1.8
      vertex 7.3784 14.1405 2.4
      vertex 7.3784 14.1405 1.8
    endloop
  endfacet
  facet normal 0.881949 0.471344 0
    outer loop
      vertex 7.71484 13.5994 2.4
      vertex 7.61458 13.787 1.8
      vertex 7.61458 13.787 2.4
    endloop
  endfacet
  facet normal 0.881949 0.471344 0
    outer loop
      vertex 7.61458 13.787 1.8
      vertex 7.71484 13.5994 2.4
      vertex 7.71484 13.5994 1.8
    endloop
  endfacet
  facet normal 0.227105 0.97387 -0
    outer loop
      vertex 5.64116 15.3013 1.8
      vertex 5.43404 15.3496 2.4
      vertex 5.64116 15.3013 2.4
    endloop
  endfacet
  facet normal 0.227105 0.97387 0
    outer loop
      vertex 5.43404 15.3496 2.4
      vertex 5.64116 15.3013 1.8
      vertex 5.43404 15.3496 1.8
    endloop
  endfacet
  facet normal 0.352195 0.935927 -0
    outer loop
      vertex 6.04372 15.1646 1.8
      vertex 5.84468 15.2395 2.4
      vertex 6.04372 15.1646 2.4
    endloop
  endfacet
  facet normal 0.352195 0.935927 0
    outer loop
      vertex 5.84468 15.2395 2.4
      vertex 6.04372 15.1646 1.8
      vertex 5.84468 15.2395 1.8
    endloop
  endfacet
  facet normal 0.162698 0.986676 -0
    outer loop
      vertex 5.43404 15.3496 1.8
      vertex 5.22421 15.3842 2.4
      vertex 5.43404 15.3496 2.4
    endloop
  endfacet
  facet normal 0.162698 0.986676 0
    outer loop
      vertex 5.22421 15.3842 2.4
      vertex 5.43404 15.3496 1.8
      vertex 5.22421 15.3842 1.8
    endloop
  endfacet
  facet normal 0.68362 0.729838 -0
    outer loop
      vertex 7.0981 14.4601 1.8
      vertex 6.94287 14.6055 2.4
      vertex 7.0981 14.4601 2.4
    endloop
  endfacet
  facet normal 0.68362 0.729838 0
    outer loop
      vertex 6.94287 14.6055 2.4
      vertex 7.0981 14.4601 1.8
      vertex 6.94287 14.6055 1.8
    endloop
  endfacet
  facet normal -0.471203 0.882025 0
    outer loop
      vertex 3.36256 15.0768 1.8
      vertex 3.175 14.9766 2.4
      vertex 3.36256 15.0768 2.4
    endloop
  endfacet
  facet normal -0.471203 0.882025 0
    outer loop
      vertex 3.175 14.9766 2.4
      vertex 3.36256 15.0768 1.8
      vertex 3.175 14.9766 1.8
    endloop
  endfacet
  facet normal -0.528053 0.849211 0
    outer loop
      vertex 3.175 14.9766 1.8
      vertex 2.9944 14.8643 2.4
      vertex 3.175 14.9766 2.4
    endloop
  endfacet
  facet normal -0.528053 0.849211 0
    outer loop
      vertex 2.9944 14.8643 2.4
      vertex 3.175 14.9766 1.8
      vertex 2.9944 14.8643 1.8
    endloop
  endfacet
  facet normal -0.227105 0.97387 0
    outer loop
      vertex 4.16596 15.3496 1.8
      vertex 3.95884 15.3013 2.4
      vertex 4.16596 15.3496 2.4
    endloop
  endfacet
  facet normal -0.227105 0.97387 0
    outer loop
      vertex 3.95884 15.3013 2.4
      vertex 4.16596 15.3496 1.8
      vertex 3.95884 15.3013 1.8
    endloop
  endfacet
  facet normal -0.162698 0.986676 0
    outer loop
      vertex 4.37579 15.3842 1.8
      vertex 4.16596 15.3496 2.4
      vertex 4.37579 15.3842 2.4
    endloop
  endfacet
  facet normal -0.162698 0.986676 0
    outer loop
      vertex 4.16596 15.3496 2.4
      vertex 4.37579 15.3842 1.8
      vertex 4.16596 15.3496 1.8
    endloop
  endfacet
  facet normal 0.9739 -0.226977 0
    outer loop
      vertex 7.93926 11.3208 2.4
      vertex 7.98755 11.528 1.8
      vertex 7.98755 11.528 2.4
    endloop
  endfacet
  facet normal 0.9739 -0.226977 0
    outer loop
      vertex 7.98755 11.528 1.8
      vertex 7.93926 11.3208 2.4
      vertex 7.93926 11.3208 1.8
    endloop
  endfacet
  facet normal 0.412694 -0.91087 0
    outer loop
      vertex 6.04372 9.15939 1.8
      vertex 6.23744 9.24716 2.4
      vertex 6.04372 9.15939 2.4
    endloop
  endfacet
  facet normal 0.412694 -0.91087 0
    outer loop
      vertex 6.23744 9.24716 2.4
      vertex 6.04372 9.15939 1.8
      vertex 6.23744 9.24716 1.8
    endloop
  endfacet
  facet normal 0.99518 0.0980601 0
    outer loop
      vertex 8.04304 12.3746 2.4
      vertex 8.02219 12.5862 1.8
      vertex 8.02219 12.5862 2.4
    endloop
  endfacet
  facet normal 0.99518 0.0980601 0
    outer loop
      vertex 8.02219 12.5862 1.8
      vertex 8.04304 12.3746 2.4
      vertex 8.04304 12.3746 1.8
    endloop
  endfacet
  facet normal 0.935888 0.352298 0
    outer loop
      vertex 7.87752 13.2067 2.4
      vertex 7.80261 13.4057 1.8
      vertex 7.80261 13.4057 2.4
    endloop
  endfacet
  facet normal 0.935888 0.352298 0
    outer loop
      vertex 7.80261 13.4057 1.8
      vertex 7.87752 13.2067 2.4
      vertex 7.87752 13.2067 1.8
    endloop
  endfacet
  facet normal 0.812888 0.582421 0
    outer loop
      vertex 7.50228 13.9676 2.4
      vertex 7.3784 14.1405 1.8
      vertex 7.3784 14.1405 2.4
    endloop
  endfacet
  facet normal 0.812888 0.582421 0
    outer loop
      vertex 7.3784 14.1405 1.8
      vertex 7.50228 13.9676 2.4
      vertex 7.50228 13.9676 1.8
    endloop
  endfacet
  facet normal 0.032914 0.999458 -0
    outer loop
      vertex 5.01256 15.405 1.8
      vertex 4.8 15.412 2.4
      vertex 5.01256 15.405 2.4
    endloop
  endfacet
  facet normal 0.032914 0.999458 0
    outer loop
      vertex 4.8 15.412 2.4
      vertex 5.01256 15.405 1.8
      vertex 4.8 15.412 1.8
    endloop
  endfacet
  facet normal 0.290555 0.956858 -0
    outer loop
      vertex 5.84468 15.2395 1.8
      vertex 5.64116 15.3013 2.4
      vertex 5.84468 15.2395 2.4
    endloop
  endfacet
  facet normal 0.290555 0.956858 0
    outer loop
      vertex 5.64116 15.3013 2.4
      vertex 5.84468 15.2395 1.8
      vertex 5.64116 15.3013 1.8
    endloop
  endfacet
  facet normal 0.412811 0.910817 -0
    outer loop
      vertex 6.23744 15.0768 1.8
      vertex 6.04372 15.1646 2.4
      vertex 6.23744 15.0768 2.4
    endloop
  endfacet
  facet normal 0.412811 0.910817 0
    outer loop
      vertex 6.04372 15.1646 2.4
      vertex 6.23744 15.0768 1.8
      vertex 6.04372 15.1646 1.8
    endloop
  endfacet
  facet normal 0.528053 0.849211 -0
    outer loop
      vertex 6.6056 14.8643 1.8
      vertex 6.425 14.9766 2.4
      vertex 6.6056 14.8643 2.4
    endloop
  endfacet
  facet normal 0.528053 0.849211 0
    outer loop
      vertex 6.425 14.9766 2.4
      vertex 6.6056 14.8643 1.8
      vertex 6.425 14.9766 1.8
    endloop
  endfacet
  facet normal 0.634338 0.773056 -0
    outer loop
      vertex 6.94287 14.6055 1.8
      vertex 6.77847 14.7404 2.4
      vertex 6.94287 14.6055 2.4
    endloop
  endfacet
  facet normal 0.634338 0.773056 0
    outer loop
      vertex 6.77847 14.7404 2.4
      vertex 6.94287 14.6055 1.8
      vertex 6.77847 14.7404 1.8
    endloop
  endfacet
  facet normal 0.582549 0.812795 -0
    outer loop
      vertex 6.77847 14.7404 1.8
      vertex 6.6056 14.8643 2.4
      vertex 6.77847 14.7404 2.4
    endloop
  endfacet
  facet normal 0.582549 0.812795 0
    outer loop
      vertex 6.6056 14.8643 2.4
      vertex 6.77847 14.7404 1.8
      vertex 6.6056 14.8643 1.8
    endloop
  endfacet
  facet normal -0.582527 0.812811 0
    outer loop
      vertex 2.9944 14.8643 1.8
      vertex 2.82152 14.7404 2.4
      vertex 2.9944 14.8643 2.4
    endloop
  endfacet
  facet normal -0.582527 0.812811 0
    outer loop
      vertex 2.82152 14.7404 2.4
      vertex 2.9944 14.8643 1.8
      vertex 2.82152 14.7404 1.8
    endloop
  endfacet
  facet normal -0.634361 0.773037 0
    outer loop
      vertex 2.82152 14.7404 1.8
      vertex 2.65713 14.6055 2.4
      vertex 2.82152 14.7404 2.4
    endloop
  endfacet
  facet normal -0.634361 0.773037 0
    outer loop
      vertex 2.65713 14.6055 2.4
      vertex 2.82152 14.7404 1.8
      vertex 2.65713 14.6055 1.8
    endloop
  endfacet
  facet normal -0.352195 0.935927 0
    outer loop
      vertex 3.75532 15.2395 1.8
      vertex 3.55628 15.1646 2.4
      vertex 3.75532 15.2395 2.4
    endloop
  endfacet
  facet normal -0.352195 0.935927 0
    outer loop
      vertex 3.55628 15.1646 2.4
      vertex 3.75532 15.2395 1.8
      vertex 3.55628 15.1646 1.8
    endloop
  endfacet
  facet normal -0.290555 0.956858 0
    outer loop
      vertex 3.95884 15.3013 1.8
      vertex 3.75532 15.2395 2.4
      vertex 3.95884 15.3013 2.4
    endloop
  endfacet
  facet normal -0.290555 0.956858 0
    outer loop
      vertex 3.75532 15.2395 2.4
      vertex 3.95884 15.3013 1.8
      vertex 3.75532 15.2395 1.8
    endloop
  endfacet
  facet normal -0.032914 0.999458 0
    outer loop
      vertex 4.8 15.412 1.8
      vertex 4.58744 15.405 2.4
      vertex 4.8 15.412 2.4
    endloop
  endfacet
  facet normal -0.032914 0.999458 0
    outer loop
      vertex 4.58744 15.405 2.4
      vertex 4.8 15.412 1.8
      vertex 4.58744 15.405 1.8
    endloop
  endfacet
  facet normal -0.0978043 0.995206 0
    outer loop
      vertex 4.58744 15.405 1.8
      vertex 4.37579 15.3842 2.4
      vertex 4.58744 15.405 2.4
    endloop
  endfacet
  facet normal -0.0978043 0.995206 0
    outer loop
      vertex 4.37579 15.3842 2.4
      vertex 4.58744 15.405 1.8
      vertex 4.37579 15.3842 1.8
    endloop
  endfacet
  facet normal 0.999465 0.03272 0
    outer loop
      vertex 8.05 12.162 2.4
      vertex 8.04304 12.3746 1.8
      vertex 8.04304 12.3746 2.4
    endloop
  endfacet
  facet normal 0.999465 0.03272 0
    outer loop
      vertex 8.04304 12.3746 1.8
      vertex 8.05 12.162 2.4
      vertex 8.05 12.162 1.8
    endloop
  endfacet
  facet normal 0.99518 -0.0980601 0
    outer loop
      vertex 8.02219 11.7378 2.4
      vertex 8.04304 11.9494 1.8
      vertex 8.04304 11.9494 2.4
    endloop
  endfacet
  facet normal 0.99518 -0.0980601 0
    outer loop
      vertex 8.04304 11.9494 1.8
      vertex 8.02219 11.7378 2.4
      vertex 8.02219 11.7378 1.8
    endloop
  endfacet
  facet normal 0.881949 -0.471344 0
    outer loop
      vertex 7.61458 10.537 2.4
      vertex 7.71484 10.7246 1.8
      vertex 7.71484 10.7246 2.4
    endloop
  endfacet
  facet normal 0.881949 -0.471344 0
    outer loop
      vertex 7.71484 10.7246 1.8
      vertex 7.61458 10.537 2.4
      vertex 7.61458 10.537 1.8
    endloop
  endfacet
  facet normal 0.956929 -0.290323 0
    outer loop
      vertex 7.87752 11.1173 2.4
      vertex 7.93926 11.3208 1.8
      vertex 7.93926 11.3208 2.4
    endloop
  endfacet
  facet normal 0.956929 -0.290323 0
    outer loop
      vertex 7.93926 11.3208 1.8
      vertex 7.87752 11.1173 2.4
      vertex 7.87752 11.1173 1.8
    endloop
  endfacet
  facet normal 0.986642 -0.162904 0
    outer loop
      vertex 7.98755 11.528 2.4
      vertex 8.02219 11.7378 1.8
      vertex 8.02219 11.7378 2.4
    endloop
  endfacet
  facet normal 0.986642 -0.162904 0
    outer loop
      vertex 8.02219 11.7378 1.8
      vertex 7.98755 11.528 2.4
      vertex 7.98755 11.528 1.8
    endloop
  endfacet
  facet normal -0.0327262 -0.999464 0
    outer loop
      vertex 4.58744 8.91896 1.8
      vertex 4.8 8.912 2.4
      vertex 4.58744 8.91896 2.4
    endloop
  endfacet
  facet normal -0.0327262 -0.999464 -0
    outer loop
      vertex 4.8 8.912 2.4
      vertex 4.58744 8.91896 1.8
      vertex 4.8 8.912 1.8
    endloop
  endfacet
  facet normal 0.352236 -0.935911 0
    outer loop
      vertex 5.84468 9.08448 1.8
      vertex 6.04372 9.15939 2.4
      vertex 5.84468 9.08448 2.4
    endloop
  endfacet
  facet normal 0.352236 -0.935911 0
    outer loop
      vertex 6.04372 9.15939 2.4
      vertex 5.84468 9.08448 1.8
      vertex 6.04372 9.15939 1.8
    endloop
  endfacet
  facet normal 0.22706 -0.973881 0
    outer loop
      vertex 5.43404 8.97445 1.8
      vertex 5.64116 9.02274 2.4
      vertex 5.43404 8.97445 2.4
    endloop
  endfacet
  facet normal 0.22706 -0.973881 0
    outer loop
      vertex 5.64116 9.02274 2.4
      vertex 5.43404 8.97445 1.8
      vertex 5.64116 9.02274 1.8
    endloop
  endfacet
  facet normal 0.849211 0.528053 0
    outer loop
      vertex 7.61458 13.787 2.4
      vertex 7.50228 13.9676 1.8
      vertex 7.50228 13.9676 2.4
    endloop
  endfacet
  facet normal 0.849211 0.528053 0
    outer loop
      vertex 7.50228 13.9676 1.8
      vertex 7.61458 13.787 2.4
      vertex 7.61458 13.787 1.8
    endloop
  endfacet
  facet normal 0.0978043 0.995206 -0
    outer loop
      vertex 5.22421 15.3842 1.8
      vertex 5.01256 15.405 2.4
      vertex 5.22421 15.3842 2.4
    endloop
  endfacet
  facet normal 0.0978043 0.995206 0
    outer loop
      vertex 5.01256 15.405 2.4
      vertex 5.22421 15.3842 1.8
      vertex 5.01256 15.405 1.8
    endloop
  endfacet
  facet normal 0.471203 0.882025 -0
    outer loop
      vertex 6.425 14.9766 1.8
      vertex 6.23744 15.0768 2.4
      vertex 6.425 14.9766 2.4
    endloop
  endfacet
  facet normal 0.471203 0.882025 0
    outer loop
      vertex 6.23744 15.0768 2.4
      vertex 6.425 14.9766 1.8
      vertex 6.23744 15.0768 1.8
    endloop
  endfacet
  facet normal -0.412811 0.910817 0
    outer loop
      vertex 3.55628 15.1646 1.8
      vertex 3.36256 15.0768 2.4
      vertex 3.55628 15.1646 2.4
    endloop
  endfacet
  facet normal -0.412811 0.910817 0
    outer loop
      vertex 3.36256 15.0768 2.4
      vertex 3.55628 15.1646 1.8
      vertex 3.36256 15.0768 1.8
    endloop
  endfacet
  facet normal 0.77301 -0.634394 0
    outer loop
      vertex 7.24348 10.0191 2.4
      vertex 7.3784 10.1835 1.8
      vertex 7.3784 10.1835 2.4
    endloop
  endfacet
  facet normal 0.77301 -0.634394 0
    outer loop
      vertex 7.3784 10.1835 1.8
      vertex 7.24348 10.0191 2.4
      vertex 7.24348 10.0191 1.8
    endloop
  endfacet
  facet normal 0.471423 -0.881907 0
    outer loop
      vertex 6.23744 9.24716 1.8
      vertex 6.425 9.34742 2.4
      vertex 6.23744 9.24716 2.4
    endloop
  endfacet
  facet normal 0.471423 -0.881907 0
    outer loop
      vertex 6.425 9.34742 2.4
      vertex 6.23744 9.24716 1.8
      vertex 6.425 9.34742 1.8
    endloop
  endfacet
  facet normal 0.528053 -0.849211 0
    outer loop
      vertex 6.425 9.34742 1.8
      vertex 6.6056 9.45972 2.4
      vertex 6.425 9.34742 2.4
    endloop
  endfacet
  facet normal 0.528053 -0.849211 0
    outer loop
      vertex 6.6056 9.45972 2.4
      vertex 6.425 9.34742 1.8
      vertex 6.6056 9.45972 1.8
    endloop
  endfacet
  facet normal 0.910854 -0.412729 0
    outer loop
      vertex 7.71484 10.7246 2.4
      vertex 7.80261 10.9183 1.8
      vertex 7.80261 10.9183 2.4
    endloop
  endfacet
  facet normal 0.910854 -0.412729 0
    outer loop
      vertex 7.80261 10.9183 1.8
      vertex 7.71484 10.7246 2.4
      vertex 7.71484 10.7246 1.8
    endloop
  endfacet
  facet normal -0.162927 -0.986638 0
    outer loop
      vertex 4.16596 8.97445 1.8
      vertex 4.37579 8.9398 2.4
      vertex 4.16596 8.97445 2.4
    endloop
  endfacet
  facet normal -0.162927 -0.986638 -0
    outer loop
      vertex 4.37579 8.9398 2.4
      vertex 4.16596 8.97445 1.8
      vertex 4.37579 8.9398 1.8
    endloop
  endfacet
  facet normal 0.162927 -0.986638 0
    outer loop
      vertex 5.22421 8.9398 1.8
      vertex 5.43404 8.97445 2.4
      vertex 5.22421 8.9398 2.4
    endloop
  endfacet
  facet normal 0.162927 -0.986638 0
    outer loop
      vertex 5.43404 8.97445 2.4
      vertex 5.22421 8.9398 1.8
      vertex 5.43404 8.97445 1.8
    endloop
  endfacet
  facet normal 0.849211 -0.528053 0
    outer loop
      vertex 7.50228 10.3564 2.4
      vertex 7.61458 10.537 1.8
      vertex 7.61458 10.537 2.4
    endloop
  endfacet
  facet normal 0.849211 -0.528053 0
    outer loop
      vertex 7.61458 10.537 1.8
      vertex 7.50228 10.3564 2.4
      vertex 7.50228 10.3564 1.8
    endloop
  endfacet
  facet normal 0.812888 -0.582421 0
    outer loop
      vertex 7.3784 10.1835 2.4
      vertex 7.50228 10.3564 1.8
      vertex 7.50228 10.3564 2.4
    endloop
  endfacet
  facet normal 0.812888 -0.582421 0
    outer loop
      vertex 7.50228 10.3564 1.8
      vertex 7.3784 10.1835 2.4
      vertex 7.3784 10.1835 1.8
    endloop
  endfacet
  facet normal 0.729819 -0.683641 0
    outer loop
      vertex 7.0981 9.8639 2.4
      vertex 7.24348 10.0191 1.8
      vertex 7.24348 10.0191 2.4
    endloop
  endfacet
  facet normal 0.729819 -0.683641 0
    outer loop
      vertex 7.24348 10.0191 1.8
      vertex 7.0981 9.8639 2.4
      vertex 7.0981 9.8639 1.8
    endloop
  endfacet
  facet normal 0.68357 -0.729885 0
    outer loop
      vertex 6.94287 9.71852 1.8
      vertex 7.0981 9.8639 2.4
      vertex 6.94287 9.71852 2.4
    endloop
  endfacet
  facet normal 0.68357 -0.729885 0
    outer loop
      vertex 7.0981 9.8639 2.4
      vertex 6.94287 9.71852 1.8
      vertex 7.0981 9.8639 1.8
    endloop
  endfacet
  facet normal 0.935888 -0.352298 0
    outer loop
      vertex 7.80261 10.9183 2.4
      vertex 7.87752 11.1173 1.8
      vertex 7.87752 11.1173 2.4
    endloop
  endfacet
  facet normal 0.935888 -0.352298 0
    outer loop
      vertex 7.87752 11.1173 1.8
      vertex 7.80261 10.9183 2.4
      vertex 7.80261 10.9183 1.8
    endloop
  endfacet
  facet normal 0.0327262 -0.999464 0
    outer loop
      vertex 4.8 8.912 1.8
      vertex 5.01256 8.91896 2.4
      vertex 4.8 8.912 2.4
    endloop
  endfacet
  facet normal 0.0327262 -0.999464 0
    outer loop
      vertex 5.01256 8.91896 2.4
      vertex 4.8 8.912 1.8
      vertex 5.01256 8.91896 1.8
    endloop
  endfacet
  facet normal 0.290297 -0.956937 0
    outer loop
      vertex 5.64116 9.02274 1.8
      vertex 5.84468 9.08448 2.4
      vertex 5.64116 9.02274 2.4
    endloop
  endfacet
  facet normal 0.290297 -0.956937 0
    outer loop
      vertex 5.84468 9.08448 2.4
      vertex 5.64116 9.02274 1.8
      vertex 5.84468 9.08448 1.8
    endloop
  endfacet
  facet normal 0.582487 -0.81284 0
    outer loop
      vertex 6.6056 9.45972 1.8
      vertex 6.77847 9.5836 2.4
      vertex 6.6056 9.45972 2.4
    endloop
  endfacet
  facet normal 0.582487 -0.81284 0
    outer loop
      vertex 6.77847 9.5836 2.4
      vertex 6.6056 9.45972 1.8
      vertex 6.77847 9.5836 1.8
    endloop
  endfacet
  facet normal 0.634394 -0.77301 0
    outer loop
      vertex 6.77847 9.5836 1.8
      vertex 6.94287 9.71852 2.4
      vertex 6.77847 9.5836 2.4
    endloop
  endfacet
  facet normal 0.634394 -0.77301 0
    outer loop
      vertex 6.94287 9.71852 2.4
      vertex 6.77847 9.5836 1.8
      vertex 6.94287 9.71852 1.8
    endloop
  endfacet
  facet normal -0.290297 -0.956937 0
    outer loop
      vertex 3.75532 9.08448 1.8
      vertex 3.95884 9.02274 2.4
      vertex 3.75532 9.08448 2.4
    endloop
  endfacet
  facet normal -0.290297 -0.956937 -0
    outer loop
      vertex 3.95884 9.02274 2.4
      vertex 3.75532 9.08448 1.8
      vertex 3.95884 9.02274 1.8
    endloop
  endfacet
  facet normal -0.22706 -0.973881 0
    outer loop
      vertex 3.95884 9.02274 1.8
      vertex 4.16596 8.97445 2.4
      vertex 3.95884 9.02274 2.4
    endloop
  endfacet
  facet normal -0.22706 -0.973881 -0
    outer loop
      vertex 4.16596 8.97445 2.4
      vertex 3.95884 9.02274 1.8
      vertex 4.16596 8.97445 1.8
    endloop
  endfacet
  facet normal -0.683537 -0.729916 0
    outer loop
      vertex 2.6 9.77202 1.8
      vertex 2.65713 9.71852 2.4
      vertex 2.6 9.77202 2.4
    endloop
  endfacet
  facet normal -0.683537 -0.729916 -0
    outer loop
      vertex 2.65713 9.71852 2.4
      vertex 2.6 9.77202 1.8
      vertex 2.65713 9.71852 1.8
    endloop
  endfacet
  facet normal -0.634417 -0.772991 0
    outer loop
      vertex 2.65713 9.71852 1.8
      vertex 2.82152 9.5836 2.4
      vertex 2.65713 9.71852 2.4
    endloop
  endfacet
  facet normal -0.634417 -0.772991 -0
    outer loop
      vertex 2.82152 9.5836 2.4
      vertex 2.65713 9.71852 1.8
      vertex 2.82152 9.5836 1.8
    endloop
  endfacet
  facet normal -0.412694 -0.91087 0
    outer loop
      vertex 3.36256 9.24716 1.8
      vertex 3.55628 9.15939 2.4
      vertex 3.36256 9.24716 2.4
    endloop
  endfacet
  facet normal -0.412694 -0.91087 -0
    outer loop
      vertex 3.55628 9.15939 2.4
      vertex 3.36256 9.24716 1.8
      vertex 3.55628 9.15939 1.8
    endloop
  endfacet
  facet normal -0.528053 -0.849211 0
    outer loop
      vertex 2.9944 9.45972 1.8
      vertex 3.175 9.34742 2.4
      vertex 2.9944 9.45972 2.4
    endloop
  endfacet
  facet normal -0.528053 -0.849211 -0
    outer loop
      vertex 3.175 9.34742 2.4
      vertex 2.9944 9.45972 1.8
      vertex 3.175 9.34742 1.8
    endloop
  endfacet
  facet normal -0.471423 -0.881907 0
    outer loop
      vertex 3.175 9.34742 1.8
      vertex 3.36256 9.24716 2.4
      vertex 3.175 9.34742 2.4
    endloop
  endfacet
  facet normal -0.471423 -0.881907 -0
    outer loop
      vertex 3.36256 9.24716 2.4
      vertex 3.175 9.34742 1.8
      vertex 3.36256 9.24716 1.8
    endloop
  endfacet
  facet normal -0.582465 -0.812856 0
    outer loop
      vertex 2.82152 9.5836 1.8
      vertex 2.9944 9.45972 2.4
      vertex 2.82152 9.5836 2.4
    endloop
  endfacet
  facet normal -0.582465 -0.812856 -0
    outer loop
      vertex 2.9944 9.45972 2.4
      vertex 2.82152 9.5836 1.8
      vertex 2.9944 9.45972 1.8
    endloop
  endfacet
  facet normal -0.352236 -0.935911 0
    outer loop
      vertex 3.55628 9.15939 1.8
      vertex 3.75532 9.08448 2.4
      vertex 3.55628 9.15939 2.4
    endloop
  endfacet
  facet normal -0.352236 -0.935911 -0
    outer loop
      vertex 3.75532 9.08448 2.4
      vertex 3.55628 9.15939 1.8
      vertex 3.75532 9.08448 1.8
    endloop
  endfacet
  facet normal 0.999465 0.03272 0
    outer loop
      vertex 8.05 24.662 2.4
      vertex 8.04304 24.8746 1.8
      vertex 8.04304 24.8746 2.4
    endloop
  endfacet
  facet normal 0.999465 0.03272 0
    outer loop
      vertex 8.04304 24.8746 1.8
      vertex 8.05 24.662 2.4
      vertex 8.05 24.662 1.8
    endloop
  endfacet
  facet normal 0.032914 -0.999458 0
    outer loop
      vertex 4.8 21.412 1.8
      vertex 5.01256 21.419 2.4
      vertex 4.8 21.412 2.4
    endloop
  endfacet
  facet normal 0.032914 -0.999458 0
    outer loop
      vertex 5.01256 21.419 2.4
      vertex 4.8 21.412 1.8
      vertex 5.01256 21.419 1.8
    endloop
  endfacet
  facet normal 0.729673 0.683797 0
    outer loop
      vertex 7.24348 26.8049 2.4
      vertex 7.18997 26.862 1.8
      vertex 7.18997 26.862 2.4
    endloop
  endfacet
  facet normal 0.729673 0.683797 0
    outer loop
      vertex 7.18997 26.862 1.8
      vertex 7.24348 26.8049 2.4
      vertex 7.24348 26.8049 1.8
    endloop
  endfacet
  facet normal 0.910854 0.412729 0
    outer loop
      vertex 7.80261 25.9057 2.4
      vertex 7.71484 26.0994 1.8
      vertex 7.71484 26.0994 2.4
    endloop
  endfacet
  facet normal 0.910854 0.412729 0
    outer loop
      vertex 7.71484 26.0994 1.8
      vertex 7.80261 25.9057 2.4
      vertex 7.80261 25.9057 1.8
    endloop
  endfacet
  facet normal 0.9739 -0.226977 0
    outer loop
      vertex 7.93926 23.8208 2.4
      vertex 7.98755 24.028 1.8
      vertex 7.98755 24.028 2.4
    endloop
  endfacet
  facet normal 0.9739 -0.226977 0
    outer loop
      vertex 7.98755 24.028 1.8
      vertex 7.93926 23.8208 2.4
      vertex 7.93926 23.8208 1.8
    endloop
  endfacet
  facet normal 0.9739 0.226977 0
    outer loop
      vertex 7.98755 25.296 2.4
      vertex 7.93926 25.5032 1.8
      vertex 7.93926 25.5032 2.4
    endloop
  endfacet
  facet normal 0.9739 0.226977 0
    outer loop
      vertex 7.93926 25.5032 1.8
      vertex 7.98755 25.296 2.4
      vertex 7.98755 25.296 1.8
    endloop
  endfacet
  facet normal 0.956929 0.290323 0
    outer loop
      vertex 7.93926 25.5032 2.4
      vertex 7.87752 25.7067 1.8
      vertex 7.87752 25.7067 2.4
    endloop
  endfacet
  facet normal 0.956929 0.290323 0
    outer loop
      vertex 7.87752 25.7067 1.8
      vertex 7.93926 25.5032 2.4
      vertex 7.93926 25.5032 1.8
    endloop
  endfacet
  facet normal 0.77301 0.634394 0
    outer loop
      vertex 7.3784 26.6405 2.4
      vertex 7.24348 26.8049 1.8
      vertex 7.24348 26.8049 2.4
    endloop
  endfacet
  facet normal 0.77301 0.634394 0
    outer loop
      vertex 7.24348 26.8049 1.8
      vertex 7.3784 26.6405 2.4
      vertex 7.3784 26.6405 1.8
    endloop
  endfacet
  facet normal 0.849211 0.528053 0
    outer loop
      vertex 7.61458 26.287 2.4
      vertex 7.50228 26.4676 1.8
      vertex 7.50228 26.4676 2.4
    endloop
  endfacet
  facet normal 0.849211 0.528053 0
    outer loop
      vertex 7.50228 26.4676 1.8
      vertex 7.61458 26.287 2.4
      vertex 7.61458 26.287 1.8
    endloop
  endfacet
  facet normal 0.729819 -0.683641 0
    outer loop
      vertex 7.0981 22.3639 2.4
      vertex 7.24348 22.5191 1.8
      vertex 7.24348 22.5191 2.4
    endloop
  endfacet
  facet normal 0.729819 -0.683641 0
    outer loop
      vertex 7.24348 22.5191 1.8
      vertex 7.0981 22.3639 2.4
      vertex 7.0981 22.3639 1.8
    endloop
  endfacet
  facet normal 0.412811 -0.910817 0
    outer loop
      vertex 6.04372 21.6594 1.8
      vertex 6.23744 21.7472 2.4
      vertex 6.04372 21.6594 2.4
    endloop
  endfacet
  facet normal 0.412811 -0.910817 0
    outer loop
      vertex 6.23744 21.7472 2.4
      vertex 6.04372 21.6594 1.8
      vertex 6.23744 21.7472 1.8
    endloop
  endfacet
  facet normal 0.986642 0.162904 0
    outer loop
      vertex 8.02219 25.0862 2.4
      vertex 7.98755 25.296 1.8
      vertex 7.98755 25.296 2.4
    endloop
  endfacet
  facet normal 0.986642 0.162904 0
    outer loop
      vertex 7.98755 25.296 1.8
      vertex 8.02219 25.0862 2.4
      vertex 8.02219 25.0862 1.8
    endloop
  endfacet
  facet normal 0.99518 0.0980601 0
    outer loop
      vertex 8.04304 24.8746 2.4
      vertex 8.02219 25.0862 1.8
      vertex 8.02219 25.0862 2.4
    endloop
  endfacet
  facet normal 0.99518 0.0980601 0
    outer loop
      vertex 8.02219 25.0862 1.8
      vertex 8.04304 24.8746 2.4
      vertex 8.04304 24.8746 1.8
    endloop
  endfacet
  facet normal 0.812888 0.582421 0
    outer loop
      vertex 7.50228 26.4676 2.4
      vertex 7.3784 26.6405 1.8
      vertex 7.3784 26.6405 2.4
    endloop
  endfacet
  facet normal 0.812888 0.582421 0
    outer loop
      vertex 7.3784 26.6405 1.8
      vertex 7.50228 26.4676 2.4
      vertex 7.50228 26.4676 1.8
    endloop
  endfacet
  facet normal 0.881949 0.471344 0
    outer loop
      vertex 7.71484 26.0994 2.4
      vertex 7.61458 26.287 1.8
      vertex 7.61458 26.287 2.4
    endloop
  endfacet
  facet normal 0.881949 0.471344 0
    outer loop
      vertex 7.61458 26.287 1.8
      vertex 7.71484 26.0994 2.4
      vertex 7.71484 26.0994 1.8
    endloop
  endfacet
  facet normal 0.881949 -0.471344 0
    outer loop
      vertex 7.61458 23.037 2.4
      vertex 7.71484 23.2246 1.8
      vertex 7.71484 23.2246 2.4
    endloop
  endfacet
  facet normal 0.881949 -0.471344 0
    outer loop
      vertex 7.71484 23.2246 1.8
      vertex 7.61458 23.037 2.4
      vertex 7.61458 23.037 1.8
    endloop
  endfacet
  facet normal 0.956929 -0.290323 0
    outer loop
      vertex 7.87752 23.6173 2.4
      vertex 7.93926 23.8208 1.8
      vertex 7.93926 23.8208 2.4
    endloop
  endfacet
  facet normal 0.956929 -0.290323 0
    outer loop
      vertex 7.93926 23.8208 1.8
      vertex 7.87752 23.6173 2.4
      vertex 7.87752 23.6173 1.8
    endloop
  endfacet
  facet normal 0.986642 -0.162904 0
    outer loop
      vertex 7.98755 24.028 2.4
      vertex 8.02219 24.2378 1.8
      vertex 8.02219 24.2378 2.4
    endloop
  endfacet
  facet normal 0.986642 -0.162904 0
    outer loop
      vertex 8.02219 24.2378 1.8
      vertex 7.98755 24.028 2.4
      vertex 7.98755 24.028 1.8
    endloop
  endfacet
  facet normal 0.99518 -0.0980601 0
    outer loop
      vertex 8.02219 24.2378 2.4
      vertex 8.04304 24.4494 1.8
      vertex 8.04304 24.4494 2.4
    endloop
  endfacet
  facet normal 0.99518 -0.0980601 0
    outer loop
      vertex 8.04304 24.4494 1.8
      vertex 8.02219 24.2378 2.4
      vertex 8.02219 24.2378 1.8
    endloop
  endfacet
  facet normal 0.77301 -0.634394 0
    outer loop
      vertex 7.24348 22.5191 2.4
      vertex 7.3784 22.6835 1.8
      vertex 7.3784 22.6835 2.4
    endloop
  endfacet
  facet normal 0.77301 -0.634394 0
    outer loop
      vertex 7.3784 22.6835 1.8
      vertex 7.24348 22.5191 2.4
      vertex 7.24348 22.5191 1.8
    endloop
  endfacet
  facet normal 0.0978043 -0.995206 0
    outer loop
      vertex 5.01256 21.419 1.8
      vertex 5.22421 21.4398 2.4
      vertex 5.01256 21.419 2.4
    endloop
  endfacet
  facet normal 0.0978043 -0.995206 0
    outer loop
      vertex 5.22421 21.4398 2.4
      vertex 5.01256 21.419 1.8
      vertex 5.22421 21.4398 1.8
    endloop
  endfacet
  facet normal 0.352195 -0.935927 0
    outer loop
      vertex 5.84468 21.5845 1.8
      vertex 6.04372 21.6594 2.4
      vertex 5.84468 21.5845 2.4
    endloop
  endfacet
  facet normal 0.352195 -0.935927 0
    outer loop
      vertex 6.04372 21.6594 2.4
      vertex 5.84468 21.5845 1.8
      vertex 6.04372 21.6594 1.8
    endloop
  endfacet
  facet normal 0.935888 0.352298 0
    outer loop
      vertex 7.87752 25.7067 2.4
      vertex 7.80261 25.9057 1.8
      vertex 7.80261 25.9057 2.4
    endloop
  endfacet
  facet normal 0.935888 0.352298 0
    outer loop
      vertex 7.80261 25.9057 1.8
      vertex 7.87752 25.7067 2.4
      vertex 7.87752 25.7067 1.8
    endloop
  endfacet
  facet normal 0.999465 -0.03272 0
    outer loop
      vertex 8.04304 24.4494 2.4
      vertex 8.05 24.662 1.8
      vertex 8.05 24.662 2.4
    endloop
  endfacet
  facet normal 0.999465 -0.03272 0
    outer loop
      vertex 8.05 24.662 1.8
      vertex 8.04304 24.4494 2.4
      vertex 8.04304 24.4494 1.8
    endloop
  endfacet
  facet normal 0.471203 -0.882025 0
    outer loop
      vertex 6.23744 21.7472 1.8
      vertex 6.425 21.8474 2.4
      vertex 6.23744 21.7472 2.4
    endloop
  endfacet
  facet normal 0.471203 -0.882025 0
    outer loop
      vertex 6.425 21.8474 2.4
      vertex 6.23744 21.7472 1.8
      vertex 6.425 21.8474 1.8
    endloop
  endfacet
  facet normal 0.910854 -0.412729 0
    outer loop
      vertex 7.71484 23.2246 2.4
      vertex 7.80261 23.4183 1.8
      vertex 7.80261 23.4183 2.4
    endloop
  endfacet
  facet normal 0.910854 -0.412729 0
    outer loop
      vertex 7.80261 23.4183 1.8
      vertex 7.71484 23.2246 2.4
      vertex 7.71484 23.2246 1.8
    endloop
  endfacet
  facet normal -0.162698 -0.986676 0
    outer loop
      vertex 4.16596 21.4744 1.8
      vertex 4.37579 21.4398 2.4
      vertex 4.16596 21.4744 2.4
    endloop
  endfacet
  facet normal -0.162698 -0.986676 -0
    outer loop
      vertex 4.37579 21.4398 2.4
      vertex 4.16596 21.4744 1.8
      vertex 4.37579 21.4398 1.8
    endloop
  endfacet
  facet normal 0.162698 -0.986676 0
    outer loop
      vertex 5.22421 21.4398 1.8
      vertex 5.43404 21.4744 2.4
      vertex 5.22421 21.4398 2.4
    endloop
  endfacet
  facet normal 0.162698 -0.986676 0
    outer loop
      vertex 5.43404 21.4744 2.4
      vertex 5.22421 21.4398 1.8
      vertex 5.43404 21.4744 1.8
    endloop
  endfacet
  facet normal 0.849211 -0.528053 0
    outer loop
      vertex 7.50228 22.8564 2.4
      vertex 7.61458 23.037 1.8
      vertex 7.61458 23.037 2.4
    endloop
  endfacet
  facet normal 0.849211 -0.528053 0
    outer loop
      vertex 7.61458 23.037 1.8
      vertex 7.50228 22.8564 2.4
      vertex 7.50228 22.8564 1.8
    endloop
  endfacet
  facet normal 0.812888 -0.582421 0
    outer loop
      vertex 7.3784 22.6835 2.4
      vertex 7.50228 22.8564 1.8
      vertex 7.50228 22.8564 2.4
    endloop
  endfacet
  facet normal 0.812888 -0.582421 0
    outer loop
      vertex 7.50228 22.8564 1.8
      vertex 7.3784 22.6835 2.4
      vertex 7.3784 22.6835 1.8
    endloop
  endfacet
  facet normal 0.582549 -0.812795 0
    outer loop
      vertex 6.6056 21.9597 1.8
      vertex 6.77847 22.0836 2.4
      vertex 6.6056 21.9597 2.4
    endloop
  endfacet
  facet normal 0.582549 -0.812795 0
    outer loop
      vertex 6.77847 22.0836 2.4
      vertex 6.6056 21.9597 1.8
      vertex 6.77847 22.0836 1.8
    endloop
  endfacet
  facet normal 0.935888 -0.352298 0
    outer loop
      vertex 7.80261 23.4183 2.4
      vertex 7.87752 23.6173 1.8
      vertex 7.87752 23.6173 2.4
    endloop
  endfacet
  facet normal 0.935888 -0.352298 0
    outer loop
      vertex 7.87752 23.6173 1.8
      vertex 7.80261 23.4183 2.4
      vertex 7.80261 23.4183 1.8
    endloop
  endfacet
  facet normal -0.032914 -0.999458 0
    outer loop
      vertex 4.58744 21.419 1.8
      vertex 4.8 21.412 2.4
      vertex 4.58744 21.419 2.4
    endloop
  endfacet
  facet normal -0.032914 -0.999458 -0
    outer loop
      vertex 4.8 21.412 2.4
      vertex 4.58744 21.419 1.8
      vertex 4.8 21.412 1.8
    endloop
  endfacet
  facet normal -0.0978043 -0.995206 0
    outer loop
      vertex 4.37579 21.4398 1.8
      vertex 4.58744 21.419 2.4
      vertex 4.37579 21.4398 2.4
    endloop
  endfacet
  facet normal -0.0978043 -0.995206 -0
    outer loop
      vertex 4.58744 21.419 2.4
      vertex 4.37579 21.4398 1.8
      vertex 4.58744 21.419 1.8
    endloop
  endfacet
  facet normal 0.290555 -0.956858 0
    outer loop
      vertex 5.64116 21.5227 1.8
      vertex 5.84468 21.5845 2.4
      vertex 5.64116 21.5227 2.4
    endloop
  endfacet
  facet normal 0.290555 -0.956858 0
    outer loop
      vertex 5.84468 21.5845 2.4
      vertex 5.64116 21.5227 1.8
      vertex 5.84468 21.5845 1.8
    endloop
  endfacet
  facet normal 0.227105 -0.97387 0
    outer loop
      vertex 5.43404 21.4744 1.8
      vertex 5.64116 21.5227 2.4
      vertex 5.43404 21.4744 2.4
    endloop
  endfacet
  facet normal 0.227105 -0.97387 0
    outer loop
      vertex 5.64116 21.5227 2.4
      vertex 5.43404 21.4744 1.8
      vertex 5.64116 21.5227 1.8
    endloop
  endfacet
  facet normal 0.634338 -0.773056 0
    outer loop
      vertex 6.77847 22.0836 1.8
      vertex 6.94287 22.2185 2.4
      vertex 6.77847 22.0836 2.4
    endloop
  endfacet
  facet normal 0.634338 -0.773056 0
    outer loop
      vertex 6.94287 22.2185 2.4
      vertex 6.77847 22.0836 1.8
      vertex 6.94287 22.2185 1.8
    endloop
  endfacet
  facet normal 0.528053 -0.849211 0
    outer loop
      vertex 6.425 21.8474 1.8
      vertex 6.6056 21.9597 2.4
      vertex 6.425 21.8474 2.4
    endloop
  endfacet
  facet normal 0.528053 -0.849211 0
    outer loop
      vertex 6.6056 21.9597 2.4
      vertex 6.425 21.8474 1.8
      vertex 6.6056 21.9597 1.8
    endloop
  endfacet
  facet normal -0.683537 -0.729916 0
    outer loop
      vertex 2.6 22.272 1.8
      vertex 2.65713 22.2185 2.4
      vertex 2.6 22.272 2.4
    endloop
  endfacet
  facet normal -0.683537 -0.729916 -0
    outer loop
      vertex 2.65713 22.2185 2.4
      vertex 2.6 22.272 1.8
      vertex 2.65713 22.2185 1.8
    endloop
  endfacet
  facet normal -0.634361 -0.773037 0
    outer loop
      vertex 2.65713 22.2185 1.8
      vertex 2.82152 22.0836 2.4
      vertex 2.65713 22.2185 2.4
    endloop
  endfacet
  facet normal -0.634361 -0.773037 -0
    outer loop
      vertex 2.82152 22.0836 2.4
      vertex 2.65713 22.2185 1.8
      vertex 2.82152 22.0836 1.8
    endloop
  endfacet
  facet normal -0.412811 -0.910817 0
    outer loop
      vertex 3.36256 21.7472 1.8
      vertex 3.55628 21.6594 2.4
      vertex 3.36256 21.7472 2.4
    endloop
  endfacet
  facet normal -0.412811 -0.910817 -0
    outer loop
      vertex 3.55628 21.6594 2.4
      vertex 3.36256 21.7472 1.8
      vertex 3.55628 21.6594 1.8
    endloop
  endfacet
  facet normal -0.528053 -0.849211 0
    outer loop
      vertex 2.9944 21.9597 1.8
      vertex 3.175 21.8474 2.4
      vertex 2.9944 21.9597 2.4
    endloop
  endfacet
  facet normal -0.528053 -0.849211 -0
    outer loop
      vertex 3.175 21.8474 2.4
      vertex 2.9944 21.9597 1.8
      vertex 3.175 21.8474 1.8
    endloop
  endfacet
  facet normal -0.290555 -0.956858 0
    outer loop
      vertex 3.75532 21.5845 1.8
      vertex 3.95884 21.5227 2.4
      vertex 3.75532 21.5845 2.4
    endloop
  endfacet
  facet normal -0.290555 -0.956858 -0
    outer loop
      vertex 3.95884 21.5227 2.4
      vertex 3.75532 21.5845 1.8
      vertex 3.95884 21.5227 1.8
    endloop
  endfacet
  facet normal -0.227105 -0.97387 0
    outer loop
      vertex 3.95884 21.5227 1.8
      vertex 4.16596 21.4744 2.4
      vertex 3.95884 21.5227 2.4
    endloop
  endfacet
  facet normal -0.227105 -0.97387 -0
    outer loop
      vertex 4.16596 21.4744 2.4
      vertex 3.95884 21.5227 1.8
      vertex 4.16596 21.4744 1.8
    endloop
  endfacet
  facet normal 0.68362 -0.729838 0
    outer loop
      vertex 6.94287 22.2185 1.8
      vertex 7.0981 22.3639 2.4
      vertex 6.94287 22.2185 2.4
    endloop
  endfacet
  facet normal 0.68362 -0.729838 0
    outer loop
      vertex 7.0981 22.3639 2.4
      vertex 6.94287 22.2185 1.8
      vertex 7.0981 22.3639 1.8
    endloop
  endfacet
  facet normal -0.471203 -0.882025 0
    outer loop
      vertex 3.175 21.8474 1.8
      vertex 3.36256 21.7472 2.4
      vertex 3.175 21.8474 2.4
    endloop
  endfacet
  facet normal -0.471203 -0.882025 -0
    outer loop
      vertex 3.36256 21.7472 2.4
      vertex 3.175 21.8474 1.8
      vertex 3.36256 21.7472 1.8
    endloop
  endfacet
  facet normal -0.582527 -0.812811 0
    outer loop
      vertex 2.82152 22.0836 1.8
      vertex 2.9944 21.9597 2.4
      vertex 2.82152 22.0836 2.4
    endloop
  endfacet
  facet normal -0.582527 -0.812811 -0
    outer loop
      vertex 2.9944 21.9597 2.4
      vertex 2.82152 22.0836 1.8
      vertex 2.9944 21.9597 1.8
    endloop
  endfacet
  facet normal -0.352195 -0.935927 0
    outer loop
      vertex 3.55628 21.6594 1.8
      vertex 3.75532 21.5845 2.4
      vertex 3.55628 21.6594 2.4
    endloop
  endfacet
  facet normal -0.352195 -0.935927 -0
    outer loop
      vertex 3.75532 21.5845 2.4
      vertex 3.55628 21.6594 1.8
      vertex 3.75532 21.5845 1.8
    endloop
  endfacet
  facet normal -0.999458 0.0329078 0
    outer loop
      vertex 22.55 12.162 1.8
      vertex 22.557 12.3746 2.4
      vertex 22.557 12.3746 1.8
    endloop
  endfacet
  facet normal -0.999458 0.0329078 0
    outer loop
      vertex 22.557 12.3746 2.4
      vertex 22.55 12.162 1.8
      vertex 22.55 12.162 2.4
    endloop
  endfacet
  facet normal 0.0329078 0.999458 -0
    outer loop
      vertex 26.0126 15.405 1.8
      vertex 25.8 15.412 2.4
      vertex 26.0126 15.405 2.4
    endloop
  endfacet
  facet normal 0.0329078 0.999458 0
    outer loop
      vertex 25.8 15.412 2.4
      vertex 26.0126 15.405 1.8
      vertex 25.8 15.412 1.8
    endloop
  endfacet
  facet normal 0.03272 -0.999465 0
    outer loop
      vertex 25.8 8.912 1.8
      vertex 26.0126 8.91896 2.4
      vertex 25.8 8.912 2.4
    endloop
  endfacet
  facet normal 0.03272 -0.999465 0
    outer loop
      vertex 26.0126 8.91896 2.4
      vertex 25.8 8.912 1.8
      vertex 26.0126 8.91896 1.8
    endloop
  endfacet
  facet normal -0.683691 0.729772 0
    outer loop
      vertex 23.6571 14.6055 1.8
      vertex 23.5019 14.4601 2.4
      vertex 23.6571 14.6055 2.4
    endloop
  endfacet
  facet normal -0.683691 0.729772 0
    outer loop
      vertex 23.5019 14.4601 2.4
      vertex 23.6571 14.6055 1.8
      vertex 23.5019 14.4601 1.8
    endloop
  endfacet
  facet normal 0.634338 0.773056 -0
    outer loop
      vertex 27.9429 14.6055 1.8
      vertex 27.7785 14.7404 2.4
      vertex 27.9429 14.6055 2.4
    endloop
  endfacet
  facet normal 0.634338 0.773056 0
    outer loop
      vertex 27.7785 14.7404 2.4
      vertex 27.9429 14.6055 1.8
      vertex 27.7785 14.7404 1.8
    endloop
  endfacet
  facet normal -0.849211 0.528053 0
    outer loop
      vertex 22.9854 13.787 1.8
      vertex 23.0977 13.9676 2.4
      vertex 23.0977 13.9676 1.8
    endloop
  endfacet
  facet normal -0.849211 0.528053 0
    outer loop
      vertex 23.0977 13.9676 2.4
      vertex 22.9854 13.787 1.8
      vertex 22.9854 13.787 2.4
    endloop
  endfacet
  facet normal -0.162721 0.986672 0
    outer loop
      vertex 25.3758 15.3842 1.8
      vertex 25.166 15.3496 2.4
      vertex 25.3758 15.3842 2.4
    endloop
  endfacet
  facet normal -0.162721 0.986672 0
    outer loop
      vertex 25.166 15.3496 2.4
      vertex 25.3758 15.3842 1.8
      vertex 25.166 15.3496 1.8
    endloop
  endfacet
  facet normal 0.226977 -0.9739 0
    outer loop
      vertex 26.434 8.97445 1.8
      vertex 26.6412 9.02274 2.4
      vertex 26.434 8.97445 2.4
    endloop
  endfacet
  facet normal 0.226977 -0.9739 0
    outer loop
      vertex 26.6412 9.02274 2.4
      vertex 26.434 8.97445 1.8
      vertex 26.6412 9.02274 1.8
    endloop
  endfacet
  facet normal 0.227022 0.97389 -0
    outer loop
      vertex 26.6412 15.3013 1.8
      vertex 26.434 15.3496 2.4
      vertex 26.6412 15.3013 2.4
    endloop
  endfacet
  facet normal 0.227022 0.97389 0
    outer loop
      vertex 26.434 15.3496 2.4
      vertex 26.6412 15.3013 1.8
      vertex 26.434 15.3496 1.8
    endloop
  endfacet
  facet normal 0.352257 0.935903 -0
    outer loop
      vertex 27.0437 15.1646 1.8
      vertex 26.8447 15.2395 2.4
      vertex 27.0437 15.1646 2.4
    endloop
  endfacet
  facet normal 0.352257 0.935903 0
    outer loop
      vertex 26.8447 15.2395 2.4
      vertex 27.0437 15.1646 1.8
      vertex 26.8447 15.2395 1.8
    endloop
  endfacet
  facet normal 0.162721 0.986672 -0
    outer loop
      vertex 26.434 15.3496 1.8
      vertex 26.2242 15.3842 2.4
      vertex 26.434 15.3496 2.4
    endloop
  endfacet
  facet normal 0.162721 0.986672 0
    outer loop
      vertex 26.2242 15.3842 2.4
      vertex 26.434 15.3496 1.8
      vertex 26.2242 15.3842 1.8
    endloop
  endfacet
  facet normal 0.471125 0.882066 -0
    outer loop
      vertex 27.425 14.9766 1.8
      vertex 27.2374 15.0768 2.4
      vertex 27.425 14.9766 2.4
    endloop
  endfacet
  facet normal 0.471125 0.882066 0
    outer loop
      vertex 27.2374 15.0768 2.4
      vertex 27.425 14.9766 1.8
      vertex 27.2374 15.0768 1.8
    endloop
  endfacet
  facet normal 0.683729 0.729736 -0
    outer loop
      vertex 28 14.552 1.8
      vertex 27.9429 14.6055 2.4
      vertex 28 14.552 2.4
    endloop
  endfacet
  facet normal 0.683729 0.729736 0
    outer loop
      vertex 27.9429 14.6055 2.4
      vertex 28 14.552 1.8
      vertex 27.9429 14.6055 1.8
    endloop
  endfacet
  facet normal -0.97389 0.227022 0
    outer loop
      vertex 22.6124 12.796 1.8
      vertex 22.6607 13.0032 2.4
      vertex 22.6607 13.0032 1.8
    endloop
  endfacet
  facet normal -0.97389 0.227022 0
    outer loop
      vertex 22.6607 13.0032 2.4
      vertex 22.6124 12.796 1.8
      vertex 22.6124 12.796 2.4
    endloop
  endfacet
  facet normal -0.729772 0.683691 0
    outer loop
      vertex 23.3565 14.3049 1.8
      vertex 23.5019 14.4601 2.4
      vertex 23.5019 14.4601 1.8
    endloop
  endfacet
  facet normal -0.729772 0.683691 0
    outer loop
      vertex 23.5019 14.4601 2.4
      vertex 23.3565 14.3049 1.8
      vertex 23.3565 14.3049 2.4
    endloop
  endfacet
  facet normal -0.910801 0.412846 0
    outer loop
      vertex 22.7974 13.4057 1.8
      vertex 22.8852 13.5994 2.4
      vertex 22.8852 13.5994 1.8
    endloop
  endfacet
  facet normal -0.910801 0.412846 0
    outer loop
      vertex 22.8852 13.5994 2.4
      vertex 22.7974 13.4057 1.8
      vertex 22.7974 13.4057 2.4
    endloop
  endfacet
  facet normal -0.882066 0.471125 0
    outer loop
      vertex 22.8852 13.5994 1.8
      vertex 22.9854 13.787 2.4
      vertex 22.9854 13.787 1.8
    endloop
  endfacet
  facet normal -0.882066 0.471125 0
    outer loop
      vertex 22.9854 13.787 2.4
      vertex 22.8852 13.5994 1.8
      vertex 22.8852 13.5994 2.4
    endloop
  endfacet
  facet normal -0.95685 0.290582 0
    outer loop
      vertex 22.6607 13.0032 1.8
      vertex 22.7225 13.2067 2.4
      vertex 22.7225 13.2067 1.8
    endloop
  endfacet
  facet normal -0.95685 0.290582 0
    outer loop
      vertex 22.7225 13.2067 2.4
      vertex 22.6607 13.0032 1.8
      vertex 22.6607 13.0032 2.4
    endloop
  endfacet
  facet normal -0.986672 0.162721 0
    outer loop
      vertex 22.5778 12.5862 1.8
      vertex 22.6124 12.796 2.4
      vertex 22.6124 12.796 1.8
    endloop
  endfacet
  facet normal -0.986672 0.162721 0
    outer loop
      vertex 22.6124 12.796 2.4
      vertex 22.5778 12.5862 1.8
      vertex 22.5778 12.5862 2.4
    endloop
  endfacet
  facet normal -0.471125 0.882066 0
    outer loop
      vertex 24.3626 15.0768 1.8
      vertex 24.175 14.9766 2.4
      vertex 24.3626 15.0768 2.4
    endloop
  endfacet
  facet normal -0.471125 0.882066 0
    outer loop
      vertex 24.175 14.9766 2.4
      vertex 24.3626 15.0768 1.8
      vertex 24.175 14.9766 1.8
    endloop
  endfacet
  facet normal -0.528053 0.849211 0
    outer loop
      vertex 24.175 14.9766 1.8
      vertex 23.9944 14.8643 2.4
      vertex 24.175 14.9766 2.4
    endloop
  endfacet
  facet normal -0.528053 0.849211 0
    outer loop
      vertex 23.9944 14.8643 2.4
      vertex 24.175 14.9766 1.8
      vertex 23.9944 14.8643 1.8
    endloop
  endfacet
  facet normal -0.227022 0.97389 0
    outer loop
      vertex 25.166 15.3496 1.8
      vertex 24.9588 15.3013 2.4
      vertex 25.166 15.3496 2.4
    endloop
  endfacet
  facet normal -0.227022 0.97389 0
    outer loop
      vertex 24.9588 15.3013 2.4
      vertex 25.166 15.3496 1.8
      vertex 24.9588 15.3013 1.8
    endloop
  endfacet
  facet normal -0.0978272 0.995203 0
    outer loop
      vertex 25.5874 15.405 1.8
      vertex 25.3758 15.3842 2.4
      vertex 25.5874 15.405 2.4
    endloop
  endfacet
  facet normal -0.0978272 0.995203 0
    outer loop
      vertex 25.3758 15.3842 2.4
      vertex 25.5874 15.405 1.8
      vertex 25.3758 15.3842 1.8
    endloop
  endfacet
  facet normal 0.412729 -0.910854 0
    outer loop
      vertex 27.0437 9.15939 1.8
      vertex 27.2374 9.24716 2.4
      vertex 27.0437 9.15939 2.4
    endloop
  endfacet
  facet normal 0.412729 -0.910854 0
    outer loop
      vertex 27.2374 9.24716 2.4
      vertex 27.0437 9.15939 1.8
      vertex 27.2374 9.24716 1.8
    endloop
  endfacet
  facet normal 0.290582 0.95685 -0
    outer loop
      vertex 26.8447 15.2395 1.8
      vertex 26.6412 15.3013 2.4
      vertex 26.8447 15.2395 2.4
    endloop
  endfacet
  facet normal 0.290582 0.95685 0
    outer loop
      vertex 26.6412 15.3013 2.4
      vertex 26.8447 15.2395 1.8
      vertex 26.6412 15.3013 1.8
    endloop
  endfacet
  facet normal 0.0978272 0.995203 -0
    outer loop
      vertex 26.2242 15.3842 1.8
      vertex 26.0126 15.405 2.4
      vertex 26.2242 15.3842 2.4
    endloop
  endfacet
  facet normal 0.0978272 0.995203 0
    outer loop
      vertex 26.0126 15.405 2.4
      vertex 26.2242 15.3842 1.8
      vertex 26.0126 15.405 1.8
    endloop
  endfacet
  facet normal 0.412846 0.910801 -0
    outer loop
      vertex 27.2374 15.0768 1.8
      vertex 27.0437 15.1646 2.4
      vertex 27.2374 15.0768 2.4
    endloop
  endfacet
  facet normal 0.412846 0.910801 0
    outer loop
      vertex 27.0437 15.1646 2.4
      vertex 27.2374 15.0768 1.8
      vertex 27.0437 15.1646 1.8
    endloop
  endfacet
  facet normal 0.528053 0.849211 -0
    outer loop
      vertex 27.6056 14.8643 1.8
      vertex 27.425 14.9766 2.4
      vertex 27.6056 14.8643 2.4
    endloop
  endfacet
  facet normal 0.528053 0.849211 0
    outer loop
      vertex 27.425 14.9766 2.4
      vertex 27.6056 14.8643 1.8
      vertex 27.425 14.9766 1.8
    endloop
  endfacet
  facet normal 0.582483 0.812843 -0
    outer loop
      vertex 27.7785 14.7404 1.8
      vertex 27.6056 14.8643 2.4
      vertex 27.7785 14.7404 2.4
    endloop
  endfacet
  facet normal 0.582483 0.812843 0
    outer loop
      vertex 27.6056 14.8643 2.4
      vertex 27.7785 14.7404 1.8
      vertex 27.6056 14.8643 1.8
    endloop
  endfacet
  facet normal -0.995203 0.0978272 0
    outer loop
      vertex 22.557 12.3746 1.8
      vertex 22.5778 12.5862 2.4
      vertex 22.5778 12.5862 1.8
    endloop
  endfacet
  facet normal -0.995203 0.0978272 0
    outer loop
      vertex 22.5778 12.5862 2.4
      vertex 22.557 12.3746 1.8
      vertex 22.557 12.3746 2.4
    endloop
  endfacet
  facet normal -0.582483 0.812843 0
    outer loop
      vertex 23.9944 14.8643 1.8
      vertex 23.8215 14.7404 2.4
      vertex 23.9944 14.8643 2.4
    endloop
  endfacet
  facet normal -0.582483 0.812843 0
    outer loop
      vertex 23.8215 14.7404 2.4
      vertex 23.9944 14.8643 1.8
      vertex 23.8215 14.7404 1.8
    endloop
  endfacet
  facet normal -0.634338 0.773056 0
    outer loop
      vertex 23.8215 14.7404 1.8
      vertex 23.6571 14.6055 2.4
      vertex 23.8215 14.7404 2.4
    endloop
  endfacet
  facet normal -0.634338 0.773056 0
    outer loop
      vertex 23.6571 14.6055 2.4
      vertex 23.8215 14.7404 1.8
      vertex 23.6571 14.6055 1.8
    endloop
  endfacet
  facet normal -0.352257 0.935903 0
    outer loop
      vertex 24.7553 15.2395 1.8
      vertex 24.5563 15.1646 2.4
      vertex 24.7553 15.2395 2.4
    endloop
  endfacet
  facet normal -0.352257 0.935903 0
    outer loop
      vertex 24.5563 15.1646 2.4
      vertex 24.7553 15.2395 1.8
      vertex 24.5563 15.1646 1.8
    endloop
  endfacet
  facet normal -0.0329078 0.999458 0
    outer loop
      vertex 25.8 15.412 1.8
      vertex 25.5874 15.405 2.4
      vertex 25.8 15.412 2.4
    endloop
  endfacet
  facet normal -0.0329078 0.999458 0
    outer loop
      vertex 25.5874 15.405 2.4
      vertex 25.8 15.412 1.8
      vertex 25.5874 15.405 1.8
    endloop
  endfacet
  facet normal -0.910801 -0.412846 0
    outer loop
      vertex 22.8852 10.7246 1.8
      vertex 22.7974 10.9183 2.4
      vertex 22.7974 10.9183 1.8
    endloop
  endfacet
  facet normal -0.910801 -0.412846 0
    outer loop
      vertex 22.7974 10.9183 2.4
      vertex 22.8852 10.7246 1.8
      vertex 22.8852 10.7246 2.4
    endloop
  endfacet
  facet normal -0.849211 -0.528053 0
    outer loop
      vertex 23.0977 10.3564 1.8
      vertex 22.9854 10.537 2.4
      vertex 22.9854 10.537 1.8
    endloop
  endfacet
  facet normal -0.849211 -0.528053 0
    outer loop
      vertex 22.9854 10.537 2.4
      vertex 23.0977 10.3564 1.8
      vertex 23.0977 10.3564 2.4
    endloop
  endfacet
  facet normal -0.95685 -0.290582 0
    outer loop
      vertex 22.7225 11.1173 1.8
      vertex 22.6607 11.3208 2.4
      vertex 22.6607 11.3208 1.8
    endloop
  endfacet
  facet normal -0.95685 -0.290582 0
    outer loop
      vertex 22.6607 11.3208 2.4
      vertex 22.7225 11.1173 1.8
      vertex 22.7225 11.1173 2.4
    endloop
  endfacet
  facet normal -0.97389 -0.227022 0
    outer loop
      vertex 22.6607 11.3208 1.8
      vertex 22.6124 11.528 2.4
      vertex 22.6124 11.528 1.8
    endloop
  endfacet
  facet normal -0.97389 -0.227022 0
    outer loop
      vertex 22.6124 11.528 2.4
      vertex 22.6607 11.3208 1.8
      vertex 22.6607 11.3208 2.4
    endloop
  endfacet
  facet normal 0.0980135 -0.995185 0
    outer loop
      vertex 26.0126 8.91896 1.8
      vertex 26.2242 8.9398 2.4
      vertex 26.0126 8.91896 2.4
    endloop
  endfacet
  facet normal 0.0980135 -0.995185 0
    outer loop
      vertex 26.2242 8.9398 2.4
      vertex 26.0126 8.91896 1.8
      vertex 26.2242 8.9398 1.8
    endloop
  endfacet
  facet normal 0.352298 -0.935888 0
    outer loop
      vertex 26.8447 9.08448 1.8
      vertex 27.0437 9.15939 2.4
      vertex 26.8447 9.08448 2.4
    endloop
  endfacet
  facet normal 0.352298 -0.935888 0
    outer loop
      vertex 27.0437 9.15939 2.4
      vertex 26.8447 9.08448 1.8
      vertex 27.0437 9.15939 1.8
    endloop
  endfacet
  facet normal -0.812843 0.582483 0
    outer loop
      vertex 23.0977 13.9676 1.8
      vertex 23.2216 14.1405 2.4
      vertex 23.2216 14.1405 1.8
    endloop
  endfacet
  facet normal -0.812843 0.582483 0
    outer loop
      vertex 23.2216 14.1405 2.4
      vertex 23.0977 13.9676 1.8
      vertex 23.0977 13.9676 2.4
    endloop
  endfacet
  facet normal -0.773056 0.634338 0
    outer loop
      vertex 23.2216 14.1405 1.8
      vertex 23.3565 14.3049 2.4
      vertex 23.3565 14.3049 1.8
    endloop
  endfacet
  facet normal -0.773056 0.634338 0
    outer loop
      vertex 23.3565 14.3049 2.4
      vertex 23.2216 14.1405 1.8
      vertex 23.2216 14.1405 2.4
    endloop
  endfacet
  facet normal -0.935903 0.352257 0
    outer loop
      vertex 22.7225 13.2067 1.8
      vertex 22.7974 13.4057 2.4
      vertex 22.7974 13.4057 1.8
    endloop
  endfacet
  facet normal -0.935903 0.352257 0
    outer loop
      vertex 22.7974 13.4057 2.4
      vertex 22.7225 13.2067 1.8
      vertex 22.7225 13.2067 2.4
    endloop
  endfacet
  facet normal -0.412846 0.910801 0
    outer loop
      vertex 24.5563 15.1646 1.8
      vertex 24.3626 15.0768 2.4
      vertex 24.5563 15.1646 2.4
    endloop
  endfacet
  facet normal -0.412846 0.910801 0
    outer loop
      vertex 24.3626 15.0768 2.4
      vertex 24.5563 15.1646 1.8
      vertex 24.3626 15.0768 1.8
    endloop
  endfacet
  facet normal -0.290582 0.95685 0
    outer loop
      vertex 24.9588 15.3013 1.8
      vertex 24.7553 15.2395 2.4
      vertex 24.9588 15.3013 2.4
    endloop
  endfacet
  facet normal -0.290582 0.95685 0
    outer loop
      vertex 24.7553 15.2395 2.4
      vertex 24.9588 15.3013 1.8
      vertex 24.7553 15.2395 1.8
    endloop
  endfacet
  facet normal 0.471344 -0.881949 0
    outer loop
      vertex 27.2374 9.24716 1.8
      vertex 27.425 9.34742 2.4
      vertex 27.2374 9.24716 2.4
    endloop
  endfacet
  facet normal 0.471344 -0.881949 0
    outer loop
      vertex 27.425 9.34742 2.4
      vertex 27.2374 9.24716 1.8
      vertex 27.425 9.34742 1.8
    endloop
  endfacet
  facet normal -0.16295 -0.986634 0
    outer loop
      vertex 25.166 8.97445 1.8
      vertex 25.3758 8.9398 2.4
      vertex 25.166 8.97445 2.4
    endloop
  endfacet
  facet normal -0.16295 -0.986634 -0
    outer loop
      vertex 25.3758 8.9398 2.4
      vertex 25.166 8.97445 1.8
      vertex 25.3758 8.9398 1.8
    endloop
  endfacet
  facet normal -0.729772 -0.683691 0
    outer loop
      vertex 23.5019 9.8639 1.8
      vertex 23.3565 10.0191 2.4
      vertex 23.3565 10.0191 1.8
    endloop
  endfacet
  facet normal -0.729772 -0.683691 0
    outer loop
      vertex 23.3565 10.0191 2.4
      vertex 23.5019 9.8639 1.8
      vertex 23.5019 9.8639 2.4
    endloop
  endfacet
  facet normal -0.812843 -0.582483 0
    outer loop
      vertex 23.2216 10.1835 1.8
      vertex 23.0977 10.3564 2.4
      vertex 23.0977 10.3564 1.8
    endloop
  endfacet
  facet normal -0.812843 -0.582483 0
    outer loop
      vertex 23.0977 10.3564 2.4
      vertex 23.2216 10.1835 1.8
      vertex 23.2216 10.1835 2.4
    endloop
  endfacet
  facet normal -0.882066 -0.471125 0
    outer loop
      vertex 22.9854 10.537 1.8
      vertex 22.8852 10.7246 2.4
      vertex 22.8852 10.7246 1.8
    endloop
  endfacet
  facet normal -0.882066 -0.471125 0
    outer loop
      vertex 22.8852 10.7246 2.4
      vertex 22.9854 10.537 1.8
      vertex 22.9854 10.537 2.4
    endloop
  endfacet
  facet normal -0.935903 -0.352257 0
    outer loop
      vertex 22.7974 10.9183 1.8
      vertex 22.7225 11.1173 2.4
      vertex 22.7225 11.1173 1.8
    endloop
  endfacet
  facet normal -0.935903 -0.352257 0
    outer loop
      vertex 22.7225 11.1173 2.4
      vertex 22.7974 10.9183 1.8
      vertex 22.7974 10.9183 2.4
    endloop
  endfacet
  facet normal -0.986672 -0.162721 0
    outer loop
      vertex 22.6124 11.528 1.8
      vertex 22.5778 11.7378 2.4
      vertex 22.5778 11.7378 1.8
    endloop
  endfacet
  facet normal -0.986672 -0.162721 0
    outer loop
      vertex 22.5778 11.7378 2.4
      vertex 22.6124 11.528 1.8
      vertex 22.6124 11.528 2.4
    endloop
  endfacet
  facet normal -0.999458 -0.0329078 0
    outer loop
      vertex 22.557 11.9494 1.8
      vertex 22.55 12.162 2.4
      vertex 22.55 12.162 1.8
    endloop
  endfacet
  facet normal -0.999458 -0.0329078 0
    outer loop
      vertex 22.55 12.162 2.4
      vertex 22.557 11.9494 1.8
      vertex 22.557 11.9494 2.4
    endloop
  endfacet
  facet normal 0.16295 -0.986634 0
    outer loop
      vertex 26.2242 8.9398 1.8
      vertex 26.434 8.97445 2.4
      vertex 26.2242 8.9398 2.4
    endloop
  endfacet
  facet normal 0.16295 -0.986634 0
    outer loop
      vertex 26.434 8.97445 2.4
      vertex 26.2242 8.9398 1.8
      vertex 26.434 8.97445 1.8
    endloop
  endfacet
  facet normal 0.683797 -0.729673 0
    outer loop
      vertex 27.9429 9.71852 1.8
      vertex 28 9.77203 2.4
      vertex 27.9429 9.71852 2.4
    endloop
  endfacet
  facet normal 0.683797 -0.729673 0
    outer loop
      vertex 28 9.77203 2.4
      vertex 27.9429 9.71852 1.8
      vertex 28 9.77203 1.8
    endloop
  endfacet
  facet normal 0.582421 -0.812888 0
    outer loop
      vertex 27.6056 9.45972 1.8
      vertex 27.7785 9.5836 2.4
      vertex 27.6056 9.45972 2.4
    endloop
  endfacet
  facet normal 0.582421 -0.812888 0
    outer loop
      vertex 27.7785 9.5836 2.4
      vertex 27.6056 9.45972 1.8
      vertex 27.7785 9.5836 1.8
    endloop
  endfacet
  facet normal -0.03272 -0.999465 0
    outer loop
      vertex 25.5874 8.91896 1.8
      vertex 25.8 8.912 2.4
      vertex 25.5874 8.91896 2.4
    endloop
  endfacet
  facet normal -0.03272 -0.999465 -0
    outer loop
      vertex 25.8 8.912 2.4
      vertex 25.5874 8.91896 1.8
      vertex 25.8 8.912 1.8
    endloop
  endfacet
  facet normal -0.0980135 -0.995185 0
    outer loop
      vertex 25.3758 8.9398 1.8
      vertex 25.5874 8.91896 2.4
      vertex 25.3758 8.9398 2.4
    endloop
  endfacet
  facet normal -0.0980135 -0.995185 -0
    outer loop
      vertex 25.5874 8.91896 2.4
      vertex 25.3758 8.9398 1.8
      vertex 25.5874 8.91896 1.8
    endloop
  endfacet
  facet normal -0.773056 -0.634338 0
    outer loop
      vertex 23.3565 10.0191 1.8
      vertex 23.2216 10.1835 2.4
      vertex 23.2216 10.1835 1.8
    endloop
  endfacet
  facet normal -0.773056 -0.634338 0
    outer loop
      vertex 23.2216 10.1835 2.4
      vertex 23.3565 10.0191 1.8
      vertex 23.3565 10.0191 2.4
    endloop
  endfacet
  facet normal -0.995203 -0.0978272 0
    outer loop
      vertex 22.5778 11.7378 1.8
      vertex 22.557 11.9494 2.4
      vertex 22.557 11.9494 1.8
    endloop
  endfacet
  facet normal -0.995203 -0.0978272 0
    outer loop
      vertex 22.557 11.9494 2.4
      vertex 22.5778 11.7378 1.8
      vertex 22.5778 11.7378 2.4
    endloop
  endfacet
  facet normal 0.290323 -0.956929 0
    outer loop
      vertex 26.6412 9.02274 1.8
      vertex 26.8447 9.08448 2.4
      vertex 26.6412 9.02274 2.4
    endloop
  endfacet
  facet normal 0.290323 -0.956929 0
    outer loop
      vertex 26.8447 9.08448 2.4
      vertex 26.6412 9.02274 1.8
      vertex 26.8447 9.08448 1.8
    endloop
  endfacet
  facet normal 0.634394 -0.77301 0
    outer loop
      vertex 27.7785 9.5836 1.8
      vertex 27.9429 9.71852 2.4
      vertex 27.7785 9.5836 2.4
    endloop
  endfacet
  facet normal 0.634394 -0.77301 0
    outer loop
      vertex 27.9429 9.71852 2.4
      vertex 27.7785 9.5836 1.8
      vertex 27.9429 9.71852 1.8
    endloop
  endfacet
  facet normal 0.528053 -0.849211 0
    outer loop
      vertex 27.425 9.34742 1.8
      vertex 27.6056 9.45972 2.4
      vertex 27.425 9.34742 2.4
    endloop
  endfacet
  facet normal 0.528053 -0.849211 0
    outer loop
      vertex 27.6056 9.45972 2.4
      vertex 27.425 9.34742 1.8
      vertex 27.6056 9.45972 1.8
    endloop
  endfacet
  facet normal -0.683641 -0.729819 0
    outer loop
      vertex 23.5019 9.8639 1.8
      vertex 23.6571 9.71852 2.4
      vertex 23.5019 9.8639 2.4
    endloop
  endfacet
  facet normal -0.683641 -0.729819 -0
    outer loop
      vertex 23.6571 9.71852 2.4
      vertex 23.5019 9.8639 1.8
      vertex 23.6571 9.71852 1.8
    endloop
  endfacet
  facet normal -0.634394 -0.77301 0
    outer loop
      vertex 23.6571 9.71852 1.8
      vertex 23.8215 9.5836 2.4
      vertex 23.6571 9.71852 2.4
    endloop
  endfacet
  facet normal -0.634394 -0.77301 -0
    outer loop
      vertex 23.8215 9.5836 2.4
      vertex 23.6571 9.71852 1.8
      vertex 23.8215 9.5836 1.8
    endloop
  endfacet
  facet normal -0.412729 -0.910854 0
    outer loop
      vertex 24.3626 9.24716 1.8
      vertex 24.5563 9.15939 2.4
      vertex 24.3626 9.24716 2.4
    endloop
  endfacet
  facet normal -0.412729 -0.910854 -0
    outer loop
      vertex 24.5563 9.15939 2.4
      vertex 24.3626 9.24716 1.8
      vertex 24.5563 9.15939 1.8
    endloop
  endfacet
  facet normal -0.528053 -0.849211 0
    outer loop
      vertex 23.9944 9.45972 1.8
      vertex 24.175 9.34742 2.4
      vertex 23.9944 9.45972 2.4
    endloop
  endfacet
  facet normal -0.528053 -0.849211 -0
    outer loop
      vertex 24.175 9.34742 2.4
      vertex 23.9944 9.45972 1.8
      vertex 24.175 9.34742 1.8
    endloop
  endfacet
  facet normal -0.290323 -0.956929 0
    outer loop
      vertex 24.7553 9.08448 1.8
      vertex 24.9588 9.02274 2.4
      vertex 24.7553 9.08448 2.4
    endloop
  endfacet
  facet normal -0.290323 -0.956929 -0
    outer loop
      vertex 24.9588 9.02274 2.4
      vertex 24.7553 9.08448 1.8
      vertex 24.9588 9.02274 1.8
    endloop
  endfacet
  facet normal -0.226977 -0.9739 0
    outer loop
      vertex 24.9588 9.02274 1.8
      vertex 25.166 8.97445 2.4
      vertex 24.9588 9.02274 2.4
    endloop
  endfacet
  facet normal -0.226977 -0.9739 -0
    outer loop
      vertex 25.166 8.97445 2.4
      vertex 24.9588 9.02274 1.8
      vertex 25.166 8.97445 1.8
    endloop
  endfacet
  facet normal -0.471344 -0.881949 0
    outer loop
      vertex 24.175 9.34742 1.8
      vertex 24.3626 9.24716 2.4
      vertex 24.175 9.34742 2.4
    endloop
  endfacet
  facet normal -0.471344 -0.881949 -0
    outer loop
      vertex 24.3626 9.24716 2.4
      vertex 24.175 9.34742 1.8
      vertex 24.3626 9.24716 1.8
    endloop
  endfacet
  facet normal -0.582421 -0.812888 0
    outer loop
      vertex 23.8215 9.5836 1.8
      vertex 23.9944 9.45972 2.4
      vertex 23.8215 9.5836 2.4
    endloop
  endfacet
  facet normal -0.582421 -0.812888 -0
    outer loop
      vertex 23.9944 9.45972 2.4
      vertex 23.8215 9.5836 1.8
      vertex 23.9944 9.45972 1.8
    endloop
  endfacet
  facet normal -0.352298 -0.935888 0
    outer loop
      vertex 24.5563 9.15939 1.8
      vertex 24.7553 9.08448 2.4
      vertex 24.5563 9.15939 2.4
    endloop
  endfacet
  facet normal -0.352298 -0.935888 -0
    outer loop
      vertex 24.7553 9.08448 2.4
      vertex 24.5563 9.15939 1.8
      vertex 24.7553 9.08448 1.8
    endloop
  endfacet
  facet normal -0.910801 0.412846 0
    outer loop
      vertex 22.7974 25.9057 1.8
      vertex 22.8852 26.0994 2.4
      vertex 22.8852 26.0994 1.8
    endloop
  endfacet
  facet normal -0.910801 0.412846 0
    outer loop
      vertex 22.8852 26.0994 2.4
      vertex 22.7974 25.9057 1.8
      vertex 22.7974 25.9057 2.4
    endloop
  endfacet
  facet normal -0.986672 0.162721 0
    outer loop
      vertex 22.5778 25.0862 1.8
      vertex 22.6124 25.296 2.4
      vertex 22.6124 25.296 1.8
    endloop
  endfacet
  facet normal -0.986672 0.162721 0
    outer loop
      vertex 22.6124 25.296 2.4
      vertex 22.5778 25.0862 1.8
      vertex 22.5778 25.0862 2.4
    endloop
  endfacet
  facet normal -0.729736 0.683729 0
    outer loop
      vertex 23.3565 26.8049 1.8
      vertex 23.41 26.862 2.4
      vertex 23.41 26.862 1.8
    endloop
  endfacet
  facet normal -0.729736 0.683729 0
    outer loop
      vertex 23.41 26.862 2.4
      vertex 23.3565 26.8049 1.8
      vertex 23.3565 26.8049 2.4
    endloop
  endfacet
  facet normal -0.683691 -0.729772 0
    outer loop
      vertex 23.5019 22.3639 1.8
      vertex 23.6571 22.2185 2.4
      vertex 23.5019 22.3639 2.4
    endloop
  endfacet
  facet normal -0.683691 -0.729772 -0
    outer loop
      vertex 23.6571 22.2185 2.4
      vertex 23.5019 22.3639 1.8
      vertex 23.6571 22.2185 1.8
    endloop
  endfacet
  facet normal -0.910801 -0.412846 0
    outer loop
      vertex 22.8852 23.2246 1.8
      vertex 22.7974 23.4183 2.4
      vertex 22.7974 23.4183 1.8
    endloop
  endfacet
  facet normal -0.910801 -0.412846 0
    outer loop
      vertex 22.7974 23.4183 2.4
      vertex 22.8852 23.2246 1.8
      vertex 22.8852 23.2246 2.4
    endloop
  endfacet
  facet normal -0.999458 0.0329078 0
    outer loop
      vertex 22.55 24.662 1.8
      vertex 22.557 24.8746 2.4
      vertex 22.557 24.8746 1.8
    endloop
  endfacet
  facet normal -0.999458 0.0329078 0
    outer loop
      vertex 22.557 24.8746 2.4
      vertex 22.55 24.662 1.8
      vertex 22.55 24.662 2.4
    endloop
  endfacet
  facet normal -0.97389 0.227022 0
    outer loop
      vertex 22.6124 25.296 1.8
      vertex 22.6607 25.5032 2.4
      vertex 22.6607 25.5032 1.8
    endloop
  endfacet
  facet normal -0.97389 0.227022 0
    outer loop
      vertex 22.6607 25.5032 2.4
      vertex 22.6124 25.296 1.8
      vertex 22.6124 25.296 2.4
    endloop
  endfacet
  facet normal -0.812843 0.582483 0
    outer loop
      vertex 23.0977 26.4676 1.8
      vertex 23.2216 26.6405 2.4
      vertex 23.2216 26.6405 1.8
    endloop
  endfacet
  facet normal -0.812843 0.582483 0
    outer loop
      vertex 23.2216 26.6405 2.4
      vertex 23.0977 26.4676 1.8
      vertex 23.0977 26.4676 2.4
    endloop
  endfacet
  facet normal 0.0329078 -0.999458 0
    outer loop
      vertex 25.8 21.412 1.8
      vertex 26.0126 21.419 2.4
      vertex 25.8 21.412 2.4
    endloop
  endfacet
  facet normal 0.0329078 -0.999458 0
    outer loop
      vertex 26.0126 21.419 2.4
      vertex 25.8 21.412 1.8
      vertex 26.0126 21.419 1.8
    endloop
  endfacet
  facet normal -0.97389 -0.227022 0
    outer loop
      vertex 22.6607 23.8208 1.8
      vertex 22.6124 24.028 2.4
      vertex 22.6124 24.028 1.8
    endloop
  endfacet
  facet normal -0.97389 -0.227022 0
    outer loop
      vertex 22.6124 24.028 2.4
      vertex 22.6607 23.8208 1.8
      vertex 22.6607 23.8208 2.4
    endloop
  endfacet
  facet normal -0.812843 -0.582483 0
    outer loop
      vertex 23.2216 22.6835 1.8
      vertex 23.0977 22.8564 2.4
      vertex 23.0977 22.8564 1.8
    endloop
  endfacet
  facet normal -0.812843 -0.582483 0
    outer loop
      vertex 23.0977 22.8564 2.4
      vertex 23.2216 22.6835 1.8
      vertex 23.2216 22.6835 2.4
    endloop
  endfacet
  facet normal -0.95685 0.290582 0
    outer loop
      vertex 22.6607 25.5032 1.8
      vertex 22.7225 25.7067 2.4
      vertex 22.7225 25.7067 1.8
    endloop
  endfacet
  facet normal -0.95685 0.290582 0
    outer loop
      vertex 22.7225 25.7067 2.4
      vertex 22.6607 25.5032 1.8
      vertex 22.6607 25.5032 2.4
    endloop
  endfacet
  facet normal -0.935903 0.352257 0
    outer loop
      vertex 22.7225 25.7067 1.8
      vertex 22.7974 25.9057 2.4
      vertex 22.7974 25.9057 1.8
    endloop
  endfacet
  facet normal -0.935903 0.352257 0
    outer loop
      vertex 22.7974 25.9057 2.4
      vertex 22.7225 25.7067 1.8
      vertex 22.7225 25.7067 2.4
    endloop
  endfacet
  facet normal -0.995203 0.0978272 0
    outer loop
      vertex 22.557 24.8746 1.8
      vertex 22.5778 25.0862 2.4
      vertex 22.5778 25.0862 1.8
    endloop
  endfacet
  facet normal -0.995203 0.0978272 0
    outer loop
      vertex 22.5778 25.0862 2.4
      vertex 22.557 24.8746 1.8
      vertex 22.557 24.8746 2.4
    endloop
  endfacet
  facet normal -0.849211 0.528053 0
    outer loop
      vertex 22.9854 26.287 1.8
      vertex 23.0977 26.4676 2.4
      vertex 23.0977 26.4676 1.8
    endloop
  endfacet
  facet normal -0.849211 0.528053 0
    outer loop
      vertex 23.0977 26.4676 2.4
      vertex 22.9854 26.287 1.8
      vertex 22.9854 26.287 2.4
    endloop
  endfacet
  facet normal -0.882066 0.471125 0
    outer loop
      vertex 22.8852 26.0994 1.8
      vertex 22.9854 26.287 2.4
      vertex 22.9854 26.287 1.8
    endloop
  endfacet
  facet normal -0.882066 0.471125 0
    outer loop
      vertex 22.9854 26.287 2.4
      vertex 22.8852 26.0994 1.8
      vertex 22.8852 26.0994 2.4
    endloop
  endfacet
  facet normal -0.773056 0.634338 0
    outer loop
      vertex 23.2216 26.6405 1.8
      vertex 23.3565 26.8049 2.4
      vertex 23.3565 26.8049 1.8
    endloop
  endfacet
  facet normal -0.773056 0.634338 0
    outer loop
      vertex 23.3565 26.8049 2.4
      vertex 23.2216 26.6405 1.8
      vertex 23.2216 26.6405 2.4
    endloop
  endfacet
  facet normal -0.0329078 -0.999458 0
    outer loop
      vertex 25.5874 21.419 1.8
      vertex 25.8 21.412 2.4
      vertex 25.5874 21.419 2.4
    endloop
  endfacet
  facet normal -0.0329078 -0.999458 -0
    outer loop
      vertex 25.8 21.412 2.4
      vertex 25.5874 21.419 1.8
      vertex 25.8 21.412 1.8
    endloop
  endfacet
  facet normal -0.95685 -0.290582 0
    outer loop
      vertex 22.7225 23.6173 1.8
      vertex 22.6607 23.8208 2.4
      vertex 22.6607 23.8208 1.8
    endloop
  endfacet
  facet normal -0.95685 -0.290582 0
    outer loop
      vertex 22.6607 23.8208 2.4
      vertex 22.7225 23.6173 1.8
      vertex 22.7225 23.6173 2.4
    endloop
  endfacet
  facet normal -0.882066 -0.471125 0
    outer loop
      vertex 22.9854 23.037 1.8
      vertex 22.8852 23.2246 2.4
      vertex 22.8852 23.2246 1.8
    endloop
  endfacet
  facet normal -0.882066 -0.471125 0
    outer loop
      vertex 22.8852 23.2246 2.4
      vertex 22.9854 23.037 1.8
      vertex 22.9854 23.037 2.4
    endloop
  endfacet
  facet normal -0.729772 -0.683691 0
    outer loop
      vertex 23.5019 22.3639 1.8
      vertex 23.3565 22.5191 2.4
      vertex 23.3565 22.5191 1.8
    endloop
  endfacet
  facet normal -0.729772 -0.683691 0
    outer loop
      vertex 23.3565 22.5191 2.4
      vertex 23.5019 22.3639 1.8
      vertex 23.5019 22.3639 2.4
    endloop
  endfacet
  facet normal 0.0978272 -0.995203 0
    outer loop
      vertex 26.0126 21.419 1.8
      vertex 26.2242 21.4398 2.4
      vertex 26.0126 21.419 2.4
    endloop
  endfacet
  facet normal 0.0978272 -0.995203 0
    outer loop
      vertex 26.2242 21.4398 2.4
      vertex 26.0126 21.419 1.8
      vertex 26.2242 21.4398 1.8
    endloop
  endfacet
  facet normal 0.227022 -0.97389 0
    outer loop
      vertex 26.434 21.4744 1.8
      vertex 26.6412 21.5227 2.4
      vertex 26.434 21.4744 2.4
    endloop
  endfacet
  facet normal 0.227022 -0.97389 0
    outer loop
      vertex 26.6412 21.5227 2.4
      vertex 26.434 21.4744 1.8
      vertex 26.6412 21.5227 1.8
    endloop
  endfacet
  facet normal 0.352257 -0.935903 0
    outer loop
      vertex 26.8447 21.5845 1.8
      vertex 27.0437 21.6594 2.4
      vertex 26.8447 21.5845 2.4
    endloop
  endfacet
  facet normal 0.352257 -0.935903 0
    outer loop
      vertex 27.0437 21.6594 2.4
      vertex 26.8447 21.5845 1.8
      vertex 27.0437 21.6594 1.8
    endloop
  endfacet
  facet normal 0.412846 -0.910801 0
    outer loop
      vertex 27.0437 21.6594 1.8
      vertex 27.2374 21.7472 2.4
      vertex 27.0437 21.6594 2.4
    endloop
  endfacet
  facet normal 0.412846 -0.910801 0
    outer loop
      vertex 27.2374 21.7472 2.4
      vertex 27.0437 21.6594 1.8
      vertex 27.2374 21.7472 1.8
    endloop
  endfacet
  facet normal -0.582483 -0.812843 0
    outer loop
      vertex 23.8215 22.0836 1.8
      vertex 23.9944 21.9597 2.4
      vertex 23.8215 22.0836 2.4
    endloop
  endfacet
  facet normal -0.582483 -0.812843 -0
    outer loop
      vertex 23.9944 21.9597 2.4
      vertex 23.8215 22.0836 1.8
      vertex 23.9944 21.9597 1.8
    endloop
  endfacet
  facet normal -0.162721 -0.986672 0
    outer loop
      vertex 25.166 21.4744 1.8
      vertex 25.3758 21.4398 2.4
      vertex 25.166 21.4744 2.4
    endloop
  endfacet
  facet normal -0.162721 -0.986672 -0
    outer loop
      vertex 25.3758 21.4398 2.4
      vertex 25.166 21.4744 1.8
      vertex 25.3758 21.4398 1.8
    endloop
  endfacet
  facet normal -0.352257 -0.935903 0
    outer loop
      vertex 24.5563 21.6594 1.8
      vertex 24.7553 21.5845 2.4
      vertex 24.5563 21.6594 2.4
    endloop
  endfacet
  facet normal -0.352257 -0.935903 -0
    outer loop
      vertex 24.7553 21.5845 2.4
      vertex 24.5563 21.6594 1.8
      vertex 24.7553 21.5845 1.8
    endloop
  endfacet
  facet normal -0.471125 -0.882066 0
    outer loop
      vertex 24.175 21.8474 1.8
      vertex 24.3626 21.7472 2.4
      vertex 24.175 21.8474 2.4
    endloop
  endfacet
  facet normal -0.471125 -0.882066 -0
    outer loop
      vertex 24.3626 21.7472 2.4
      vertex 24.175 21.8474 1.8
      vertex 24.3626 21.7472 1.8
    endloop
  endfacet
  facet normal -0.0978272 -0.995203 0
    outer loop
      vertex 25.3758 21.4398 1.8
      vertex 25.5874 21.419 2.4
      vertex 25.3758 21.4398 2.4
    endloop
  endfacet
  facet normal -0.0978272 -0.995203 -0
    outer loop
      vertex 25.5874 21.419 2.4
      vertex 25.3758 21.4398 1.8
      vertex 25.5874 21.419 1.8
    endloop
  endfacet
  facet normal -0.999458 -0.0329078 0
    outer loop
      vertex 22.557 24.4494 1.8
      vertex 22.55 24.662 2.4
      vertex 22.55 24.662 1.8
    endloop
  endfacet
  facet normal -0.999458 -0.0329078 0
    outer loop
      vertex 22.55 24.662 2.4
      vertex 22.557 24.4494 1.8
      vertex 22.557 24.4494 2.4
    endloop
  endfacet
  facet normal -0.986672 -0.162721 0
    outer loop
      vertex 22.6124 24.028 1.8
      vertex 22.5778 24.2378 2.4
      vertex 22.5778 24.2378 1.8
    endloop
  endfacet
  facet normal -0.986672 -0.162721 0
    outer loop
      vertex 22.5778 24.2378 2.4
      vertex 22.6124 24.028 1.8
      vertex 22.6124 24.028 2.4
    endloop
  endfacet
  facet normal 0.162721 -0.986672 0
    outer loop
      vertex 26.2242 21.4398 1.8
      vertex 26.434 21.4744 2.4
      vertex 26.2242 21.4398 2.4
    endloop
  endfacet
  facet normal 0.162721 -0.986672 0
    outer loop
      vertex 26.434 21.4744 2.4
      vertex 26.2242 21.4398 1.8
      vertex 26.434 21.4744 1.8
    endloop
  endfacet
  facet normal 0.471125 -0.882066 0
    outer loop
      vertex 27.2374 21.7472 1.8
      vertex 27.425 21.8474 2.4
      vertex 27.2374 21.7472 2.4
    endloop
  endfacet
  facet normal 0.471125 -0.882066 0
    outer loop
      vertex 27.425 21.8474 2.4
      vertex 27.2374 21.7472 1.8
      vertex 27.425 21.8474 1.8
    endloop
  endfacet
  facet normal -0.412846 -0.910801 0
    outer loop
      vertex 24.3626 21.7472 1.8
      vertex 24.5563 21.6594 2.4
      vertex 24.3626 21.7472 2.4
    endloop
  endfacet
  facet normal -0.412846 -0.910801 -0
    outer loop
      vertex 24.5563 21.6594 2.4
      vertex 24.3626 21.7472 1.8
      vertex 24.5563 21.6594 1.8
    endloop
  endfacet
  facet normal -0.290582 -0.95685 0
    outer loop
      vertex 24.7553 21.5845 1.8
      vertex 24.9588 21.5227 2.4
      vertex 24.7553 21.5845 2.4
    endloop
  endfacet
  facet normal -0.290582 -0.95685 -0
    outer loop
      vertex 24.9588 21.5227 2.4
      vertex 24.7553 21.5845 1.8
      vertex 24.9588 21.5227 1.8
    endloop
  endfacet
  facet normal -0.935903 -0.352257 0
    outer loop
      vertex 22.7974 23.4183 1.8
      vertex 22.7225 23.6173 2.4
      vertex 22.7225 23.6173 1.8
    endloop
  endfacet
  facet normal -0.935903 -0.352257 0
    outer loop
      vertex 22.7225 23.6173 2.4
      vertex 22.7974 23.4183 1.8
      vertex 22.7974 23.4183 2.4
    endloop
  endfacet
  facet normal -0.995203 -0.0978272 0
    outer loop
      vertex 22.5778 24.2378 1.8
      vertex 22.557 24.4494 2.4
      vertex 22.557 24.4494 1.8
    endloop
  endfacet
  facet normal -0.995203 -0.0978272 0
    outer loop
      vertex 22.557 24.4494 2.4
      vertex 22.5778 24.2378 1.8
      vertex 22.5778 24.2378 2.4
    endloop
  endfacet
  facet normal -0.849211 -0.528053 0
    outer loop
      vertex 23.0977 22.8564 1.8
      vertex 22.9854 23.037 2.4
      vertex 22.9854 23.037 1.8
    endloop
  endfacet
  facet normal -0.849211 -0.528053 0
    outer loop
      vertex 22.9854 23.037 2.4
      vertex 23.0977 22.8564 1.8
      vertex 23.0977 22.8564 2.4
    endloop
  endfacet
  facet normal -0.773056 -0.634338 0
    outer loop
      vertex 23.3565 22.5191 1.8
      vertex 23.2216 22.6835 2.4
      vertex 23.2216 22.6835 1.8
    endloop
  endfacet
  facet normal -0.773056 -0.634338 0
    outer loop
      vertex 23.2216 22.6835 2.4
      vertex 23.3565 22.5191 1.8
      vertex 23.3565 22.5191 2.4
    endloop
  endfacet
  facet normal 0.290582 -0.95685 0
    outer loop
      vertex 26.6412 21.5227 1.8
      vertex 26.8447 21.5845 2.4
      vertex 26.6412 21.5227 2.4
    endloop
  endfacet
  facet normal 0.290582 -0.95685 0
    outer loop
      vertex 26.8447 21.5845 2.4
      vertex 26.6412 21.5227 1.8
      vertex 26.8447 21.5845 1.8
    endloop
  endfacet
  facet normal 0.582483 -0.812843 0
    outer loop
      vertex 27.6056 21.9597 1.8
      vertex 27.7785 22.0836 2.4
      vertex 27.6056 21.9597 2.4
    endloop
  endfacet
  facet normal 0.582483 -0.812843 0
    outer loop
      vertex 27.7785 22.0836 2.4
      vertex 27.6056 21.9597 1.8
      vertex 27.7785 22.0836 1.8
    endloop
  endfacet
  facet normal 0.528053 -0.849211 0
    outer loop
      vertex 27.425 21.8474 1.8
      vertex 27.6056 21.9597 2.4
      vertex 27.425 21.8474 2.4
    endloop
  endfacet
  facet normal 0.528053 -0.849211 0
    outer loop
      vertex 27.6056 21.9597 2.4
      vertex 27.425 21.8474 1.8
      vertex 27.6056 21.9597 1.8
    endloop
  endfacet
  facet normal 0.634338 -0.773056 0
    outer loop
      vertex 27.7785 22.0836 1.8
      vertex 27.9429 22.2185 2.4
      vertex 27.7785 22.0836 2.4
    endloop
  endfacet
  facet normal 0.634338 -0.773056 0
    outer loop
      vertex 27.9429 22.2185 2.4
      vertex 27.7785 22.0836 1.8
      vertex 27.9429 22.2185 1.8
    endloop
  endfacet
  facet normal -0.227022 -0.97389 0
    outer loop
      vertex 24.9588 21.5227 1.8
      vertex 25.166 21.4744 2.4
      vertex 24.9588 21.5227 2.4
    endloop
  endfacet
  facet normal -0.227022 -0.97389 -0
    outer loop
      vertex 25.166 21.4744 2.4
      vertex 24.9588 21.5227 1.8
      vertex 25.166 21.4744 1.8
    endloop
  endfacet
  facet normal -0.634338 -0.773056 0
    outer loop
      vertex 23.6571 22.2185 1.8
      vertex 23.8215 22.0836 2.4
      vertex 23.6571 22.2185 2.4
    endloop
  endfacet
  facet normal -0.634338 -0.773056 -0
    outer loop
      vertex 23.8215 22.0836 2.4
      vertex 23.6571 22.2185 1.8
      vertex 23.8215 22.0836 1.8
    endloop
  endfacet
  facet normal -0.528053 -0.849211 0
    outer loop
      vertex 23.9944 21.9597 1.8
      vertex 24.175 21.8474 2.4
      vertex 23.9944 21.9597 2.4
    endloop
  endfacet
  facet normal -0.528053 -0.849211 -0
    outer loop
      vertex 24.175 21.8474 2.4
      vertex 23.9944 21.9597 1.8
      vertex 24.175 21.8474 1.8
    endloop
  endfacet
  facet normal 0.683729 -0.729736 0
    outer loop
      vertex 27.9429 22.2185 1.8
      vertex 28 22.272 2.4
      vertex 27.9429 22.2185 2.4
    endloop
  endfacet
  facet normal 0.683729 -0.729736 0
    outer loop
      vertex 28 22.272 2.4
      vertex 27.9429 22.2185 1.8
      vertex 28 22.272 1.8
    endloop
  endfacet
  facet normal 1 -0 0
    outer loop
      vertex 2.6 2.6 2.4
      vertex 2.6 9.77202 1.8
      vertex 2.6 9.77202 2.4
    endloop
  endfacet
  facet normal 1 0 0
    outer loop
      vertex 2.6 9.77202 1.8
      vertex 2.6 2.6 2.4
      vertex 2.6 2.6 1.8
    endloop
  endfacet
  facet normal 1 -0 0
    outer loop
      vertex 2.6 14.552 2.4
      vertex 2.6 22.272 1.8
      vertex 2.6 22.272 2.4
    endloop
  endfacet
  facet normal 1 0 0
    outer loop
      vertex 2.6 22.272 1.8
      vertex 2.6 14.552 2.4
      vertex 2.6 14.552 1.8
    endloop
  endfacet
  facet normal -1 0 0
    outer loop
      vertex 28 2.6 1.8
      vertex 28 9.77203 2.4
      vertex 28 9.77203 1.8
    endloop
  endfacet
  facet normal -1 -0 0
    outer loop
      vertex 28 9.77203 2.4
      vertex 28 2.6 1.8
      vertex 28 2.6 2.4
    endloop
  endfacet
  facet normal -1 0 0
    outer loop
      vertex 28 14.552 1.8
      vertex 28 22.272 2.4
      vertex 28 22.272 1.8
    endloop
  endfacet
  facet normal -1 -0 0
    outer loop
      vertex 28 22.272 2.4
      vertex 28 14.552 1.8
      vertex 28 14.552 2.4
    endloop
  endfacet
  facet normal 0 -1 0
    outer loop
      vertex 7.18997 26.862 1.8
      vertex 23.41 26.862 2.4
      vertex 7.18997 26.862 2.4
    endloop
  endfacet
  facet normal 0 -1 -0
    outer loop
      vertex 23.41 26.862 2.4
      vertex 7.18997 26.862 1.8
      vertex 23.41 26.862 1.8
    endloop
  endfacet
  facet normal 0 0 1
    outer loop
      vertex 7.98755 24.028 1.8
      vertex 10.1 25.6 1.8
      vertex 8.02219 24.2378 1.8
    endloop
  endfacet
  facet normal 0 0 1
    outer loop
      vertex 10.1 15.2 1.8
      vertex 8.04304 12.3746 1.8
      vertex 8.05 12.162 1.8
    endloop
  endfacet
  facet normal 0 0 1
    outer loop
      vertex 7.93926 23.8208 1.8
      vertex 10.1 25.6 1.8
      vertex 7.98755 24.028 1.8
    endloop
  endfacet
  facet normal 0 0 1
    outer loop
      vertex 10.1 15.2 1.8
      vertex 8.02219 12.5862 1.8
      vertex 8.04304 12.3746 1.8
    endloop
  endfacet
  facet normal 0 0 1
    outer loop
      vertex 7.87752 23.6173 1.8
      vertex 10.1 25.6 1.8
      vertex 7.93926 23.8208 1.8
    endloop
  endfacet
  facet normal 0 0 1
    outer loop
      vertex 10.1 15.2 1.8
      vertex 7.98755 12.796 1.8
      vertex 8.02219 12.5862 1.8
    endloop
  endfacet
  facet normal 0 0 1
    outer loop
      vertex 7.80261 23.4183 1.8
      vertex 10.1 25.6 1.8
      vertex 7.87752 23.6173 1.8
    endloop
  endfacet
  facet normal 0 0 1
    outer loop
      vertex 10.1 15.2 1.8
      vertex 7.93926 13.0032 1.8
      vertex 7.98755 12.796 1.8
    endloop
  endfacet
  facet normal 0 0 1
    outer loop
      vertex 7.71484 23.2246 1.8
      vertex 10.1 25.6 1.8
      vertex 7.80261 23.4183 1.8
    endloop
  endfacet
  facet normal 0 0 1
    outer loop
      vertex 10.1 15.2 1.8
      vertex 7.87752 13.2067 1.8
      vertex 7.93926 13.0032 1.8
    endloop
  endfacet
  facet normal 0 0 1
    outer loop
      vertex 10.1 25.6 1.8
      vertex 7.71484 23.2246 1.8
      vertex 10.1 15.2 1.8
    endloop
  endfacet
  facet normal 0 0 1
    outer loop
      vertex 10.1 15.2 1.8
      vertex 7.80261 13.4057 1.8
      vertex 7.87752 13.2067 1.8
    endloop
  endfacet
  facet normal -0 0 1
    outer loop
      vertex 7.61458 23.037 1.8
      vertex 10.1 15.2 1.8
      vertex 7.71484 23.2246 1.8
    endloop
  endfacet
  facet normal 0 0 1
    outer loop
      vertex 10.1 15.2 1.8
      vertex 7.71484 13.5994 1.8
      vertex 7.80261 13.4057 1.8
    endloop
  endfacet
  facet normal -0 0 1
    outer loop
      vertex 7.50228 22.8564 1.8
      vertex 10.1 15.2 1.8
      vertex 7.61458 23.037 1.8
    endloop
  endfacet
  facet normal 0 0 1
    outer loop
      vertex 10.1 15.2 1.8
      vertex 7.61458 13.787 1.8
      vertex 7.71484 13.5994 1.8
    endloop
  endfacet
  facet normal -0 0 1
    outer loop
      vertex 7.3784 22.6835 1.8
      vertex 10.1 15.2 1.8
      vertex 7.50228 22.8564 1.8
    endloop
  endfacet
  facet normal 0 0 1
    outer loop
      vertex 10.1 15.2 1.8
      vertex 7.50228 13.9676 1.8
      vertex 7.61458 13.787 1.8
    endloop
  endfacet
  facet normal -0 0 1
    outer loop
      vertex 7.24348 22.5191 1.8
      vertex 10.1 15.2 1.8
      vertex 7.3784 22.6835 1.8
    endloop
  endfacet
  facet normal 0 0 1
    outer loop
      vertex 10.1 15.2 1.8
      vertex 7.3784 14.1405 1.8
      vertex 7.50228 13.9676 1.8
    endloop
  endfacet
  facet normal -0 0 1
    outer loop
      vertex 7.0981 22.3639 1.8
      vertex 10.1 15.2 1.8
      vertex 7.24348 22.5191 1.8
    endloop
  endfacet
  facet normal 0 0 1
    outer loop
      vertex 10.1 15.2 1.8
      vertex 7.24348 14.3049 1.8
      vertex 7.3784 14.1405 1.8
    endloop
  endfacet
  facet normal -0 0 1
    outer loop
      vertex 6.94287 22.2185 1.8
      vertex 10.1 15.2 1.8
      vertex 7.0981 22.3639 1.8
    endloop
  endfacet
  facet normal 0 0 1
    outer loop
      vertex 10.1 15.2 1.8
      vertex 7.0981 14.4601 1.8
      vertex 7.24348 14.3049 1.8
    endloop
  endfacet
  facet normal -0 0 1
    outer loop
      vertex 6.77847 22.0836 1.8
      vertex 10.1 15.2 1.8
      vertex 6.94287 22.2185 1.8
    endloop
  endfacet
  facet normal 0 0 1
    outer loop
      vertex 10.1 15.2 1.8
      vertex 6.94287 14.6055 1.8
      vertex 7.0981 14.4601 1.8
    endloop
  endfacet
  facet normal -0 0 1
    outer loop
      vertex 6.6056 21.9597 1.8
      vertex 10.1 15.2 1.8
      vertex 6.77847 22.0836 1.8
    endloop
  endfacet
  facet normal 0 0 1
    outer loop
      vertex 10.1 15.2 1.8
      vertex 6.77847 14.7404 1.8
      vertex 6.94287 14.6055 1.8
    endloop
  endfacet
  facet normal -0 0 1
    outer loop
      vertex 6.425 21.8474 1.8
      vertex 10.1 15.2 1.8
      vertex 6.6056 21.9597 1.8
    endloop
  endfacet
  facet normal 0 0 1
    outer loop
      vertex 10.1 15.2 1.8
      vertex 6.6056 14.8643 1.8
      vertex 6.77847 14.7404 1.8
    endloop
  endfacet
  facet normal -0 0 1
    outer loop
      vertex 6.23744 21.7472 1.8
      vertex 10.1 15.2 1.8
      vertex 6.425 21.8474 1.8
    endloop
  endfacet
  facet normal 0 0 1
    outer loop
      vertex 10.1 15.2 1.8
      vertex 6.425 14.9766 1.8
      vertex 6.6056 14.8643 1.8
    endloop
  endfacet
  facet normal 0 0 1
    outer loop
      vertex 6.23744 15.0768 1.8
      vertex 10.1 15.2 1.8
      vertex 6.23744 21.7472 1.8
    endloop
  endfacet
  facet normal 0 0 1
    outer loop
      vertex 10.1 15.2 1.8
      vertex 6.23744 15.0768 1.8
      vertex 6.425 14.9766 1.8
    endloop
  endfacet
  facet normal -0 0 1
    outer loop
      vertex 6.04372 21.6594 1.8
      vertex 6.23744 15.0768 1.8
      vertex 6.23744 21.7472 1.8
    endloop
  endfacet
  facet normal 0 0 1
    outer loop
      vertex 6.04372 21.6594 1.8
      vertex 6.04372 15.1646 1.8
      vertex 6.23744 15.0768 1.8
    endloop
  endfacet
  facet normal -0 0 1
    outer loop
      vertex 5.84468 21.5845 1.8
      vertex 6.04372 15.1646 1.8
      vertex 6.04372 21.6594 1.8
    endloop
  endfacet
  facet normal 0 0 1
    outer loop
      vertex 5.84468 21.5845 1.8
      vertex 5.84468 15.2395 1.8
      vertex 6.04372 15.1646 1.8
    endloop
  endfacet
  facet normal -0 0 1
    outer loop
      vertex 5.64116 21.5227 1.8
      vertex 5.84468 15.2395 1.8
      vertex 5.84468 21.5845 1.8
    endloop
  endfacet
  facet normal 0 0 1
    outer loop
      vertex 5.64116 21.5227 1.8
      vertex 5.64116 15.3013 1.8
      vertex 5.84468 15.2395 1.8
    endloop
  endfacet
  facet normal -0 0 1
    outer loop
      vertex 5.43404 21.4744 1.8
      vertex 5.64116 15.3013 1.8
      vertex 5.64116 21.5227 1.8
    endloop
  endfacet
  facet normal 0 0 1
    outer loop
      vertex 5.43404 21.4744 1.8
      vertex 5.43404 15.3496 1.8
      vertex 5.64116 15.3013 1.8
    endloop
  endfacet
  facet normal -0 0 1
    outer loop
      vertex 5.22421 21.4398 1.8
      vertex 5.43404 15.3496 1.8
      vertex 5.43404 21.4744 1.8
    endloop
  endfacet
  facet normal 0 0 1
    outer loop
      vertex 5.22421 21.4398 1.8
      vertex 5.22421 15.3842 1.8
      vertex 5.43404 15.3496 1.8
    endloop
  endfacet
  facet normal -0 0 1
    outer loop
      vertex 5.01256 21.419 1.8
      vertex 5.22421 15.3842 1.8
      vertex 5.22421 21.4398 1.8
    endloop
  endfacet
  facet normal 0 0 1
    outer loop
      vertex 5.01256 21.419 1.8
      vertex 5.01256 15.405 1.8
      vertex 5.22421 15.3842 1.8
    endloop
  endfacet
  facet normal -0 0 1
    outer loop
      vertex 4.8 21.412 1.8
      vertex 5.01256 15.405 1.8
      vertex 5.01256 21.419 1.8
    endloop
  endfacet
  facet normal 0 0 1
    outer loop
      vertex 4.8 21.412 1.8
      vertex 4.8 15.412 1.8
      vertex 5.01256 15.405 1.8
    endloop
  endfacet
  facet normal 0 0 1
    outer loop
      vertex 4.58744 21.419 1.8
      vertex 4.8 15.412 1.8
      vertex 4.8 21.412 1.8
    endloop
  endfacet
  facet normal 0 0 1
    outer loop
      vertex 4.58744 21.419 1.8
      vertex 4.58744 15.405 1.8
      vertex 4.8 15.412 1.8
    endloop
  endfacet
  facet normal 0 0 1
    outer loop
      vertex 4.37579 21.4398 1.8
      vertex 4.58744 15.405 1.8
      vertex 4.58744 21.419 1.8
    endloop
  endfacet
  facet normal 0 0 1
    outer loop
      vertex 4.37579 21.4398 1.8
      vertex 4.37579 15.3842 1.8
      vertex 4.58744 15.405 1.8
    endloop
  endfacet
  facet normal 0 0 1
    outer loop
      vertex 4.16596 21.4744 1.8
      vertex 4.37579 15.3842 1.8
      vertex 4.37579 21.4398 1.8
    endloop
  endfacet
  facet normal 0 0 1
    outer loop
      vertex 4.16596 21.4744 1.8
      vertex 4.16596 15.3496 1.8
      vertex 4.37579 15.3842 1.8
    endloop
  endfacet
  facet normal 0 0 1
    outer loop
      vertex 3.95884 21.5227 1.8
      vertex 4.16596 15.3496 1.8
      vertex 4.16596 21.4744 1.8
    endloop
  endfacet
  facet normal 0 0 1
    outer loop
      vertex 3.95884 21.5227 1.8
      vertex 3.95884 15.3013 1.8
      vertex 4.16596 15.3496 1.8
    endloop
  endfacet
  facet normal 0 0 1
    outer loop
      vertex 3.75532 21.5845 1.8
      vertex 3.95884 15.3013 1.8
      vertex 3.95884 21.5227 1.8
    endloop
  endfacet
  facet normal 0 0 1
    outer loop
      vertex 3.75532 21.5845 1.8
      vertex 3.75532 15.2395 1.8
      vertex 3.95884 15.3013 1.8
    endloop
  endfacet
  facet normal 0 0 1
    outer loop
      vertex 3.55628 21.6594 1.8
      vertex 3.75532 15.2395 1.8
      vertex 3.75532 21.5845 1.8
    endloop
  endfacet
  facet normal 0 0 1
    outer loop
      vertex 3.55628 21.6594 1.8
      vertex 3.55628 15.1646 1.8
      vertex 3.75532 15.2395 1.8
    endloop
  endfacet
  facet normal 0 0 1
    outer loop
      vertex 3.36256 21.7472 1.8
      vertex 3.55628 15.1646 1.8
      vertex 3.55628 21.6594 1.8
    endloop
  endfacet
  facet normal 0 0 1
    outer loop
      vertex 3.36256 21.7472 1.8
      vertex 3.36256 15.0768 1.8
      vertex 3.55628 15.1646 1.8
    endloop
  endfacet
  facet normal 0 0 1
    outer loop
      vertex 3.175 21.8474 1.8
      vertex 3.36256 15.0768 1.8
      vertex 3.36256 21.7472 1.8
    endloop
  endfacet
  facet normal 0 0 1
    outer loop
      vertex 3.175 21.8474 1.8
      vertex 3.175 14.9766 1.8
      vertex 3.36256 15.0768 1.8
    endloop
  endfacet
  facet normal 0 0 1
    outer loop
      vertex 2.9944 21.9597 1.8
      vertex 3.175 14.9766 1.8
      vertex 3.175 21.8474 1.8
    endloop
  endfacet
  facet normal 0 0 1
    outer loop
      vertex 2.9944 21.9597 1.8
      vertex 2.9944 14.8643 1.8
      vertex 3.175 14.9766 1.8
    endloop
  endfacet
  facet normal 0 0 1
    outer loop
      vertex 2.82152 22.0836 1.8
      vertex 2.9944 14.8643 1.8
      vertex 2.9944 21.9597 1.8
    endloop
  endfacet
  facet normal 0 0 1
    outer loop
      vertex 2.82152 22.0836 1.8
      vertex 2.82152 14.7404 1.8
      vertex 2.9944 14.8643 1.8
    endloop
  endfacet
  facet normal 0 0 1
    outer loop
      vertex 2.65713 22.2185 1.8
      vertex 2.82152 14.7404 1.8
      vertex 2.82152 22.0836 1.8
    endloop
  endfacet
  facet normal 0 0 1
    outer loop
      vertex 2.65713 22.2185 1.8
      vertex 2.65713 14.6055 1.8
      vertex 2.82152 14.7404 1.8
    endloop
  endfacet
  facet normal 0 0 1
    outer loop
      vertex 2.6 22.272 1.8
      vertex 2.65713 14.6055 1.8
      vertex 2.65713 22.2185 1.8
    endloop
  endfacet
  facet normal 0 0 1
    outer loop
      vertex 2.65713 14.6055 1.8
      vertex 2.6 22.272 1.8
      vertex 2.6 14.552 1.8
    endloop
  endfacet
  facet normal 0 0 1
    outer loop
      vertex 8.05 12.162 1.8
      vertex 10.6 15.2 1.8
      vertex 10.1 15.2 1.8
    endloop
  endfacet
  facet normal 0 0 1
    outer loop
      vertex 22.6124 12.796 1.8
      vertex 20 15.2 1.8
      vertex 22.5778 12.5862 1.8
    endloop
  endfacet
  facet normal 0 0 1
    outer loop
      vertex 22.557 24.8746 1.8
      vertex 22.5 25.6 1.8
      vertex 22.55 24.662 1.8
    endloop
  endfacet
  facet normal 0 0 1
    outer loop
      vertex 22.5778 25.0862 1.8
      vertex 22.5 25.6 1.8
      vertex 22.557 24.8746 1.8
    endloop
  endfacet
  facet normal 0 0 1
    outer loop
      vertex 22.6124 25.296 1.8
      vertex 22.5 25.6 1.8
      vertex 22.5778 25.0862 1.8
    endloop
  endfacet
  facet normal 0 0 1
    outer loop
      vertex 22.6607 25.5032 1.8
      vertex 22.5 25.6 1.8
      vertex 22.6124 25.296 1.8
    endloop
  endfacet
  facet normal 0 0 1
    outer loop
      vertex 22.7225 25.7067 1.8
      vertex 22.5 25.6 1.8
      vertex 22.6607 25.5032 1.8
    endloop
  endfacet
  facet normal 0 0 1
    outer loop
      vertex 22.7974 25.9057 1.8
      vertex 22.5 25.6 1.8
      vertex 22.7225 25.7067 1.8
    endloop
  endfacet
  facet normal 0 0 1
    outer loop
      vertex 22.8852 26.0994 1.8
      vertex 22.5 25.6 1.8
      vertex 22.7974 25.9057 1.8
    endloop
  endfacet
  facet normal 0 0 1
    outer loop
      vertex 22.9854 26.287 1.8
      vertex 22.5 25.6 1.8
      vertex 22.8852 26.0994 1.8
    endloop
  endfacet
  facet normal 0 0 1
    outer loop
      vertex 23.0977 26.4676 1.8
      vertex 22.5 25.6 1.8
      vertex 22.9854 26.287 1.8
    endloop
  endfacet
  facet normal 0 0 1
    outer loop
      vertex 23.0977 26.4676 1.8
      vertex 10.1 25.6 1.8
      vertex 22.5 25.6 1.8
    endloop
  endfacet
  facet normal 0 0 1
    outer loop
      vertex 23.2216 26.6405 1.8
      vertex 10.1 25.6 1.8
      vertex 23.0977 26.4676 1.8
    endloop
  endfacet
  facet normal 0 0 1
    outer loop
      vertex 23.3565 26.8049 1.8
      vertex 10.1 25.6 1.8
      vertex 23.2216 26.6405 1.8
    endloop
  endfacet
  facet normal 0 0 1
    outer loop
      vertex 23.41 26.862 1.8
      vertex 10.1 25.6 1.8
      vertex 23.3565 26.8049 1.8
    endloop
  endfacet
  facet normal 0 0 1
    outer loop
      vertex 8.04304 24.4494 1.8
      vertex 10.1 25.6 1.8
      vertex 8.05 24.662 1.8
    endloop
  endfacet
  facet normal 0 0 1
    outer loop
      vertex 10.1 25.6 1.8
      vertex 8.04304 24.8746 1.8
      vertex 8.05 24.662 1.8
    endloop
  endfacet
  facet normal 0 0 1
    outer loop
      vertex 10.1 25.6 1.8
      vertex 8.02219 25.0862 1.8
      vertex 8.04304 24.8746 1.8
    endloop
  endfacet
  facet normal 0 0 1
    outer loop
      vertex 10.1 25.6 1.8
      vertex 7.98755 25.296 1.8
      vertex 8.02219 25.0862 1.8
    endloop
  endfacet
  facet normal 0 0 1
    outer loop
      vertex 10.1 25.6 1.8
      vertex 7.93926 25.5032 1.8
      vertex 7.98755 25.296 1.8
    endloop
  endfacet
  facet normal -0 0 1
    outer loop
      vertex 7.18997 26.862 1.8
      vertex 10.1 25.6 1.8
      vertex 23.41 26.862 1.8
    endloop
  endfacet
  facet normal 0 0 1
    outer loop
      vertex 10.1 25.6 1.8
      vertex 7.87752 25.7067 1.8
      vertex 7.93926 25.5032 1.8
    endloop
  endfacet
  facet normal 0 0 1
    outer loop
      vertex 10.1 25.6 1.8
      vertex 7.80261 25.9057 1.8
      vertex 7.87752 25.7067 1.8
    endloop
  endfacet
  facet normal 0 0 1
    outer loop
      vertex 10.1 25.6 1.8
      vertex 7.71484 26.0994 1.8
      vertex 7.80261 25.9057 1.8
    endloop
  endfacet
  facet normal 0 0 1
    outer loop
      vertex 10.1 25.6 1.8
      vertex 7.61458 26.287 1.8
      vertex 7.71484 26.0994 1.8
    endloop
  endfacet
  facet normal 0 0 1
    outer loop
      vertex 10.1 25.6 1.8
      vertex 7.50228 26.4676 1.8
      vertex 7.61458 26.287 1.8
    endloop
  endfacet
  facet normal 0 0 1
    outer loop
      vertex 10.1 25.6 1.8
      vertex 7.3784 26.6405 1.8
      vertex 7.50228 26.4676 1.8
    endloop
  endfacet
  facet normal 0 0 1
    outer loop
      vertex 10.1 25.6 1.8
      vertex 7.24348 26.8049 1.8
      vertex 7.3784 26.6405 1.8
    endloop
  endfacet
  facet normal 0 0 1
    outer loop
      vertex 10.1 25.6 1.8
      vertex 7.18997 26.862 1.8
      vertex 7.24348 26.8049 1.8
    endloop
  endfacet
  facet normal -0 0 1
    outer loop
      vertex 27.9429 22.2185 1.8
      vertex 28 14.552 1.8
      vertex 28 22.272 1.8
    endloop
  endfacet
  facet normal 0 0 1
    outer loop
      vertex 27.9429 22.2185 1.8
      vertex 27.9429 14.6055 1.8
      vertex 28 14.552 1.8
    endloop
  endfacet
  facet normal -0 0 1
    outer loop
      vertex 27.7785 22.0836 1.8
      vertex 27.9429 14.6055 1.8
      vertex 27.9429 22.2185 1.8
    endloop
  endfacet
  facet normal 0 0 1
    outer loop
      vertex 27.7785 22.0836 1.8
      vertex 27.7785 14.7404 1.8
      vertex 27.9429 14.6055 1.8
    endloop
  endfacet
  facet normal -0 0 1
    outer loop
      vertex 27.6056 21.9597 1.8
      vertex 27.7785 14.7404 1.8
      vertex 27.7785 22.0836 1.8
    endloop
  endfacet
  facet normal 0 0 1
    outer loop
      vertex 27.6056 21.9597 1.8
      vertex 27.6056 14.8643 1.8
      vertex 27.7785 14.7404 1.8
    endloop
  endfacet
  facet normal -0 0 1
    outer loop
      vertex 27.425 21.8474 1.8
      vertex 27.6056 14.8643 1.8
      vertex 27.6056 21.9597 1.8
    endloop
  endfacet
  facet normal 0 0 1
    outer loop
      vertex 27.425 21.8474 1.8
      vertex 27.425 14.9766 1.8
      vertex 27.6056 14.8643 1.8
    endloop
  endfacet
  facet normal -0 0 1
    outer loop
      vertex 27.2374 21.7472 1.8
      vertex 27.425 14.9766 1.8
      vertex 27.425 21.8474 1.8
    endloop
  endfacet
  facet normal 0 0 1
    outer loop
      vertex 27.2374 21.7472 1.8
      vertex 27.2374 15.0768 1.8
      vertex 27.425 14.9766 1.8
    endloop
  endfacet
  facet normal -0 0 1
    outer loop
      vertex 27.0437 21.6594 1.8
      vertex 27.2374 15.0768 1.8
      vertex 27.2374 21.7472 1.8
    endloop
  endfacet
  facet normal 0 0 1
    outer loop
      vertex 27.0437 21.6594 1.8
      vertex 27.0437 15.1646 1.8
      vertex 27.2374 15.0768 1.8
    endloop
  endfacet
  facet normal -0 0 1
    outer loop
      vertex 26.8447 21.5845 1.8
      vertex 27.0437 15.1646 1.8
      vertex 27.0437 21.6594 1.8
    endloop
  endfacet
  facet normal 0 0 1
    outer loop
      vertex 26.8447 21.5845 1.8
      vertex 26.8447 15.2395 1.8
      vertex 27.0437 15.1646 1.8
    endloop
  endfacet
  facet normal -0 0 1
    outer loop
      vertex 26.6412 21.5227 1.8
      vertex 26.8447 15.2395 1.8
      vertex 26.8447 21.5845 1.8
    endloop
  endfacet
  facet normal 0 0 1
    outer loop
      vertex 26.6412 21.5227 1.8
      vertex 26.6412 15.3013 1.8
      vertex 26.8447 15.2395 1.8
    endloop
  endfacet
  facet normal -0 0 1
    outer loop
      vertex 26.434 21.4744 1.8
      vertex 26.6412 15.3013 1.8
      vertex 26.6412 21.5227 1.8
    endloop
  endfacet
  facet normal 0 0 1
    outer loop
      vertex 26.434 21.4744 1.8
      vertex 26.434 15.3496 1.8
      vertex 26.6412 15.3013 1.8
    endloop
  endfacet
  facet normal -0 0 1
    outer loop
      vertex 26.2242 21.4398 1.8
      vertex 26.434 15.3496 1.8
      vertex 26.434 21.4744 1.8
    endloop
  endfacet
  facet normal 0 0 1
    outer loop
      vertex 26.2242 21.4398 1.8
      vertex 26.2242 15.3842 1.8
      vertex 26.434 15.3496 1.8
    endloop
  endfacet
  facet normal -0 0 1
    outer loop
      vertex 26.0126 21.419 1.8
      vertex 26.2242 15.3842 1.8
      vertex 26.2242 21.4398 1.8
    endloop
  endfacet
  facet normal 0 0 1
    outer loop
      vertex 26.0126 21.419 1.8
      vertex 26.0126 15.405 1.8
      vertex 26.2242 15.3842 1.8
    endloop
  endfacet
  facet normal -0 0 1
    outer loop
      vertex 25.8 21.412 1.8
      vertex 26.0126 15.405 1.8
      vertex 26.0126 21.419 1.8
    endloop
  endfacet
  facet normal 0 0 1
    outer loop
      vertex 25.8 21.412 1.8
      vertex 25.8 15.412 1.8
      vertex 26.0126 15.405 1.8
    endloop
  endfacet
  facet normal 0 0 1
    outer loop
      vertex 25.5874 21.419 1.8
      vertex 25.8 15.412 1.8
      vertex 25.8 21.412 1.8
    endloop
  endfacet
  facet normal 0 0 1
    outer loop
      vertex 25.5874 21.419 1.8
      vertex 25.5874 15.405 1.8
      vertex 25.8 15.412 1.8
    endloop
  endfacet
  facet normal 0 0 1
    outer loop
      vertex 25.3758 21.4398 1.8
      vertex 25.5874 15.405 1.8
      vertex 25.5874 21.419 1.8
    endloop
  endfacet
  facet normal 0 0 1
    outer loop
      vertex 25.3758 21.4398 1.8
      vertex 25.3758 15.3842 1.8
      vertex 25.5874 15.405 1.8
    endloop
  endfacet
  facet normal 0 0 1
    outer loop
      vertex 25.166 21.4744 1.8
      vertex 25.3758 15.3842 1.8
      vertex 25.3758 21.4398 1.8
    endloop
  endfacet
  facet normal 0 0 1
    outer loop
      vertex 25.166 21.4744 1.8
      vertex 25.166 15.3496 1.8
      vertex 25.3758 15.3842 1.8
    endloop
  endfacet
  facet normal 0 0 1
    outer loop
      vertex 24.9588 21.5227 1.8
      vertex 25.166 15.3496 1.8
      vertex 25.166 21.4744 1.8
    endloop
  endfacet
  facet normal 0 0 1
    outer loop
      vertex 24.9588 21.5227 1.8
      vertex 24.9588 15.3013 1.8
      vertex 25.166 15.3496 1.8
    endloop
  endfacet
  facet normal 0 0 1
    outer loop
      vertex 24.7553 21.5845 1.8
      vertex 24.9588 15.3013 1.8
      vertex 24.9588 21.5227 1.8
    endloop
  endfacet
  facet normal 0 0 1
    outer loop
      vertex 24.7553 21.5845 1.8
      vertex 24.7553 15.2395 1.8
      vertex 24.9588 15.3013 1.8
    endloop
  endfacet
  facet normal 0 0 1
    outer loop
      vertex 22.5 15.2 1.8
      vertex 24.7553 21.5845 1.8
      vertex 24.5563 21.6594 1.8
    endloop
  endfacet
  facet normal 0 0 1
    outer loop
      vertex 24.7553 21.5845 1.8
      vertex 22.5 15.2 1.8
      vertex 24.7553 15.2395 1.8
    endloop
  endfacet
  facet normal 0 0 1
    outer loop
      vertex 22.5 15.2 1.8
      vertex 24.5563 21.6594 1.8
      vertex 24.3626 21.7472 1.8
    endloop
  endfacet
  facet normal 0 0 1
    outer loop
      vertex 24.7553 15.2395 1.8
      vertex 22.5 15.2 1.8
      vertex 24.5563 15.1646 1.8
    endloop
  endfacet
  facet normal 0 0 1
    outer loop
      vertex 22.5 15.2 1.8
      vertex 24.3626 21.7472 1.8
      vertex 24.175 21.8474 1.8
    endloop
  endfacet
  facet normal 0 0 1
    outer loop
      vertex 24.5563 15.1646 1.8
      vertex 22.5 15.2 1.8
      vertex 24.3626 15.0768 1.8
    endloop
  endfacet
  facet normal 0 0 1
    outer loop
      vertex 22.5 15.2 1.8
      vertex 24.175 21.8474 1.8
      vertex 23.9944 21.9597 1.8
    endloop
  endfacet
  facet normal 0 0 1
    outer loop
      vertex 24.3626 15.0768 1.8
      vertex 22.5 15.2 1.8
      vertex 24.175 14.9766 1.8
    endloop
  endfacet
  facet normal 0 0 1
    outer loop
      vertex 22.5 15.2 1.8
      vertex 23.9944 21.9597 1.8
      vertex 23.8215 22.0836 1.8
    endloop
  endfacet
  facet normal 0 0 1
    outer loop
      vertex 24.175 14.9766 1.8
      vertex 22.5 15.2 1.8
      vertex 23.9944 14.8643 1.8
    endloop
  endfacet
  facet normal 0 0 1
    outer loop
      vertex 22.5 15.2 1.8
      vertex 23.8215 22.0836 1.8
      vertex 23.6571 22.2185 1.8
    endloop
  endfacet
  facet normal 0 0 1
    outer loop
      vertex 23.9944 14.8643 1.8
      vertex 22.5 15.2 1.8
      vertex 23.8215 14.7404 1.8
    endloop
  endfacet
  facet normal 0 0 1
    outer loop
      vertex 22.5 15.2 1.8
      vertex 23.6571 22.2185 1.8
      vertex 23.5019 22.3639 1.8
    endloop
  endfacet
  facet normal 0 0 1
    outer loop
      vertex 23.8215 14.7404 1.8
      vertex 22.5 15.2 1.8
      vertex 23.6571 14.6055 1.8
    endloop
  endfacet
  facet normal 0 0 1
    outer loop
      vertex 22.5 15.2 1.8
      vertex 23.5019 22.3639 1.8
      vertex 23.3565 22.5191 1.8
    endloop
  endfacet
  facet normal 0 0 1
    outer loop
      vertex 23.6571 14.6055 1.8
      vertex 22.5 15.2 1.8
      vertex 23.5019 14.4601 1.8
    endloop
  endfacet
  facet normal 0 0 1
    outer loop
      vertex 22.5 15.2 1.8
      vertex 23.3565 22.5191 1.8
      vertex 23.2216 22.6835 1.8
    endloop
  endfacet
  facet normal 0 0 1
    outer loop
      vertex 23.5019 14.4601 1.8
      vertex 22.5 15.2 1.8
      vertex 23.3565 14.3049 1.8
    endloop
  endfacet
  facet normal 0 0 1
    outer loop
      vertex 22.5 15.2 1.8
      vertex 23.2216 22.6835 1.8
      vertex 23.0977 22.8564 1.8
    endloop
  endfacet
  facet normal 0 0 1
    outer loop
      vertex 23.3565 14.3049 1.8
      vertex 22.5 15.2 1.8
      vertex 23.2216 14.1405 1.8
    endloop
  endfacet
  facet normal 0 0 1
    outer loop
      vertex 22.5 15.2 1.8
      vertex 23.0977 22.8564 1.8
      vertex 22.9854 23.037 1.8
    endloop
  endfacet
  facet normal 0 0 1
    outer loop
      vertex 23.2216 14.1405 1.8
      vertex 22.5 15.2 1.8
      vertex 23.0977 13.9676 1.8
    endloop
  endfacet
  facet normal 0 0 1
    outer loop
      vertex 22.5 15.2 1.8
      vertex 22.9854 23.037 1.8
      vertex 22.8852 23.2246 1.8
    endloop
  endfacet
  facet normal 0 0 1
    outer loop
      vertex 23.0977 13.9676 1.8
      vertex 22.5 15.2 1.8
      vertex 22.9854 13.787 1.8
    endloop
  endfacet
  facet normal 0 0 1
    outer loop
      vertex 22.5 15.2 1.8
      vertex 22.8852 23.2246 1.8
      vertex 22.7974 23.4183 1.8
    endloop
  endfacet
  facet normal 0 0 1
    outer loop
      vertex 22.9854 13.787 1.8
      vertex 22.5 15.2 1.8
      vertex 22.8852 13.5994 1.8
    endloop
  endfacet
  facet normal 0 0 1
    outer loop
      vertex 22.5 15.2 1.8
      vertex 22.7974 23.4183 1.8
      vertex 22.7225 23.6173 1.8
    endloop
  endfacet
  facet normal 0 0 1
    outer loop
      vertex 22.8852 13.5994 1.8
      vertex 22.5 15.2 1.8
      vertex 22.7974 13.4057 1.8
    endloop
  endfacet
  facet normal 0 0 1
    outer loop
      vertex 22.5 15.2 1.8
      vertex 22.7225 23.6173 1.8
      vertex 22.6607 23.8208 1.8
    endloop
  endfacet
  facet normal -0 0 1
    outer loop
      vertex 20 15.2 1.8
      vertex 22.7974 13.4057 1.8
      vertex 22.5 15.2 1.8
    endloop
  endfacet
  facet normal 0 0 1
    outer loop
      vertex 22.5 15.2 1.8
      vertex 22.6607 23.8208 1.8
      vertex 22.6124 24.028 1.8
    endloop
  endfacet
  facet normal 0 0 1
    outer loop
      vertex 22.7974 13.4057 1.8
      vertex 20 15.2 1.8
      vertex 22.7225 13.2067 1.8
    endloop
  endfacet
  facet normal 0 0 1
    outer loop
      vertex 22.5 15.2 1.8
      vertex 22.6124 24.028 1.8
      vertex 22.5778 24.2378 1.8
    endloop
  endfacet
  facet normal 0 0 1
    outer loop
      vertex 22.7225 13.2067 1.8
      vertex 20 15.2 1.8
      vertex 22.6607 13.0032 1.8
    endloop
  endfacet
  facet normal 0 0 1
    outer loop
      vertex 22.5 15.2 1.8
      vertex 22.5778 24.2378 1.8
      vertex 22.557 24.4494 1.8
    endloop
  endfacet
  facet normal 0 0 1
    outer loop
      vertex 22.6607 13.0032 1.8
      vertex 20 15.2 1.8
      vertex 22.6124 12.796 1.8
    endloop
  endfacet
  facet normal 0 0 1
    outer loop
      vertex 22.5 25.6 1.8
      vertex 22.557 24.4494 1.8
      vertex 22.55 24.662 1.8
    endloop
  endfacet
  facet normal 0 0 1
    outer loop
      vertex 22.5 15.2 1.8
      vertex 22.557 24.4494 1.8
      vertex 22.5 25.6 1.8
    endloop
  endfacet
  facet normal -0 0 1
    outer loop
      vertex 27.9429 9.71852 1.8
      vertex 28 2.6 1.8
      vertex 28 9.77203 1.8
    endloop
  endfacet
  facet normal -0 0 1
    outer loop
      vertex 27.7785 9.5836 1.8
      vertex 28 2.6 1.8
      vertex 27.9429 9.71852 1.8
    endloop
  endfacet
  facet normal -0 0 1
    outer loop
      vertex 27.6056 9.45972 1.8
      vertex 28 2.6 1.8
      vertex 27.7785 9.5836 1.8
    endloop
  endfacet
  facet normal -0 0 1
    outer loop
      vertex 27.425 9.34742 1.8
      vertex 28 2.6 1.8
      vertex 27.6056 9.45972 1.8
    endloop
  endfacet
  facet normal -0 0 1
    outer loop
      vertex 27.2374 9.24716 1.8
      vertex 28 2.6 1.8
      vertex 27.425 9.34742 1.8
    endloop
  endfacet
  facet normal -0 0 1
    outer loop
      vertex 27.0437 9.15939 1.8
      vertex 28 2.6 1.8
      vertex 27.2374 9.24716 1.8
    endloop
  endfacet
  facet normal -0 0 1
    outer loop
      vertex 26.8447 9.08448 1.8
      vertex 28 2.6 1.8
      vertex 27.0437 9.15939 1.8
    endloop
  endfacet
  facet normal -0 0 1
    outer loop
      vertex 26.6412 9.02274 1.8
      vertex 28 2.6 1.8
      vertex 26.8447 9.08448 1.8
    endloop
  endfacet
  facet normal -0 0 1
    outer loop
      vertex 26.434 8.97445 1.8
      vertex 28 2.6 1.8
      vertex 26.6412 9.02274 1.8
    endloop
  endfacet
  facet normal -0 0 1
    outer loop
      vertex 26.2242 8.9398 1.8
      vertex 28 2.6 1.8
      vertex 26.434 8.97445 1.8
    endloop
  endfacet
  facet normal -0 0 1
    outer loop
      vertex 26.0126 8.91896 1.8
      vertex 28 2.6 1.8
      vertex 26.2242 8.9398 1.8
    endloop
  endfacet
  facet normal -0 0 1
    outer loop
      vertex 25.8 8.912 1.8
      vertex 28 2.6 1.8
      vertex 26.0126 8.91896 1.8
    endloop
  endfacet
  facet normal 0 0 1
    outer loop
      vertex 25.5874 8.91896 1.8
      vertex 28 2.6 1.8
      vertex 25.8 8.912 1.8
    endloop
  endfacet
  facet normal 0 0 1
    outer loop
      vertex 25.3758 8.9398 1.8
      vertex 28 2.6 1.8
      vertex 25.5874 8.91896 1.8
    endloop
  endfacet
  facet normal 0 0 1
    outer loop
      vertex 25.166 8.97445 1.8
      vertex 28 2.6 1.8
      vertex 25.3758 8.9398 1.8
    endloop
  endfacet
  facet normal 0 0 1
    outer loop
      vertex 24.9588 9.02274 1.8
      vertex 28 2.6 1.8
      vertex 25.166 8.97445 1.8
    endloop
  endfacet
  facet normal 0 0 1
    outer loop
      vertex 20 6.85 1.8
      vertex 24.9588 9.02274 1.8
      vertex 24.7553 9.08448 1.8
    endloop
  endfacet
  facet normal 0 0 1
    outer loop
      vertex 20 6.85 1.8
      vertex 24.7553 9.08448 1.8
      vertex 24.5563 9.15939 1.8
    endloop
  endfacet
  facet normal 0 0 1
    outer loop
      vertex 20 6.85 1.8
      vertex 24.5563 9.15939 1.8
      vertex 24.3626 9.24716 1.8
    endloop
  endfacet
  facet normal 0 0 1
    outer loop
      vertex 20 6.85 1.8
      vertex 24.3626 9.24716 1.8
      vertex 24.175 9.34742 1.8
    endloop
  endfacet
  facet normal 0 0 1
    outer loop
      vertex 20 6.85 1.8
      vertex 24.175 9.34742 1.8
      vertex 23.9944 9.45972 1.8
    endloop
  endfacet
  facet normal 0 0 1
    outer loop
      vertex 20 6.85 1.8
      vertex 23.9944 9.45972 1.8
      vertex 23.8215 9.5836 1.8
    endloop
  endfacet
  facet normal 0 0 1
    outer loop
      vertex 20 6.85 1.8
      vertex 23.8215 9.5836 1.8
      vertex 23.6571 9.71852 1.8
    endloop
  endfacet
  facet normal 0 0 1
    outer loop
      vertex 20 6.85 1.8
      vertex 23.6571 9.71852 1.8
      vertex 23.5019 9.8639 1.8
    endloop
  endfacet
  facet normal 0 0 1
    outer loop
      vertex 20 6.85 1.8
      vertex 23.5019 9.8639 1.8
      vertex 23.3565 10.0191 1.8
    endloop
  endfacet
  facet normal 0 0 1
    outer loop
      vertex 20 6.85 1.8
      vertex 23.3565 10.0191 1.8
      vertex 23.2216 10.1835 1.8
    endloop
  endfacet
  facet normal 0 0 1
    outer loop
      vertex 20 6.85 1.8
      vertex 23.2216 10.1835 1.8
      vertex 23.0977 10.3564 1.8
    endloop
  endfacet
  facet normal 0 0 1
    outer loop
      vertex 22.5778 12.5862 1.8
      vertex 20 15.2 1.8
      vertex 22.557 12.3746 1.8
    endloop
  endfacet
  facet normal 0 0 1
    outer loop
      vertex 22.557 12.3746 1.8
      vertex 20 15.2 1.8
      vertex 22.55 12.162 1.8
    endloop
  endfacet
  facet normal 0 0 1
    outer loop
      vertex 20 15.2 1.8
      vertex 22.557 11.9494 1.8
      vertex 22.55 12.162 1.8
    endloop
  endfacet
  facet normal 0 0 1
    outer loop
      vertex 20 15.2 1.8
      vertex 22.5778 11.7378 1.8
      vertex 22.557 11.9494 1.8
    endloop
  endfacet
  facet normal 0 0 1
    outer loop
      vertex 20 6.85 1.8
      vertex 22.5778 11.7378 1.8
      vertex 20 15.2 1.8
    endloop
  endfacet
  facet normal 0 0 1
    outer loop
      vertex 22.5778 11.7378 1.8
      vertex 20 6.85 1.8
      vertex 22.6124 11.528 1.8
    endloop
  endfacet
  facet normal 0 0 1
    outer loop
      vertex 22.6124 11.528 1.8
      vertex 20 6.85 1.8
      vertex 22.6607 11.3208 1.8
    endloop
  endfacet
  facet normal 0 0 1
    outer loop
      vertex 22.6607 11.3208 1.8
      vertex 20 6.85 1.8
      vertex 22.7225 11.1173 1.8
    endloop
  endfacet
  facet normal 0 0 1
    outer loop
      vertex 22.7225 11.1173 1.8
      vertex 20 6.85 1.8
      vertex 22.7974 10.9183 1.8
    endloop
  endfacet
  facet normal 0 0 1
    outer loop
      vertex 22.7974 10.9183 1.8
      vertex 20 6.85 1.8
      vertex 22.8852 10.7246 1.8
    endloop
  endfacet
  facet normal 0 0 1
    outer loop
      vertex 22.8852 10.7246 1.8
      vertex 20 6.85 1.8
      vertex 22.9854 10.537 1.8
    endloop
  endfacet
  facet normal 0 0 1
    outer loop
      vertex 22.9854 10.537 1.8
      vertex 20 6.85 1.8
      vertex 23.0977 10.3564 1.8
    endloop
  endfacet
  facet normal 0 0 1
    outer loop
      vertex 24.9588 9.02274 1.8
      vertex 20 6.85 1.8
      vertex 28 2.6 1.8
    endloop
  endfacet
  facet normal -0 0 1
    outer loop
      vertex 10.6 6.85 1.8
      vertex 28 2.6 1.8
      vertex 20 6.85 1.8
    endloop
  endfacet
  facet normal 0 0 1
    outer loop
      vertex 8.02219 24.2378 1.8
      vertex 10.1 25.6 1.8
      vertex 8.04304 24.4494 1.8
    endloop
  endfacet
  facet normal 0 0 1
    outer loop
      vertex 10.6 15.2 1.8
      vertex 8.05 12.162 1.8
      vertex 8.04304 11.9494 1.8
    endloop
  endfacet
  facet normal 0 0 1
    outer loop
      vertex 10.6 15.2 1.8
      vertex 8.04304 11.9494 1.8
      vertex 8.02219 11.7378 1.8
    endloop
  endfacet
  facet normal 0 0 1
    outer loop
      vertex 10.6 15.2 1.8
      vertex 8.02219 11.7378 1.8
      vertex 10.6 6.85 1.8
    endloop
  endfacet
  facet normal -0 0 1
    outer loop
      vertex 7.98755 11.528 1.8
      vertex 10.6 6.85 1.8
      vertex 8.02219 11.7378 1.8
    endloop
  endfacet
  facet normal -0 0 1
    outer loop
      vertex 7.93926 11.3208 1.8
      vertex 10.6 6.85 1.8
      vertex 7.98755 11.528 1.8
    endloop
  endfacet
  facet normal -0 0 1
    outer loop
      vertex 7.87752 11.1173 1.8
      vertex 10.6 6.85 1.8
      vertex 7.93926 11.3208 1.8
    endloop
  endfacet
  facet normal -0 0 1
    outer loop
      vertex 7.80261 10.9183 1.8
      vertex 10.6 6.85 1.8
      vertex 7.87752 11.1173 1.8
    endloop
  endfacet
  facet normal -0 0 1
    outer loop
      vertex 7.71484 10.7246 1.8
      vertex 10.6 6.85 1.8
      vertex 7.80261 10.9183 1.8
    endloop
  endfacet
  facet normal -0 0 1
    outer loop
      vertex 7.61458 10.537 1.8
      vertex 10.6 6.85 1.8
      vertex 7.71484 10.7246 1.8
    endloop
  endfacet
  facet normal -0 0 1
    outer loop
      vertex 7.50228 10.3564 1.8
      vertex 10.6 6.85 1.8
      vertex 7.61458 10.537 1.8
    endloop
  endfacet
  facet normal -0 0 1
    outer loop
      vertex 7.3784 10.1835 1.8
      vertex 10.6 6.85 1.8
      vertex 7.50228 10.3564 1.8
    endloop
  endfacet
  facet normal -0 0 1
    outer loop
      vertex 7.24348 10.0191 1.8
      vertex 10.6 6.85 1.8
      vertex 7.3784 10.1835 1.8
    endloop
  endfacet
  facet normal -0 0 1
    outer loop
      vertex 7.0981 9.8639 1.8
      vertex 10.6 6.85 1.8
      vertex 7.24348 10.0191 1.8
    endloop
  endfacet
  facet normal -0 0 1
    outer loop
      vertex 6.94287 9.71852 1.8
      vertex 10.6 6.85 1.8
      vertex 7.0981 9.8639 1.8
    endloop
  endfacet
  facet normal -0 0 1
    outer loop
      vertex 6.77847 9.5836 1.8
      vertex 10.6 6.85 1.8
      vertex 6.94287 9.71852 1.8
    endloop
  endfacet
  facet normal -0 0 1
    outer loop
      vertex 6.6056 9.45972 1.8
      vertex 10.6 6.85 1.8
      vertex 6.77847 9.5836 1.8
    endloop
  endfacet
  facet normal -0 0 1
    outer loop
      vertex 6.425 9.34742 1.8
      vertex 10.6 6.85 1.8
      vertex 6.6056 9.45972 1.8
    endloop
  endfacet
  facet normal -0 0 1
    outer loop
      vertex 6.23744 9.24716 1.8
      vertex 10.6 6.85 1.8
      vertex 6.425 9.34742 1.8
    endloop
  endfacet
  facet normal -0 0 1
    outer loop
      vertex 6.04372 9.15939 1.8
      vertex 10.6 6.85 1.8
      vertex 6.23744 9.24716 1.8
    endloop
  endfacet
  facet normal -0 0 1
    outer loop
      vertex 5.84468 9.08448 1.8
      vertex 10.6 6.85 1.8
      vertex 6.04372 9.15939 1.8
    endloop
  endfacet
  facet normal -0 0 1
    outer loop
      vertex 5.64116 9.02274 1.8
      vertex 10.6 6.85 1.8
      vertex 5.84468 9.08448 1.8
    endloop
  endfacet
  facet normal 0 0 1
    outer loop
      vertex 2.6 2.6 1.8
      vertex 5.64116 9.02274 1.8
      vertex 5.43404 8.97445 1.8
    endloop
  endfacet
  facet normal 0 0 1
    outer loop
      vertex 2.6 2.6 1.8
      vertex 5.43404 8.97445 1.8
      vertex 5.22421 8.9398 1.8
    endloop
  endfacet
  facet normal 0 0 1
    outer loop
      vertex 2.6 2.6 1.8
      vertex 5.22421 8.9398 1.8
      vertex 5.01256 8.91896 1.8
    endloop
  endfacet
  facet normal 0 0 1
    outer loop
      vertex 2.6 2.6 1.8
      vertex 5.01256 8.91896 1.8
      vertex 4.8 8.912 1.8
    endloop
  endfacet
  facet normal 0 0 1
    outer loop
      vertex 2.6 2.6 1.8
      vertex 4.8 8.912 1.8
      vertex 4.58744 8.91896 1.8
    endloop
  endfacet
  facet normal 0 0 1
    outer loop
      vertex 2.6 2.6 1.8
      vertex 4.58744 8.91896 1.8
      vertex 4.37579 8.9398 1.8
    endloop
  endfacet
  facet normal 0 0 1
    outer loop
      vertex 2.6 2.6 1.8
      vertex 4.37579 8.9398 1.8
      vertex 4.16596 8.97445 1.8
    endloop
  endfacet
  facet normal 0 0 1
    outer loop
      vertex 2.6 2.6 1.8
      vertex 4.16596 8.97445 1.8
      vertex 3.95884 9.02274 1.8
    endloop
  endfacet
  facet normal 0 0 1
    outer loop
      vertex 2.6 2.6 1.8
      vertex 3.95884 9.02274 1.8
      vertex 3.75532 9.08448 1.8
    endloop
  endfacet
  facet normal 0 0 1
    outer loop
      vertex 10.6 6.85 1.8
      vertex 2.6 2.6 1.8
      vertex 28 2.6 1.8
    endloop
  endfacet
  facet normal 0 0 1
    outer loop
      vertex 5.64116 9.02274 1.8
      vertex 2.6 2.6 1.8
      vertex 10.6 6.85 1.8
    endloop
  endfacet
  facet normal 0 0 1
    outer loop
      vertex 3.55628 9.15939 1.8
      vertex 2.6 2.6 1.8
      vertex 3.75532 9.08448 1.8
    endloop
  endfacet
  facet normal 0 0 1
    outer loop
      vertex 3.36256 9.24716 1.8
      vertex 2.6 2.6 1.8
      vertex 3.55628 9.15939 1.8
    endloop
  endfacet
  facet normal 0 0 1
    outer loop
      vertex 3.175 9.34742 1.8
      vertex 2.6 2.6 1.8
      vertex 3.36256 9.24716 1.8
    endloop
  endfacet
  facet normal 0 0 1
    outer loop
      vertex 2.9944 9.45972 1.8
      vertex 2.6 2.6 1.8
      vertex 3.175 9.34742 1.8
    endloop
  endfacet
  facet normal 0 0 1
    outer loop
      vertex 2.82152 9.5836 1.8
      vertex 2.6 2.6 1.8
      vertex 2.9944 9.45972 1.8
    endloop
  endfacet
  facet normal 0 0 1
    outer loop
      vertex 2.65713 9.71852 1.8
      vertex 2.6 2.6 1.8
      vertex 2.82152 9.5836 1.8
    endloop
  endfacet
  facet normal 0 0 1
    outer loop
      vertex 2.6 2.6 1.8
      vertex 2.65713 9.71852 1.8
      vertex 2.6 9.77202 1.8
    endloop
  endfacet
  facet normal 0 1 -0
    outer loop
      vertex 28 2.6 1.8
      vertex 2.6 2.6 2.4
      vertex 28 2.6 2.4
    endloop
  endfacet
  facet normal 0 1 0
    outer loop
      vertex 2.6 2.6 2.4
      vertex 28 2.6 1.8
      vertex 2.6 2.6 1.8
    endloop
  endfacet
  facet normal 0 0 -1
    outer loop
      vertex -8.1 12.031 7.47
      vertex -6.3 17.431 7.47
      vertex -6.3 12.031 7.47
    endloop
  endfacet
  facet normal -0 0 -1
    outer loop
      vertex -6.3 17.431 7.47
      vertex -8.1 12.031 7.47
      vertex -8.1 17.431 7.47
    endloop
  endfacet
  facet normal 0 -1 0
    outer loop
      vertex -8.1 17.431 5.12
      vertex -6.3 17.431 7.47
      vertex -8.1 17.431 7.47
    endloop
  endfacet
  facet normal 0 -1 -0
    outer loop
      vertex -6.3 17.431 7.47
      vertex -8.1 17.431 5.12
      vertex -6.3 17.431 5.12
    endloop
  endfacet
  facet normal -0 0 1
    outer loop
      vertex -8.1 17.431 5.12
      vertex -6.3 12.031 5.12
      vertex -6.3 17.431 5.12
    endloop
  endfacet
  facet normal 0 0 1
    outer loop
      vertex -6.3 12.031 5.12
      vertex -8.1 17.431 5.12
      vertex -8.1 12.031 5.12
    endloop
  endfacet
  facet normal 0 1 -0
    outer loop
      vertex -6.3 12.031 5.12
      vertex -8.1 12.031 7.47
      vertex -6.3 12.031 7.47
    endloop
  endfacet
  facet normal 0 1 0
    outer loop
      vertex -8.1 12.031 7.47
      vertex -6.3 12.031 5.12
      vertex -8.1 12.031 5.12
    endloop
  endfacet
  facet normal 0 0 -1
    outer loop
      vertex 36.9 12.031 7.47
      vertex 38.7 17.431 7.47
      vertex 38.7 12.031 7.47
    endloop
  endfacet
  facet normal -0 0 -1
    outer loop
      vertex 38.7 17.431 7.47
      vertex 36.9 12.031 7.47
      vertex 36.9 17.431 7.47
    endloop
  endfacet
  facet normal -0 0 1
    outer loop
      vertex 36.9 17.431 5.12
      vertex 38.7 12.031 5.12
      vertex 38.7 17.431 5.12
    endloop
  endfacet
  facet normal 0 0 1
    outer loop
      vertex 38.7 12.031 5.12
      vertex 36.9 17.431 5.12
      vertex 36.9 12.031 5.12
    endloop
  endfacet
  facet normal 0 1 -0
    outer loop
      vertex 38.7 12.031 5.12
      vertex 36.9 12.031 7.47
      vertex 38.7 12.031 7.47
    endloop
  endfacet
  facet normal 0 1 0
    outer loop
      vertex 36.9 12.031 7.47
      vertex 38.7 12.031 5.12
      vertex 36.9 12.031 5.12
    endloop
  endfacet
  facet normal 0 -1 0
    outer loop
      vertex 36.9 17.431 5.12
      vertex 38.7 17.431 7.47
      vertex 36.9 17.431 7.47
    endloop
  endfacet
  facet normal 0 -1 -0
    outer loop
      vertex 38.7 17.431 7.47
      vertex 36.9 17.431 5.12
      vertex 38.7 17.431 5.12
    endloop
  endfacet
  facet normal 1 0 0
    outer loop
      vertex 10.6 15.2 1.8
      vertex 10.6 6.85 1.8
      vertex 10.6 15.2 1
    endloop
  endfacet
  facet normal 1 -0 0
    outer loop
      vertex 10.6 15.2 1
      vertex 10.6 16.25 0
      vertex 10.6 16.25 1
    endloop
  endfacet
  facet normal 1 0 0
    outer loop
      vertex 10.6 6.85 0
      vertex 10.6 15.2 1
      vertex 10.6 6.85 1.8
    endloop
  endfacet
  facet normal 1 0 0
    outer loop
      vertex 10.6 15.2 1
      vertex 10.6 6.85 0
      vertex 10.6 16.25 0
    endloop
  endfacet
  facet normal -1 0 0
    outer loop
      vertex 20 16.25 0
      vertex 20 15.2 1
      vertex 20 16.25 1
    endloop
  endfacet
  facet normal -1 0 0
    outer loop
      vertex 20 6.85 0
      vertex 20 15.2 1
      vertex 20 16.25 0
    endloop
  endfacet
  facet normal -1 0 0
    outer loop
      vertex 20 6.85 1.8
      vertex 20 15.2 1
      vertex 20 6.85 0
    endloop
  endfacet
  facet normal -1 0 0
    outer loop
      vertex 20 15.2 1
      vertex 20 6.85 1.8
      vertex 20 15.2 1.8
    endloop
  endfacet
  facet normal 0 -1 0
    outer loop
      vertex 10.6 16.25 0
      vertex 20 16.25 1
      vertex 10.6 16.25 1
    endloop
  endfacet
  facet normal 0 -1 -0
    outer loop
      vertex 20 16.25 1
      vertex 10.6 16.25 0
      vertex 20 16.25 0
    endloop
  endfacet
  facet normal 0 1 -0
    outer loop
      vertex 20 6.85 0
      vertex 10.6 6.85 1.8
      vertex 20 6.85 1.8
    endloop
  endfacet
  facet normal 0 1 0
    outer loop
      vertex 10.6 6.85 1.8
      vertex 20 6.85 0
      vertex 10.6 6.85 0
    endloop
  endfacet
  facet normal 1 -0 0
    outer loop
      vertex 10.1 15.2 1.8
      vertex 10.1 25.6 1
      vertex 10.1 25.6 1.8
    endloop
  endfacet
  facet normal 1 0 0
    outer loop
      vertex 10.1 25.6 1
      vertex 10.1 15.2 1.8
      vertex 10.1 15.2 1
    endloop
  endfacet
  facet normal -1 0 0
    outer loop
      vertex 22.5 15.2 1
      vertex 22.5 25.6 1.8
      vertex 22.5 25.6 1
    endloop
  endfacet
  facet normal -1 -0 0
    outer loop
      vertex 22.5 25.6 1.8
      vertex 22.5 15.2 1
      vertex 22.5 15.2 1.8
    endloop
  endfacet
  facet normal 0 -1 0
    outer loop
      vertex 10.1 25.6 1
      vertex 22.5 25.6 1.8
      vertex 10.1 25.6 1.8
    endloop
  endfacet
  facet normal 0 -1 -0
    outer loop
      vertex 22.5 25.6 1.8
      vertex 10.1 25.6 1
      vertex 22.5 25.6 1
    endloop
  endfacet
  facet normal 0 0 1
    outer loop
      vertex 22.5 25.6 1
      vertex 20 16.25 1
      vertex 22.5 15.2 1
    endloop
  endfacet
  facet normal -0 0 1
    outer loop
      vertex 10.1 25.6 1
      vertex 20 16.25 1
      vertex 22.5 25.6 1
    endloop
  endfacet
  facet normal 0 0 1
    outer loop
      vertex 20 16.25 1
      vertex 10.1 25.6 1
      vertex 10.6 16.25 1
    endloop
  endfacet
  facet normal 0 0 1
    outer loop
      vertex 10.1 15.2 1
      vertex 10.6 16.25 1
      vertex 10.1 25.6 1
    endloop
  endfacet
  facet normal 0 0 1
    outer loop
      vertex 10.6 16.25 1
      vertex 10.1 15.2 1
      vertex 10.6 15.2 1
    endloop
  endfacet
  facet normal 0 0 1
    outer loop
      vertex 22.5 15.2 1
      vertex 20 16.25 1
      vertex 20 15.2 1
    endloop
  endfacet
  facet normal 0 1 -0
    outer loop
      vertex 10.6 15.2 1
      vertex 10.1 15.2 1.8
      vertex 10.6 15.2 1.8
    endloop
  endfacet
  facet normal 0 1 0
    outer loop
      vertex 10.1 15.2 1.8
      vertex 10.6 15.2 1
      vertex 10.1 15.2 1
    endloop
  endfacet
  facet normal 0 1 -0
    outer loop
      vertex 22.5 15.2 1
      vertex 20 15.2 1.8
      vertex 22.5 15.2 1.8
    endloop
  endfacet
  facet normal 0 1 0
    outer loop
      vertex 20 15.2 1.8
      vertex 22.5 15.2 1
      vertex 20 15.2 1
    endloop
  endfacet
  facet normal 1 -0 0
    outer loop
      vertex 12.6 29.762 7.47
      vertex 12.6 31.562 5.12
      vertex 12.6 31.562 7.47
    endloop
  endfacet
  facet normal 1 0 0
    outer loop
      vertex 12.6 31.562 5.12
      vertex 12.6 29.762 7.47
      vertex 12.6 29.762 5.12
    endloop
  endfacet
  facet normal 0 0 -1
    outer loop
      vertex 12.6 29.762 7.47
      vertex 18 31.562 7.47
      vertex 18 29.762 7.47
    endloop
  endfacet
  facet normal -0 0 -1
    outer loop
      vertex 18 31.562 7.47
      vertex 12.6 29.762 7.47
      vertex 12.6 31.562 7.47
    endloop
  endfacet
  facet normal -1 0 0
    outer loop
      vertex 18 29.762 5.12
      vertex 18 31.562 7.47
      vertex 18 31.562 5.12
    endloop
  endfacet
  facet normal -1 -0 0
    outer loop
      vertex 18 31.562 7.47
      vertex 18 29.762 5.12
      vertex 18 29.762 7.47
    endloop
  endfacet
  facet normal -0 0 1
    outer loop
      vertex 12.6 31.562 5.12
      vertex 18 29.762 5.12
      vertex 18 31.562 5.12
    endloop
  endfacet
  facet normal 0 0 1
    outer loop
      vertex 18 29.762 5.12
      vertex 12.6 31.562 5.12
      vertex 12.6 29.762 5.12
    endloop
  endfacet
endsolid OpenSCAD_Model
