solid OpenSCAD_Model
  facet normal -1 0 0
    outer loop
      vertex -6 29.462 0
      vertex -6 17.231 4.61863
      vertex -6 29.462 8.4
    endloop
  endfacet
  facet normal -1 0 0
    outer loop
      vertex -6 29.462 0
      vertex -6 12.231 4.61863
      vertex -6 17.231 4.61863
    endloop
  endfacet
  facet normal -1 0 0
    outer loop
      vertex -6 0 8.4
      vertex -6 12.231 4.61863
      vertex -6 0 0
    endloop
  endfacet
  facet normal -1 0 0
    outer loop
      vertex -6 0 0
      vertex -6 12.231 4.61863
      vertex -6 29.462 0
    endloop
  endfacet
  facet normal -1 0 0
    outer loop
      vertex -6 17.231 6.88137
      vertex -6 29.462 8.4
      vertex -6 17.231 4.61863
    endloop
  endfacet
  facet normal -1 0 0
    outer loop
      vertex -6 12.231 6.88137
      vertex -6 29.462 8.4
      vertex -6 17.231 6.88137
    endloop
  endfacet
  facet normal -1 0 0
    outer loop
      vertex -6 12.231 6.88137
      vertex -6 0 8.4
      vertex -6 29.462 8.4
    endloop
  endfacet
  facet normal -1 0 0
    outer loop
      vertex -6 12.231 4.61863
      vertex -6 0 8.4
      vertex -6 12.231 6.88137
    endloop
  endfacet
  facet normal -0 0 1
    outer loop
      vertex 2.4 2.4 8.4
      vertex 6.3 0 8.4
      vertex 6.3 2.4 8.4
    endloop
  endfacet
  facet normal 0 0 1
    outer loop
      vertex 2.4 2.4 8.4
      vertex -6 0 8.4
      vertex 6.3 0 8.4
    endloop
  endfacet
  facet normal 0 0 1
    outer loop
      vertex 2.4 11.4661 8.4
      vertex -6 0 8.4
      vertex 2.4 2.4 8.4
    endloop
  endfacet
  facet normal 0 0 1
    outer loop
      vertex 5.65 12.162 8.4
      vertex 7.3 12.162 8.4
      vertex 7.29465 12.3255 8.4
    endloop
  endfacet
  facet normal 0 0 1
    outer loop
      vertex 5.64818 12.2176 8.4
      vertex 7.29465 12.3255 8.4
      vertex 7.27861 12.4883 8.4
    endloop
  endfacet
  facet normal 0 0 1
    outer loop
      vertex 7.3 12.162 8.4
      vertex 5.65 12.162 8.4
      vertex 7.29465 11.9985 8.4
    endloop
  endfacet
  facet normal 0 0 1
    outer loop
      vertex 5.64273 12.2729 8.4
      vertex 7.27861 12.4883 8.4
      vertex 7.25196 12.6497 8.4
    endloop
  endfacet
  facet normal -0 0 1
    outer loop
      vertex 5.64818 12.1064 8.4
      vertex 7.29465 11.9985 8.4
      vertex 5.65 12.162 8.4
    endloop
  endfacet
  facet normal 0 0 1
    outer loop
      vertex 5.63367 12.3278 8.4
      vertex 7.25196 12.6497 8.4
      vertex 7.21481 12.809 8.4
    endloop
  endfacet
  facet normal 0 0 1
    outer loop
      vertex 7.29465 11.9985 8.4
      vertex 5.64818 12.1064 8.4
      vertex 7.27861 11.8357 8.4
    endloop
  endfacet
  facet normal 0 0 1
    outer loop
      vertex 5.62104 12.382 8.4
      vertex 7.21481 12.809 8.4
      vertex 7.16733 12.9656 8.4
    endloop
  endfacet
  facet normal -0 0 1
    outer loop
      vertex 5.64273 12.0511 8.4
      vertex 7.27861 11.8357 8.4
      vertex 5.64818 12.1064 8.4
    endloop
  endfacet
  facet normal 0 0 1
    outer loop
      vertex 5.60489 12.4352 8.4
      vertex 7.16733 12.9656 8.4
      vertex 7.1097 13.1187 8.4
    endloop
  endfacet
  facet normal 0 0 1
    outer loop
      vertex 7.27861 11.8357 8.4
      vertex 5.64273 12.0511 8.4
      vertex 7.25196 11.6743 8.4
    endloop
  endfacet
  facet normal 0 0 1
    outer loop
      vertex 5.5853 12.4873 8.4
      vertex 7.1097 13.1187 8.4
      vertex 7.04218 13.2677 8.4
    endloop
  endfacet
  facet normal -0 0 1
    outer loop
      vertex 5.63367 11.9962 8.4
      vertex 7.25196 11.6743 8.4
      vertex 5.64273 12.0511 8.4
    endloop
  endfacet
  facet normal 0 0 1
    outer loop
      vertex 5.56234 12.5379 8.4
      vertex 7.04218 13.2677 8.4
      vertex 6.96506 13.412 8.4
    endloop
  endfacet
  facet normal 0 0 1
    outer loop
      vertex 7.25196 11.6743 8.4
      vertex 5.63367 11.9962 8.4
      vertex 7.21481 11.515 8.4
    endloop
  endfacet
  facet normal 0 0 1
    outer loop
      vertex 5.53612 12.587 8.4
      vertex 6.96506 13.412 8.4
      vertex 6.87867 13.5509 8.4
    endloop
  endfacet
  facet normal -0 0 1
    outer loop
      vertex 5.62104 11.942 8.4
      vertex 7.21481 11.515 8.4
      vertex 5.63367 11.9962 8.4
    endloop
  endfacet
  facet normal 0 0 1
    outer loop
      vertex 5.50675 12.6342 8.4
      vertex 6.87867 13.5509 8.4
      vertex 6.78338 13.6839 8.4
    endloop
  endfacet
  facet normal 0 0 1
    outer loop
      vertex 7.21481 11.515 8.4
      vertex 5.62104 11.942 8.4
      vertex 7.16733 11.3584 8.4
    endloop
  endfacet
  facet normal 0 0 1
    outer loop
      vertex 5.47435 12.6794 8.4
      vertex 6.78338 13.6839 8.4
      vertex 6.6796 13.8104 8.4
    endloop
  endfacet
  facet normal -0 0 1
    outer loop
      vertex 5.60489 11.8888 8.4
      vertex 7.16733 11.3584 8.4
      vertex 5.62104 11.942 8.4
    endloop
  endfacet
  facet normal 0 0 1
    outer loop
      vertex 5.43906 12.7224 8.4
      vertex 6.6796 13.8104 8.4
      vertex 6.56777 13.9298 8.4
    endloop
  endfacet
  facet normal 0 0 1
    outer loop
      vertex 7.16733 11.3584 8.4
      vertex 5.60489 11.8888 8.4
      vertex 7.1097 11.2053 8.4
    endloop
  endfacet
  facet normal 0 0 1
    outer loop
      vertex 5.40104 12.763 8.4
      vertex 6.56777 13.9298 8.4
      vertex 6.44836 14.0416 8.4
    endloop
  endfacet
  facet normal -0 0 1
    outer loop
      vertex 5.5853 11.8367 8.4
      vertex 7.1097 11.2053 8.4
      vertex 5.60489 11.8888 8.4
    endloop
  endfacet
  facet normal 0 0 1
    outer loop
      vertex 5.36044 12.8011 8.4
      vertex 6.44836 14.0416 8.4
      vertex 6.3219 14.1454 8.4
    endloop
  endfacet
  facet normal 0 0 1
    outer loop
      vertex 7.1097 11.2053 8.4
      vertex 5.5853 11.8367 8.4
      vertex 7.04218 11.0563 8.4
    endloop
  endfacet
  facet normal 0 0 1
    outer loop
      vertex 5.31745 12.8363 8.4
      vertex 6.3219 14.1454 8.4
      vertex 6.18893 14.2407 8.4
    endloop
  endfacet
  facet normal -0 0 1
    outer loop
      vertex 5.56234 11.7861 8.4
      vertex 7.04218 11.0563 8.4
      vertex 5.5853 11.8367 8.4
    endloop
  endfacet
  facet normal 0 0 1
    outer loop
      vertex 5.27223 12.8687 8.4
      vertex 6.18893 14.2407 8.4
      vertex 6.05 14.3271 8.4
    endloop
  endfacet
  facet normal 0 0 1
    outer loop
      vertex 7.04218 11.0563 8.4
      vertex 5.56234 11.7861 8.4
      vertex 6.96506 10.912 8.4
    endloop
  endfacet
  facet normal 0 0 1
    outer loop
      vertex 5.225 12.8981 8.4
      vertex 6.05 14.3271 8.4
      vertex 5.90572 14.4042 8.4
    endloop
  endfacet
  facet normal -0 0 1
    outer loop
      vertex 5.53612 11.737 8.4
      vertex 6.96506 10.912 8.4
      vertex 5.56234 11.7861 8.4
    endloop
  endfacet
  facet normal 0 0 1
    outer loop
      vertex 5.17595 12.9243 8.4
      vertex 5.90572 14.4042 8.4
      vertex 5.75671 14.4717 8.4
    endloop
  endfacet
  facet normal 0 0 1
    outer loop
      vertex 6.96506 10.912 8.4
      vertex 5.53612 11.737 8.4
      vertex 6.87867 10.7731 8.4
    endloop
  endfacet
  facet normal -0 0 1
    outer loop
      vertex 5.50675 11.6898 8.4
      vertex 6.87867 10.7731 8.4
      vertex 5.53612 11.737 8.4
    endloop
  endfacet
  facet normal 0 0 1
    outer loop
      vertex 7.29465 12.3255 8.4
      vertex 5.64818 12.2176 8.4
      vertex 5.65 12.162 8.4
    endloop
  endfacet
  facet normal 0 0 1
    outer loop
      vertex 7.27861 12.4883 8.4
      vertex 5.64273 12.2729 8.4
      vertex 5.64818 12.2176 8.4
    endloop
  endfacet
  facet normal 0 0 1
    outer loop
      vertex 7.25196 12.6497 8.4
      vertex 5.63367 12.3278 8.4
      vertex 5.64273 12.2729 8.4
    endloop
  endfacet
  facet normal 0 0 1
    outer loop
      vertex 7.21481 12.809 8.4
      vertex 5.62104 12.382 8.4
      vertex 5.63367 12.3278 8.4
    endloop
  endfacet
  facet normal 0 0 1
    outer loop
      vertex 7.16733 12.9656 8.4
      vertex 5.60489 12.4352 8.4
      vertex 5.62104 12.382 8.4
    endloop
  endfacet
  facet normal 0 0 1
    outer loop
      vertex 5.12528 12.9473 8.4
      vertex 5.75671 14.4717 8.4
      vertex 5.6036 14.5293 8.4
    endloop
  endfacet
  facet normal 0 0 1
    outer loop
      vertex 7.1097 13.1187 8.4
      vertex 5.5853 12.4873 8.4
      vertex 5.60489 12.4352 8.4
    endloop
  endfacet
  facet normal 0 0 1
    outer loop
      vertex 7.04218 13.2677 8.4
      vertex 5.56234 12.5379 8.4
      vertex 5.5853 12.4873 8.4
    endloop
  endfacet
  facet normal 0 0 1
    outer loop
      vertex 6.96506 13.412 8.4
      vertex 5.53612 12.587 8.4
      vertex 5.56234 12.5379 8.4
    endloop
  endfacet
  facet normal 0 0 1
    outer loop
      vertex 6.87867 13.5509 8.4
      vertex 5.50675 12.6342 8.4
      vertex 5.53612 12.587 8.4
    endloop
  endfacet
  facet normal 0 0 1
    outer loop
      vertex 6.78338 13.6839 8.4
      vertex 5.47435 12.6794 8.4
      vertex 5.50675 12.6342 8.4
    endloop
  endfacet
  facet normal 0 0 1
    outer loop
      vertex 5.07322 12.9669 8.4
      vertex 5.6036 14.5293 8.4
      vertex 5.44705 14.5768 8.4
    endloop
  endfacet
  facet normal 0 0 1
    outer loop
      vertex 6.6796 13.8104 8.4
      vertex 5.43906 12.7224 8.4
      vertex 5.47435 12.6794 8.4
    endloop
  endfacet
  facet normal 0 0 1
    outer loop
      vertex 6.56777 13.9298 8.4
      vertex 5.40104 12.763 8.4
      vertex 5.43906 12.7224 8.4
    endloop
  endfacet
  facet normal 0 0 1
    outer loop
      vertex 6.44836 14.0416 8.4
      vertex 5.36044 12.8011 8.4
      vertex 5.40104 12.763 8.4
    endloop
  endfacet
  facet normal 0 0 1
    outer loop
      vertex 6.3219 14.1454 8.4
      vertex 5.31745 12.8363 8.4
      vertex 5.36044 12.8011 8.4
    endloop
  endfacet
  facet normal 0 0 1
    outer loop
      vertex 5.02 12.983 8.4
      vertex 5.44705 14.5768 8.4
      vertex 5.28773 14.614 8.4
    endloop
  endfacet
  facet normal 0 0 1
    outer loop
      vertex 6.18893 14.2407 8.4
      vertex 5.27223 12.8687 8.4
      vertex 5.31745 12.8363 8.4
    endloop
  endfacet
  facet normal 0 0 1
    outer loop
      vertex 6.05 14.3271 8.4
      vertex 5.225 12.8981 8.4
      vertex 5.27223 12.8687 8.4
    endloop
  endfacet
  facet normal 0 0 1
    outer loop
      vertex 5.90572 14.4042 8.4
      vertex 5.17595 12.9243 8.4
      vertex 5.225 12.8981 8.4
    endloop
  endfacet
  facet normal 0 0 1
    outer loop
      vertex 4.96583 12.9957 8.4
      vertex 5.28773 14.614 8.4
      vertex 5.12632 14.6406 8.4
    endloop
  endfacet
  facet normal 0 0 1
    outer loop
      vertex 5.75671 14.4717 8.4
      vertex 5.12528 12.9473 8.4
      vertex 5.17595 12.9243 8.4
    endloop
  endfacet
  facet normal 0 0 1
    outer loop
      vertex 5.6036 14.5293 8.4
      vertex 5.07322 12.9669 8.4
      vertex 5.12528 12.9473 8.4
    endloop
  endfacet
  facet normal 0 0 1
    outer loop
      vertex 5.44705 14.5768 8.4
      vertex 5.02 12.983 8.4
      vertex 5.07322 12.9669 8.4
    endloop
  endfacet
  facet normal 0 0 1
    outer loop
      vertex 5.28773 14.614 8.4
      vertex 4.96583 12.9957 8.4
      vertex 5.02 12.983 8.4
    endloop
  endfacet
  facet normal 0 0 1
    outer loop
      vertex 4.91095 13.0047 8.4
      vertex 5.12632 14.6406 8.4
      vertex 4.96351 14.6566 8.4
    endloop
  endfacet
  facet normal 0 0 1
    outer loop
      vertex 5.12632 14.6406 8.4
      vertex 4.91095 13.0047 8.4
      vertex 4.96583 12.9957 8.4
    endloop
  endfacet
  facet normal 0 0 1
    outer loop
      vertex 4.96351 14.6566 8.4
      vertex 4.85559 13.0102 8.4
      vertex 4.91095 13.0047 8.4
    endloop
  endfacet
  facet normal 0 0 1
    outer loop
      vertex 4.8 14.662 8.4
      vertex 4.85559 13.0102 8.4
      vertex 4.96351 14.6566 8.4
    endloop
  endfacet
  facet normal 0 0 1
    outer loop
      vertex 4.8 14.662 8.4
      vertex 4.8 13.012 8.4
      vertex 4.85559 13.0102 8.4
    endloop
  endfacet
  facet normal 0 0 1
    outer loop
      vertex 4.8 14.662 8.4
      vertex 4.74441 13.0102 8.4
      vertex 4.8 13.012 8.4
    endloop
  endfacet
  facet normal -0 0 1
    outer loop
      vertex 4.63649 14.6566 8.4
      vertex 4.74441 13.0102 8.4
      vertex 4.8 14.662 8.4
    endloop
  endfacet
  facet normal 0 0 1
    outer loop
      vertex 4.74441 13.0102 8.4
      vertex 4.63649 14.6566 8.4
      vertex 4.68905 13.0047 8.4
    endloop
  endfacet
  facet normal -0 0 1
    outer loop
      vertex 4.47369 14.6406 8.4
      vertex 4.68905 13.0047 8.4
      vertex 4.63649 14.6566 8.4
    endloop
  endfacet
  facet normal 0 0 1
    outer loop
      vertex 4.68905 13.0047 8.4
      vertex 4.47369 14.6406 8.4
      vertex 4.63417 12.9957 8.4
    endloop
  endfacet
  facet normal -0 0 1
    outer loop
      vertex 4.31227 14.614 8.4
      vertex 4.63417 12.9957 8.4
      vertex 4.47369 14.6406 8.4
    endloop
  endfacet
  facet normal 0 0 1
    outer loop
      vertex 4.63417 12.9957 8.4
      vertex 4.31227 14.614 8.4
      vertex 4.58 12.983 8.4
    endloop
  endfacet
  facet normal -0 0 1
    outer loop
      vertex 4.15295 14.5768 8.4
      vertex 4.58 12.983 8.4
      vertex 4.31227 14.614 8.4
    endloop
  endfacet
  facet normal 0 0 1
    outer loop
      vertex 4.58 12.983 8.4
      vertex 4.15295 14.5768 8.4
      vertex 4.52678 12.9669 8.4
    endloop
  endfacet
  facet normal -0 0 1
    outer loop
      vertex 3.9964 14.5293 8.4
      vertex 4.52678 12.9669 8.4
      vertex 4.15295 14.5768 8.4
    endloop
  endfacet
  facet normal 0 0 1
    outer loop
      vertex 4.52678 12.9669 8.4
      vertex 3.9964 14.5293 8.4
      vertex 4.47472 12.9473 8.4
    endloop
  endfacet
  facet normal -0 0 1
    outer loop
      vertex 3.84329 14.4717 8.4
      vertex 4.47472 12.9473 8.4
      vertex 3.9964 14.5293 8.4
    endloop
  endfacet
  facet normal 0 0 1
    outer loop
      vertex 4.47472 12.9473 8.4
      vertex 3.84329 14.4717 8.4
      vertex 4.42406 12.9243 8.4
    endloop
  endfacet
  facet normal -0 0 1
    outer loop
      vertex 3.69428 14.4042 8.4
      vertex 4.42406 12.9243 8.4
      vertex 3.84329 14.4717 8.4
    endloop
  endfacet
  facet normal 0 0 1
    outer loop
      vertex 4.42406 12.9243 8.4
      vertex 3.69428 14.4042 8.4
      vertex 4.375 12.8981 8.4
    endloop
  endfacet
  facet normal -0 0 1
    outer loop
      vertex 3.55 14.3271 8.4
      vertex 4.375 12.8981 8.4
      vertex 3.69428 14.4042 8.4
    endloop
  endfacet
  facet normal 0 0 1
    outer loop
      vertex 4.375 12.8981 8.4
      vertex 3.55 14.3271 8.4
      vertex 4.32777 12.8687 8.4
    endloop
  endfacet
  facet normal -0 0 1
    outer loop
      vertex 3.41107 14.2407 8.4
      vertex 4.32777 12.8687 8.4
      vertex 3.55 14.3271 8.4
    endloop
  endfacet
  facet normal 0 0 1
    outer loop
      vertex 4.32777 12.8687 8.4
      vertex 3.41107 14.2407 8.4
      vertex 4.28255 12.8363 8.4
    endloop
  endfacet
  facet normal -0 0 1
    outer loop
      vertex 3.2781 14.1454 8.4
      vertex 4.28255 12.8363 8.4
      vertex 3.41107 14.2407 8.4
    endloop
  endfacet
  facet normal 0 0 1
    outer loop
      vertex 4.28255 12.8363 8.4
      vertex 3.2781 14.1454 8.4
      vertex 4.23956 12.8011 8.4
    endloop
  endfacet
  facet normal -0 0 1
    outer loop
      vertex 3.15164 14.0416 8.4
      vertex 4.23956 12.8011 8.4
      vertex 3.2781 14.1454 8.4
    endloop
  endfacet
  facet normal 0 0 1
    outer loop
      vertex 4.23956 12.8011 8.4
      vertex 3.15164 14.0416 8.4
      vertex 4.19896 12.763 8.4
    endloop
  endfacet
  facet normal -0 0 1
    outer loop
      vertex 3.03223 13.9298 8.4
      vertex 4.19896 12.763 8.4
      vertex 3.15164 14.0416 8.4
    endloop
  endfacet
  facet normal 0 0 1
    outer loop
      vertex 4.19896 12.763 8.4
      vertex 3.03223 13.9298 8.4
      vertex 4.16094 12.7224 8.4
    endloop
  endfacet
  facet normal -0 0 1
    outer loop
      vertex 2.9204 13.8104 8.4
      vertex 4.16094 12.7224 8.4
      vertex 3.03223 13.9298 8.4
    endloop
  endfacet
  facet normal 0 0 1
    outer loop
      vertex 4.16094 12.7224 8.4
      vertex 2.9204 13.8104 8.4
      vertex 4.12565 12.6794 8.4
    endloop
  endfacet
  facet normal -0 0 1
    outer loop
      vertex 2.81662 13.6839 8.4
      vertex 4.12565 12.6794 8.4
      vertex 2.9204 13.8104 8.4
    endloop
  endfacet
  facet normal 0 0 1
    outer loop
      vertex 4.12565 12.6794 8.4
      vertex 2.81662 13.6839 8.4
      vertex 4.09325 12.6342 8.4
    endloop
  endfacet
  facet normal -0 0 1
    outer loop
      vertex 2.72133 13.5509 8.4
      vertex 4.09325 12.6342 8.4
      vertex 2.81662 13.6839 8.4
    endloop
  endfacet
  facet normal 0 0 1
    outer loop
      vertex 6.87867 10.7731 8.4
      vertex 5.50675 11.6898 8.4
      vertex 6.78338 10.6401 8.4
    endloop
  endfacet
  facet normal -0 0 1
    outer loop
      vertex 5.47435 11.6446 8.4
      vertex 6.78338 10.6401 8.4
      vertex 5.50675 11.6898 8.4
    endloop
  endfacet
  facet normal 0 0 1
    outer loop
      vertex 6.78338 10.6401 8.4
      vertex 5.47435 11.6446 8.4
      vertex 6.6796 10.5136 8.4
    endloop
  endfacet
  facet normal -0 0 1
    outer loop
      vertex 5.43906 11.6016 8.4
      vertex 6.6796 10.5136 8.4
      vertex 5.47435 11.6446 8.4
    endloop
  endfacet
  facet normal 0 0 1
    outer loop
      vertex 6.6796 10.5136 8.4
      vertex 5.43906 11.6016 8.4
      vertex 6.56777 10.3942 8.4
    endloop
  endfacet
  facet normal -0 0 1
    outer loop
      vertex 5.40104 11.561 8.4
      vertex 6.56777 10.3942 8.4
      vertex 5.43906 11.6016 8.4
    endloop
  endfacet
  facet normal 0 0 1
    outer loop
      vertex 6.56777 10.3942 8.4
      vertex 5.40104 11.561 8.4
      vertex 6.44836 10.2824 8.4
    endloop
  endfacet
  facet normal -0 0 1
    outer loop
      vertex 5.36044 11.5229 8.4
      vertex 6.44836 10.2824 8.4
      vertex 5.40104 11.561 8.4
    endloop
  endfacet
  facet normal 0 0 1
    outer loop
      vertex 6.44836 10.2824 8.4
      vertex 5.36044 11.5229 8.4
      vertex 6.3219 10.1786 8.4
    endloop
  endfacet
  facet normal -0 0 1
    outer loop
      vertex 5.31745 11.4876 8.4
      vertex 6.3219 10.1786 8.4
      vertex 5.36044 11.5229 8.4
    endloop
  endfacet
  facet normal 0 0 1
    outer loop
      vertex 6.3219 10.1786 8.4
      vertex 5.31745 11.4876 8.4
      vertex 6.18893 10.0833 8.4
    endloop
  endfacet
  facet normal -0 0 1
    outer loop
      vertex 5.27223 11.4553 8.4
      vertex 6.18893 10.0833 8.4
      vertex 5.31745 11.4876 8.4
    endloop
  endfacet
  facet normal 0 0 1
    outer loop
      vertex 6.18893 10.0833 8.4
      vertex 5.27223 11.4553 8.4
      vertex 6.05 9.99694 8.4
    endloop
  endfacet
  facet normal -0 0 1
    outer loop
      vertex 5.225 11.4259 8.4
      vertex 6.05 9.99694 8.4
      vertex 5.27223 11.4553 8.4
    endloop
  endfacet
  facet normal 0 0 1
    outer loop
      vertex 6.05 9.99694 8.4
      vertex 5.225 11.4259 8.4
      vertex 5.90572 9.91982 8.4
    endloop
  endfacet
  facet normal -0 0 1
    outer loop
      vertex 5.17595 11.3997 8.4
      vertex 5.90572 9.91982 8.4
      vertex 5.225 11.4259 8.4
    endloop
  endfacet
  facet normal 0 0 1
    outer loop
      vertex 5.90572 9.91982 8.4
      vertex 5.17595 11.3997 8.4
      vertex 5.75671 9.8523 8.4
    endloop
  endfacet
  facet normal -0 0 1
    outer loop
      vertex 5.12528 11.3767 8.4
      vertex 5.75671 9.8523 8.4
      vertex 5.17595 11.3997 8.4
    endloop
  endfacet
  facet normal 0 0 1
    outer loop
      vertex 5.75671 9.8523 8.4
      vertex 5.12528 11.3767 8.4
      vertex 5.6036 9.79467 8.4
    endloop
  endfacet
  facet normal -0 0 1
    outer loop
      vertex 5.07322 11.3571 8.4
      vertex 5.6036 9.79467 8.4
      vertex 5.12528 11.3767 8.4
    endloop
  endfacet
  facet normal 0 0 1
    outer loop
      vertex 5.6036 9.79467 8.4
      vertex 5.07322 11.3571 8.4
      vertex 5.44705 9.74719 8.4
    endloop
  endfacet
  facet normal -0 0 1
    outer loop
      vertex 5.02 11.341 8.4
      vertex 5.44705 9.74719 8.4
      vertex 5.07322 11.3571 8.4
    endloop
  endfacet
  facet normal 0 0 1
    outer loop
      vertex 5.44705 9.74719 8.4
      vertex 5.02 11.341 8.4
      vertex 5.28773 9.71004 8.4
    endloop
  endfacet
  facet normal -0 0 1
    outer loop
      vertex 4.96583 11.3283 8.4
      vertex 5.28773 9.71004 8.4
      vertex 5.02 11.341 8.4
    endloop
  endfacet
  facet normal 0 0 1
    outer loop
      vertex 5.28773 9.71004 8.4
      vertex 4.96583 11.3283 8.4
      vertex 5.12632 9.68339 8.4
    endloop
  endfacet
  facet normal -0 0 1
    outer loop
      vertex 4.91095 11.3193 8.4
      vertex 5.12632 9.68339 8.4
      vertex 4.96583 11.3283 8.4
    endloop
  endfacet
  facet normal 0 0 1
    outer loop
      vertex 5.12632 9.68339 8.4
      vertex 4.91095 11.3193 8.4
      vertex 4.96351 9.66735 8.4
    endloop
  endfacet
  facet normal -0 0 1
    outer loop
      vertex 4.85559 11.3138 8.4
      vertex 4.96351 9.66735 8.4
      vertex 4.91095 11.3193 8.4
    endloop
  endfacet
  facet normal -0 0 1
    outer loop
      vertex 4.8 11.312 8.4
      vertex 4.96351 9.66735 8.4
      vertex 4.85559 11.3138 8.4
    endloop
  endfacet
  facet normal 0 0 1
    outer loop
      vertex 4.8 11.312 8.4
      vertex 4.8 9.662 8.4
      vertex 4.96351 9.66735 8.4
    endloop
  endfacet
  facet normal 0 0 1
    outer loop
      vertex 4.74441 11.3138 8.4
      vertex 4.8 9.662 8.4
      vertex 4.8 11.312 8.4
    endloop
  endfacet
  facet normal 0 0 1
    outer loop
      vertex 4.63649 9.66735 8.4
      vertex 4.74441 11.3138 8.4
      vertex 4.68905 11.3193 8.4
    endloop
  endfacet
  facet normal 0 0 1
    outer loop
      vertex 4.74441 11.3138 8.4
      vertex 4.63649 9.66735 8.4
      vertex 4.8 9.662 8.4
    endloop
  endfacet
  facet normal 0 0 1
    outer loop
      vertex 4.47369 9.68339 8.4
      vertex 4.68905 11.3193 8.4
      vertex 4.63417 11.3283 8.4
    endloop
  endfacet
  facet normal 0 0 1
    outer loop
      vertex 4.31227 9.71004 8.4
      vertex 4.63417 11.3283 8.4
      vertex 4.58 11.341 8.4
    endloop
  endfacet
  facet normal 0 0 1
    outer loop
      vertex 4.15295 9.74719 8.4
      vertex 4.58 11.341 8.4
      vertex 4.52678 11.3571 8.4
    endloop
  endfacet
  facet normal 0 0 1
    outer loop
      vertex 3.9964 9.79467 8.4
      vertex 4.52678 11.3571 8.4
      vertex 4.47472 11.3767 8.4
    endloop
  endfacet
  facet normal 0 0 1
    outer loop
      vertex 4.68905 11.3193 8.4
      vertex 4.47369 9.68339 8.4
      vertex 4.63649 9.66735 8.4
    endloop
  endfacet
  facet normal 0 0 1
    outer loop
      vertex 3.84329 9.8523 8.4
      vertex 4.47472 11.3767 8.4
      vertex 4.42406 11.3997 8.4
    endloop
  endfacet
  facet normal 0 0 1
    outer loop
      vertex 3.69428 9.91982 8.4
      vertex 4.42406 11.3997 8.4
      vertex 4.375 11.4259 8.4
    endloop
  endfacet
  facet normal 0 0 1
    outer loop
      vertex 3.55 9.99694 8.4
      vertex 4.375 11.4259 8.4
      vertex 4.32777 11.4553 8.4
    endloop
  endfacet
  facet normal 0 0 1
    outer loop
      vertex 4.63417 11.3283 8.4
      vertex 4.31227 9.71004 8.4
      vertex 4.47369 9.68339 8.4
    endloop
  endfacet
  facet normal 0 0 1
    outer loop
      vertex 3.41107 10.0833 8.4
      vertex 4.32777 11.4553 8.4
      vertex 4.28255 11.4876 8.4
    endloop
  endfacet
  facet normal 0 0 1
    outer loop
      vertex 3.2781 10.1786 8.4
      vertex 4.28255 11.4876 8.4
      vertex 4.23956 11.5229 8.4
    endloop
  endfacet
  facet normal 0 0 1
    outer loop
      vertex 3.15164 10.2824 8.4
      vertex 4.23956 11.5229 8.4
      vertex 4.19896 11.561 8.4
    endloop
  endfacet
  facet normal 0 0 1
    outer loop
      vertex 3.03223 10.3942 8.4
      vertex 4.19896 11.561 8.4
      vertex 4.16094 11.6016 8.4
    endloop
  endfacet
  facet normal 0 0 1
    outer loop
      vertex 4.58 11.341 8.4
      vertex 4.15295 9.74719 8.4
      vertex 4.31227 9.71004 8.4
    endloop
  endfacet
  facet normal 0 0 1
    outer loop
      vertex 2.9204 10.5136 8.4
      vertex 4.16094 11.6016 8.4
      vertex 4.12565 11.6446 8.4
    endloop
  endfacet
  facet normal 0 0 1
    outer loop
      vertex 2.81662 10.6401 8.4
      vertex 4.12565 11.6446 8.4
      vertex 4.09325 11.6898 8.4
    endloop
  endfacet
  facet normal 0 0 1
    outer loop
      vertex 2.72133 10.7731 8.4
      vertex 4.09325 11.6898 8.4
      vertex 4.06388 11.737 8.4
    endloop
  endfacet
  facet normal 0 0 1
    outer loop
      vertex 2.63494 10.912 8.4
      vertex 4.06388 11.737 8.4
      vertex 4.03766 11.7861 8.4
    endloop
  endfacet
  facet normal 0 0 1
    outer loop
      vertex 2.55782 11.0563 8.4
      vertex 4.03766 11.7861 8.4
      vertex 4.0147 11.8367 8.4
    endloop
  endfacet
  facet normal 0 0 1
    outer loop
      vertex 4.52678 11.3571 8.4
      vertex 3.9964 9.79467 8.4
      vertex 4.15295 9.74719 8.4
    endloop
  endfacet
  facet normal 0 0 1
    outer loop
      vertex 2.4903 11.2053 8.4
      vertex 4.0147 11.8367 8.4
      vertex 3.99511 11.8888 8.4
    endloop
  endfacet
  facet normal 0 0 1
    outer loop
      vertex 2.4 11.4661 8.4
      vertex 3.99511 11.8888 8.4
      vertex 3.97896 11.942 8.4
    endloop
  endfacet
  facet normal 0 0 1
    outer loop
      vertex 2.4 11.4661 8.4
      vertex 3.97896 11.942 8.4
      vertex 3.96633 11.9962 8.4
    endloop
  endfacet
  facet normal 0 0 1
    outer loop
      vertex 2.4 11.4661 8.4
      vertex 3.96633 11.9962 8.4
      vertex 3.95727 12.0511 8.4
    endloop
  endfacet
  facet normal 0 0 1
    outer loop
      vertex 2.4 11.4661 8.4
      vertex 3.95727 12.0511 8.4
      vertex 3.95182 12.1064 8.4
    endloop
  endfacet
  facet normal 0 0 1
    outer loop
      vertex 2.4 11.4661 8.4
      vertex 3.95182 12.1064 8.4
      vertex 3.95 12.162 8.4
    endloop
  endfacet
  facet normal 0 0 1
    outer loop
      vertex 4.09325 12.6342 8.4
      vertex 2.72133 13.5509 8.4
      vertex 4.06388 12.587 8.4
    endloop
  endfacet
  facet normal 0 0 1
    outer loop
      vertex 4.47472 11.3767 8.4
      vertex 3.84329 9.8523 8.4
      vertex 3.9964 9.79467 8.4
    endloop
  endfacet
  facet normal -0 0 1
    outer loop
      vertex 2.63494 13.412 8.4
      vertex 4.06388 12.587 8.4
      vertex 2.72133 13.5509 8.4
    endloop
  endfacet
  facet normal 0 0 1
    outer loop
      vertex 4.42406 11.3997 8.4
      vertex 3.69428 9.91982 8.4
      vertex 3.84329 9.8523 8.4
    endloop
  endfacet
  facet normal 0 0 1
    outer loop
      vertex 4.06388 12.587 8.4
      vertex 2.63494 13.412 8.4
      vertex 4.03766 12.5379 8.4
    endloop
  endfacet
  facet normal 0 0 1
    outer loop
      vertex 4.375 11.4259 8.4
      vertex 3.55 9.99694 8.4
      vertex 3.69428 9.91982 8.4
    endloop
  endfacet
  facet normal -0 0 1
    outer loop
      vertex 2.55782 13.2677 8.4
      vertex 4.03766 12.5379 8.4
      vertex 2.63494 13.412 8.4
    endloop
  endfacet
  facet normal 0 0 1
    outer loop
      vertex 4.32777 11.4553 8.4
      vertex 3.41107 10.0833 8.4
      vertex 3.55 9.99694 8.4
    endloop
  endfacet
  facet normal 0 0 1
    outer loop
      vertex 4.03766 12.5379 8.4
      vertex 2.55782 13.2677 8.4
      vertex 4.0147 12.4873 8.4
    endloop
  endfacet
  facet normal 0 0 1
    outer loop
      vertex 4.28255 11.4876 8.4
      vertex 3.2781 10.1786 8.4
      vertex 3.41107 10.0833 8.4
    endloop
  endfacet
  facet normal -0 0 1
    outer loop
      vertex 2.4903 13.1187 8.4
      vertex 4.0147 12.4873 8.4
      vertex 2.55782 13.2677 8.4
    endloop
  endfacet
  facet normal 0 0 1
    outer loop
      vertex 4.23956 11.5229 8.4
      vertex 3.15164 10.2824 8.4
      vertex 3.2781 10.1786 8.4
    endloop
  endfacet
  facet normal 0 0 1
    outer loop
      vertex 4.0147 12.4873 8.4
      vertex 2.4903 13.1187 8.4
      vertex 3.99511 12.4352 8.4
    endloop
  endfacet
  facet normal 0 0 1
    outer loop
      vertex 4.19896 11.561 8.4
      vertex 3.03223 10.3942 8.4
      vertex 3.15164 10.2824 8.4
    endloop
  endfacet
  facet normal -0 0 1
    outer loop
      vertex 2.43268 12.9656 8.4
      vertex 3.99511 12.4352 8.4
      vertex 2.4903 13.1187 8.4
    endloop
  endfacet
  facet normal 0 0 1
    outer loop
      vertex 4.16094 11.6016 8.4
      vertex 2.9204 10.5136 8.4
      vertex 3.03223 10.3942 8.4
    endloop
  endfacet
  facet normal -0 0 1
    outer loop
      vertex 2.4 12.8579 8.4
      vertex 3.99511 12.4352 8.4
      vertex 2.43268 12.9656 8.4
    endloop
  endfacet
  facet normal 0 0 1
    outer loop
      vertex 4.12565 11.6446 8.4
      vertex 2.81662 10.6401 8.4
      vertex 2.9204 10.5136 8.4
    endloop
  endfacet
  facet normal 0 0 1
    outer loop
      vertex 3.99511 12.4352 8.4
      vertex 2.4 12.8579 8.4
      vertex 3.97896 12.382 8.4
    endloop
  endfacet
  facet normal 0 0 1
    outer loop
      vertex 4.09325 11.6898 8.4
      vertex 2.72133 10.7731 8.4
      vertex 2.81662 10.6401 8.4
    endloop
  endfacet
  facet normal 0 0 1
    outer loop
      vertex 3.97896 12.382 8.4
      vertex 2.4 12.8579 8.4
      vertex 3.96633 12.3278 8.4
    endloop
  endfacet
  facet normal 0 0 1
    outer loop
      vertex 4.06388 11.737 8.4
      vertex 2.63494 10.912 8.4
      vertex 2.72133 10.7731 8.4
    endloop
  endfacet
  facet normal 0 0 1
    outer loop
      vertex 3.96633 12.3278 8.4
      vertex 2.4 12.8579 8.4
      vertex 3.95727 12.2729 8.4
    endloop
  endfacet
  facet normal 0 0 1
    outer loop
      vertex 4.03766 11.7861 8.4
      vertex 2.55782 11.0563 8.4
      vertex 2.63494 10.912 8.4
    endloop
  endfacet
  facet normal 0 0 1
    outer loop
      vertex 3.95727 12.2729 8.4
      vertex 2.4 12.8579 8.4
      vertex 3.95182 12.2176 8.4
    endloop
  endfacet
  facet normal 0 0 1
    outer loop
      vertex 4.0147 11.8367 8.4
      vertex 2.4903 11.2053 8.4
      vertex 2.55782 11.0563 8.4
    endloop
  endfacet
  facet normal 0 0 1
    outer loop
      vertex 3.95182 12.2176 8.4
      vertex 2.4 12.8579 8.4
      vertex 3.95 12.162 8.4
    endloop
  endfacet
  facet normal 0 0 1
    outer loop
      vertex 2.4 11.4661 8.4
      vertex 3.95 12.162 8.4
      vertex 2.4 12.8579 8.4
    endloop
  endfacet
  facet normal 0 0 1
    outer loop
      vertex 3.99511 11.8888 8.4
      vertex 2.4 11.4661 8.4
      vertex 2.43268 11.3584 8.4
    endloop
  endfacet
  facet normal 0 0 1
    outer loop
      vertex 3.99511 11.8888 8.4
      vertex 2.43268 11.3584 8.4
      vertex 2.4903 11.2053 8.4
    endloop
  endfacet
  facet normal 0 0 1
    outer loop
      vertex 5.65 24.662 8.4
      vertex 7.3 24.662 8.4
      vertex 7.29465 24.8255 8.4
    endloop
  endfacet
  facet normal 0 0 1
    outer loop
      vertex 5.64818 24.7176 8.4
      vertex 7.29465 24.8255 8.4
      vertex 7.27861 24.9883 8.4
    endloop
  endfacet
  facet normal 0 0 1
    outer loop
      vertex 7.3 24.662 8.4
      vertex 5.65 24.662 8.4
      vertex 7.29465 24.4985 8.4
    endloop
  endfacet
  facet normal 0 0 1
    outer loop
      vertex 5.64273 24.7729 8.4
      vertex 7.27861 24.9883 8.4
      vertex 7.25196 25.1497 8.4
    endloop
  endfacet
  facet normal -0 0 1
    outer loop
      vertex 5.64818 24.6064 8.4
      vertex 7.29465 24.4985 8.4
      vertex 5.65 24.662 8.4
    endloop
  endfacet
  facet normal 0 0 1
    outer loop
      vertex 5.63367 24.8278 8.4
      vertex 7.25196 25.1497 8.4
      vertex 7.21481 25.309 8.4
    endloop
  endfacet
  facet normal 0 0 1
    outer loop
      vertex 7.29465 24.4985 8.4
      vertex 5.64818 24.6064 8.4
      vertex 7.27861 24.3357 8.4
    endloop
  endfacet
  facet normal 0 0 1
    outer loop
      vertex 5.62104 24.882 8.4
      vertex 7.21481 25.309 8.4
      vertex 7.16733 25.4656 8.4
    endloop
  endfacet
  facet normal -0 0 1
    outer loop
      vertex 5.64273 24.5511 8.4
      vertex 7.27861 24.3357 8.4
      vertex 5.64818 24.6064 8.4
    endloop
  endfacet
  facet normal 0 0 1
    outer loop
      vertex 5.60489 24.9352 8.4
      vertex 7.16733 25.4656 8.4
      vertex 7.1097 25.6187 8.4
    endloop
  endfacet
  facet normal 0 0 1
    outer loop
      vertex 7.27861 24.3357 8.4
      vertex 5.64273 24.5511 8.4
      vertex 7.25196 24.1743 8.4
    endloop
  endfacet
  facet normal 0 0 1
    outer loop
      vertex 5.5853 24.9873 8.4
      vertex 7.1097 25.6187 8.4
      vertex 7.04218 25.7677 8.4
    endloop
  endfacet
  facet normal -0 0 1
    outer loop
      vertex 5.63367 24.4962 8.4
      vertex 7.25196 24.1743 8.4
      vertex 5.64273 24.5511 8.4
    endloop
  endfacet
  facet normal 0 0 1
    outer loop
      vertex 5.56234 25.0379 8.4
      vertex 7.04218 25.7677 8.4
      vertex 6.96506 25.912 8.4
    endloop
  endfacet
  facet normal 0 0 1
    outer loop
      vertex 7.25196 24.1743 8.4
      vertex 5.63367 24.4962 8.4
      vertex 7.21481 24.015 8.4
    endloop
  endfacet
  facet normal 0 0 1
    outer loop
      vertex 5.53612 25.087 8.4
      vertex 6.96506 25.912 8.4
      vertex 6.87867 26.0509 8.4
    endloop
  endfacet
  facet normal -0 0 1
    outer loop
      vertex 5.62104 24.442 8.4
      vertex 7.21481 24.015 8.4
      vertex 5.63367 24.4962 8.4
    endloop
  endfacet
  facet normal 0 0 1
    outer loop
      vertex 5.50675 25.1342 8.4
      vertex 6.87867 26.0509 8.4
      vertex 6.78338 26.1839 8.4
    endloop
  endfacet
  facet normal 0 0 1
    outer loop
      vertex 7.21481 24.015 8.4
      vertex 5.62104 24.442 8.4
      vertex 7.16733 23.8584 8.4
    endloop
  endfacet
  facet normal 0 0 1
    outer loop
      vertex 5.47435 25.1794 8.4
      vertex 6.78338 26.1839 8.4
      vertex 6.6796 26.3104 8.4
    endloop
  endfacet
  facet normal -0 0 1
    outer loop
      vertex 5.60489 24.3888 8.4
      vertex 7.16733 23.8584 8.4
      vertex 5.62104 24.442 8.4
    endloop
  endfacet
  facet normal 0 0 1
    outer loop
      vertex 5.43906 25.2224 8.4
      vertex 6.6796 26.3104 8.4
      vertex 6.56777 26.4298 8.4
    endloop
  endfacet
  facet normal 0 0 1
    outer loop
      vertex 7.16733 23.8584 8.4
      vertex 5.60489 24.3888 8.4
      vertex 7.1097 23.7053 8.4
    endloop
  endfacet
  facet normal 0 0 1
    outer loop
      vertex 5.40104 25.263 8.4
      vertex 6.56777 26.4298 8.4
      vertex 6.44836 26.5416 8.4
    endloop
  endfacet
  facet normal -0 0 1
    outer loop
      vertex 5.5853 24.3367 8.4
      vertex 7.1097 23.7053 8.4
      vertex 5.60489 24.3888 8.4
    endloop
  endfacet
  facet normal 0 0 1
    outer loop
      vertex 5.36044 25.3011 8.4
      vertex 6.44836 26.5416 8.4
      vertex 6.3219 26.6454 8.4
    endloop
  endfacet
  facet normal 0 0 1
    outer loop
      vertex 7.1097 23.7053 8.4
      vertex 5.5853 24.3367 8.4
      vertex 7.04218 23.5563 8.4
    endloop
  endfacet
  facet normal 0 0 1
    outer loop
      vertex 5.31745 25.3363 8.4
      vertex 6.3219 26.6454 8.4
      vertex 6.18893 26.7407 8.4
    endloop
  endfacet
  facet normal -0 0 1
    outer loop
      vertex 5.56234 24.2861 8.4
      vertex 7.04218 23.5563 8.4
      vertex 5.5853 24.3367 8.4
    endloop
  endfacet
  facet normal 0 0 1
    outer loop
      vertex 5.27223 25.3687 8.4
      vertex 6.18893 26.7407 8.4
      vertex 6.05 26.8271 8.4
    endloop
  endfacet
  facet normal 0 0 1
    outer loop
      vertex 7.04218 23.5563 8.4
      vertex 5.56234 24.2861 8.4
      vertex 6.96506 23.412 8.4
    endloop
  endfacet
  facet normal 0 0 1
    outer loop
      vertex 5.225 25.3981 8.4
      vertex 6.05 26.8271 8.4
      vertex 5.90572 26.9042 8.4
    endloop
  endfacet
  facet normal -0 0 1
    outer loop
      vertex 5.53612 24.237 8.4
      vertex 6.96506 23.412 8.4
      vertex 5.56234 24.2861 8.4
    endloop
  endfacet
  facet normal 0 0 1
    outer loop
      vertex 5.17595 25.4243 8.4
      vertex 5.90572 26.9042 8.4
      vertex 5.75671 26.9717 8.4
    endloop
  endfacet
  facet normal 0 0 1
    outer loop
      vertex 6.96506 23.412 8.4
      vertex 5.53612 24.237 8.4
      vertex 6.87867 23.2731 8.4
    endloop
  endfacet
  facet normal -0 0 1
    outer loop
      vertex 5.50675 24.1898 8.4
      vertex 6.87867 23.2731 8.4
      vertex 5.53612 24.237 8.4
    endloop
  endfacet
  facet normal 0 0 1
    outer loop
      vertex 7.29465 24.8255 8.4
      vertex 5.64818 24.7176 8.4
      vertex 5.65 24.662 8.4
    endloop
  endfacet
  facet normal 0 0 1
    outer loop
      vertex 7.27861 24.9883 8.4
      vertex 5.64273 24.7729 8.4
      vertex 5.64818 24.7176 8.4
    endloop
  endfacet
  facet normal 0 0 1
    outer loop
      vertex 7.25196 25.1497 8.4
      vertex 5.63367 24.8278 8.4
      vertex 5.64273 24.7729 8.4
    endloop
  endfacet
  facet normal 0 0 1
    outer loop
      vertex 7.21481 25.309 8.4
      vertex 5.62104 24.882 8.4
      vertex 5.63367 24.8278 8.4
    endloop
  endfacet
  facet normal 0 0 1
    outer loop
      vertex 7.16733 25.4656 8.4
      vertex 5.60489 24.9352 8.4
      vertex 5.62104 24.882 8.4
    endloop
  endfacet
  facet normal 0 0 1
    outer loop
      vertex 5.12528 25.4473 8.4
      vertex 5.75671 26.9717 8.4
      vertex 5.6036 27.0293 8.4
    endloop
  endfacet
  facet normal 0 0 1
    outer loop
      vertex 7.1097 25.6187 8.4
      vertex 5.5853 24.9873 8.4
      vertex 5.60489 24.9352 8.4
    endloop
  endfacet
  facet normal 0 0 1
    outer loop
      vertex 7.04218 25.7677 8.4
      vertex 5.56234 25.0379 8.4
      vertex 5.5853 24.9873 8.4
    endloop
  endfacet
  facet normal 0 0 1
    outer loop
      vertex 6.96506 25.912 8.4
      vertex 5.53612 25.087 8.4
      vertex 5.56234 25.0379 8.4
    endloop
  endfacet
  facet normal 0 0 1
    outer loop
      vertex 6.87867 26.0509 8.4
      vertex 5.50675 25.1342 8.4
      vertex 5.53612 25.087 8.4
    endloop
  endfacet
  facet normal 0 0 1
    outer loop
      vertex 5.07322 25.4669 8.4
      vertex 5.6036 27.0293 8.4
      vertex 5.49588 27.062 8.4
    endloop
  endfacet
  facet normal 0 0 1
    outer loop
      vertex 6.78338 26.1839 8.4
      vertex 5.47435 25.1794 8.4
      vertex 5.50675 25.1342 8.4
    endloop
  endfacet
  facet normal 0 0 1
    outer loop
      vertex 6.87867 23.2731 8.4
      vertex 5.50675 24.1898 8.4
      vertex 6.78338 23.1401 8.4
    endloop
  endfacet
  facet normal -0 0 1
    outer loop
      vertex 5.47435 24.1446 8.4
      vertex 6.78338 23.1401 8.4
      vertex 5.50675 24.1898 8.4
    endloop
  endfacet
  facet normal 0 0 1
    outer loop
      vertex 6.78338 23.1401 8.4
      vertex 5.47435 24.1446 8.4
      vertex 6.6796 23.0136 8.4
    endloop
  endfacet
  facet normal -0 0 1
    outer loop
      vertex 5.43906 24.1016 8.4
      vertex 6.6796 23.0136 8.4
      vertex 5.47435 24.1446 8.4
    endloop
  endfacet
  facet normal 0 0 1
    outer loop
      vertex 6.6796 23.0136 8.4
      vertex 5.43906 24.1016 8.4
      vertex 6.56777 22.8942 8.4
    endloop
  endfacet
  facet normal -0 0 1
    outer loop
      vertex 5.40104 24.061 8.4
      vertex 6.56777 22.8942 8.4
      vertex 5.43906 24.1016 8.4
    endloop
  endfacet
  facet normal 0 0 1
    outer loop
      vertex 6.56777 22.8942 8.4
      vertex 5.40104 24.061 8.4
      vertex 6.44836 22.7824 8.4
    endloop
  endfacet
  facet normal -0 0 1
    outer loop
      vertex 5.36044 24.0229 8.4
      vertex 6.44836 22.7824 8.4
      vertex 5.40104 24.061 8.4
    endloop
  endfacet
  facet normal 0 0 1
    outer loop
      vertex 6.44836 22.7824 8.4
      vertex 5.36044 24.0229 8.4
      vertex 6.3219 22.6786 8.4
    endloop
  endfacet
  facet normal -0 0 1
    outer loop
      vertex 5.31745 23.9876 8.4
      vertex 6.3219 22.6786 8.4
      vertex 5.36044 24.0229 8.4
    endloop
  endfacet
  facet normal 0 0 1
    outer loop
      vertex 6.3219 22.6786 8.4
      vertex 5.31745 23.9876 8.4
      vertex 6.18893 22.5833 8.4
    endloop
  endfacet
  facet normal -0 0 1
    outer loop
      vertex 5.27223 23.9553 8.4
      vertex 6.18893 22.5833 8.4
      vertex 5.31745 23.9876 8.4
    endloop
  endfacet
  facet normal 0 0 1
    outer loop
      vertex 6.18893 22.5833 8.4
      vertex 5.27223 23.9553 8.4
      vertex 6.05 22.4969 8.4
    endloop
  endfacet
  facet normal -0 0 1
    outer loop
      vertex 5.225 23.9259 8.4
      vertex 6.05 22.4969 8.4
      vertex 5.27223 23.9553 8.4
    endloop
  endfacet
  facet normal 0 0 1
    outer loop
      vertex 6.05 22.4969 8.4
      vertex 5.225 23.9259 8.4
      vertex 5.90572 22.4198 8.4
    endloop
  endfacet
  facet normal -0 0 1
    outer loop
      vertex 5.17595 23.8997 8.4
      vertex 5.90572 22.4198 8.4
      vertex 5.225 23.9259 8.4
    endloop
  endfacet
  facet normal 0 0 1
    outer loop
      vertex 5.90572 22.4198 8.4
      vertex 5.17595 23.8997 8.4
      vertex 5.75671 22.3523 8.4
    endloop
  endfacet
  facet normal -0 0 1
    outer loop
      vertex 5.12528 23.8767 8.4
      vertex 5.75671 22.3523 8.4
      vertex 5.17595 23.8997 8.4
    endloop
  endfacet
  facet normal 0 0 1
    outer loop
      vertex 5.75671 22.3523 8.4
      vertex 5.12528 23.8767 8.4
      vertex 5.6036 22.2947 8.4
    endloop
  endfacet
  facet normal -0 0 1
    outer loop
      vertex 5.07322 23.8571 8.4
      vertex 5.6036 22.2947 8.4
      vertex 5.12528 23.8767 8.4
    endloop
  endfacet
  facet normal 0 0 1
    outer loop
      vertex 5.6036 22.2947 8.4
      vertex 5.07322 23.8571 8.4
      vertex 5.44705 22.2472 8.4
    endloop
  endfacet
  facet normal -0 0 1
    outer loop
      vertex 5.02 23.841 8.4
      vertex 5.44705 22.2472 8.4
      vertex 5.07322 23.8571 8.4
    endloop
  endfacet
  facet normal 0 0 1
    outer loop
      vertex 5.44705 22.2472 8.4
      vertex 5.02 23.841 8.4
      vertex 5.28773 22.21 8.4
    endloop
  endfacet
  facet normal -0 0 1
    outer loop
      vertex 4.96583 23.8283 8.4
      vertex 5.28773 22.21 8.4
      vertex 5.02 23.841 8.4
    endloop
  endfacet
  facet normal 0 0 1
    outer loop
      vertex 5.28773 22.21 8.4
      vertex 4.96583 23.8283 8.4
      vertex 5.12632 22.1834 8.4
    endloop
  endfacet
  facet normal -0 0 1
    outer loop
      vertex 4.91095 23.8193 8.4
      vertex 5.12632 22.1834 8.4
      vertex 4.96583 23.8283 8.4
    endloop
  endfacet
  facet normal 0 0 1
    outer loop
      vertex 5.12632 22.1834 8.4
      vertex 4.91095 23.8193 8.4
      vertex 4.96351 22.1674 8.4
    endloop
  endfacet
  facet normal -0 0 1
    outer loop
      vertex 4.85559 23.8138 8.4
      vertex 4.96351 22.1674 8.4
      vertex 4.91095 23.8193 8.4
    endloop
  endfacet
  facet normal -0 0 1
    outer loop
      vertex 4.8 23.812 8.4
      vertex 4.96351 22.1674 8.4
      vertex 4.85559 23.8138 8.4
    endloop
  endfacet
  facet normal 0 0 1
    outer loop
      vertex 4.8 23.812 8.4
      vertex 4.8 22.162 8.4
      vertex 4.96351 22.1674 8.4
    endloop
  endfacet
  facet normal 0 0 1
    outer loop
      vertex 4.74441 23.8138 8.4
      vertex 4.8 22.162 8.4
      vertex 4.8 23.812 8.4
    endloop
  endfacet
  facet normal 0 0 1
    outer loop
      vertex 4.63649 22.1674 8.4
      vertex 4.74441 23.8138 8.4
      vertex 4.68905 23.8193 8.4
    endloop
  endfacet
  facet normal 0 0 1
    outer loop
      vertex 4.74441 23.8138 8.4
      vertex 4.63649 22.1674 8.4
      vertex 4.8 22.162 8.4
    endloop
  endfacet
  facet normal 0 0 1
    outer loop
      vertex 4.47369 22.1834 8.4
      vertex 4.68905 23.8193 8.4
      vertex 4.63417 23.8283 8.4
    endloop
  endfacet
  facet normal 0 0 1
    outer loop
      vertex 4.31227 22.21 8.4
      vertex 4.63417 23.8283 8.4
      vertex 4.58 23.841 8.4
    endloop
  endfacet
  facet normal 0 0 1
    outer loop
      vertex 4.15295 22.2472 8.4
      vertex 4.58 23.841 8.4
      vertex 4.52678 23.8571 8.4
    endloop
  endfacet
  facet normal 0 0 1
    outer loop
      vertex 3.9964 22.2947 8.4
      vertex 4.52678 23.8571 8.4
      vertex 4.47472 23.8767 8.4
    endloop
  endfacet
  facet normal 0 0 1
    outer loop
      vertex 4.68905 23.8193 8.4
      vertex 4.47369 22.1834 8.4
      vertex 4.63649 22.1674 8.4
    endloop
  endfacet
  facet normal 0 0 1
    outer loop
      vertex 3.84329 22.3523 8.4
      vertex 4.47472 23.8767 8.4
      vertex 4.42406 23.8997 8.4
    endloop
  endfacet
  facet normal 0 0 1
    outer loop
      vertex 3.69428 22.4198 8.4
      vertex 4.42406 23.8997 8.4
      vertex 4.375 23.9259 8.4
    endloop
  endfacet
  facet normal 0 0 1
    outer loop
      vertex 3.55 22.4969 8.4
      vertex 4.375 23.9259 8.4
      vertex 4.32777 23.9553 8.4
    endloop
  endfacet
  facet normal 0 0 1
    outer loop
      vertex 4.63417 23.8283 8.4
      vertex 4.31227 22.21 8.4
      vertex 4.47369 22.1834 8.4
    endloop
  endfacet
  facet normal 0 0 1
    outer loop
      vertex 3.41107 22.5833 8.4
      vertex 4.32777 23.9553 8.4
      vertex 4.28255 23.9876 8.4
    endloop
  endfacet
  facet normal 0 0 1
    outer loop
      vertex 3.2781 22.6786 8.4
      vertex 4.28255 23.9876 8.4
      vertex 4.23956 24.0229 8.4
    endloop
  endfacet
  facet normal 0 0 1
    outer loop
      vertex 3.15164 22.7824 8.4
      vertex 4.23956 24.0229 8.4
      vertex 4.19896 24.061 8.4
    endloop
  endfacet
  facet normal 0 0 1
    outer loop
      vertex 3.03223 22.8942 8.4
      vertex 4.19896 24.061 8.4
      vertex 4.16094 24.1016 8.4
    endloop
  endfacet
  facet normal 0 0 1
    outer loop
      vertex 4.58 23.841 8.4
      vertex 4.15295 22.2472 8.4
      vertex 4.31227 22.21 8.4
    endloop
  endfacet
  facet normal 0 0 1
    outer loop
      vertex 2.9204 23.0136 8.4
      vertex 4.16094 24.1016 8.4
      vertex 4.12565 24.1446 8.4
    endloop
  endfacet
  facet normal 0 0 1
    outer loop
      vertex 2.81662 23.1401 8.4
      vertex 4.12565 24.1446 8.4
      vertex 4.09325 24.1898 8.4
    endloop
  endfacet
  facet normal 0 0 1
    outer loop
      vertex 2.72133 23.2731 8.4
      vertex 4.09325 24.1898 8.4
      vertex 4.06388 24.237 8.4
    endloop
  endfacet
  facet normal 0 0 1
    outer loop
      vertex 2.63494 23.412 8.4
      vertex 4.06388 24.237 8.4
      vertex 4.03766 24.2861 8.4
    endloop
  endfacet
  facet normal 0 0 1
    outer loop
      vertex 2.55782 23.5563 8.4
      vertex 4.03766 24.2861 8.4
      vertex 4.0147 24.3367 8.4
    endloop
  endfacet
  facet normal 0 0 1
    outer loop
      vertex 4.52678 23.8571 8.4
      vertex 3.9964 22.2947 8.4
      vertex 4.15295 22.2472 8.4
    endloop
  endfacet
  facet normal 0 0 1
    outer loop
      vertex 2.4903 23.7053 8.4
      vertex 4.0147 24.3367 8.4
      vertex 3.99511 24.3888 8.4
    endloop
  endfacet
  facet normal 0 0 1
    outer loop
      vertex 2.4 23.9661 8.4
      vertex 3.99511 24.3888 8.4
      vertex 3.97896 24.442 8.4
    endloop
  endfacet
  facet normal 0 0 1
    outer loop
      vertex 2.4 23.9661 8.4
      vertex 3.97896 24.442 8.4
      vertex 3.96633 24.4962 8.4
    endloop
  endfacet
  facet normal 0 0 1
    outer loop
      vertex 2.4 23.9661 8.4
      vertex 3.96633 24.4962 8.4
      vertex 3.95727 24.5511 8.4
    endloop
  endfacet
  facet normal 0 0 1
    outer loop
      vertex 2.4 23.9661 8.4
      vertex 3.95727 24.5511 8.4
      vertex 3.95182 24.6064 8.4
    endloop
  endfacet
  facet normal 0 0 1
    outer loop
      vertex 2.4 23.9661 8.4
      vertex 3.95182 24.6064 8.4
      vertex 3.95 24.662 8.4
    endloop
  endfacet
  facet normal 0 0 1
    outer loop
      vertex 4.09325 25.1342 8.4
      vertex 2.72133 26.0509 8.4
      vertex 4.06388 25.087 8.4
    endloop
  endfacet
  facet normal 0 0 1
    outer loop
      vertex 4.47472 23.8767 8.4
      vertex 3.84329 22.3523 8.4
      vertex 3.9964 22.2947 8.4
    endloop
  endfacet
  facet normal -0 0 1
    outer loop
      vertex 2.63494 25.912 8.4
      vertex 4.06388 25.087 8.4
      vertex 2.72133 26.0509 8.4
    endloop
  endfacet
  facet normal 0 0 1
    outer loop
      vertex 4.42406 23.8997 8.4
      vertex 3.69428 22.4198 8.4
      vertex 3.84329 22.3523 8.4
    endloop
  endfacet
  facet normal 0 0 1
    outer loop
      vertex 4.06388 25.087 8.4
      vertex 2.63494 25.912 8.4
      vertex 4.03766 25.0379 8.4
    endloop
  endfacet
  facet normal 0 0 1
    outer loop
      vertex 4.375 23.9259 8.4
      vertex 3.55 22.4969 8.4
      vertex 3.69428 22.4198 8.4
    endloop
  endfacet
  facet normal -0 0 1
    outer loop
      vertex 2.55782 25.7677 8.4
      vertex 4.03766 25.0379 8.4
      vertex 2.63494 25.912 8.4
    endloop
  endfacet
  facet normal 0 0 1
    outer loop
      vertex 4.32777 23.9553 8.4
      vertex 3.41107 22.5833 8.4
      vertex 3.55 22.4969 8.4
    endloop
  endfacet
  facet normal 0 0 1
    outer loop
      vertex 4.03766 25.0379 8.4
      vertex 2.55782 25.7677 8.4
      vertex 4.0147 24.9873 8.4
    endloop
  endfacet
  facet normal 0 0 1
    outer loop
      vertex 4.28255 23.9876 8.4
      vertex 3.2781 22.6786 8.4
      vertex 3.41107 22.5833 8.4
    endloop
  endfacet
  facet normal -0 0 1
    outer loop
      vertex 2.4903 25.6187 8.4
      vertex 4.0147 24.9873 8.4
      vertex 2.55782 25.7677 8.4
    endloop
  endfacet
  facet normal 0 0 1
    outer loop
      vertex 4.23956 24.0229 8.4
      vertex 3.15164 22.7824 8.4
      vertex 3.2781 22.6786 8.4
    endloop
  endfacet
  facet normal 0 0 1
    outer loop
      vertex 4.0147 24.9873 8.4
      vertex 2.4903 25.6187 8.4
      vertex 3.99511 24.9352 8.4
    endloop
  endfacet
  facet normal 0 0 1
    outer loop
      vertex 4.19896 24.061 8.4
      vertex 3.03223 22.8942 8.4
      vertex 3.15164 22.7824 8.4
    endloop
  endfacet
  facet normal -0 0 1
    outer loop
      vertex 2.43268 25.4656 8.4
      vertex 3.99511 24.9352 8.4
      vertex 2.4903 25.6187 8.4
    endloop
  endfacet
  facet normal 0 0 1
    outer loop
      vertex 4.16094 24.1016 8.4
      vertex 2.9204 23.0136 8.4
      vertex 3.03223 22.8942 8.4
    endloop
  endfacet
  facet normal -0 0 1
    outer loop
      vertex 2.4 25.3579 8.4
      vertex 3.99511 24.9352 8.4
      vertex 2.43268 25.4656 8.4
    endloop
  endfacet
  facet normal 0 0 1
    outer loop
      vertex 4.12565 24.1446 8.4
      vertex 2.81662 23.1401 8.4
      vertex 2.9204 23.0136 8.4
    endloop
  endfacet
  facet normal 0 0 1
    outer loop
      vertex 3.99511 24.9352 8.4
      vertex 2.4 25.3579 8.4
      vertex 3.97896 24.882 8.4
    endloop
  endfacet
  facet normal 0 0 1
    outer loop
      vertex 4.09325 24.1898 8.4
      vertex 2.72133 23.2731 8.4
      vertex 2.81662 23.1401 8.4
    endloop
  endfacet
  facet normal 0 0 1
    outer loop
      vertex 3.97896 24.882 8.4
      vertex 2.4 25.3579 8.4
      vertex 3.96633 24.8278 8.4
    endloop
  endfacet
  facet normal 0 0 1
    outer loop
      vertex 4.06388 24.237 8.4
      vertex 2.63494 23.412 8.4
      vertex 2.72133 23.2731 8.4
    endloop
  endfacet
  facet normal 0 0 1
    outer loop
      vertex 3.96633 24.8278 8.4
      vertex 2.4 25.3579 8.4
      vertex 3.95727 24.7729 8.4
    endloop
  endfacet
  facet normal 0 0 1
    outer loop
      vertex 4.03766 24.2861 8.4
      vertex 2.55782 23.5563 8.4
      vertex 2.63494 23.412 8.4
    endloop
  endfacet
  facet normal 0 0 1
    outer loop
      vertex 3.95727 24.7729 8.4
      vertex 2.4 25.3579 8.4
      vertex 3.95182 24.7176 8.4
    endloop
  endfacet
  facet normal 0 0 1
    outer loop
      vertex 4.0147 24.3367 8.4
      vertex 2.4903 23.7053 8.4
      vertex 2.55782 23.5563 8.4
    endloop
  endfacet
  facet normal 0 0 1
    outer loop
      vertex 3.95182 24.7176 8.4
      vertex 2.4 25.3579 8.4
      vertex 3.95 24.662 8.4
    endloop
  endfacet
  facet normal 0 0 1
    outer loop
      vertex 2.4 23.9661 8.4
      vertex 3.95 24.662 8.4
      vertex 2.4 25.3579 8.4
    endloop
  endfacet
  facet normal 0 0 1
    outer loop
      vertex 3.99511 24.3888 8.4
      vertex 2.4 23.9661 8.4
      vertex 2.43268 23.8584 8.4
    endloop
  endfacet
  facet normal 0 0 1
    outer loop
      vertex 3.99511 24.3888 8.4
      vertex 2.43268 23.8584 8.4
      vertex 2.4903 23.7053 8.4
    endloop
  endfacet
  facet normal 0 0 1
    outer loop
      vertex 4.32777 25.3687 8.4
      vertex 3.41107 26.7407 8.4
      vertex 4.28255 25.3363 8.4
    endloop
  endfacet
  facet normal -0 0 1
    outer loop
      vertex 3.2781 26.6454 8.4
      vertex 4.28255 25.3363 8.4
      vertex 3.41107 26.7407 8.4
    endloop
  endfacet
  facet normal 0 0 1
    outer loop
      vertex 4.28255 25.3363 8.4
      vertex 3.2781 26.6454 8.4
      vertex 4.23956 25.3011 8.4
    endloop
  endfacet
  facet normal -0 0 1
    outer loop
      vertex 3.15164 26.5416 8.4
      vertex 4.23956 25.3011 8.4
      vertex 3.2781 26.6454 8.4
    endloop
  endfacet
  facet normal 0 0 1
    outer loop
      vertex 4.23956 25.3011 8.4
      vertex 3.15164 26.5416 8.4
      vertex 4.19896 25.263 8.4
    endloop
  endfacet
  facet normal -0 0 1
    outer loop
      vertex 3.03223 26.4298 8.4
      vertex 4.19896 25.263 8.4
      vertex 3.15164 26.5416 8.4
    endloop
  endfacet
  facet normal 0 0 1
    outer loop
      vertex 4.19896 25.263 8.4
      vertex 3.03223 26.4298 8.4
      vertex 4.16094 25.2224 8.4
    endloop
  endfacet
  facet normal -0 0 1
    outer loop
      vertex 2.9204 26.3104 8.4
      vertex 4.16094 25.2224 8.4
      vertex 3.03223 26.4298 8.4
    endloop
  endfacet
  facet normal 0 0 1
    outer loop
      vertex 4.16094 25.2224 8.4
      vertex 2.9204 26.3104 8.4
      vertex 4.12565 25.1794 8.4
    endloop
  endfacet
  facet normal -0 0 1
    outer loop
      vertex 2.81662 26.1839 8.4
      vertex 4.12565 25.1794 8.4
      vertex 2.9204 26.3104 8.4
    endloop
  endfacet
  facet normal 0 0 1
    outer loop
      vertex 4.12565 25.1794 8.4
      vertex 2.81662 26.1839 8.4
      vertex 4.09325 25.1342 8.4
    endloop
  endfacet
  facet normal -0 0 1
    outer loop
      vertex 2.72133 26.0509 8.4
      vertex 4.09325 25.1342 8.4
      vertex 2.81662 26.1839 8.4
    endloop
  endfacet
  facet normal 0 0 1
    outer loop
      vertex 26.6049 12.4352 8.4
      vertex 28.2 12.8579 8.4
      vertex 28.1673 12.9656 8.4
    endloop
  endfacet
  facet normal 0 0 1
    outer loop
      vertex 28.2 12.8579 8.4
      vertex 26.65 12.162 8.4
      vertex 28.2 11.4661 8.4
    endloop
  endfacet
  facet normal 0 0 1
    outer loop
      vertex 26.6049 12.4352 8.4
      vertex 28.1673 12.9656 8.4
      vertex 28.1097 13.1187 8.4
    endloop
  endfacet
  facet normal -0 0 1
    outer loop
      vertex 26.6482 12.1064 8.4
      vertex 28.2 11.4661 8.4
      vertex 26.65 12.162 8.4
    endloop
  endfacet
  facet normal 0 0 1
    outer loop
      vertex 26.5853 12.4873 8.4
      vertex 28.1097 13.1187 8.4
      vertex 28.0422 13.2677 8.4
    endloop
  endfacet
  facet normal -0 0 1
    outer loop
      vertex 26.6427 12.0511 8.4
      vertex 28.2 11.4661 8.4
      vertex 26.6482 12.1064 8.4
    endloop
  endfacet
  facet normal 0 0 1
    outer loop
      vertex 26.5623 12.5379 8.4
      vertex 28.0422 13.2677 8.4
      vertex 27.9651 13.412 8.4
    endloop
  endfacet
  facet normal -0 0 1
    outer loop
      vertex 26.6337 11.9962 8.4
      vertex 28.2 11.4661 8.4
      vertex 26.6427 12.0511 8.4
    endloop
  endfacet
  facet normal 0 0 1
    outer loop
      vertex 26.5361 12.587 8.4
      vertex 27.9651 13.412 8.4
      vertex 27.8787 13.5509 8.4
    endloop
  endfacet
  facet normal -0 0 1
    outer loop
      vertex 26.621 11.942 8.4
      vertex 28.2 11.4661 8.4
      vertex 26.6337 11.9962 8.4
    endloop
  endfacet
  facet normal 0 0 1
    outer loop
      vertex 26.5067 12.6342 8.4
      vertex 27.8787 13.5509 8.4
      vertex 27.7834 13.6839 8.4
    endloop
  endfacet
  facet normal -0 0 1
    outer loop
      vertex 26.6049 11.8888 8.4
      vertex 28.2 11.4661 8.4
      vertex 26.621 11.942 8.4
    endloop
  endfacet
  facet normal 0 0 1
    outer loop
      vertex 26.4743 12.6794 8.4
      vertex 27.7834 13.6839 8.4
      vertex 27.6796 13.8104 8.4
    endloop
  endfacet
  facet normal 0 0 1
    outer loop
      vertex 28.2 11.4661 8.4
      vertex 26.6049 11.8888 8.4
      vertex 28.1673 11.3584 8.4
    endloop
  endfacet
  facet normal 0 0 1
    outer loop
      vertex 26.4391 12.7224 8.4
      vertex 27.6796 13.8104 8.4
      vertex 27.5678 13.9298 8.4
    endloop
  endfacet
  facet normal 0 0 1
    outer loop
      vertex 28.1673 11.3584 8.4
      vertex 26.6049 11.8888 8.4
      vertex 28.1097 11.2053 8.4
    endloop
  endfacet
  facet normal 0 0 1
    outer loop
      vertex 26.401 12.763 8.4
      vertex 27.5678 13.9298 8.4
      vertex 27.4484 14.0416 8.4
    endloop
  endfacet
  facet normal -0 0 1
    outer loop
      vertex 26.5853 11.8367 8.4
      vertex 28.1097 11.2053 8.4
      vertex 26.6049 11.8888 8.4
    endloop
  endfacet
  facet normal 0 0 1
    outer loop
      vertex 26.3604 12.8011 8.4
      vertex 27.4484 14.0416 8.4
      vertex 27.3219 14.1454 8.4
    endloop
  endfacet
  facet normal 0 0 1
    outer loop
      vertex 28.1097 11.2053 8.4
      vertex 26.5853 11.8367 8.4
      vertex 28.0422 11.0563 8.4
    endloop
  endfacet
  facet normal 0 0 1
    outer loop
      vertex 26.3174 12.8363 8.4
      vertex 27.3219 14.1454 8.4
      vertex 27.1889 14.2407 8.4
    endloop
  endfacet
  facet normal -0 0 1
    outer loop
      vertex 26.5623 11.7861 8.4
      vertex 28.0422 11.0563 8.4
      vertex 26.5853 11.8367 8.4
    endloop
  endfacet
  facet normal 0 0 1
    outer loop
      vertex 26.2722 12.8687 8.4
      vertex 27.1889 14.2407 8.4
      vertex 27.05 14.3271 8.4
    endloop
  endfacet
  facet normal 0 0 1
    outer loop
      vertex 28.0422 11.0563 8.4
      vertex 26.5623 11.7861 8.4
      vertex 27.9651 10.912 8.4
    endloop
  endfacet
  facet normal 0 0 1
    outer loop
      vertex 26.225 12.8981 8.4
      vertex 27.05 14.3271 8.4
      vertex 26.9057 14.4042 8.4
    endloop
  endfacet
  facet normal -0 0 1
    outer loop
      vertex 26.5361 11.737 8.4
      vertex 27.9651 10.912 8.4
      vertex 26.5623 11.7861 8.4
    endloop
  endfacet
  facet normal 0 0 1
    outer loop
      vertex 26.1759 12.9243 8.4
      vertex 26.9057 14.4042 8.4
      vertex 26.7567 14.4717 8.4
    endloop
  endfacet
  facet normal 0 0 1
    outer loop
      vertex 27.9651 10.912 8.4
      vertex 26.5361 11.737 8.4
      vertex 27.8787 10.7731 8.4
    endloop
  endfacet
  facet normal -0 0 1
    outer loop
      vertex 26.5067 11.6898 8.4
      vertex 27.8787 10.7731 8.4
      vertex 26.5361 11.737 8.4
    endloop
  endfacet
  facet normal 0 0 1
    outer loop
      vertex 28.2 12.8579 8.4
      vertex 26.6482 12.2176 8.4
      vertex 26.65 12.162 8.4
    endloop
  endfacet
  facet normal 0 0 1
    outer loop
      vertex 28.2 12.8579 8.4
      vertex 26.6427 12.2729 8.4
      vertex 26.6482 12.2176 8.4
    endloop
  endfacet
  facet normal 0 0 1
    outer loop
      vertex 28.2 12.8579 8.4
      vertex 26.6337 12.3278 8.4
      vertex 26.6427 12.2729 8.4
    endloop
  endfacet
  facet normal 0 0 1
    outer loop
      vertex 28.2 12.8579 8.4
      vertex 26.621 12.382 8.4
      vertex 26.6337 12.3278 8.4
    endloop
  endfacet
  facet normal 0 0 1
    outer loop
      vertex 28.2 12.8579 8.4
      vertex 26.6049 12.4352 8.4
      vertex 26.621 12.382 8.4
    endloop
  endfacet
  facet normal 0 0 1
    outer loop
      vertex 26.1253 12.9473 8.4
      vertex 26.7567 14.4717 8.4
      vertex 26.6036 14.5293 8.4
    endloop
  endfacet
  facet normal 0 0 1
    outer loop
      vertex 28.1097 13.1187 8.4
      vertex 26.5853 12.4873 8.4
      vertex 26.6049 12.4352 8.4
    endloop
  endfacet
  facet normal 0 0 1
    outer loop
      vertex 28.0422 13.2677 8.4
      vertex 26.5623 12.5379 8.4
      vertex 26.5853 12.4873 8.4
    endloop
  endfacet
  facet normal 0 0 1
    outer loop
      vertex 27.9651 13.412 8.4
      vertex 26.5361 12.587 8.4
      vertex 26.5623 12.5379 8.4
    endloop
  endfacet
  facet normal 0 0 1
    outer loop
      vertex 27.8787 13.5509 8.4
      vertex 26.5067 12.6342 8.4
      vertex 26.5361 12.587 8.4
    endloop
  endfacet
  facet normal 0 0 1
    outer loop
      vertex 27.7834 13.6839 8.4
      vertex 26.4743 12.6794 8.4
      vertex 26.5067 12.6342 8.4
    endloop
  endfacet
  facet normal 0 0 1
    outer loop
      vertex 26.0732 12.9669 8.4
      vertex 26.6036 14.5293 8.4
      vertex 26.447 14.5768 8.4
    endloop
  endfacet
  facet normal 0 0 1
    outer loop
      vertex 27.6796 13.8104 8.4
      vertex 26.4391 12.7224 8.4
      vertex 26.4743 12.6794 8.4
    endloop
  endfacet
  facet normal 0 0 1
    outer loop
      vertex 27.5678 13.9298 8.4
      vertex 26.401 12.763 8.4
      vertex 26.4391 12.7224 8.4
    endloop
  endfacet
  facet normal 0 0 1
    outer loop
      vertex 27.4484 14.0416 8.4
      vertex 26.3604 12.8011 8.4
      vertex 26.401 12.763 8.4
    endloop
  endfacet
  facet normal 0 0 1
    outer loop
      vertex 27.3219 14.1454 8.4
      vertex 26.3174 12.8363 8.4
      vertex 26.3604 12.8011 8.4
    endloop
  endfacet
  facet normal 0 0 1
    outer loop
      vertex 26.02 12.983 8.4
      vertex 26.447 14.5768 8.4
      vertex 26.2877 14.614 8.4
    endloop
  endfacet
  facet normal 0 0 1
    outer loop
      vertex 27.1889 14.2407 8.4
      vertex 26.2722 12.8687 8.4
      vertex 26.3174 12.8363 8.4
    endloop
  endfacet
  facet normal 0 0 1
    outer loop
      vertex 27.05 14.3271 8.4
      vertex 26.225 12.8981 8.4
      vertex 26.2722 12.8687 8.4
    endloop
  endfacet
  facet normal 0 0 1
    outer loop
      vertex 26.9057 14.4042 8.4
      vertex 26.1759 12.9243 8.4
      vertex 26.225 12.8981 8.4
    endloop
  endfacet
  facet normal 0 0 1
    outer loop
      vertex 25.9658 12.9957 8.4
      vertex 26.2877 14.614 8.4
      vertex 26.1263 14.6406 8.4
    endloop
  endfacet
  facet normal 0 0 1
    outer loop
      vertex 26.7567 14.4717 8.4
      vertex 26.1253 12.9473 8.4
      vertex 26.1759 12.9243 8.4
    endloop
  endfacet
  facet normal 0 0 1
    outer loop
      vertex 26.6036 14.5293 8.4
      vertex 26.0732 12.9669 8.4
      vertex 26.1253 12.9473 8.4
    endloop
  endfacet
  facet normal 0 0 1
    outer loop
      vertex 26.447 14.5768 8.4
      vertex 26.02 12.983 8.4
      vertex 26.0732 12.9669 8.4
    endloop
  endfacet
  facet normal 0 0 1
    outer loop
      vertex 26.2877 14.614 8.4
      vertex 25.9658 12.9957 8.4
      vertex 26.02 12.983 8.4
    endloop
  endfacet
  facet normal 0 0 1
    outer loop
      vertex 25.9109 13.0047 8.4
      vertex 26.1263 14.6406 8.4
      vertex 25.9635 14.6566 8.4
    endloop
  endfacet
  facet normal 0 0 1
    outer loop
      vertex 26.1263 14.6406 8.4
      vertex 25.9109 13.0047 8.4
      vertex 25.9658 12.9957 8.4
    endloop
  endfacet
  facet normal 0 0 1
    outer loop
      vertex 25.9635 14.6566 8.4
      vertex 25.8556 13.0102 8.4
      vertex 25.9109 13.0047 8.4
    endloop
  endfacet
  facet normal 0 0 1
    outer loop
      vertex 25.8 14.662 8.4
      vertex 25.8556 13.0102 8.4
      vertex 25.9635 14.6566 8.4
    endloop
  endfacet
  facet normal 0 0 1
    outer loop
      vertex 25.8 14.662 8.4
      vertex 25.8 13.012 8.4
      vertex 25.8556 13.0102 8.4
    endloop
  endfacet
  facet normal 0 0 1
    outer loop
      vertex 25.8 14.662 8.4
      vertex 25.7444 13.0102 8.4
      vertex 25.8 13.012 8.4
    endloop
  endfacet
  facet normal -0 0 1
    outer loop
      vertex 25.6365 14.6566 8.4
      vertex 25.7444 13.0102 8.4
      vertex 25.8 14.662 8.4
    endloop
  endfacet
  facet normal 0 0 1
    outer loop
      vertex 25.7444 13.0102 8.4
      vertex 25.6365 14.6566 8.4
      vertex 25.6891 13.0047 8.4
    endloop
  endfacet
  facet normal -0 0 1
    outer loop
      vertex 25.4737 14.6406 8.4
      vertex 25.6891 13.0047 8.4
      vertex 25.6365 14.6566 8.4
    endloop
  endfacet
  facet normal 0 0 1
    outer loop
      vertex 25.6891 13.0047 8.4
      vertex 25.4737 14.6406 8.4
      vertex 25.6342 12.9957 8.4
    endloop
  endfacet
  facet normal -0 0 1
    outer loop
      vertex 25.3123 14.614 8.4
      vertex 25.6342 12.9957 8.4
      vertex 25.4737 14.6406 8.4
    endloop
  endfacet
  facet normal 0 0 1
    outer loop
      vertex 25.6342 12.9957 8.4
      vertex 25.3123 14.614 8.4
      vertex 25.58 12.983 8.4
    endloop
  endfacet
  facet normal -0 0 1
    outer loop
      vertex 25.153 14.5768 8.4
      vertex 25.58 12.983 8.4
      vertex 25.3123 14.614 8.4
    endloop
  endfacet
  facet normal 0 0 1
    outer loop
      vertex 25.58 12.983 8.4
      vertex 25.153 14.5768 8.4
      vertex 25.5268 12.9669 8.4
    endloop
  endfacet
  facet normal -0 0 1
    outer loop
      vertex 24.9964 14.5293 8.4
      vertex 25.5268 12.9669 8.4
      vertex 25.153 14.5768 8.4
    endloop
  endfacet
  facet normal 0 0 1
    outer loop
      vertex 25.5268 12.9669 8.4
      vertex 24.9964 14.5293 8.4
      vertex 25.4747 12.9473 8.4
    endloop
  endfacet
  facet normal -0 0 1
    outer loop
      vertex 24.8433 14.4717 8.4
      vertex 25.4747 12.9473 8.4
      vertex 24.9964 14.5293 8.4
    endloop
  endfacet
  facet normal 0 0 1
    outer loop
      vertex 25.4747 12.9473 8.4
      vertex 24.8433 14.4717 8.4
      vertex 25.4241 12.9243 8.4
    endloop
  endfacet
  facet normal -0 0 1
    outer loop
      vertex 24.6943 14.4042 8.4
      vertex 25.4241 12.9243 8.4
      vertex 24.8433 14.4717 8.4
    endloop
  endfacet
  facet normal 0 0 1
    outer loop
      vertex 25.4241 12.9243 8.4
      vertex 24.6943 14.4042 8.4
      vertex 25.375 12.8981 8.4
    endloop
  endfacet
  facet normal -0 0 1
    outer loop
      vertex 24.55 14.3271 8.4
      vertex 25.375 12.8981 8.4
      vertex 24.6943 14.4042 8.4
    endloop
  endfacet
  facet normal 0 0 1
    outer loop
      vertex 25.375 12.8981 8.4
      vertex 24.55 14.3271 8.4
      vertex 25.3278 12.8687 8.4
    endloop
  endfacet
  facet normal -0 0 1
    outer loop
      vertex 24.4111 14.2407 8.4
      vertex 25.3278 12.8687 8.4
      vertex 24.55 14.3271 8.4
    endloop
  endfacet
  facet normal 0 0 1
    outer loop
      vertex 25.3278 12.8687 8.4
      vertex 24.4111 14.2407 8.4
      vertex 25.2826 12.8363 8.4
    endloop
  endfacet
  facet normal -0 0 1
    outer loop
      vertex 24.2781 14.1454 8.4
      vertex 25.2826 12.8363 8.4
      vertex 24.4111 14.2407 8.4
    endloop
  endfacet
  facet normal 0 0 1
    outer loop
      vertex 25.2826 12.8363 8.4
      vertex 24.2781 14.1454 8.4
      vertex 25.2396 12.8011 8.4
    endloop
  endfacet
  facet normal -0 0 1
    outer loop
      vertex 24.1516 14.0416 8.4
      vertex 25.2396 12.8011 8.4
      vertex 24.2781 14.1454 8.4
    endloop
  endfacet
  facet normal 0 0 1
    outer loop
      vertex 25.2396 12.8011 8.4
      vertex 24.1516 14.0416 8.4
      vertex 25.199 12.763 8.4
    endloop
  endfacet
  facet normal -0 0 1
    outer loop
      vertex 24.0322 13.9298 8.4
      vertex 25.199 12.763 8.4
      vertex 24.1516 14.0416 8.4
    endloop
  endfacet
  facet normal 0 0 1
    outer loop
      vertex 25.199 12.763 8.4
      vertex 24.0322 13.9298 8.4
      vertex 25.1609 12.7224 8.4
    endloop
  endfacet
  facet normal -0 0 1
    outer loop
      vertex 23.9204 13.8104 8.4
      vertex 25.1609 12.7224 8.4
      vertex 24.0322 13.9298 8.4
    endloop
  endfacet
  facet normal 0 0 1
    outer loop
      vertex 25.1609 12.7224 8.4
      vertex 23.9204 13.8104 8.4
      vertex 25.1257 12.6794 8.4
    endloop
  endfacet
  facet normal -0 0 1
    outer loop
      vertex 23.8166 13.6839 8.4
      vertex 25.1257 12.6794 8.4
      vertex 23.9204 13.8104 8.4
    endloop
  endfacet
  facet normal 0 0 1
    outer loop
      vertex 25.1257 12.6794 8.4
      vertex 23.8166 13.6839 8.4
      vertex 25.0933 12.6342 8.4
    endloop
  endfacet
  facet normal -0 0 1
    outer loop
      vertex 23.7213 13.5509 8.4
      vertex 25.0933 12.6342 8.4
      vertex 23.8166 13.6839 8.4
    endloop
  endfacet
  facet normal 0 0 1
    outer loop
      vertex 26.6049 24.9352 8.4
      vertex 28.2 25.3579 8.4
      vertex 28.1673 25.4656 8.4
    endloop
  endfacet
  facet normal 0 0 1
    outer loop
      vertex 28.2 25.3579 8.4
      vertex 26.65 24.662 8.4
      vertex 28.2 23.9661 8.4
    endloop
  endfacet
  facet normal 0 0 1
    outer loop
      vertex 26.6049 24.9352 8.4
      vertex 28.1673 25.4656 8.4
      vertex 28.1097 25.6187 8.4
    endloop
  endfacet
  facet normal -0 0 1
    outer loop
      vertex 26.6482 24.6064 8.4
      vertex 28.2 23.9661 8.4
      vertex 26.65 24.662 8.4
    endloop
  endfacet
  facet normal 0 0 1
    outer loop
      vertex 26.5853 24.9873 8.4
      vertex 28.1097 25.6187 8.4
      vertex 28.0422 25.7677 8.4
    endloop
  endfacet
  facet normal -0 0 1
    outer loop
      vertex 26.6427 24.5511 8.4
      vertex 28.2 23.9661 8.4
      vertex 26.6482 24.6064 8.4
    endloop
  endfacet
  facet normal 0 0 1
    outer loop
      vertex 26.5623 25.0379 8.4
      vertex 28.0422 25.7677 8.4
      vertex 27.9651 25.912 8.4
    endloop
  endfacet
  facet normal -0 0 1
    outer loop
      vertex 26.6337 24.4962 8.4
      vertex 28.2 23.9661 8.4
      vertex 26.6427 24.5511 8.4
    endloop
  endfacet
  facet normal 0 0 1
    outer loop
      vertex 26.5361 25.087 8.4
      vertex 27.9651 25.912 8.4
      vertex 27.8787 26.0509 8.4
    endloop
  endfacet
  facet normal -0 0 1
    outer loop
      vertex 26.621 24.442 8.4
      vertex 28.2 23.9661 8.4
      vertex 26.6337 24.4962 8.4
    endloop
  endfacet
  facet normal 0 0 1
    outer loop
      vertex 26.5067 25.1342 8.4
      vertex 27.8787 26.0509 8.4
      vertex 27.7834 26.1839 8.4
    endloop
  endfacet
  facet normal -0 0 1
    outer loop
      vertex 26.6049 24.3888 8.4
      vertex 28.2 23.9661 8.4
      vertex 26.621 24.442 8.4
    endloop
  endfacet
  facet normal 0 0 1
    outer loop
      vertex 26.4743 25.1794 8.4
      vertex 27.7834 26.1839 8.4
      vertex 27.6796 26.3104 8.4
    endloop
  endfacet
  facet normal 0 0 1
    outer loop
      vertex 28.2 23.9661 8.4
      vertex 26.6049 24.3888 8.4
      vertex 28.1673 23.8584 8.4
    endloop
  endfacet
  facet normal 0 0 1
    outer loop
      vertex 26.4391 25.2224 8.4
      vertex 27.6796 26.3104 8.4
      vertex 27.5678 26.4298 8.4
    endloop
  endfacet
  facet normal 0 0 1
    outer loop
      vertex 28.1673 23.8584 8.4
      vertex 26.6049 24.3888 8.4
      vertex 28.1097 23.7053 8.4
    endloop
  endfacet
  facet normal 0 0 1
    outer loop
      vertex 26.401 25.263 8.4
      vertex 27.5678 26.4298 8.4
      vertex 27.4484 26.5416 8.4
    endloop
  endfacet
  facet normal -0 0 1
    outer loop
      vertex 26.5853 24.3367 8.4
      vertex 28.1097 23.7053 8.4
      vertex 26.6049 24.3888 8.4
    endloop
  endfacet
  facet normal 0 0 1
    outer loop
      vertex 26.3604 25.3011 8.4
      vertex 27.4484 26.5416 8.4
      vertex 27.3219 26.6454 8.4
    endloop
  endfacet
  facet normal 0 0 1
    outer loop
      vertex 28.1097 23.7053 8.4
      vertex 26.5853 24.3367 8.4
      vertex 28.0422 23.5563 8.4
    endloop
  endfacet
  facet normal 0 0 1
    outer loop
      vertex 26.3174 25.3363 8.4
      vertex 27.3219 26.6454 8.4
      vertex 27.1889 26.7407 8.4
    endloop
  endfacet
  facet normal -0 0 1
    outer loop
      vertex 26.5623 24.2861 8.4
      vertex 28.0422 23.5563 8.4
      vertex 26.5853 24.3367 8.4
    endloop
  endfacet
  facet normal 0 0 1
    outer loop
      vertex 26.2722 25.3687 8.4
      vertex 27.1889 26.7407 8.4
      vertex 27.05 26.8271 8.4
    endloop
  endfacet
  facet normal 0 0 1
    outer loop
      vertex 28.0422 23.5563 8.4
      vertex 26.5623 24.2861 8.4
      vertex 27.9651 23.412 8.4
    endloop
  endfacet
  facet normal 0 0 1
    outer loop
      vertex 26.225 25.3981 8.4
      vertex 27.05 26.8271 8.4
      vertex 26.9057 26.9042 8.4
    endloop
  endfacet
  facet normal -0 0 1
    outer loop
      vertex 26.5361 24.237 8.4
      vertex 27.9651 23.412 8.4
      vertex 26.5623 24.2861 8.4
    endloop
  endfacet
  facet normal 0 0 1
    outer loop
      vertex 26.1759 25.4243 8.4
      vertex 26.9057 26.9042 8.4
      vertex 26.7567 26.9717 8.4
    endloop
  endfacet
  facet normal 0 0 1
    outer loop
      vertex 27.9651 23.412 8.4
      vertex 26.5361 24.237 8.4
      vertex 27.8787 23.2731 8.4
    endloop
  endfacet
  facet normal -0 0 1
    outer loop
      vertex 26.5067 24.1898 8.4
      vertex 27.8787 23.2731 8.4
      vertex 26.5361 24.237 8.4
    endloop
  endfacet
  facet normal 0 0 1
    outer loop
      vertex 28.2 25.3579 8.4
      vertex 26.6482 24.7176 8.4
      vertex 26.65 24.662 8.4
    endloop
  endfacet
  facet normal 0 0 1
    outer loop
      vertex 28.2 25.3579 8.4
      vertex 26.6427 24.7729 8.4
      vertex 26.6482 24.7176 8.4
    endloop
  endfacet
  facet normal 0 0 1
    outer loop
      vertex 28.2 25.3579 8.4
      vertex 26.6337 24.8278 8.4
      vertex 26.6427 24.7729 8.4
    endloop
  endfacet
  facet normal 0 0 1
    outer loop
      vertex 28.2 25.3579 8.4
      vertex 26.621 24.882 8.4
      vertex 26.6337 24.8278 8.4
    endloop
  endfacet
  facet normal 0 0 1
    outer loop
      vertex 28.2 25.3579 8.4
      vertex 26.6049 24.9352 8.4
      vertex 26.621 24.882 8.4
    endloop
  endfacet
  facet normal 0 0 1
    outer loop
      vertex 26.1253 25.4473 8.4
      vertex 26.7567 26.9717 8.4
      vertex 26.6036 27.0293 8.4
    endloop
  endfacet
  facet normal 0 0 1
    outer loop
      vertex 28.1097 25.6187 8.4
      vertex 26.5853 24.9873 8.4
      vertex 26.6049 24.9352 8.4
    endloop
  endfacet
  facet normal 0 0 1
    outer loop
      vertex 28.0422 25.7677 8.4
      vertex 26.5623 25.0379 8.4
      vertex 26.5853 24.9873 8.4
    endloop
  endfacet
  facet normal 0 0 1
    outer loop
      vertex 27.9651 25.912 8.4
      vertex 26.5361 25.087 8.4
      vertex 26.5623 25.0379 8.4
    endloop
  endfacet
  facet normal 0 0 1
    outer loop
      vertex 27.8787 26.0509 8.4
      vertex 26.5067 25.1342 8.4
      vertex 26.5361 25.087 8.4
    endloop
  endfacet
  facet normal 0 0 1
    outer loop
      vertex 26.0732 25.4669 8.4
      vertex 26.6036 27.0293 8.4
      vertex 26.4959 27.062 8.4
    endloop
  endfacet
  facet normal 0 0 1
    outer loop
      vertex 27.7834 26.1839 8.4
      vertex 26.4743 25.1794 8.4
      vertex 26.5067 25.1342 8.4
    endloop
  endfacet
  facet normal -0 0 1
    outer loop
      vertex 28.2 12.8579 8.4
      vertex 36.6 0 8.4
      vertex 36.6 29.462 8.4
    endloop
  endfacet
  facet normal -0 0 1
    outer loop
      vertex 28.2 11.4661 8.4
      vertex 36.6 0 8.4
      vertex 28.2 12.8579 8.4
    endloop
  endfacet
  facet normal 0 0 1
    outer loop
      vertex 28.2 23.9661 8.4
      vertex 36.6 29.462 8.4
      vertex 28.2 25.3579 8.4
    endloop
  endfacet
  facet normal 0 0 1
    outer loop
      vertex 28.2 25.3579 8.4
      vertex 36.6 29.462 8.4
      vertex 28.2 27.062 8.4
    endloop
  endfacet
  facet normal 0 0 1
    outer loop
      vertex 36.6 29.462 8.4
      vertex 26.4959 27.062 8.4
      vertex 28.2 27.062 8.4
    endloop
  endfacet
  facet normal 0 0 1
    outer loop
      vertex 27.6796 26.3104 8.4
      vertex 26.4391 25.2224 8.4
      vertex 26.4743 25.1794 8.4
    endloop
  endfacet
  facet normal 0 0 1
    outer loop
      vertex 27.5678 26.4298 8.4
      vertex 26.401 25.263 8.4
      vertex 26.4391 25.2224 8.4
    endloop
  endfacet
  facet normal 0 0 1
    outer loop
      vertex 27.4484 26.5416 8.4
      vertex 26.3604 25.3011 8.4
      vertex 26.401 25.263 8.4
    endloop
  endfacet
  facet normal 0 0 1
    outer loop
      vertex 27.3219 26.6454 8.4
      vertex 26.3174 25.3363 8.4
      vertex 26.3604 25.3011 8.4
    endloop
  endfacet
  facet normal 0 0 1
    outer loop
      vertex 27.1889 26.7407 8.4
      vertex 26.2722 25.3687 8.4
      vertex 26.3174 25.3363 8.4
    endloop
  endfacet
  facet normal 0 0 1
    outer loop
      vertex 27.05 26.8271 8.4
      vertex 26.225 25.3981 8.4
      vertex 26.2722 25.3687 8.4
    endloop
  endfacet
  facet normal 0 0 1
    outer loop
      vertex 26.9057 26.9042 8.4
      vertex 26.1759 25.4243 8.4
      vertex 26.225 25.3981 8.4
    endloop
  endfacet
  facet normal 0 0 1
    outer loop
      vertex 26.7567 26.9717 8.4
      vertex 26.1253 25.4473 8.4
      vertex 26.1759 25.4243 8.4
    endloop
  endfacet
  facet normal 0 0 1
    outer loop
      vertex 26.6036 27.0293 8.4
      vertex 26.0732 25.4669 8.4
      vertex 26.1253 25.4473 8.4
    endloop
  endfacet
  facet normal 0 0 1
    outer loop
      vertex 26.4959 27.062 8.4
      vertex 26.02 25.483 8.4
      vertex 26.0732 25.4669 8.4
    endloop
  endfacet
  facet normal 0 0 1
    outer loop
      vertex 26.4959 27.062 8.4
      vertex 25.9658 25.4957 8.4
      vertex 26.02 25.483 8.4
    endloop
  endfacet
  facet normal 0 0 1
    outer loop
      vertex 26.4959 27.062 8.4
      vertex 25.9109 25.5047 8.4
      vertex 25.9658 25.4957 8.4
    endloop
  endfacet
  facet normal 0 0 1
    outer loop
      vertex 26.4959 27.062 8.4
      vertex 25.8556 25.5102 8.4
      vertex 25.9109 25.5047 8.4
    endloop
  endfacet
  facet normal 0 0 1
    outer loop
      vertex 26.4959 27.062 8.4
      vertex 25.8 25.512 8.4
      vertex 25.8556 25.5102 8.4
    endloop
  endfacet
  facet normal -0 0 1
    outer loop
      vertex 25.1041 27.062 8.4
      vertex 25.8 25.512 8.4
      vertex 26.4959 27.062 8.4
    endloop
  endfacet
  facet normal 0 0 1
    outer loop
      vertex 25.8 25.512 8.4
      vertex 25.1041 27.062 8.4
      vertex 25.7444 25.5102 8.4
    endloop
  endfacet
  facet normal 0 0 1
    outer loop
      vertex 25.7444 25.5102 8.4
      vertex 25.1041 27.062 8.4
      vertex 25.6891 25.5047 8.4
    endloop
  endfacet
  facet normal 0 0 1
    outer loop
      vertex 25.6891 25.5047 8.4
      vertex 25.1041 27.062 8.4
      vertex 25.6342 25.4957 8.4
    endloop
  endfacet
  facet normal 0 0 1
    outer loop
      vertex 25.6342 25.4957 8.4
      vertex 25.1041 27.062 8.4
      vertex 25.58 25.483 8.4
    endloop
  endfacet
  facet normal 0 0 1
    outer loop
      vertex 25.58 25.483 8.4
      vertex 25.1041 27.062 8.4
      vertex 25.5268 25.4669 8.4
    endloop
  endfacet
  facet normal -0 0 1
    outer loop
      vertex 24.9964 27.0293 8.4
      vertex 25.5268 25.4669 8.4
      vertex 25.1041 27.062 8.4
    endloop
  endfacet
  facet normal 0 0 1
    outer loop
      vertex 25.5268 25.4669 8.4
      vertex 24.9964 27.0293 8.4
      vertex 25.4747 25.4473 8.4
    endloop
  endfacet
  facet normal -0 0 1
    outer loop
      vertex 24.8433 26.9717 8.4
      vertex 25.4747 25.4473 8.4
      vertex 24.9964 27.0293 8.4
    endloop
  endfacet
  facet normal 0 0 1
    outer loop
      vertex 25.4747 25.4473 8.4
      vertex 24.8433 26.9717 8.4
      vertex 25.4241 25.4243 8.4
    endloop
  endfacet
  facet normal -0 0 1
    outer loop
      vertex 24.6943 26.9042 8.4
      vertex 25.4241 25.4243 8.4
      vertex 24.8433 26.9717 8.4
    endloop
  endfacet
  facet normal 0 0 1
    outer loop
      vertex 25.4241 25.4243 8.4
      vertex 24.6943 26.9042 8.4
      vertex 25.375 25.3981 8.4
    endloop
  endfacet
  facet normal -0 0 1
    outer loop
      vertex 24.55 26.8271 8.4
      vertex 25.375 25.3981 8.4
      vertex 24.6943 26.9042 8.4
    endloop
  endfacet
  facet normal 0 0 1
    outer loop
      vertex 25.375 25.3981 8.4
      vertex 24.55 26.8271 8.4
      vertex 25.3278 25.3687 8.4
    endloop
  endfacet
  facet normal -0 0 1
    outer loop
      vertex 24.4111 26.7407 8.4
      vertex 25.3278 25.3687 8.4
      vertex 24.55 26.8271 8.4
    endloop
  endfacet
  facet normal 0 0 1
    outer loop
      vertex 36.6 29.462 8.4
      vertex 25.1041 27.062 8.4
      vertex 26.4959 27.062 8.4
    endloop
  endfacet
  facet normal 0 0 1
    outer loop
      vertex 36.6 29.462 8.4
      vertex 5.49588 27.062 8.4
      vertex 25.1041 27.062 8.4
    endloop
  endfacet
  facet normal 0 0 1
    outer loop
      vertex 6.6796 26.3104 8.4
      vertex 5.43906 25.2224 8.4
      vertex 5.47435 25.1794 8.4
    endloop
  endfacet
  facet normal 0 0 1
    outer loop
      vertex 6.56777 26.4298 8.4
      vertex 5.40104 25.263 8.4
      vertex 5.43906 25.2224 8.4
    endloop
  endfacet
  facet normal 0 0 1
    outer loop
      vertex 6.44836 26.5416 8.4
      vertex 5.36044 25.3011 8.4
      vertex 5.40104 25.263 8.4
    endloop
  endfacet
  facet normal 0 0 1
    outer loop
      vertex 6.3219 26.6454 8.4
      vertex 5.31745 25.3363 8.4
      vertex 5.36044 25.3011 8.4
    endloop
  endfacet
  facet normal 0 0 1
    outer loop
      vertex 6.18893 26.7407 8.4
      vertex 5.27223 25.3687 8.4
      vertex 5.31745 25.3363 8.4
    endloop
  endfacet
  facet normal 0 0 1
    outer loop
      vertex 6.05 26.8271 8.4
      vertex 5.225 25.3981 8.4
      vertex 5.27223 25.3687 8.4
    endloop
  endfacet
  facet normal 0 0 1
    outer loop
      vertex 5.90572 26.9042 8.4
      vertex 5.17595 25.4243 8.4
      vertex 5.225 25.3981 8.4
    endloop
  endfacet
  facet normal 0 0 1
    outer loop
      vertex 5.75671 26.9717 8.4
      vertex 5.12528 25.4473 8.4
      vertex 5.17595 25.4243 8.4
    endloop
  endfacet
  facet normal 0 0 1
    outer loop
      vertex 5.6036 27.0293 8.4
      vertex 5.07322 25.4669 8.4
      vertex 5.12528 25.4473 8.4
    endloop
  endfacet
  facet normal 0 0 1
    outer loop
      vertex 5.49588 27.062 8.4
      vertex 5.02 25.483 8.4
      vertex 5.07322 25.4669 8.4
    endloop
  endfacet
  facet normal 0 0 1
    outer loop
      vertex 5.49588 27.062 8.4
      vertex 4.96583 25.4957 8.4
      vertex 5.02 25.483 8.4
    endloop
  endfacet
  facet normal 0 0 1
    outer loop
      vertex 5.49588 27.062 8.4
      vertex 4.91095 25.5047 8.4
      vertex 4.96583 25.4957 8.4
    endloop
  endfacet
  facet normal 0 0 1
    outer loop
      vertex 5.49588 27.062 8.4
      vertex 4.85559 25.5102 8.4
      vertex 4.91095 25.5047 8.4
    endloop
  endfacet
  facet normal 0 0 1
    outer loop
      vertex 5.49588 27.062 8.4
      vertex 4.8 25.512 8.4
      vertex 4.85559 25.5102 8.4
    endloop
  endfacet
  facet normal -0 0 1
    outer loop
      vertex 4.10412 27.062 8.4
      vertex 4.8 25.512 8.4
      vertex 5.49588 27.062 8.4
    endloop
  endfacet
  facet normal 0 0 1
    outer loop
      vertex 4.8 25.512 8.4
      vertex 4.10412 27.062 8.4
      vertex 4.74441 25.5102 8.4
    endloop
  endfacet
  facet normal 0 0 1
    outer loop
      vertex 4.74441 25.5102 8.4
      vertex 4.10412 27.062 8.4
      vertex 4.68905 25.5047 8.4
    endloop
  endfacet
  facet normal 0 0 1
    outer loop
      vertex 4.68905 25.5047 8.4
      vertex 4.10412 27.062 8.4
      vertex 4.63417 25.4957 8.4
    endloop
  endfacet
  facet normal 0 0 1
    outer loop
      vertex 4.63417 25.4957 8.4
      vertex 4.10412 27.062 8.4
      vertex 4.58 25.483 8.4
    endloop
  endfacet
  facet normal 0 0 1
    outer loop
      vertex 4.58 25.483 8.4
      vertex 4.10412 27.062 8.4
      vertex 4.52678 25.4669 8.4
    endloop
  endfacet
  facet normal -0 0 1
    outer loop
      vertex 3.9964 27.0293 8.4
      vertex 4.52678 25.4669 8.4
      vertex 4.10412 27.062 8.4
    endloop
  endfacet
  facet normal 0 0 1
    outer loop
      vertex 4.52678 25.4669 8.4
      vertex 3.9964 27.0293 8.4
      vertex 4.47472 25.4473 8.4
    endloop
  endfacet
  facet normal -0 0 1
    outer loop
      vertex 3.84329 26.9717 8.4
      vertex 4.47472 25.4473 8.4
      vertex 3.9964 27.0293 8.4
    endloop
  endfacet
  facet normal 0 0 1
    outer loop
      vertex 4.47472 25.4473 8.4
      vertex 3.84329 26.9717 8.4
      vertex 4.42406 25.4243 8.4
    endloop
  endfacet
  facet normal -0 0 1
    outer loop
      vertex 3.69428 26.9042 8.4
      vertex 4.42406 25.4243 8.4
      vertex 3.84329 26.9717 8.4
    endloop
  endfacet
  facet normal 0 0 1
    outer loop
      vertex 4.42406 25.4243 8.4
      vertex 3.69428 26.9042 8.4
      vertex 4.375 25.3981 8.4
    endloop
  endfacet
  facet normal -0 0 1
    outer loop
      vertex 3.55 26.8271 8.4
      vertex 4.375 25.3981 8.4
      vertex 3.69428 26.9042 8.4
    endloop
  endfacet
  facet normal 0 0 1
    outer loop
      vertex 4.375 25.3981 8.4
      vertex 3.55 26.8271 8.4
      vertex 4.32777 25.3687 8.4
    endloop
  endfacet
  facet normal -0 0 1
    outer loop
      vertex 3.41107 26.7407 8.4
      vertex 4.32777 25.3687 8.4
      vertex 3.55 26.8271 8.4
    endloop
  endfacet
  facet normal -0 0 1
    outer loop
      vertex -6 29.462 8.4
      vertex 5.49588 27.062 8.4
      vertex 36.6 29.462 8.4
    endloop
  endfacet
  facet normal 0 0 1
    outer loop
      vertex 5.49588 27.062 8.4
      vertex -6 29.462 8.4
      vertex 4.10412 27.062 8.4
    endloop
  endfacet
  facet normal 0 0 1
    outer loop
      vertex -6 29.462 8.4
      vertex 2.4 25.3579 8.4
      vertex 2.4 27.062 8.4
    endloop
  endfacet
  facet normal 0 0 1
    outer loop
      vertex 2.4 25.3579 8.4
      vertex -6 29.462 8.4
      vertex 2.4 23.9661 8.4
    endloop
  endfacet
  facet normal 0 0 1
    outer loop
      vertex 2.4 23.9661 8.4
      vertex -6 29.462 8.4
      vertex 2.4 12.8579 8.4
    endloop
  endfacet
  facet normal 0 0 1
    outer loop
      vertex -6 0 8.4
      vertex 2.4 12.8579 8.4
      vertex -6 29.462 8.4
    endloop
  endfacet
  facet normal 0 0 1
    outer loop
      vertex 2.4 12.8579 8.4
      vertex -6 0 8.4
      vertex 2.4 11.4661 8.4
    endloop
  endfacet
  facet normal 0 0 1
    outer loop
      vertex 4.10412 27.062 8.4
      vertex -6 29.462 8.4
      vertex 2.4 27.062 8.4
    endloop
  endfacet
  facet normal 0 0 1
    outer loop
      vertex 36.6 0 8.4
      vertex 34 0.1 8.4
      vertex 34 0 8.4
    endloop
  endfacet
  facet normal 0 0 1
    outer loop
      vertex 28.2 12.8579 8.4
      vertex 36.6 29.462 8.4
      vertex 28.2 23.9661 8.4
    endloop
  endfacet
  facet normal 0 0 1
    outer loop
      vertex 36.6 0 8.4
      vertex 28.2 11.4661 8.4
      vertex 34 0.1 8.4
    endloop
  endfacet
  facet normal -0 0 1
    outer loop
      vertex 28.2 2.4 8.4
      vertex 34 0.1 8.4
      vertex 28.2 11.4661 8.4
    endloop
  endfacet
  facet normal 0 0 1
    outer loop
      vertex 34 0.1 8.4
      vertex 28.2 2.4 8.4
      vertex 30 0.1 8.4
    endloop
  endfacet
  facet normal 0 0 1
    outer loop
      vertex 30 0.1 8.4
      vertex 28.2 2.4 8.4
      vertex 30 0 8.4
    endloop
  endfacet
  facet normal 0 0 1
    outer loop
      vertex 24.3 0 8.4
      vertex 28.2 2.4 8.4
      vertex 24.3 2.4 8.4
    endloop
  endfacet
  facet normal 0 0 1
    outer loop
      vertex 28.2 2.4 8.4
      vertex 24.3 0 8.4
      vertex 30 0 8.4
    endloop
  endfacet
  facet normal 0 0 1
    outer loop
      vertex 27.8787 23.2731 8.4
      vertex 26.5067 24.1898 8.4
      vertex 27.7834 23.1401 8.4
    endloop
  endfacet
  facet normal -0 0 1
    outer loop
      vertex 26.4743 24.1446 8.4
      vertex 27.7834 23.1401 8.4
      vertex 26.5067 24.1898 8.4
    endloop
  endfacet
  facet normal 0 0 1
    outer loop
      vertex 27.7834 23.1401 8.4
      vertex 26.4743 24.1446 8.4
      vertex 27.6796 23.0136 8.4
    endloop
  endfacet
  facet normal -0 0 1
    outer loop
      vertex 26.4391 24.1016 8.4
      vertex 27.6796 23.0136 8.4
      vertex 26.4743 24.1446 8.4
    endloop
  endfacet
  facet normal 0 0 1
    outer loop
      vertex 27.6796 23.0136 8.4
      vertex 26.4391 24.1016 8.4
      vertex 27.5678 22.8942 8.4
    endloop
  endfacet
  facet normal -0 0 1
    outer loop
      vertex 26.401 24.061 8.4
      vertex 27.5678 22.8942 8.4
      vertex 26.4391 24.1016 8.4
    endloop
  endfacet
  facet normal 0 0 1
    outer loop
      vertex 27.5678 22.8942 8.4
      vertex 26.401 24.061 8.4
      vertex 27.4484 22.7824 8.4
    endloop
  endfacet
  facet normal -0 0 1
    outer loop
      vertex 26.3604 24.0229 8.4
      vertex 27.4484 22.7824 8.4
      vertex 26.401 24.061 8.4
    endloop
  endfacet
  facet normal 0 0 1
    outer loop
      vertex 27.4484 22.7824 8.4
      vertex 26.3604 24.0229 8.4
      vertex 27.3219 22.6786 8.4
    endloop
  endfacet
  facet normal -0 0 1
    outer loop
      vertex 26.3174 23.9876 8.4
      vertex 27.3219 22.6786 8.4
      vertex 26.3604 24.0229 8.4
    endloop
  endfacet
  facet normal 0 0 1
    outer loop
      vertex 27.3219 22.6786 8.4
      vertex 26.3174 23.9876 8.4
      vertex 27.1889 22.5833 8.4
    endloop
  endfacet
  facet normal -0 0 1
    outer loop
      vertex 26.2722 23.9553 8.4
      vertex 27.1889 22.5833 8.4
      vertex 26.3174 23.9876 8.4
    endloop
  endfacet
  facet normal 0 0 1
    outer loop
      vertex 27.1889 22.5833 8.4
      vertex 26.2722 23.9553 8.4
      vertex 27.05 22.4969 8.4
    endloop
  endfacet
  facet normal -0 0 1
    outer loop
      vertex 26.225 23.9259 8.4
      vertex 27.05 22.4969 8.4
      vertex 26.2722 23.9553 8.4
    endloop
  endfacet
  facet normal 0 0 1
    outer loop
      vertex 27.05 22.4969 8.4
      vertex 26.225 23.9259 8.4
      vertex 26.9057 22.4198 8.4
    endloop
  endfacet
  facet normal -0 0 1
    outer loop
      vertex 26.1759 23.8997 8.4
      vertex 26.9057 22.4198 8.4
      vertex 26.225 23.9259 8.4
    endloop
  endfacet
  facet normal 0 0 1
    outer loop
      vertex 26.9057 22.4198 8.4
      vertex 26.1759 23.8997 8.4
      vertex 26.7567 22.3523 8.4
    endloop
  endfacet
  facet normal -0 0 1
    outer loop
      vertex 26.1253 23.8767 8.4
      vertex 26.7567 22.3523 8.4
      vertex 26.1759 23.8997 8.4
    endloop
  endfacet
  facet normal 0 0 1
    outer loop
      vertex 26.7567 22.3523 8.4
      vertex 26.1253 23.8767 8.4
      vertex 26.6036 22.2947 8.4
    endloop
  endfacet
  facet normal -0 0 1
    outer loop
      vertex 26.0732 23.8571 8.4
      vertex 26.6036 22.2947 8.4
      vertex 26.1253 23.8767 8.4
    endloop
  endfacet
  facet normal 0 0 1
    outer loop
      vertex 26.6036 22.2947 8.4
      vertex 26.0732 23.8571 8.4
      vertex 26.447 22.2472 8.4
    endloop
  endfacet
  facet normal -0 0 1
    outer loop
      vertex 26.02 23.841 8.4
      vertex 26.447 22.2472 8.4
      vertex 26.0732 23.8571 8.4
    endloop
  endfacet
  facet normal 0 0 1
    outer loop
      vertex 26.447 22.2472 8.4
      vertex 26.02 23.841 8.4
      vertex 26.2877 22.21 8.4
    endloop
  endfacet
  facet normal -0 0 1
    outer loop
      vertex 25.9658 23.8283 8.4
      vertex 26.2877 22.21 8.4
      vertex 26.02 23.841 8.4
    endloop
  endfacet
  facet normal 0 0 1
    outer loop
      vertex 26.2877 22.21 8.4
      vertex 25.9658 23.8283 8.4
      vertex 26.1263 22.1834 8.4
    endloop
  endfacet
  facet normal -0 0 1
    outer loop
      vertex 25.9109 23.8193 8.4
      vertex 26.1263 22.1834 8.4
      vertex 25.9658 23.8283 8.4
    endloop
  endfacet
  facet normal 0 0 1
    outer loop
      vertex 26.1263 22.1834 8.4
      vertex 25.9109 23.8193 8.4
      vertex 25.9635 22.1674 8.4
    endloop
  endfacet
  facet normal -0 0 1
    outer loop
      vertex 25.8556 23.8138 8.4
      vertex 25.9635 22.1674 8.4
      vertex 25.9109 23.8193 8.4
    endloop
  endfacet
  facet normal -0 0 1
    outer loop
      vertex 25.8 23.812 8.4
      vertex 25.9635 22.1674 8.4
      vertex 25.8556 23.8138 8.4
    endloop
  endfacet
  facet normal 0 0 1
    outer loop
      vertex 25.8 23.812 8.4
      vertex 25.8 22.162 8.4
      vertex 25.9635 22.1674 8.4
    endloop
  endfacet
  facet normal 0 0 1
    outer loop
      vertex 25.7444 23.8138 8.4
      vertex 25.8 22.162 8.4
      vertex 25.8 23.812 8.4
    endloop
  endfacet
  facet normal 0 0 1
    outer loop
      vertex 25.6365 22.1674 8.4
      vertex 25.7444 23.8138 8.4
      vertex 25.6891 23.8193 8.4
    endloop
  endfacet
  facet normal 0 0 1
    outer loop
      vertex 25.7444 23.8138 8.4
      vertex 25.6365 22.1674 8.4
      vertex 25.8 22.162 8.4
    endloop
  endfacet
  facet normal 0 0 1
    outer loop
      vertex 25.4737 22.1834 8.4
      vertex 25.6891 23.8193 8.4
      vertex 25.6342 23.8283 8.4
    endloop
  endfacet
  facet normal 0 0 1
    outer loop
      vertex 25.3123 22.21 8.4
      vertex 25.6342 23.8283 8.4
      vertex 25.58 23.841 8.4
    endloop
  endfacet
  facet normal 0 0 1
    outer loop
      vertex 25.153 22.2472 8.4
      vertex 25.58 23.841 8.4
      vertex 25.5268 23.8571 8.4
    endloop
  endfacet
  facet normal 0 0 1
    outer loop
      vertex 24.9964 22.2947 8.4
      vertex 25.5268 23.8571 8.4
      vertex 25.4747 23.8767 8.4
    endloop
  endfacet
  facet normal 0 0 1
    outer loop
      vertex 25.6891 23.8193 8.4
      vertex 25.4737 22.1834 8.4
      vertex 25.6365 22.1674 8.4
    endloop
  endfacet
  facet normal 0 0 1
    outer loop
      vertex 24.8433 22.3523 8.4
      vertex 25.4747 23.8767 8.4
      vertex 25.4241 23.8997 8.4
    endloop
  endfacet
  facet normal 0 0 1
    outer loop
      vertex 24.6943 22.4198 8.4
      vertex 25.4241 23.8997 8.4
      vertex 25.375 23.9259 8.4
    endloop
  endfacet
  facet normal 0 0 1
    outer loop
      vertex 24.55 22.4969 8.4
      vertex 25.375 23.9259 8.4
      vertex 25.3278 23.9553 8.4
    endloop
  endfacet
  facet normal 0 0 1
    outer loop
      vertex 25.6342 23.8283 8.4
      vertex 25.3123 22.21 8.4
      vertex 25.4737 22.1834 8.4
    endloop
  endfacet
  facet normal 0 0 1
    outer loop
      vertex 24.4111 22.5833 8.4
      vertex 25.3278 23.9553 8.4
      vertex 25.2826 23.9876 8.4
    endloop
  endfacet
  facet normal 0 0 1
    outer loop
      vertex 24.2781 22.6786 8.4
      vertex 25.2826 23.9876 8.4
      vertex 25.2396 24.0229 8.4
    endloop
  endfacet
  facet normal 0 0 1
    outer loop
      vertex 24.1516 22.7824 8.4
      vertex 25.2396 24.0229 8.4
      vertex 25.199 24.061 8.4
    endloop
  endfacet
  facet normal 0 0 1
    outer loop
      vertex 24.0322 22.8942 8.4
      vertex 25.199 24.061 8.4
      vertex 25.1609 24.1016 8.4
    endloop
  endfacet
  facet normal 0 0 1
    outer loop
      vertex 25.58 23.841 8.4
      vertex 25.153 22.2472 8.4
      vertex 25.3123 22.21 8.4
    endloop
  endfacet
  facet normal 0 0 1
    outer loop
      vertex 23.9204 23.0136 8.4
      vertex 25.1609 24.1016 8.4
      vertex 25.1257 24.1446 8.4
    endloop
  endfacet
  facet normal 0 0 1
    outer loop
      vertex 23.8166 23.1401 8.4
      vertex 25.1257 24.1446 8.4
      vertex 25.0933 24.1898 8.4
    endloop
  endfacet
  facet normal 0 0 1
    outer loop
      vertex 23.7213 23.2731 8.4
      vertex 25.0933 24.1898 8.4
      vertex 25.0639 24.237 8.4
    endloop
  endfacet
  facet normal 0 0 1
    outer loop
      vertex 23.6349 23.412 8.4
      vertex 25.0639 24.237 8.4
      vertex 25.0377 24.2861 8.4
    endloop
  endfacet
  facet normal 0 0 1
    outer loop
      vertex 23.5578 23.5563 8.4
      vertex 25.0377 24.2861 8.4
      vertex 25.0147 24.3367 8.4
    endloop
  endfacet
  facet normal 0 0 1
    outer loop
      vertex 25.5268 23.8571 8.4
      vertex 24.9964 22.2947 8.4
      vertex 25.153 22.2472 8.4
    endloop
  endfacet
  facet normal 0 0 1
    outer loop
      vertex 23.4903 23.7053 8.4
      vertex 25.0147 24.3367 8.4
      vertex 24.9951 24.3888 8.4
    endloop
  endfacet
  facet normal 0 0 1
    outer loop
      vertex 23.4327 23.8584 8.4
      vertex 24.9951 24.3888 8.4
      vertex 24.979 24.442 8.4
    endloop
  endfacet
  facet normal 0 0 1
    outer loop
      vertex 23.3852 24.015 8.4
      vertex 24.979 24.442 8.4
      vertex 24.9663 24.4962 8.4
    endloop
  endfacet
  facet normal 0 0 1
    outer loop
      vertex 23.348 24.1743 8.4
      vertex 24.9663 24.4962 8.4
      vertex 24.9573 24.5511 8.4
    endloop
  endfacet
  facet normal 0 0 1
    outer loop
      vertex 23.3214 24.3357 8.4
      vertex 24.9573 24.5511 8.4
      vertex 24.9518 24.6064 8.4
    endloop
  endfacet
  facet normal 0 0 1
    outer loop
      vertex 23.3054 24.4985 8.4
      vertex 24.9518 24.6064 8.4
      vertex 24.95 24.662 8.4
    endloop
  endfacet
  facet normal 0 0 1
    outer loop
      vertex 25.0933 25.1342 8.4
      vertex 23.7213 26.0509 8.4
      vertex 25.0639 25.087 8.4
    endloop
  endfacet
  facet normal 0 0 1
    outer loop
      vertex 25.4747 23.8767 8.4
      vertex 24.8433 22.3523 8.4
      vertex 24.9964 22.2947 8.4
    endloop
  endfacet
  facet normal -0 0 1
    outer loop
      vertex 23.6349 25.912 8.4
      vertex 25.0639 25.087 8.4
      vertex 23.7213 26.0509 8.4
    endloop
  endfacet
  facet normal 0 0 1
    outer loop
      vertex 25.4241 23.8997 8.4
      vertex 24.6943 22.4198 8.4
      vertex 24.8433 22.3523 8.4
    endloop
  endfacet
  facet normal 0 0 1
    outer loop
      vertex 25.0639 25.087 8.4
      vertex 23.6349 25.912 8.4
      vertex 25.0377 25.0379 8.4
    endloop
  endfacet
  facet normal 0 0 1
    outer loop
      vertex 25.375 23.9259 8.4
      vertex 24.55 22.4969 8.4
      vertex 24.6943 22.4198 8.4
    endloop
  endfacet
  facet normal -0 0 1
    outer loop
      vertex 23.5578 25.7677 8.4
      vertex 25.0377 25.0379 8.4
      vertex 23.6349 25.912 8.4
    endloop
  endfacet
  facet normal 0 0 1
    outer loop
      vertex 25.3278 23.9553 8.4
      vertex 24.4111 22.5833 8.4
      vertex 24.55 22.4969 8.4
    endloop
  endfacet
  facet normal 0 0 1
    outer loop
      vertex 25.0377 25.0379 8.4
      vertex 23.5578 25.7677 8.4
      vertex 25.0147 24.9873 8.4
    endloop
  endfacet
  facet normal 0 0 1
    outer loop
      vertex 25.2826 23.9876 8.4
      vertex 24.2781 22.6786 8.4
      vertex 24.4111 22.5833 8.4
    endloop
  endfacet
  facet normal -0 0 1
    outer loop
      vertex 23.4903 25.6187 8.4
      vertex 25.0147 24.9873 8.4
      vertex 23.5578 25.7677 8.4
    endloop
  endfacet
  facet normal 0 0 1
    outer loop
      vertex 25.2396 24.0229 8.4
      vertex 24.1516 22.7824 8.4
      vertex 24.2781 22.6786 8.4
    endloop
  endfacet
  facet normal 0 0 1
    outer loop
      vertex 25.0147 24.9873 8.4
      vertex 23.4903 25.6187 8.4
      vertex 24.9951 24.9352 8.4
    endloop
  endfacet
  facet normal 0 0 1
    outer loop
      vertex 25.199 24.061 8.4
      vertex 24.0322 22.8942 8.4
      vertex 24.1516 22.7824 8.4
    endloop
  endfacet
  facet normal -0 0 1
    outer loop
      vertex 23.4327 25.4656 8.4
      vertex 24.9951 24.9352 8.4
      vertex 23.4903 25.6187 8.4
    endloop
  endfacet
  facet normal 0 0 1
    outer loop
      vertex 25.1609 24.1016 8.4
      vertex 23.9204 23.0136 8.4
      vertex 24.0322 22.8942 8.4
    endloop
  endfacet
  facet normal 0 0 1
    outer loop
      vertex 24.9951 24.9352 8.4
      vertex 23.4327 25.4656 8.4
      vertex 24.979 24.882 8.4
    endloop
  endfacet
  facet normal 0 0 1
    outer loop
      vertex 25.1257 24.1446 8.4
      vertex 23.8166 23.1401 8.4
      vertex 23.9204 23.0136 8.4
    endloop
  endfacet
  facet normal -0 0 1
    outer loop
      vertex 23.3852 25.309 8.4
      vertex 24.979 24.882 8.4
      vertex 23.4327 25.4656 8.4
    endloop
  endfacet
  facet normal 0 0 1
    outer loop
      vertex 25.0933 24.1898 8.4
      vertex 23.7213 23.2731 8.4
      vertex 23.8166 23.1401 8.4
    endloop
  endfacet
  facet normal 0 0 1
    outer loop
      vertex 24.979 24.882 8.4
      vertex 23.3852 25.309 8.4
      vertex 24.9663 24.8278 8.4
    endloop
  endfacet
  facet normal 0 0 1
    outer loop
      vertex 25.0639 24.237 8.4
      vertex 23.6349 23.412 8.4
      vertex 23.7213 23.2731 8.4
    endloop
  endfacet
  facet normal -0 0 1
    outer loop
      vertex 23.348 25.1497 8.4
      vertex 24.9663 24.8278 8.4
      vertex 23.3852 25.309 8.4
    endloop
  endfacet
  facet normal 0 0 1
    outer loop
      vertex 25.0377 24.2861 8.4
      vertex 23.5578 23.5563 8.4
      vertex 23.6349 23.412 8.4
    endloop
  endfacet
  facet normal 0 0 1
    outer loop
      vertex 24.9663 24.8278 8.4
      vertex 23.348 25.1497 8.4
      vertex 24.9573 24.7729 8.4
    endloop
  endfacet
  facet normal 0 0 1
    outer loop
      vertex 25.0147 24.3367 8.4
      vertex 23.4903 23.7053 8.4
      vertex 23.5578 23.5563 8.4
    endloop
  endfacet
  facet normal -0 0 1
    outer loop
      vertex 23.3214 24.9883 8.4
      vertex 24.9573 24.7729 8.4
      vertex 23.348 25.1497 8.4
    endloop
  endfacet
  facet normal 0 0 1
    outer loop
      vertex 24.9951 24.3888 8.4
      vertex 23.4327 23.8584 8.4
      vertex 23.4903 23.7053 8.4
    endloop
  endfacet
  facet normal 0 0 1
    outer loop
      vertex 24.9573 24.7729 8.4
      vertex 23.3214 24.9883 8.4
      vertex 24.9518 24.7176 8.4
    endloop
  endfacet
  facet normal 0 0 1
    outer loop
      vertex 24.979 24.442 8.4
      vertex 23.3852 24.015 8.4
      vertex 23.4327 23.8584 8.4
    endloop
  endfacet
  facet normal -0 0 1
    outer loop
      vertex 23.3054 24.8255 8.4
      vertex 24.9518 24.7176 8.4
      vertex 23.3214 24.9883 8.4
    endloop
  endfacet
  facet normal 0 0 1
    outer loop
      vertex 24.9663 24.4962 8.4
      vertex 23.348 24.1743 8.4
      vertex 23.3852 24.015 8.4
    endloop
  endfacet
  facet normal 0 0 1
    outer loop
      vertex 24.9518 24.7176 8.4
      vertex 23.3054 24.8255 8.4
      vertex 24.95 24.662 8.4
    endloop
  endfacet
  facet normal 0 0 1
    outer loop
      vertex 24.9573 24.5511 8.4
      vertex 23.3214 24.3357 8.4
      vertex 23.348 24.1743 8.4
    endloop
  endfacet
  facet normal 0 0 1
    outer loop
      vertex 23.3 24.662 8.4
      vertex 24.95 24.662 8.4
      vertex 23.3054 24.8255 8.4
    endloop
  endfacet
  facet normal 0 0 1
    outer loop
      vertex 24.9518 24.6064 8.4
      vertex 23.3054 24.4985 8.4
      vertex 23.3214 24.3357 8.4
    endloop
  endfacet
  facet normal 0 0 1
    outer loop
      vertex 24.95 24.662 8.4
      vertex 23.3 24.662 8.4
      vertex 23.3054 24.4985 8.4
    endloop
  endfacet
  facet normal 0 0 1
    outer loop
      vertex 27.8787 10.7731 8.4
      vertex 26.5067 11.6898 8.4
      vertex 27.7834 10.6401 8.4
    endloop
  endfacet
  facet normal -0 0 1
    outer loop
      vertex 26.4743 11.6446 8.4
      vertex 27.7834 10.6401 8.4
      vertex 26.5067 11.6898 8.4
    endloop
  endfacet
  facet normal 0 0 1
    outer loop
      vertex 27.7834 10.6401 8.4
      vertex 26.4743 11.6446 8.4
      vertex 27.6796 10.5136 8.4
    endloop
  endfacet
  facet normal -0 0 1
    outer loop
      vertex 26.4391 11.6016 8.4
      vertex 27.6796 10.5136 8.4
      vertex 26.4743 11.6446 8.4
    endloop
  endfacet
  facet normal 0 0 1
    outer loop
      vertex 27.6796 10.5136 8.4
      vertex 26.4391 11.6016 8.4
      vertex 27.5678 10.3942 8.4
    endloop
  endfacet
  facet normal -0 0 1
    outer loop
      vertex 26.401 11.561 8.4
      vertex 27.5678 10.3942 8.4
      vertex 26.4391 11.6016 8.4
    endloop
  endfacet
  facet normal 0 0 1
    outer loop
      vertex 27.5678 10.3942 8.4
      vertex 26.401 11.561 8.4
      vertex 27.4484 10.2824 8.4
    endloop
  endfacet
  facet normal -0 0 1
    outer loop
      vertex 26.3604 11.5229 8.4
      vertex 27.4484 10.2824 8.4
      vertex 26.401 11.561 8.4
    endloop
  endfacet
  facet normal 0 0 1
    outer loop
      vertex 27.4484 10.2824 8.4
      vertex 26.3604 11.5229 8.4
      vertex 27.3219 10.1786 8.4
    endloop
  endfacet
  facet normal -0 0 1
    outer loop
      vertex 26.3174 11.4876 8.4
      vertex 27.3219 10.1786 8.4
      vertex 26.3604 11.5229 8.4
    endloop
  endfacet
  facet normal 0 0 1
    outer loop
      vertex 27.3219 10.1786 8.4
      vertex 26.3174 11.4876 8.4
      vertex 27.1889 10.0833 8.4
    endloop
  endfacet
  facet normal -0 0 1
    outer loop
      vertex 26.2722 11.4553 8.4
      vertex 27.1889 10.0833 8.4
      vertex 26.3174 11.4876 8.4
    endloop
  endfacet
  facet normal 0 0 1
    outer loop
      vertex 27.1889 10.0833 8.4
      vertex 26.2722 11.4553 8.4
      vertex 27.05 9.99694 8.4
    endloop
  endfacet
  facet normal -0 0 1
    outer loop
      vertex 26.225 11.4259 8.4
      vertex 27.05 9.99694 8.4
      vertex 26.2722 11.4553 8.4
    endloop
  endfacet
  facet normal 0 0 1
    outer loop
      vertex 27.05 9.99694 8.4
      vertex 26.225 11.4259 8.4
      vertex 26.9057 9.91982 8.4
    endloop
  endfacet
  facet normal -0 0 1
    outer loop
      vertex 26.1759 11.3997 8.4
      vertex 26.9057 9.91982 8.4
      vertex 26.225 11.4259 8.4
    endloop
  endfacet
  facet normal 0 0 1
    outer loop
      vertex 26.9057 9.91982 8.4
      vertex 26.1759 11.3997 8.4
      vertex 26.7567 9.8523 8.4
    endloop
  endfacet
  facet normal -0 0 1
    outer loop
      vertex 26.1253 11.3767 8.4
      vertex 26.7567 9.8523 8.4
      vertex 26.1759 11.3997 8.4
    endloop
  endfacet
  facet normal 0 0 1
    outer loop
      vertex 26.7567 9.8523 8.4
      vertex 26.1253 11.3767 8.4
      vertex 26.6036 9.79467 8.4
    endloop
  endfacet
  facet normal -0 0 1
    outer loop
      vertex 26.0732 11.3571 8.4
      vertex 26.6036 9.79467 8.4
      vertex 26.1253 11.3767 8.4
    endloop
  endfacet
  facet normal 0 0 1
    outer loop
      vertex 26.6036 9.79467 8.4
      vertex 26.0732 11.3571 8.4
      vertex 26.447 9.74719 8.4
    endloop
  endfacet
  facet normal -0 0 1
    outer loop
      vertex 26.02 11.341 8.4
      vertex 26.447 9.74719 8.4
      vertex 26.0732 11.3571 8.4
    endloop
  endfacet
  facet normal 0 0 1
    outer loop
      vertex 26.447 9.74719 8.4
      vertex 26.02 11.341 8.4
      vertex 26.2877 9.71004 8.4
    endloop
  endfacet
  facet normal -0 0 1
    outer loop
      vertex 25.9658 11.3283 8.4
      vertex 26.2877 9.71004 8.4
      vertex 26.02 11.341 8.4
    endloop
  endfacet
  facet normal 0 0 1
    outer loop
      vertex 26.2877 9.71004 8.4
      vertex 25.9658 11.3283 8.4
      vertex 26.1263 9.68339 8.4
    endloop
  endfacet
  facet normal -0 0 1
    outer loop
      vertex 25.9109 11.3193 8.4
      vertex 26.1263 9.68339 8.4
      vertex 25.9658 11.3283 8.4
    endloop
  endfacet
  facet normal 0 0 1
    outer loop
      vertex 26.1263 9.68339 8.4
      vertex 25.9109 11.3193 8.4
      vertex 25.9635 9.66735 8.4
    endloop
  endfacet
  facet normal -0 0 1
    outer loop
      vertex 25.8556 11.3138 8.4
      vertex 25.9635 9.66735 8.4
      vertex 25.9109 11.3193 8.4
    endloop
  endfacet
  facet normal -0 0 1
    outer loop
      vertex 25.8 11.312 8.4
      vertex 25.9635 9.66735 8.4
      vertex 25.8556 11.3138 8.4
    endloop
  endfacet
  facet normal 0 0 1
    outer loop
      vertex 25.8 11.312 8.4
      vertex 25.8 9.662 8.4
      vertex 25.9635 9.66735 8.4
    endloop
  endfacet
  facet normal 0 0 1
    outer loop
      vertex 25.7444 11.3138 8.4
      vertex 25.8 9.662 8.4
      vertex 25.8 11.312 8.4
    endloop
  endfacet
  facet normal 0 0 1
    outer loop
      vertex 25.6365 9.66735 8.4
      vertex 25.7444 11.3138 8.4
      vertex 25.6891 11.3193 8.4
    endloop
  endfacet
  facet normal 0 0 1
    outer loop
      vertex 25.7444 11.3138 8.4
      vertex 25.6365 9.66735 8.4
      vertex 25.8 9.662 8.4
    endloop
  endfacet
  facet normal 0 0 1
    outer loop
      vertex 25.4737 9.68339 8.4
      vertex 25.6891 11.3193 8.4
      vertex 25.6342 11.3283 8.4
    endloop
  endfacet
  facet normal 0 0 1
    outer loop
      vertex 25.3123 9.71004 8.4
      vertex 25.6342 11.3283 8.4
      vertex 25.58 11.341 8.4
    endloop
  endfacet
  facet normal 0 0 1
    outer loop
      vertex 25.153 9.74719 8.4
      vertex 25.58 11.341 8.4
      vertex 25.5268 11.3571 8.4
    endloop
  endfacet
  facet normal 0 0 1
    outer loop
      vertex 24.9964 9.79467 8.4
      vertex 25.5268 11.3571 8.4
      vertex 25.4747 11.3767 8.4
    endloop
  endfacet
  facet normal 0 0 1
    outer loop
      vertex 25.6891 11.3193 8.4
      vertex 25.4737 9.68339 8.4
      vertex 25.6365 9.66735 8.4
    endloop
  endfacet
  facet normal 0 0 1
    outer loop
      vertex 24.8433 9.8523 8.4
      vertex 25.4747 11.3767 8.4
      vertex 25.4241 11.3997 8.4
    endloop
  endfacet
  facet normal 0 0 1
    outer loop
      vertex 24.6943 9.91982 8.4
      vertex 25.4241 11.3997 8.4
      vertex 25.375 11.4259 8.4
    endloop
  endfacet
  facet normal 0 0 1
    outer loop
      vertex 24.55 9.99694 8.4
      vertex 25.375 11.4259 8.4
      vertex 25.3278 11.4553 8.4
    endloop
  endfacet
  facet normal 0 0 1
    outer loop
      vertex 25.6342 11.3283 8.4
      vertex 25.3123 9.71004 8.4
      vertex 25.4737 9.68339 8.4
    endloop
  endfacet
  facet normal 0 0 1
    outer loop
      vertex 24.4111 10.0833 8.4
      vertex 25.3278 11.4553 8.4
      vertex 25.2826 11.4876 8.4
    endloop
  endfacet
  facet normal 0 0 1
    outer loop
      vertex 24.2781 10.1786 8.4
      vertex 25.2826 11.4876 8.4
      vertex 25.2396 11.5229 8.4
    endloop
  endfacet
  facet normal 0 0 1
    outer loop
      vertex 24.1516 10.2824 8.4
      vertex 25.2396 11.5229 8.4
      vertex 25.199 11.561 8.4
    endloop
  endfacet
  facet normal 0 0 1
    outer loop
      vertex 24.0322 10.3942 8.4
      vertex 25.199 11.561 8.4
      vertex 25.1609 11.6016 8.4
    endloop
  endfacet
  facet normal 0 0 1
    outer loop
      vertex 25.58 11.341 8.4
      vertex 25.153 9.74719 8.4
      vertex 25.3123 9.71004 8.4
    endloop
  endfacet
  facet normal 0 0 1
    outer loop
      vertex 23.9204 10.5136 8.4
      vertex 25.1609 11.6016 8.4
      vertex 25.1257 11.6446 8.4
    endloop
  endfacet
  facet normal 0 0 1
    outer loop
      vertex 23.8166 10.6401 8.4
      vertex 25.1257 11.6446 8.4
      vertex 25.0933 11.6898 8.4
    endloop
  endfacet
  facet normal 0 0 1
    outer loop
      vertex 23.7213 10.7731 8.4
      vertex 25.0933 11.6898 8.4
      vertex 25.0639 11.737 8.4
    endloop
  endfacet
  facet normal 0 0 1
    outer loop
      vertex 23.6349 10.912 8.4
      vertex 25.0639 11.737 8.4
      vertex 25.0377 11.7861 8.4
    endloop
  endfacet
  facet normal 0 0 1
    outer loop
      vertex 23.5578 11.0563 8.4
      vertex 25.0377 11.7861 8.4
      vertex 25.0147 11.8367 8.4
    endloop
  endfacet
  facet normal 0 0 1
    outer loop
      vertex 25.5268 11.3571 8.4
      vertex 24.9964 9.79467 8.4
      vertex 25.153 9.74719 8.4
    endloop
  endfacet
  facet normal 0 0 1
    outer loop
      vertex 23.4903 11.2053 8.4
      vertex 25.0147 11.8367 8.4
      vertex 24.9951 11.8888 8.4
    endloop
  endfacet
  facet normal 0 0 1
    outer loop
      vertex 23.4327 11.3584 8.4
      vertex 24.9951 11.8888 8.4
      vertex 24.979 11.942 8.4
    endloop
  endfacet
  facet normal 0 0 1
    outer loop
      vertex 23.3852 11.515 8.4
      vertex 24.979 11.942 8.4
      vertex 24.9663 11.9962 8.4
    endloop
  endfacet
  facet normal 0 0 1
    outer loop
      vertex 23.348 11.6743 8.4
      vertex 24.9663 11.9962 8.4
      vertex 24.9573 12.0511 8.4
    endloop
  endfacet
  facet normal 0 0 1
    outer loop
      vertex 23.3214 11.8357 8.4
      vertex 24.9573 12.0511 8.4
      vertex 24.9518 12.1064 8.4
    endloop
  endfacet
  facet normal 0 0 1
    outer loop
      vertex 23.3054 11.9985 8.4
      vertex 24.9518 12.1064 8.4
      vertex 24.95 12.162 8.4
    endloop
  endfacet
  facet normal 0 0 1
    outer loop
      vertex 25.0933 12.6342 8.4
      vertex 23.7213 13.5509 8.4
      vertex 25.0639 12.587 8.4
    endloop
  endfacet
  facet normal 0 0 1
    outer loop
      vertex 25.4747 11.3767 8.4
      vertex 24.8433 9.8523 8.4
      vertex 24.9964 9.79467 8.4
    endloop
  endfacet
  facet normal -0 0 1
    outer loop
      vertex 23.6349 13.412 8.4
      vertex 25.0639 12.587 8.4
      vertex 23.7213 13.5509 8.4
    endloop
  endfacet
  facet normal 0 0 1
    outer loop
      vertex 25.4241 11.3997 8.4
      vertex 24.6943 9.91982 8.4
      vertex 24.8433 9.8523 8.4
    endloop
  endfacet
  facet normal 0 0 1
    outer loop
      vertex 25.0639 12.587 8.4
      vertex 23.6349 13.412 8.4
      vertex 25.0377 12.5379 8.4
    endloop
  endfacet
  facet normal 0 0 1
    outer loop
      vertex 25.375 11.4259 8.4
      vertex 24.55 9.99694 8.4
      vertex 24.6943 9.91982 8.4
    endloop
  endfacet
  facet normal -0 0 1
    outer loop
      vertex 23.5578 13.2677 8.4
      vertex 25.0377 12.5379 8.4
      vertex 23.6349 13.412 8.4
    endloop
  endfacet
  facet normal 0 0 1
    outer loop
      vertex 25.3278 11.4553 8.4
      vertex 24.4111 10.0833 8.4
      vertex 24.55 9.99694 8.4
    endloop
  endfacet
  facet normal 0 0 1
    outer loop
      vertex 25.0377 12.5379 8.4
      vertex 23.5578 13.2677 8.4
      vertex 25.0147 12.4873 8.4
    endloop
  endfacet
  facet normal 0 0 1
    outer loop
      vertex 25.2826 11.4876 8.4
      vertex 24.2781 10.1786 8.4
      vertex 24.4111 10.0833 8.4
    endloop
  endfacet
  facet normal -0 0 1
    outer loop
      vertex 23.4903 13.1187 8.4
      vertex 25.0147 12.4873 8.4
      vertex 23.5578 13.2677 8.4
    endloop
  endfacet
  facet normal 0 0 1
    outer loop
      vertex 25.2396 11.5229 8.4
      vertex 24.1516 10.2824 8.4
      vertex 24.2781 10.1786 8.4
    endloop
  endfacet
  facet normal 0 0 1
    outer loop
      vertex 25.0147 12.4873 8.4
      vertex 23.4903 13.1187 8.4
      vertex 24.9951 12.4352 8.4
    endloop
  endfacet
  facet normal 0 0 1
    outer loop
      vertex 25.199 11.561 8.4
      vertex 24.0322 10.3942 8.4
      vertex 24.1516 10.2824 8.4
    endloop
  endfacet
  facet normal -0 0 1
    outer loop
      vertex 23.4327 12.9656 8.4
      vertex 24.9951 12.4352 8.4
      vertex 23.4903 13.1187 8.4
    endloop
  endfacet
  facet normal 0 0 1
    outer loop
      vertex 25.1609 11.6016 8.4
      vertex 23.9204 10.5136 8.4
      vertex 24.0322 10.3942 8.4
    endloop
  endfacet
  facet normal 0 0 1
    outer loop
      vertex 24.9951 12.4352 8.4
      vertex 23.4327 12.9656 8.4
      vertex 24.979 12.382 8.4
    endloop
  endfacet
  facet normal 0 0 1
    outer loop
      vertex 25.1257 11.6446 8.4
      vertex 23.8166 10.6401 8.4
      vertex 23.9204 10.5136 8.4
    endloop
  endfacet
  facet normal -0 0 1
    outer loop
      vertex 23.3852 12.809 8.4
      vertex 24.979 12.382 8.4
      vertex 23.4327 12.9656 8.4
    endloop
  endfacet
  facet normal 0 0 1
    outer loop
      vertex 25.0933 11.6898 8.4
      vertex 23.7213 10.7731 8.4
      vertex 23.8166 10.6401 8.4
    endloop
  endfacet
  facet normal 0 0 1
    outer loop
      vertex 24.979 12.382 8.4
      vertex 23.3852 12.809 8.4
      vertex 24.9663 12.3278 8.4
    endloop
  endfacet
  facet normal 0 0 1
    outer loop
      vertex 25.0639 11.737 8.4
      vertex 23.6349 10.912 8.4
      vertex 23.7213 10.7731 8.4
    endloop
  endfacet
  facet normal -0 0 1
    outer loop
      vertex 23.348 12.6497 8.4
      vertex 24.9663 12.3278 8.4
      vertex 23.3852 12.809 8.4
    endloop
  endfacet
  facet normal 0 0 1
    outer loop
      vertex 25.0377 11.7861 8.4
      vertex 23.5578 11.0563 8.4
      vertex 23.6349 10.912 8.4
    endloop
  endfacet
  facet normal 0 0 1
    outer loop
      vertex 24.9663 12.3278 8.4
      vertex 23.348 12.6497 8.4
      vertex 24.9573 12.2729 8.4
    endloop
  endfacet
  facet normal 0 0 1
    outer loop
      vertex 25.0147 11.8367 8.4
      vertex 23.4903 11.2053 8.4
      vertex 23.5578 11.0563 8.4
    endloop
  endfacet
  facet normal -0 0 1
    outer loop
      vertex 23.3214 12.4883 8.4
      vertex 24.9573 12.2729 8.4
      vertex 23.348 12.6497 8.4
    endloop
  endfacet
  facet normal 0 0 1
    outer loop
      vertex 24.9951 11.8888 8.4
      vertex 23.4327 11.3584 8.4
      vertex 23.4903 11.2053 8.4
    endloop
  endfacet
  facet normal 0 0 1
    outer loop
      vertex 24.9573 12.2729 8.4
      vertex 23.3214 12.4883 8.4
      vertex 24.9518 12.2176 8.4
    endloop
  endfacet
  facet normal 0 0 1
    outer loop
      vertex 24.979 11.942 8.4
      vertex 23.3852 11.515 8.4
      vertex 23.4327 11.3584 8.4
    endloop
  endfacet
  facet normal -0 0 1
    outer loop
      vertex 23.3054 12.3255 8.4
      vertex 24.9518 12.2176 8.4
      vertex 23.3214 12.4883 8.4
    endloop
  endfacet
  facet normal 0 0 1
    outer loop
      vertex 24.9663 11.9962 8.4
      vertex 23.348 11.6743 8.4
      vertex 23.3852 11.515 8.4
    endloop
  endfacet
  facet normal 0 0 1
    outer loop
      vertex 24.9518 12.2176 8.4
      vertex 23.3054 12.3255 8.4
      vertex 24.95 12.162 8.4
    endloop
  endfacet
  facet normal 0 0 1
    outer loop
      vertex 24.9573 12.0511 8.4
      vertex 23.3214 11.8357 8.4
      vertex 23.348 11.6743 8.4
    endloop
  endfacet
  facet normal 0 0 1
    outer loop
      vertex 23.3 12.162 8.4
      vertex 24.95 12.162 8.4
      vertex 23.3054 12.3255 8.4
    endloop
  endfacet
  facet normal 0 0 1
    outer loop
      vertex 24.9518 12.1064 8.4
      vertex 23.3054 11.9985 8.4
      vertex 23.3214 11.8357 8.4
    endloop
  endfacet
  facet normal 0 0 1
    outer loop
      vertex 24.95 12.162 8.4
      vertex 23.3 12.162 8.4
      vertex 23.3054 11.9985 8.4
    endloop
  endfacet
  facet normal 0 0 1
    outer loop
      vertex 25.3278 25.3687 8.4
      vertex 24.4111 26.7407 8.4
      vertex 25.2826 25.3363 8.4
    endloop
  endfacet
  facet normal -0 0 1
    outer loop
      vertex 24.2781 26.6454 8.4
      vertex 25.2826 25.3363 8.4
      vertex 24.4111 26.7407 8.4
    endloop
  endfacet
  facet normal 0 0 1
    outer loop
      vertex 25.2826 25.3363 8.4
      vertex 24.2781 26.6454 8.4
      vertex 25.2396 25.3011 8.4
    endloop
  endfacet
  facet normal -0 0 1
    outer loop
      vertex 24.1516 26.5416 8.4
      vertex 25.2396 25.3011 8.4
      vertex 24.2781 26.6454 8.4
    endloop
  endfacet
  facet normal 0 0 1
    outer loop
      vertex 25.2396 25.3011 8.4
      vertex 24.1516 26.5416 8.4
      vertex 25.199 25.263 8.4
    endloop
  endfacet
  facet normal -0 0 1
    outer loop
      vertex 24.0322 26.4298 8.4
      vertex 25.199 25.263 8.4
      vertex 24.1516 26.5416 8.4
    endloop
  endfacet
  facet normal 0 0 1
    outer loop
      vertex 25.199 25.263 8.4
      vertex 24.0322 26.4298 8.4
      vertex 25.1609 25.2224 8.4
    endloop
  endfacet
  facet normal -0 0 1
    outer loop
      vertex 23.9204 26.3104 8.4
      vertex 25.1609 25.2224 8.4
      vertex 24.0322 26.4298 8.4
    endloop
  endfacet
  facet normal 0 0 1
    outer loop
      vertex 25.1609 25.2224 8.4
      vertex 23.9204 26.3104 8.4
      vertex 25.1257 25.1794 8.4
    endloop
  endfacet
  facet normal -0 0 1
    outer loop
      vertex 23.8166 26.1839 8.4
      vertex 25.1257 25.1794 8.4
      vertex 23.9204 26.3104 8.4
    endloop
  endfacet
  facet normal 0 0 1
    outer loop
      vertex 25.1257 25.1794 8.4
      vertex 23.8166 26.1839 8.4
      vertex 25.0933 25.1342 8.4
    endloop
  endfacet
  facet normal -0 0 1
    outer loop
      vertex 23.7213 26.0509 8.4
      vertex 25.0933 25.1342 8.4
      vertex 23.8166 26.1839 8.4
    endloop
  endfacet
  facet normal 1 0 0
    outer loop
      vertex 36.6 17.231 4.61863
      vertex 36.6 29.462 8.4
      vertex 36.6 17.231 6.88137
    endloop
  endfacet
  facet normal 1 0 0
    outer loop
      vertex 36.6 29.462 8.4
      vertex 36.6 12.231 6.88137
      vertex 36.6 17.231 6.88137
    endloop
  endfacet
  facet normal 1 0 0
    outer loop
      vertex 36.6 12.231 6.88137
      vertex 36.6 0 8.4
      vertex 36.6 12.231 4.61863
    endloop
  endfacet
  facet normal 1 -0 0
    outer loop
      vertex 36.6 0 8.4
      vertex 36.6 12.231 6.88137
      vertex 36.6 29.462 8.4
    endloop
  endfacet
  facet normal 1 0 0
    outer loop
      vertex 36.6 29.462 8.4
      vertex 36.6 17.231 4.61863
      vertex 36.6 29.462 0
    endloop
  endfacet
  facet normal 1 -0 0
    outer loop
      vertex 36.6 12.231 4.61863
      vertex 36.6 29.462 0
      vertex 36.6 17.231 4.61863
    endloop
  endfacet
  facet normal 1 0 0
    outer loop
      vertex 36.6 12.231 4.61863
      vertex 36.6 0 0
      vertex 36.6 29.462 0
    endloop
  endfacet
  facet normal 1 0 0
    outer loop
      vertex 36.6 0 0
      vertex 36.6 12.231 4.61863
      vertex 36.6 0 8.4
    endloop
  endfacet
  facet normal 0 1 0
    outer loop
      vertex 36.6 29.462 8.4
      vertex 17.8 29.462 6.88137
      vertex -6 29.462 8.4
    endloop
  endfacet
  facet normal 0 1 0
    outer loop
      vertex 36.6 29.462 8.4
      vertex 17.8 29.462 4.61863
      vertex 17.8 29.462 6.88137
    endloop
  endfacet
  facet normal 0 1 0
    outer loop
      vertex 17.8 29.462 4.61863
      vertex 36.6 29.462 0
      vertex 12.8 29.462 4.61863
    endloop
  endfacet
  facet normal 0 1 -0
    outer loop
      vertex 36.6 29.462 0
      vertex 17.8 29.462 4.61863
      vertex 36.6 29.462 8.4
    endloop
  endfacet
  facet normal 0 1 -0
    outer loop
      vertex 12.8 29.462 6.88137
      vertex -6 29.462 8.4
      vertex 17.8 29.462 6.88137
    endloop
  endfacet
  facet normal 0 1 -0
    outer loop
      vertex 12.8 29.462 4.61863
      vertex -6 29.462 8.4
      vertex 12.8 29.462 6.88137
    endloop
  endfacet
  facet normal 0 1 0
    outer loop
      vertex 12.8 29.462 4.61863
      vertex -6 29.462 0
      vertex -6 29.462 8.4
    endloop
  endfacet
  facet normal 0 1 0
    outer loop
      vertex -6 29.462 0
      vertex 12.8 29.462 4.61863
      vertex 36.6 29.462 0
    endloop
  endfacet
  facet normal 0 0 -1
    outer loop
      vertex 34 -12.9 0
      vertex 30 -12.9 0
      vertex 34 0 0
    endloop
  endfacet
  facet normal 0 0 -1
    outer loop
      vertex 34 0 0
      vertex 36.6 29.462 0
      vertex 36.6 0 0
    endloop
  endfacet
  facet normal 0 0 -1
    outer loop
      vertex 30 0 0
      vertex 34 0 0
      vertex 30 -12.9 0
    endloop
  endfacet
  facet normal 0 0 -1
    outer loop
      vertex 34 0 0
      vertex 30 0 0
      vertex 36.6 29.462 0
    endloop
  endfacet
  facet normal 0 0 -1
    outer loop
      vertex -6 29.462 0
      vertex 30 0 0
      vertex -6 0 0
    endloop
  endfacet
  facet normal 0 0 -1
    outer loop
      vertex 30 0 0
      vertex -6 29.462 0
      vertex 36.6 29.462 0
    endloop
  endfacet
  facet normal 0 -1 0
    outer loop
      vertex 34 0 0
      vertex 36.6 0 8.4
      vertex 34 0 8.4
    endloop
  endfacet
  facet normal 0 -1 -0
    outer loop
      vertex 36.6 0 8.4
      vertex 34 0 0
      vertex 36.6 0 0
    endloop
  endfacet
  facet normal 0 -1 0
    outer loop
      vertex -6 0 8.4
      vertex 6.3 0 5.8
      vertex 6.3 0 8.4
    endloop
  endfacet
  facet normal 0 -1 0
    outer loop
      vertex 30 0 0
      vertex 6.3 0 5.8
      vertex -6 0 0
    endloop
  endfacet
  facet normal 0 -1 0
    outer loop
      vertex -6 0 0
      vertex 6.3 0 5.8
      vertex -6 0 8.4
    endloop
  endfacet
  facet normal 0 -1 0
    outer loop
      vertex 24.3 0 5.8
      vertex 30 0 8.4
      vertex 24.3 0 8.4
    endloop
  endfacet
  facet normal 0 -1 0
    outer loop
      vertex 24.3 0 5.8
      vertex 30 0 0
      vertex 30 0 8.4
    endloop
  endfacet
  facet normal 0 -1 0
    outer loop
      vertex 6.3 0 5.8
      vertex 30 0 0
      vertex 24.3 0 5.8
    endloop
  endfacet
  facet normal 1 -0 0
    outer loop
      vertex 2.4 2.4 8.4
      vertex 2.4 11.4661 2.4
      vertex 2.4 11.4661 8.4
    endloop
  endfacet
  facet normal 1 0 0
    outer loop
      vertex 2.4 11.4661 2.4
      vertex 2.4 2.4 8.4
      vertex 2.4 2.4 2.4
    endloop
  endfacet
  facet normal 1 -0 0
    outer loop
      vertex 2.4 25.3579 8.4
      vertex 2.4 27.062 2.4
      vertex 2.4 27.062 8.4
    endloop
  endfacet
  facet normal 1 0 0
    outer loop
      vertex 2.4 27.062 2.4
      vertex 2.4 25.3579 8.4
      vertex 2.4 25.3579 2.4
    endloop
  endfacet
  facet normal 1 -0 0
    outer loop
      vertex 2.4 12.8579 8.4
      vertex 2.4 23.9661 2.4
      vertex 2.4 23.9661 8.4
    endloop
  endfacet
  facet normal 1 0 0
    outer loop
      vertex 2.4 23.9661 2.4
      vertex 2.4 12.8579 8.4
      vertex 2.4 12.8579 2.4
    endloop
  endfacet
  facet normal -1 0 0
    outer loop
      vertex 28.2 25.3579 2.4
      vertex 28.2 27.062 8.4
      vertex 28.2 27.062 2.4
    endloop
  endfacet
  facet normal -1 -0 0
    outer loop
      vertex 28.2 27.062 8.4
      vertex 28.2 25.3579 2.4
      vertex 28.2 25.3579 8.4
    endloop
  endfacet
  facet normal -1 0 0
    outer loop
      vertex 28.2 2.4 2.4
      vertex 28.2 11.4661 8.4
      vertex 28.2 11.4661 2.4
    endloop
  endfacet
  facet normal -1 -0 0
    outer loop
      vertex 28.2 11.4661 8.4
      vertex 28.2 2.4 2.4
      vertex 28.2 2.4 8.4
    endloop
  endfacet
  facet normal -1 0 0
    outer loop
      vertex 28.2 12.8579 2.4
      vertex 28.2 23.9661 8.4
      vertex 28.2 23.9661 2.4
    endloop
  endfacet
  facet normal -1 -0 0
    outer loop
      vertex 28.2 23.9661 8.4
      vertex 28.2 12.8579 2.4
      vertex 28.2 12.8579 8.4
    endloop
  endfacet
  facet normal 0 -1 0
    outer loop
      vertex 26.4959 27.062 2.4
      vertex 28.2 27.062 8.4
      vertex 26.4959 27.062 8.4
    endloop
  endfacet
  facet normal 0 -1 -0
    outer loop
      vertex 28.2 27.062 8.4
      vertex 26.4959 27.062 2.4
      vertex 28.2 27.062 2.4
    endloop
  endfacet
  facet normal 0 -1 0
    outer loop
      vertex 2.4 27.062 2.4
      vertex 4.10412 27.062 8.4
      vertex 2.4 27.062 8.4
    endloop
  endfacet
  facet normal 0 -1 -0
    outer loop
      vertex 4.10412 27.062 8.4
      vertex 2.4 27.062 2.4
      vertex 4.10412 27.062 2.4
    endloop
  endfacet
  facet normal 0 -1 0
    outer loop
      vertex 5.49588 27.062 2.4
      vertex 25.1041 27.062 8.4
      vertex 5.49588 27.062 8.4
    endloop
  endfacet
  facet normal 0 -1 -0
    outer loop
      vertex 25.1041 27.062 8.4
      vertex 5.49588 27.062 2.4
      vertex 25.1041 27.062 2.4
    endloop
  endfacet
  facet normal 0 0 1
    outer loop
      vertex 23.4327 23.8584 2.4
      vertex 7.16733 23.8584 2.4
      vertex 23.4903 23.7053 2.4
    endloop
  endfacet
  facet normal 0 0 1
    outer loop
      vertex 23.6349 13.412 2.4
      vertex 7.29465 12.3255 2.4
      vertex 7.3 12.162 2.4
    endloop
  endfacet
  facet normal 0 0 1
    outer loop
      vertex 7.1097 23.7053 2.4
      vertex 23.4903 23.7053 2.4
      vertex 7.16733 23.8584 2.4
    endloop
  endfacet
  facet normal 0 0 1
    outer loop
      vertex 23.6349 13.412 2.4
      vertex 7.27861 12.4883 2.4
      vertex 7.29465 12.3255 2.4
    endloop
  endfacet
  facet normal 0 0 1
    outer loop
      vertex 23.4903 23.7053 2.4
      vertex 7.1097 23.7053 2.4
      vertex 23.5578 23.5563 2.4
    endloop
  endfacet
  facet normal 0 0 1
    outer loop
      vertex 23.6349 13.412 2.4
      vertex 7.25196 12.6497 2.4
      vertex 7.27861 12.4883 2.4
    endloop
  endfacet
  facet normal 0 0 1
    outer loop
      vertex 7.04218 23.5563 2.4
      vertex 23.5578 23.5563 2.4
      vertex 7.1097 23.7053 2.4
    endloop
  endfacet
  facet normal 0 0 1
    outer loop
      vertex 23.6349 13.412 2.4
      vertex 7.21481 12.809 2.4
      vertex 7.25196 12.6497 2.4
    endloop
  endfacet
  facet normal 0 0 1
    outer loop
      vertex 23.5578 23.5563 2.4
      vertex 7.04218 23.5563 2.4
      vertex 23.6349 23.412 2.4
    endloop
  endfacet
  facet normal 0 0 1
    outer loop
      vertex 23.6349 13.412 2.4
      vertex 7.16733 12.9656 2.4
      vertex 7.21481 12.809 2.4
    endloop
  endfacet
  facet normal 0 0 1
    outer loop
      vertex 6.96506 23.412 2.4
      vertex 23.6349 23.412 2.4
      vertex 7.04218 23.5563 2.4
    endloop
  endfacet
  facet normal 0 0 1
    outer loop
      vertex 23.6349 13.412 2.4
      vertex 7.1097 13.1187 2.4
      vertex 7.16733 12.9656 2.4
    endloop
  endfacet
  facet normal 0 0 1
    outer loop
      vertex 23.6349 23.412 2.4
      vertex 6.96506 23.412 2.4
      vertex 23.6349 13.412 2.4
    endloop
  endfacet
  facet normal 0 0 1
    outer loop
      vertex 23.6349 13.412 2.4
      vertex 7.04218 13.2677 2.4
      vertex 7.1097 13.1187 2.4
    endloop
  endfacet
  facet normal 0 0 1
    outer loop
      vertex 6.96506 13.412 2.4
      vertex 23.6349 13.412 2.4
      vertex 6.96506 23.412 2.4
    endloop
  endfacet
  facet normal 0 0 1
    outer loop
      vertex 23.6349 13.412 2.4
      vertex 6.96506 13.412 2.4
      vertex 7.04218 13.2677 2.4
    endloop
  endfacet
  facet normal -0 0 1
    outer loop
      vertex 6.87867 23.2731 2.4
      vertex 6.96506 13.412 2.4
      vertex 6.96506 23.412 2.4
    endloop
  endfacet
  facet normal 0 0 1
    outer loop
      vertex 6.87867 23.2731 2.4
      vertex 6.87867 13.5509 2.4
      vertex 6.96506 13.412 2.4
    endloop
  endfacet
  facet normal -0 0 1
    outer loop
      vertex 6.78338 23.1401 2.4
      vertex 6.87867 13.5509 2.4
      vertex 6.87867 23.2731 2.4
    endloop
  endfacet
  facet normal 0 0 1
    outer loop
      vertex 6.78338 23.1401 2.4
      vertex 6.78338 13.6839 2.4
      vertex 6.87867 13.5509 2.4
    endloop
  endfacet
  facet normal -0 0 1
    outer loop
      vertex 6.6796 23.0136 2.4
      vertex 6.78338 13.6839 2.4
      vertex 6.78338 23.1401 2.4
    endloop
  endfacet
  facet normal 0 0 1
    outer loop
      vertex 6.6796 23.0136 2.4
      vertex 6.6796 13.8104 2.4
      vertex 6.78338 13.6839 2.4
    endloop
  endfacet
  facet normal -0 0 1
    outer loop
      vertex 6.56777 22.8942 2.4
      vertex 6.6796 13.8104 2.4
      vertex 6.6796 23.0136 2.4
    endloop
  endfacet
  facet normal 0 0 1
    outer loop
      vertex 6.56777 22.8942 2.4
      vertex 6.56777 13.9298 2.4
      vertex 6.6796 13.8104 2.4
    endloop
  endfacet
  facet normal -0 0 1
    outer loop
      vertex 6.44836 22.7824 2.4
      vertex 6.56777 13.9298 2.4
      vertex 6.56777 22.8942 2.4
    endloop
  endfacet
  facet normal 0 0 1
    outer loop
      vertex 6.44836 22.7824 2.4
      vertex 6.44836 14.0416 2.4
      vertex 6.56777 13.9298 2.4
    endloop
  endfacet
  facet normal -0 0 1
    outer loop
      vertex 6.3219 22.6786 2.4
      vertex 6.44836 14.0416 2.4
      vertex 6.44836 22.7824 2.4
    endloop
  endfacet
  facet normal 0 0 1
    outer loop
      vertex 6.3219 22.6786 2.4
      vertex 6.3219 14.1454 2.4
      vertex 6.44836 14.0416 2.4
    endloop
  endfacet
  facet normal -0 0 1
    outer loop
      vertex 6.18893 22.5833 2.4
      vertex 6.3219 14.1454 2.4
      vertex 6.3219 22.6786 2.4
    endloop
  endfacet
  facet normal 0 0 1
    outer loop
      vertex 6.18893 22.5833 2.4
      vertex 6.18893 14.2407 2.4
      vertex 6.3219 14.1454 2.4
    endloop
  endfacet
  facet normal -0 0 1
    outer loop
      vertex 6.05 22.4969 2.4
      vertex 6.18893 14.2407 2.4
      vertex 6.18893 22.5833 2.4
    endloop
  endfacet
  facet normal 0 0 1
    outer loop
      vertex 6.05 22.4969 2.4
      vertex 6.05 14.3271 2.4
      vertex 6.18893 14.2407 2.4
    endloop
  endfacet
  facet normal -0 0 1
    outer loop
      vertex 5.90572 22.4198 2.4
      vertex 6.05 14.3271 2.4
      vertex 6.05 22.4969 2.4
    endloop
  endfacet
  facet normal 0 0 1
    outer loop
      vertex 5.90572 22.4198 2.4
      vertex 5.90572 14.4042 2.4
      vertex 6.05 14.3271 2.4
    endloop
  endfacet
  facet normal -0 0 1
    outer loop
      vertex 5.75671 22.3523 2.4
      vertex 5.90572 14.4042 2.4
      vertex 5.90572 22.4198 2.4
    endloop
  endfacet
  facet normal 0 0 1
    outer loop
      vertex 5.75671 22.3523 2.4
      vertex 5.75671 14.4717 2.4
      vertex 5.90572 14.4042 2.4
    endloop
  endfacet
  facet normal -0 0 1
    outer loop
      vertex 5.6036 22.2947 2.4
      vertex 5.75671 14.4717 2.4
      vertex 5.75671 22.3523 2.4
    endloop
  endfacet
  facet normal 0 0 1
    outer loop
      vertex 5.6036 22.2947 2.4
      vertex 5.6036 14.5293 2.4
      vertex 5.75671 14.4717 2.4
    endloop
  endfacet
  facet normal -0 0 1
    outer loop
      vertex 5.44705 22.2472 2.4
      vertex 5.6036 14.5293 2.4
      vertex 5.6036 22.2947 2.4
    endloop
  endfacet
  facet normal 0 0 1
    outer loop
      vertex 5.44705 22.2472 2.4
      vertex 5.44705 14.5768 2.4
      vertex 5.6036 14.5293 2.4
    endloop
  endfacet
  facet normal -0 0 1
    outer loop
      vertex 5.28773 22.21 2.4
      vertex 5.44705 14.5768 2.4
      vertex 5.44705 22.2472 2.4
    endloop
  endfacet
  facet normal 0 0 1
    outer loop
      vertex 5.28773 22.21 2.4
      vertex 5.28773 14.614 2.4
      vertex 5.44705 14.5768 2.4
    endloop
  endfacet
  facet normal -0 0 1
    outer loop
      vertex 5.12632 22.1834 2.4
      vertex 5.28773 14.614 2.4
      vertex 5.28773 22.21 2.4
    endloop
  endfacet
  facet normal 0 0 1
    outer loop
      vertex 5.12632 22.1834 2.4
      vertex 5.12632 14.6406 2.4
      vertex 5.28773 14.614 2.4
    endloop
  endfacet
  facet normal -0 0 1
    outer loop
      vertex 4.96351 22.1674 2.4
      vertex 5.12632 14.6406 2.4
      vertex 5.12632 22.1834 2.4
    endloop
  endfacet
  facet normal 0 0 1
    outer loop
      vertex 4.96351 22.1674 2.4
      vertex 4.96351 14.6566 2.4
      vertex 5.12632 14.6406 2.4
    endloop
  endfacet
  facet normal -0 0 1
    outer loop
      vertex 4.8 22.162 2.4
      vertex 4.96351 14.6566 2.4
      vertex 4.96351 22.1674 2.4
    endloop
  endfacet
  facet normal 0 0 1
    outer loop
      vertex 4.8 22.162 2.4
      vertex 4.8 14.662 2.4
      vertex 4.96351 14.6566 2.4
    endloop
  endfacet
  facet normal 0 0 1
    outer loop
      vertex 4.63649 22.1674 2.4
      vertex 4.8 14.662 2.4
      vertex 4.8 22.162 2.4
    endloop
  endfacet
  facet normal 0 0 1
    outer loop
      vertex 4.63649 22.1674 2.4
      vertex 4.63649 14.6566 2.4
      vertex 4.8 14.662 2.4
    endloop
  endfacet
  facet normal 0 0 1
    outer loop
      vertex 4.47369 22.1834 2.4
      vertex 4.63649 14.6566 2.4
      vertex 4.63649 22.1674 2.4
    endloop
  endfacet
  facet normal 0 0 1
    outer loop
      vertex 4.47369 22.1834 2.4
      vertex 4.47369 14.6406 2.4
      vertex 4.63649 14.6566 2.4
    endloop
  endfacet
  facet normal 0 0 1
    outer loop
      vertex 4.31227 22.21 2.4
      vertex 4.47369 14.6406 2.4
      vertex 4.47369 22.1834 2.4
    endloop
  endfacet
  facet normal 0 0 1
    outer loop
      vertex 4.31227 22.21 2.4
      vertex 4.31227 14.614 2.4
      vertex 4.47369 14.6406 2.4
    endloop
  endfacet
  facet normal 0 0 1
    outer loop
      vertex 4.15295 22.2472 2.4
      vertex 4.31227 14.614 2.4
      vertex 4.31227 22.21 2.4
    endloop
  endfacet
  facet normal 0 0 1
    outer loop
      vertex 4.15295 22.2472 2.4
      vertex 4.15295 14.5768 2.4
      vertex 4.31227 14.614 2.4
    endloop
  endfacet
  facet normal 0 0 1
    outer loop
      vertex 3.9964 22.2947 2.4
      vertex 4.15295 14.5768 2.4
      vertex 4.15295 22.2472 2.4
    endloop
  endfacet
  facet normal 0 0 1
    outer loop
      vertex 3.9964 22.2947 2.4
      vertex 3.9964 14.5293 2.4
      vertex 4.15295 14.5768 2.4
    endloop
  endfacet
  facet normal 0 0 1
    outer loop
      vertex 3.84329 22.3523 2.4
      vertex 3.9964 14.5293 2.4
      vertex 3.9964 22.2947 2.4
    endloop
  endfacet
  facet normal 0 0 1
    outer loop
      vertex 3.84329 22.3523 2.4
      vertex 3.84329 14.4717 2.4
      vertex 3.9964 14.5293 2.4
    endloop
  endfacet
  facet normal 0 0 1
    outer loop
      vertex 3.69428 22.4198 2.4
      vertex 3.84329 14.4717 2.4
      vertex 3.84329 22.3523 2.4
    endloop
  endfacet
  facet normal 0 0 1
    outer loop
      vertex 3.69428 22.4198 2.4
      vertex 3.69428 14.4042 2.4
      vertex 3.84329 14.4717 2.4
    endloop
  endfacet
  facet normal 0 0 1
    outer loop
      vertex 3.55 22.4969 2.4
      vertex 3.69428 14.4042 2.4
      vertex 3.69428 22.4198 2.4
    endloop
  endfacet
  facet normal 0 0 1
    outer loop
      vertex 3.55 22.4969 2.4
      vertex 3.55 14.3271 2.4
      vertex 3.69428 14.4042 2.4
    endloop
  endfacet
  facet normal 0 0 1
    outer loop
      vertex 3.41107 22.5833 2.4
      vertex 3.55 14.3271 2.4
      vertex 3.55 22.4969 2.4
    endloop
  endfacet
  facet normal 0 0 1
    outer loop
      vertex 3.41107 22.5833 2.4
      vertex 3.41107 14.2407 2.4
      vertex 3.55 14.3271 2.4
    endloop
  endfacet
  facet normal 0 0 1
    outer loop
      vertex 3.2781 22.6786 2.4
      vertex 3.41107 14.2407 2.4
      vertex 3.41107 22.5833 2.4
    endloop
  endfacet
  facet normal 0 0 1
    outer loop
      vertex 3.2781 22.6786 2.4
      vertex 3.2781 14.1454 2.4
      vertex 3.41107 14.2407 2.4
    endloop
  endfacet
  facet normal 0 0 1
    outer loop
      vertex 3.15164 22.7824 2.4
      vertex 3.2781 14.1454 2.4
      vertex 3.2781 22.6786 2.4
    endloop
  endfacet
  facet normal 0 0 1
    outer loop
      vertex 3.15164 22.7824 2.4
      vertex 3.15164 14.0416 2.4
      vertex 3.2781 14.1454 2.4
    endloop
  endfacet
  facet normal 0 0 1
    outer loop
      vertex 3.03223 22.8942 2.4
      vertex 3.15164 14.0416 2.4
      vertex 3.15164 22.7824 2.4
    endloop
  endfacet
  facet normal 0 0 1
    outer loop
      vertex 3.03223 22.8942 2.4
      vertex 3.03223 13.9298 2.4
      vertex 3.15164 14.0416 2.4
    endloop
  endfacet
  facet normal 0 0 1
    outer loop
      vertex 2.9204 23.0136 2.4
      vertex 3.03223 13.9298 2.4
      vertex 3.03223 22.8942 2.4
    endloop
  endfacet
  facet normal 0 0 1
    outer loop
      vertex 2.9204 23.0136 2.4
      vertex 2.9204 13.8104 2.4
      vertex 3.03223 13.9298 2.4
    endloop
  endfacet
  facet normal 0 0 1
    outer loop
      vertex 2.81662 23.1401 2.4
      vertex 2.9204 13.8104 2.4
      vertex 2.9204 23.0136 2.4
    endloop
  endfacet
  facet normal 0 0 1
    outer loop
      vertex 2.81662 23.1401 2.4
      vertex 2.81662 13.6839 2.4
      vertex 2.9204 13.8104 2.4
    endloop
  endfacet
  facet normal 0 0 1
    outer loop
      vertex 2.72133 23.2731 2.4
      vertex 2.81662 13.6839 2.4
      vertex 2.81662 23.1401 2.4
    endloop
  endfacet
  facet normal 0 0 1
    outer loop
      vertex 2.72133 23.2731 2.4
      vertex 2.72133 13.5509 2.4
      vertex 2.81662 13.6839 2.4
    endloop
  endfacet
  facet normal 0 0 1
    outer loop
      vertex 2.63494 23.412 2.4
      vertex 2.72133 13.5509 2.4
      vertex 2.72133 23.2731 2.4
    endloop
  endfacet
  facet normal 0 0 1
    outer loop
      vertex 2.63494 23.412 2.4
      vertex 2.63494 13.412 2.4
      vertex 2.72133 13.5509 2.4
    endloop
  endfacet
  facet normal 0 0 1
    outer loop
      vertex 2.55782 23.5563 2.4
      vertex 2.63494 13.412 2.4
      vertex 2.63494 23.412 2.4
    endloop
  endfacet
  facet normal 0 0 1
    outer loop
      vertex 2.55782 23.5563 2.4
      vertex 2.55782 13.2677 2.4
      vertex 2.63494 13.412 2.4
    endloop
  endfacet
  facet normal 0 0 1
    outer loop
      vertex 2.4903 23.7053 2.4
      vertex 2.55782 13.2677 2.4
      vertex 2.55782 23.5563 2.4
    endloop
  endfacet
  facet normal 0 0 1
    outer loop
      vertex 2.4903 23.7053 2.4
      vertex 2.4903 13.1187 2.4
      vertex 2.55782 13.2677 2.4
    endloop
  endfacet
  facet normal 0 0 1
    outer loop
      vertex 2.43268 23.8584 2.4
      vertex 2.4903 13.1187 2.4
      vertex 2.4903 23.7053 2.4
    endloop
  endfacet
  facet normal 0 0 1
    outer loop
      vertex 2.43268 23.8584 2.4
      vertex 2.43268 12.9656 2.4
      vertex 2.4903 13.1187 2.4
    endloop
  endfacet
  facet normal 0 0 1
    outer loop
      vertex 2.4 23.9661 2.4
      vertex 2.43268 12.9656 2.4
      vertex 2.43268 23.8584 2.4
    endloop
  endfacet
  facet normal 0 0 1
    outer loop
      vertex 2.43268 12.9656 2.4
      vertex 2.4 23.9661 2.4
      vertex 2.4 12.8579 2.4
    endloop
  endfacet
  facet normal 0 0 1
    outer loop
      vertex 23.3214 12.4883 2.4
      vertex 7.3 12.162 2.4
      vertex 23.3054 12.3255 2.4
    endloop
  endfacet
  facet normal 0 0 1
    outer loop
      vertex 23.3054 24.8255 2.4
      vertex 7.3 24.662 2.4
      vertex 23.3 24.662 2.4
    endloop
  endfacet
  facet normal 0 0 1
    outer loop
      vertex 7.29465 24.8255 2.4
      vertex 23.3054 24.8255 2.4
      vertex 23.3214 24.9883 2.4
    endloop
  endfacet
  facet normal 0 0 1
    outer loop
      vertex 7.27861 24.9883 2.4
      vertex 23.3214 24.9883 2.4
      vertex 23.348 25.1497 2.4
    endloop
  endfacet
  facet normal 0 0 1
    outer loop
      vertex 7.25196 25.1497 2.4
      vertex 23.348 25.1497 2.4
      vertex 23.3852 25.309 2.4
    endloop
  endfacet
  facet normal 0 0 1
    outer loop
      vertex 7.21481 25.309 2.4
      vertex 23.3852 25.309 2.4
      vertex 23.4327 25.4656 2.4
    endloop
  endfacet
  facet normal 0 0 1
    outer loop
      vertex 7.16733 25.4656 2.4
      vertex 23.4327 25.4656 2.4
      vertex 23.4903 25.6187 2.4
    endloop
  endfacet
  facet normal 0 0 1
    outer loop
      vertex 7.1097 25.6187 2.4
      vertex 23.4903 25.6187 2.4
      vertex 23.5578 25.7677 2.4
    endloop
  endfacet
  facet normal 0 0 1
    outer loop
      vertex 7.04218 25.7677 2.4
      vertex 23.5578 25.7677 2.4
      vertex 23.6349 25.912 2.4
    endloop
  endfacet
  facet normal 0 0 1
    outer loop
      vertex 6.96506 25.912 2.4
      vertex 23.6349 25.912 2.4
      vertex 23.7213 26.0509 2.4
    endloop
  endfacet
  facet normal 0 0 1
    outer loop
      vertex 6.87867 26.0509 2.4
      vertex 23.7213 26.0509 2.4
      vertex 23.8166 26.1839 2.4
    endloop
  endfacet
  facet normal 0 0 1
    outer loop
      vertex 6.78338 26.1839 2.4
      vertex 23.8166 26.1839 2.4
      vertex 23.9204 26.3104 2.4
    endloop
  endfacet
  facet normal 0 0 1
    outer loop
      vertex 6.6796 26.3104 2.4
      vertex 23.9204 26.3104 2.4
      vertex 24.0322 26.4298 2.4
    endloop
  endfacet
  facet normal 0 0 1
    outer loop
      vertex 6.56777 26.4298 2.4
      vertex 24.0322 26.4298 2.4
      vertex 24.1516 26.5416 2.4
    endloop
  endfacet
  facet normal 0 0 1
    outer loop
      vertex 6.44836 26.5416 2.4
      vertex 24.1516 26.5416 2.4
      vertex 24.2781 26.6454 2.4
    endloop
  endfacet
  facet normal 0 0 1
    outer loop
      vertex 6.3219 26.6454 2.4
      vertex 24.2781 26.6454 2.4
      vertex 24.4111 26.7407 2.4
    endloop
  endfacet
  facet normal 0 0 1
    outer loop
      vertex 6.18893 26.7407 2.4
      vertex 24.4111 26.7407 2.4
      vertex 24.55 26.8271 2.4
    endloop
  endfacet
  facet normal 0 0 1
    outer loop
      vertex 6.05 26.8271 2.4
      vertex 24.55 26.8271 2.4
      vertex 24.6943 26.9042 2.4
    endloop
  endfacet
  facet normal 0 0 1
    outer loop
      vertex 5.90572 26.9042 2.4
      vertex 24.6943 26.9042 2.4
      vertex 24.8433 26.9717 2.4
    endloop
  endfacet
  facet normal 0 0 1
    outer loop
      vertex 5.75671 26.9717 2.4
      vertex 24.8433 26.9717 2.4
      vertex 24.9964 27.0293 2.4
    endloop
  endfacet
  facet normal 0 0 1
    outer loop
      vertex 5.6036 27.0293 2.4
      vertex 24.9964 27.0293 2.4
      vertex 25.1041 27.062 2.4
    endloop
  endfacet
  facet normal 0 0 1
    outer loop
      vertex 23.3054 24.8255 2.4
      vertex 7.29465 24.8255 2.4
      vertex 7.3 24.662 2.4
    endloop
  endfacet
  facet normal 0 0 1
    outer loop
      vertex 23.3214 24.9883 2.4
      vertex 7.27861 24.9883 2.4
      vertex 7.29465 24.8255 2.4
    endloop
  endfacet
  facet normal 0 0 1
    outer loop
      vertex 23.348 25.1497 2.4
      vertex 7.25196 25.1497 2.4
      vertex 7.27861 24.9883 2.4
    endloop
  endfacet
  facet normal 0 0 1
    outer loop
      vertex 23.3852 25.309 2.4
      vertex 7.21481 25.309 2.4
      vertex 7.25196 25.1497 2.4
    endloop
  endfacet
  facet normal 0 0 1
    outer loop
      vertex 23.4327 25.4656 2.4
      vertex 7.16733 25.4656 2.4
      vertex 7.21481 25.309 2.4
    endloop
  endfacet
  facet normal 0 0 1
    outer loop
      vertex 23.4903 25.6187 2.4
      vertex 7.1097 25.6187 2.4
      vertex 7.16733 25.4656 2.4
    endloop
  endfacet
  facet normal 0 0 1
    outer loop
      vertex 23.5578 25.7677 2.4
      vertex 7.04218 25.7677 2.4
      vertex 7.1097 25.6187 2.4
    endloop
  endfacet
  facet normal 0 0 1
    outer loop
      vertex 23.6349 25.912 2.4
      vertex 6.96506 25.912 2.4
      vertex 7.04218 25.7677 2.4
    endloop
  endfacet
  facet normal 0 0 1
    outer loop
      vertex 23.7213 26.0509 2.4
      vertex 6.87867 26.0509 2.4
      vertex 6.96506 25.912 2.4
    endloop
  endfacet
  facet normal 0 0 1
    outer loop
      vertex 23.8166 26.1839 2.4
      vertex 6.78338 26.1839 2.4
      vertex 6.87867 26.0509 2.4
    endloop
  endfacet
  facet normal 0 0 1
    outer loop
      vertex 23.9204 26.3104 2.4
      vertex 6.6796 26.3104 2.4
      vertex 6.78338 26.1839 2.4
    endloop
  endfacet
  facet normal 0 0 1
    outer loop
      vertex 24.0322 26.4298 2.4
      vertex 6.56777 26.4298 2.4
      vertex 6.6796 26.3104 2.4
    endloop
  endfacet
  facet normal 0 0 1
    outer loop
      vertex 24.1516 26.5416 2.4
      vertex 6.44836 26.5416 2.4
      vertex 6.56777 26.4298 2.4
    endloop
  endfacet
  facet normal 0 0 1
    outer loop
      vertex 24.2781 26.6454 2.4
      vertex 6.3219 26.6454 2.4
      vertex 6.44836 26.5416 2.4
    endloop
  endfacet
  facet normal 0 0 1
    outer loop
      vertex 24.4111 26.7407 2.4
      vertex 6.18893 26.7407 2.4
      vertex 6.3219 26.6454 2.4
    endloop
  endfacet
  facet normal 0 0 1
    outer loop
      vertex 24.55 26.8271 2.4
      vertex 6.05 26.8271 2.4
      vertex 6.18893 26.7407 2.4
    endloop
  endfacet
  facet normal 0 0 1
    outer loop
      vertex 24.6943 26.9042 2.4
      vertex 5.90572 26.9042 2.4
      vertex 6.05 26.8271 2.4
    endloop
  endfacet
  facet normal 0 0 1
    outer loop
      vertex 24.8433 26.9717 2.4
      vertex 5.75671 26.9717 2.4
      vertex 5.90572 26.9042 2.4
    endloop
  endfacet
  facet normal 0 0 1
    outer loop
      vertex 24.9964 27.0293 2.4
      vertex 5.6036 27.0293 2.4
      vertex 5.75671 26.9717 2.4
    endloop
  endfacet
  facet normal 0 -0 1
    outer loop
      vertex 5.6036 27.0293 2.4
      vertex 25.1041 27.062 2.4
      vertex 5.49588 27.062 2.4
    endloop
  endfacet
  facet normal -0 0 1
    outer loop
      vertex 28.1673 23.8584 2.4
      vertex 28.2 12.8579 2.4
      vertex 28.2 23.9661 2.4
    endloop
  endfacet
  facet normal 0 0 1
    outer loop
      vertex 28.1673 23.8584 2.4
      vertex 28.1673 12.9656 2.4
      vertex 28.2 12.8579 2.4
    endloop
  endfacet
  facet normal -0 0 1
    outer loop
      vertex 28.1097 23.7053 2.4
      vertex 28.1673 12.9656 2.4
      vertex 28.1673 23.8584 2.4
    endloop
  endfacet
  facet normal 0 0 1
    outer loop
      vertex 28.1097 23.7053 2.4
      vertex 28.1097 13.1187 2.4
      vertex 28.1673 12.9656 2.4
    endloop
  endfacet
  facet normal -0 0 1
    outer loop
      vertex 28.0422 23.5563 2.4
      vertex 28.1097 13.1187 2.4
      vertex 28.1097 23.7053 2.4
    endloop
  endfacet
  facet normal 0 0 1
    outer loop
      vertex 28.0422 23.5563 2.4
      vertex 28.0422 13.2677 2.4
      vertex 28.1097 13.1187 2.4
    endloop
  endfacet
  facet normal -0 0 1
    outer loop
      vertex 27.9651 23.412 2.4
      vertex 28.0422 13.2677 2.4
      vertex 28.0422 23.5563 2.4
    endloop
  endfacet
  facet normal 0 0 1
    outer loop
      vertex 27.9651 23.412 2.4
      vertex 27.9651 13.412 2.4
      vertex 28.0422 13.2677 2.4
    endloop
  endfacet
  facet normal -0 0 1
    outer loop
      vertex 27.8787 23.2731 2.4
      vertex 27.9651 13.412 2.4
      vertex 27.9651 23.412 2.4
    endloop
  endfacet
  facet normal 0 0 1
    outer loop
      vertex 27.8787 23.2731 2.4
      vertex 27.8787 13.5509 2.4
      vertex 27.9651 13.412 2.4
    endloop
  endfacet
  facet normal -0 0 1
    outer loop
      vertex 27.7834 23.1401 2.4
      vertex 27.8787 13.5509 2.4
      vertex 27.8787 23.2731 2.4
    endloop
  endfacet
  facet normal 0 0 1
    outer loop
      vertex 27.7834 23.1401 2.4
      vertex 27.7834 13.6839 2.4
      vertex 27.8787 13.5509 2.4
    endloop
  endfacet
  facet normal -0 0 1
    outer loop
      vertex 27.6796 23.0136 2.4
      vertex 27.7834 13.6839 2.4
      vertex 27.7834 23.1401 2.4
    endloop
  endfacet
  facet normal 0 0 1
    outer loop
      vertex 27.6796 23.0136 2.4
      vertex 27.6796 13.8104 2.4
      vertex 27.7834 13.6839 2.4
    endloop
  endfacet
  facet normal -0 0 1
    outer loop
      vertex 27.5678 22.8942 2.4
      vertex 27.6796 13.8104 2.4
      vertex 27.6796 23.0136 2.4
    endloop
  endfacet
  facet normal 0 0 1
    outer loop
      vertex 27.5678 22.8942 2.4
      vertex 27.5678 13.9298 2.4
      vertex 27.6796 13.8104 2.4
    endloop
  endfacet
  facet normal -0 0 1
    outer loop
      vertex 27.4484 22.7824 2.4
      vertex 27.5678 13.9298 2.4
      vertex 27.5678 22.8942 2.4
    endloop
  endfacet
  facet normal 0 0 1
    outer loop
      vertex 27.4484 22.7824 2.4
      vertex 27.4484 14.0416 2.4
      vertex 27.5678 13.9298 2.4
    endloop
  endfacet
  facet normal -0 0 1
    outer loop
      vertex 27.3219 22.6786 2.4
      vertex 27.4484 14.0416 2.4
      vertex 27.4484 22.7824 2.4
    endloop
  endfacet
  facet normal 0 0 1
    outer loop
      vertex 27.3219 22.6786 2.4
      vertex 27.3219 14.1454 2.4
      vertex 27.4484 14.0416 2.4
    endloop
  endfacet
  facet normal -0 0 1
    outer loop
      vertex 27.1889 22.5833 2.4
      vertex 27.3219 14.1454 2.4
      vertex 27.3219 22.6786 2.4
    endloop
  endfacet
  facet normal 0 0 1
    outer loop
      vertex 27.1889 22.5833 2.4
      vertex 27.1889 14.2407 2.4
      vertex 27.3219 14.1454 2.4
    endloop
  endfacet
  facet normal -0 0 1
    outer loop
      vertex 27.05 22.4969 2.4
      vertex 27.1889 14.2407 2.4
      vertex 27.1889 22.5833 2.4
    endloop
  endfacet
  facet normal 0 0 1
    outer loop
      vertex 27.05 22.4969 2.4
      vertex 27.05 14.3271 2.4
      vertex 27.1889 14.2407 2.4
    endloop
  endfacet
  facet normal -0 0 1
    outer loop
      vertex 26.9057 22.4198 2.4
      vertex 27.05 14.3271 2.4
      vertex 27.05 22.4969 2.4
    endloop
  endfacet
  facet normal 0 0 1
    outer loop
      vertex 26.9057 22.4198 2.4
      vertex 26.9057 14.4042 2.4
      vertex 27.05 14.3271 2.4
    endloop
  endfacet
  facet normal -0 0 1
    outer loop
      vertex 26.7567 22.3523 2.4
      vertex 26.9057 14.4042 2.4
      vertex 26.9057 22.4198 2.4
    endloop
  endfacet
  facet normal 0 0 1
    outer loop
      vertex 26.7567 22.3523 2.4
      vertex 26.7567 14.4717 2.4
      vertex 26.9057 14.4042 2.4
    endloop
  endfacet
  facet normal -0 0 1
    outer loop
      vertex 26.6036 22.2947 2.4
      vertex 26.7567 14.4717 2.4
      vertex 26.7567 22.3523 2.4
    endloop
  endfacet
  facet normal 0 0 1
    outer loop
      vertex 26.6036 22.2947 2.4
      vertex 26.6036 14.5293 2.4
      vertex 26.7567 14.4717 2.4
    endloop
  endfacet
  facet normal -0 0 1
    outer loop
      vertex 26.447 22.2472 2.4
      vertex 26.6036 14.5293 2.4
      vertex 26.6036 22.2947 2.4
    endloop
  endfacet
  facet normal 0 0 1
    outer loop
      vertex 26.447 22.2472 2.4
      vertex 26.447 14.5768 2.4
      vertex 26.6036 14.5293 2.4
    endloop
  endfacet
  facet normal -0 0 1
    outer loop
      vertex 26.2877 22.21 2.4
      vertex 26.447 14.5768 2.4
      vertex 26.447 22.2472 2.4
    endloop
  endfacet
  facet normal 0 0 1
    outer loop
      vertex 26.2877 22.21 2.4
      vertex 26.2877 14.614 2.4
      vertex 26.447 14.5768 2.4
    endloop
  endfacet
  facet normal -0 0 1
    outer loop
      vertex 26.1263 22.1834 2.4
      vertex 26.2877 14.614 2.4
      vertex 26.2877 22.21 2.4
    endloop
  endfacet
  facet normal 0 0 1
    outer loop
      vertex 26.1263 22.1834 2.4
      vertex 26.1263 14.6406 2.4
      vertex 26.2877 14.614 2.4
    endloop
  endfacet
  facet normal -0 0 1
    outer loop
      vertex 25.9635 22.1674 2.4
      vertex 26.1263 14.6406 2.4
      vertex 26.1263 22.1834 2.4
    endloop
  endfacet
  facet normal 0 0 1
    outer loop
      vertex 25.9635 22.1674 2.4
      vertex 25.9635 14.6566 2.4
      vertex 26.1263 14.6406 2.4
    endloop
  endfacet
  facet normal -0 0 1
    outer loop
      vertex 25.8 22.162 2.4
      vertex 25.9635 14.6566 2.4
      vertex 25.9635 22.1674 2.4
    endloop
  endfacet
  facet normal 0 0 1
    outer loop
      vertex 25.8 22.162 2.4
      vertex 25.8 14.662 2.4
      vertex 25.9635 14.6566 2.4
    endloop
  endfacet
  facet normal 0 0 1
    outer loop
      vertex 25.6365 22.1674 2.4
      vertex 25.8 14.662 2.4
      vertex 25.8 22.162 2.4
    endloop
  endfacet
  facet normal 0 0 1
    outer loop
      vertex 25.6365 22.1674 2.4
      vertex 25.6365 14.6566 2.4
      vertex 25.8 14.662 2.4
    endloop
  endfacet
  facet normal 0 0 1
    outer loop
      vertex 25.4737 22.1834 2.4
      vertex 25.6365 14.6566 2.4
      vertex 25.6365 22.1674 2.4
    endloop
  endfacet
  facet normal 0 0 1
    outer loop
      vertex 25.4737 22.1834 2.4
      vertex 25.4737 14.6406 2.4
      vertex 25.6365 14.6566 2.4
    endloop
  endfacet
  facet normal 0 0 1
    outer loop
      vertex 25.3123 22.21 2.4
      vertex 25.4737 14.6406 2.4
      vertex 25.4737 22.1834 2.4
    endloop
  endfacet
  facet normal 0 0 1
    outer loop
      vertex 25.3123 22.21 2.4
      vertex 25.3123 14.614 2.4
      vertex 25.4737 14.6406 2.4
    endloop
  endfacet
  facet normal 0 0 1
    outer loop
      vertex 25.153 22.2472 2.4
      vertex 25.3123 14.614 2.4
      vertex 25.3123 22.21 2.4
    endloop
  endfacet
  facet normal 0 0 1
    outer loop
      vertex 25.153 22.2472 2.4
      vertex 25.153 14.5768 2.4
      vertex 25.3123 14.614 2.4
    endloop
  endfacet
  facet normal 0 0 1
    outer loop
      vertex 24.9964 22.2947 2.4
      vertex 25.153 14.5768 2.4
      vertex 25.153 22.2472 2.4
    endloop
  endfacet
  facet normal 0 0 1
    outer loop
      vertex 24.9964 22.2947 2.4
      vertex 24.9964 14.5293 2.4
      vertex 25.153 14.5768 2.4
    endloop
  endfacet
  facet normal 0 0 1
    outer loop
      vertex 24.8433 22.3523 2.4
      vertex 24.9964 14.5293 2.4
      vertex 24.9964 22.2947 2.4
    endloop
  endfacet
  facet normal 0 0 1
    outer loop
      vertex 24.8433 22.3523 2.4
      vertex 24.8433 14.4717 2.4
      vertex 24.9964 14.5293 2.4
    endloop
  endfacet
  facet normal 0 0 1
    outer loop
      vertex 24.6943 22.4198 2.4
      vertex 24.8433 14.4717 2.4
      vertex 24.8433 22.3523 2.4
    endloop
  endfacet
  facet normal 0 0 1
    outer loop
      vertex 24.6943 22.4198 2.4
      vertex 24.6943 14.4042 2.4
      vertex 24.8433 14.4717 2.4
    endloop
  endfacet
  facet normal 0 0 1
    outer loop
      vertex 24.55 22.4969 2.4
      vertex 24.6943 14.4042 2.4
      vertex 24.6943 22.4198 2.4
    endloop
  endfacet
  facet normal 0 0 1
    outer loop
      vertex 24.55 22.4969 2.4
      vertex 24.55 14.3271 2.4
      vertex 24.6943 14.4042 2.4
    endloop
  endfacet
  facet normal 0 0 1
    outer loop
      vertex 24.4111 22.5833 2.4
      vertex 24.55 14.3271 2.4
      vertex 24.55 22.4969 2.4
    endloop
  endfacet
  facet normal 0 0 1
    outer loop
      vertex 24.4111 22.5833 2.4
      vertex 24.4111 14.2407 2.4
      vertex 24.55 14.3271 2.4
    endloop
  endfacet
  facet normal 0 0 1
    outer loop
      vertex 24.2781 22.6786 2.4
      vertex 24.4111 14.2407 2.4
      vertex 24.4111 22.5833 2.4
    endloop
  endfacet
  facet normal 0 0 1
    outer loop
      vertex 24.2781 22.6786 2.4
      vertex 24.2781 14.1454 2.4
      vertex 24.4111 14.2407 2.4
    endloop
  endfacet
  facet normal 0 0 1
    outer loop
      vertex 24.1516 22.7824 2.4
      vertex 24.2781 14.1454 2.4
      vertex 24.2781 22.6786 2.4
    endloop
  endfacet
  facet normal 0 0 1
    outer loop
      vertex 24.1516 22.7824 2.4
      vertex 24.1516 14.0416 2.4
      vertex 24.2781 14.1454 2.4
    endloop
  endfacet
  facet normal 0 0 1
    outer loop
      vertex 24.0322 22.8942 2.4
      vertex 24.1516 14.0416 2.4
      vertex 24.1516 22.7824 2.4
    endloop
  endfacet
  facet normal 0 0 1
    outer loop
      vertex 24.0322 22.8942 2.4
      vertex 24.0322 13.9298 2.4
      vertex 24.1516 14.0416 2.4
    endloop
  endfacet
  facet normal 0 0 1
    outer loop
      vertex 23.9204 23.0136 2.4
      vertex 24.0322 13.9298 2.4
      vertex 24.0322 22.8942 2.4
    endloop
  endfacet
  facet normal 0 0 1
    outer loop
      vertex 23.9204 23.0136 2.4
      vertex 23.9204 13.8104 2.4
      vertex 24.0322 13.9298 2.4
    endloop
  endfacet
  facet normal 0 0 1
    outer loop
      vertex 23.8166 23.1401 2.4
      vertex 23.9204 13.8104 2.4
      vertex 23.9204 23.0136 2.4
    endloop
  endfacet
  facet normal 0 0 1
    outer loop
      vertex 23.8166 23.1401 2.4
      vertex 23.8166 13.6839 2.4
      vertex 23.9204 13.8104 2.4
    endloop
  endfacet
  facet normal 0 0 1
    outer loop
      vertex 23.7213 23.2731 2.4
      vertex 23.8166 13.6839 2.4
      vertex 23.8166 23.1401 2.4
    endloop
  endfacet
  facet normal 0 0 1
    outer loop
      vertex 23.7213 23.2731 2.4
      vertex 23.7213 13.5509 2.4
      vertex 23.8166 13.6839 2.4
    endloop
  endfacet
  facet normal 0 0 1
    outer loop
      vertex 23.6349 23.412 2.4
      vertex 23.7213 13.5509 2.4
      vertex 23.7213 23.2731 2.4
    endloop
  endfacet
  facet normal 0 0 1
    outer loop
      vertex 23.6349 23.412 2.4
      vertex 23.6349 13.412 2.4
      vertex 23.7213 13.5509 2.4
    endloop
  endfacet
  facet normal 0 0 1
    outer loop
      vertex 7.21481 24.015 2.4
      vertex 23.3852 24.015 2.4
      vertex 7.25196 24.1743 2.4
    endloop
  endfacet
  facet normal 0 0 1
    outer loop
      vertex 23.3852 24.015 2.4
      vertex 7.21481 24.015 2.4
      vertex 23.4327 23.8584 2.4
    endloop
  endfacet
  facet normal 0 0 1
    outer loop
      vertex 23.348 24.1743 2.4
      vertex 7.25196 24.1743 2.4
      vertex 23.3852 24.015 2.4
    endloop
  endfacet
  facet normal 0 0 1
    outer loop
      vertex 7.16733 23.8584 2.4
      vertex 23.4327 23.8584 2.4
      vertex 7.21481 24.015 2.4
    endloop
  endfacet
  facet normal 0 0 1
    outer loop
      vertex 7.25196 24.1743 2.4
      vertex 23.348 24.1743 2.4
      vertex 7.27861 24.3357 2.4
    endloop
  endfacet
  facet normal 0 0 1
    outer loop
      vertex 23.6349 13.412 2.4
      vertex 7.3 12.162 2.4
      vertex 23.5578 13.2677 2.4
    endloop
  endfacet
  facet normal 0 0 1
    outer loop
      vertex 23.3214 24.3357 2.4
      vertex 7.27861 24.3357 2.4
      vertex 23.348 24.1743 2.4
    endloop
  endfacet
  facet normal 0 0 1
    outer loop
      vertex 23.5578 13.2677 2.4
      vertex 7.3 12.162 2.4
      vertex 23.4903 13.1187 2.4
    endloop
  endfacet
  facet normal 0 0 1
    outer loop
      vertex 7.27861 24.3357 2.4
      vertex 23.3214 24.3357 2.4
      vertex 7.29465 24.4985 2.4
    endloop
  endfacet
  facet normal 0 0 1
    outer loop
      vertex 23.4903 13.1187 2.4
      vertex 7.3 12.162 2.4
      vertex 23.4327 12.9656 2.4
    endloop
  endfacet
  facet normal 0 0 1
    outer loop
      vertex 23.3054 24.4985 2.4
      vertex 7.29465 24.4985 2.4
      vertex 23.3214 24.3357 2.4
    endloop
  endfacet
  facet normal 0 0 1
    outer loop
      vertex 23.4327 12.9656 2.4
      vertex 7.3 12.162 2.4
      vertex 23.3852 12.809 2.4
    endloop
  endfacet
  facet normal 0 0 1
    outer loop
      vertex 7.29465 24.4985 2.4
      vertex 23.3054 24.4985 2.4
      vertex 7.3 24.662 2.4
    endloop
  endfacet
  facet normal 0 0 1
    outer loop
      vertex 23.3852 12.809 2.4
      vertex 7.3 12.162 2.4
      vertex 23.348 12.6497 2.4
    endloop
  endfacet
  facet normal -0 0 1
    outer loop
      vertex 7.3 24.662 2.4
      vertex 23.3054 24.4985 2.4
      vertex 23.3 24.662 2.4
    endloop
  endfacet
  facet normal 0 0 1
    outer loop
      vertex 23.348 12.6497 2.4
      vertex 7.3 12.162 2.4
      vertex 23.3214 12.4883 2.4
    endloop
  endfacet
  facet normal -0 0 1
    outer loop
      vertex 28.1673 11.3584 2.4
      vertex 28.2 2.4 2.4
      vertex 28.2 11.4661 2.4
    endloop
  endfacet
  facet normal -0 0 1
    outer loop
      vertex 28.1097 11.2053 2.4
      vertex 28.2 2.4 2.4
      vertex 28.1673 11.3584 2.4
    endloop
  endfacet
  facet normal -0 0 1
    outer loop
      vertex 28.0422 11.0563 2.4
      vertex 28.2 2.4 2.4
      vertex 28.1097 11.2053 2.4
    endloop
  endfacet
  facet normal -0 0 1
    outer loop
      vertex 27.9651 10.912 2.4
      vertex 28.2 2.4 2.4
      vertex 28.0422 11.0563 2.4
    endloop
  endfacet
  facet normal -0 0 1
    outer loop
      vertex 27.8787 10.7731 2.4
      vertex 28.2 2.4 2.4
      vertex 27.9651 10.912 2.4
    endloop
  endfacet
  facet normal -0 0 1
    outer loop
      vertex 27.7834 10.6401 2.4
      vertex 28.2 2.4 2.4
      vertex 27.8787 10.7731 2.4
    endloop
  endfacet
  facet normal -0 0 1
    outer loop
      vertex 27.6796 10.5136 2.4
      vertex 28.2 2.4 2.4
      vertex 27.7834 10.6401 2.4
    endloop
  endfacet
  facet normal -0 0 1
    outer loop
      vertex 27.5678 10.3942 2.4
      vertex 28.2 2.4 2.4
      vertex 27.6796 10.5136 2.4
    endloop
  endfacet
  facet normal -0 0 1
    outer loop
      vertex 27.4484 10.2824 2.4
      vertex 28.2 2.4 2.4
      vertex 27.5678 10.3942 2.4
    endloop
  endfacet
  facet normal -0 0 1
    outer loop
      vertex 27.3219 10.1786 2.4
      vertex 28.2 2.4 2.4
      vertex 27.4484 10.2824 2.4
    endloop
  endfacet
  facet normal -0 0 1
    outer loop
      vertex 27.1889 10.0833 2.4
      vertex 28.2 2.4 2.4
      vertex 27.3219 10.1786 2.4
    endloop
  endfacet
  facet normal -0 0 1
    outer loop
      vertex 27.05 9.99694 2.4
      vertex 28.2 2.4 2.4
      vertex 27.1889 10.0833 2.4
    endloop
  endfacet
  facet normal -0 0 1
    outer loop
      vertex 26.9057 9.91982 2.4
      vertex 28.2 2.4 2.4
      vertex 27.05 9.99694 2.4
    endloop
  endfacet
  facet normal -0 0 1
    outer loop
      vertex 26.7567 9.8523 2.4
      vertex 28.2 2.4 2.4
      vertex 26.9057 9.91982 2.4
    endloop
  endfacet
  facet normal -0 0 1
    outer loop
      vertex 26.6036 9.79467 2.4
      vertex 28.2 2.4 2.4
      vertex 26.7567 9.8523 2.4
    endloop
  endfacet
  facet normal -0 0 1
    outer loop
      vertex 26.447 9.74719 2.4
      vertex 28.2 2.4 2.4
      vertex 26.6036 9.79467 2.4
    endloop
  endfacet
  facet normal -0 0 1
    outer loop
      vertex 26.2877 9.71004 2.4
      vertex 28.2 2.4 2.4
      vertex 26.447 9.74719 2.4
    endloop
  endfacet
  facet normal -0 0 1
    outer loop
      vertex 26.1263 9.68339 2.4
      vertex 28.2 2.4 2.4
      vertex 26.2877 9.71004 2.4
    endloop
  endfacet
  facet normal -0 0 1
    outer loop
      vertex 25.9635 9.66735 2.4
      vertex 28.2 2.4 2.4
      vertex 26.1263 9.68339 2.4
    endloop
  endfacet
  facet normal -0 0 1
    outer loop
      vertex 25.8 9.662 2.4
      vertex 28.2 2.4 2.4
      vertex 25.9635 9.66735 2.4
    endloop
  endfacet
  facet normal 0 0 1
    outer loop
      vertex 25.6365 9.66735 2.4
      vertex 28.2 2.4 2.4
      vertex 25.8 9.662 2.4
    endloop
  endfacet
  facet normal 0 0 1
    outer loop
      vertex 25.4737 9.68339 2.4
      vertex 28.2 2.4 2.4
      vertex 25.6365 9.66735 2.4
    endloop
  endfacet
  facet normal 0 0 1
    outer loop
      vertex 25.3123 9.71004 2.4
      vertex 28.2 2.4 2.4
      vertex 25.4737 9.68339 2.4
    endloop
  endfacet
  facet normal 0 0 1
    outer loop
      vertex 25.153 9.74719 2.4
      vertex 28.2 2.4 2.4
      vertex 25.3123 9.71004 2.4
    endloop
  endfacet
  facet normal 0 0 1
    outer loop
      vertex 24.9964 9.79467 2.4
      vertex 28.2 2.4 2.4
      vertex 25.153 9.74719 2.4
    endloop
  endfacet
  facet normal 0 0 1
    outer loop
      vertex 24.8433 9.8523 2.4
      vertex 28.2 2.4 2.4
      vertex 24.9964 9.79467 2.4
    endloop
  endfacet
  facet normal 0 0 1
    outer loop
      vertex 24.6943 9.91982 2.4
      vertex 28.2 2.4 2.4
      vertex 24.8433 9.8523 2.4
    endloop
  endfacet
  facet normal 0 0 1
    outer loop
      vertex 24.55 9.99694 2.4
      vertex 28.2 2.4 2.4
      vertex 24.6943 9.91982 2.4
    endloop
  endfacet
  facet normal 0 0 1
    outer loop
      vertex 24.4111 10.0833 2.4
      vertex 28.2 2.4 2.4
      vertex 24.55 9.99694 2.4
    endloop
  endfacet
  facet normal 0 0 1
    outer loop
      vertex 24.2781 10.1786 2.4
      vertex 28.2 2.4 2.4
      vertex 24.4111 10.0833 2.4
    endloop
  endfacet
  facet normal 0 0 1
    outer loop
      vertex 24.1516 10.2824 2.4
      vertex 28.2 2.4 2.4
      vertex 24.2781 10.1786 2.4
    endloop
  endfacet
  facet normal 0 0 1
    outer loop
      vertex 6.44836 10.2824 2.4
      vertex 24.1516 10.2824 2.4
      vertex 24.0322 10.3942 2.4
    endloop
  endfacet
  facet normal 0 0 1
    outer loop
      vertex 6.56777 10.3942 2.4
      vertex 24.0322 10.3942 2.4
      vertex 23.9204 10.5136 2.4
    endloop
  endfacet
  facet normal 0 0 1
    outer loop
      vertex 6.6796 10.5136 2.4
      vertex 23.9204 10.5136 2.4
      vertex 23.8166 10.6401 2.4
    endloop
  endfacet
  facet normal 0 0 1
    outer loop
      vertex 6.78338 10.6401 2.4
      vertex 23.8166 10.6401 2.4
      vertex 23.7213 10.7731 2.4
    endloop
  endfacet
  facet normal 0 0 1
    outer loop
      vertex 6.87867 10.7731 2.4
      vertex 23.7213 10.7731 2.4
      vertex 23.6349 10.912 2.4
    endloop
  endfacet
  facet normal 0 0 1
    outer loop
      vertex 23.3054 12.3255 2.4
      vertex 7.3 12.162 2.4
      vertex 23.3 12.162 2.4
    endloop
  endfacet
  facet normal 0 0 1
    outer loop
      vertex 23.3 12.162 2.4
      vertex 7.3 12.162 2.4
      vertex 23.3054 11.9985 2.4
    endloop
  endfacet
  facet normal 0 0 1
    outer loop
      vertex 7.29465 11.9985 2.4
      vertex 23.3054 11.9985 2.4
      vertex 7.3 12.162 2.4
    endloop
  endfacet
  facet normal 0 0 1
    outer loop
      vertex 23.3054 11.9985 2.4
      vertex 7.29465 11.9985 2.4
      vertex 23.3214 11.8357 2.4
    endloop
  endfacet
  facet normal 0 0 1
    outer loop
      vertex 7.27861 11.8357 2.4
      vertex 23.3214 11.8357 2.4
      vertex 7.29465 11.9985 2.4
    endloop
  endfacet
  facet normal 0 0 1
    outer loop
      vertex 23.3214 11.8357 2.4
      vertex 7.27861 11.8357 2.4
      vertex 23.348 11.6743 2.4
    endloop
  endfacet
  facet normal 0 0 1
    outer loop
      vertex 7.25196 11.6743 2.4
      vertex 23.348 11.6743 2.4
      vertex 7.27861 11.8357 2.4
    endloop
  endfacet
  facet normal 0 0 1
    outer loop
      vertex 23.348 11.6743 2.4
      vertex 7.25196 11.6743 2.4
      vertex 23.3852 11.515 2.4
    endloop
  endfacet
  facet normal 0 0 1
    outer loop
      vertex 7.21481 11.515 2.4
      vertex 23.3852 11.515 2.4
      vertex 7.25196 11.6743 2.4
    endloop
  endfacet
  facet normal 0 0 1
    outer loop
      vertex 23.3852 11.515 2.4
      vertex 7.21481 11.515 2.4
      vertex 23.4327 11.3584 2.4
    endloop
  endfacet
  facet normal 0 0 1
    outer loop
      vertex 7.16733 11.3584 2.4
      vertex 23.4327 11.3584 2.4
      vertex 7.21481 11.515 2.4
    endloop
  endfacet
  facet normal 0 0 1
    outer loop
      vertex 23.4327 11.3584 2.4
      vertex 7.16733 11.3584 2.4
      vertex 23.4903 11.2053 2.4
    endloop
  endfacet
  facet normal 0 0 1
    outer loop
      vertex 7.1097 11.2053 2.4
      vertex 23.4903 11.2053 2.4
      vertex 7.16733 11.3584 2.4
    endloop
  endfacet
  facet normal 0 0 1
    outer loop
      vertex 23.4903 11.2053 2.4
      vertex 7.1097 11.2053 2.4
      vertex 23.5578 11.0563 2.4
    endloop
  endfacet
  facet normal 0 0 1
    outer loop
      vertex 7.04218 11.0563 2.4
      vertex 23.5578 11.0563 2.4
      vertex 7.1097 11.2053 2.4
    endloop
  endfacet
  facet normal 0 0 1
    outer loop
      vertex 23.5578 11.0563 2.4
      vertex 7.04218 11.0563 2.4
      vertex 23.6349 10.912 2.4
    endloop
  endfacet
  facet normal 0 0 1
    outer loop
      vertex 6.96506 10.912 2.4
      vertex 23.6349 10.912 2.4
      vertex 7.04218 11.0563 2.4
    endloop
  endfacet
  facet normal 0 0 1
    outer loop
      vertex 6.87867 10.7731 2.4
      vertex 23.6349 10.912 2.4
      vertex 6.96506 10.912 2.4
    endloop
  endfacet
  facet normal 0 0 1
    outer loop
      vertex 23.7213 10.7731 2.4
      vertex 6.87867 10.7731 2.4
      vertex 6.78338 10.6401 2.4
    endloop
  endfacet
  facet normal 0 0 1
    outer loop
      vertex 23.8166 10.6401 2.4
      vertex 6.78338 10.6401 2.4
      vertex 6.6796 10.5136 2.4
    endloop
  endfacet
  facet normal 0 0 1
    outer loop
      vertex 23.9204 10.5136 2.4
      vertex 6.6796 10.5136 2.4
      vertex 6.56777 10.3942 2.4
    endloop
  endfacet
  facet normal 0 0 1
    outer loop
      vertex 6.44836 10.2824 2.4
      vertex 24.0322 10.3942 2.4
      vertex 6.56777 10.3942 2.4
    endloop
  endfacet
  facet normal 0 0 1
    outer loop
      vertex 24.1516 10.2824 2.4
      vertex 6.44836 10.2824 2.4
      vertex 28.2 2.4 2.4
    endloop
  endfacet
  facet normal 0 0 1
    outer loop
      vertex 2.4 2.4 2.4
      vertex 6.44836 10.2824 2.4
      vertex 6.3219 10.1786 2.4
    endloop
  endfacet
  facet normal 0 0 1
    outer loop
      vertex 2.4 2.4 2.4
      vertex 6.3219 10.1786 2.4
      vertex 6.18893 10.0833 2.4
    endloop
  endfacet
  facet normal 0 0 1
    outer loop
      vertex 2.4 2.4 2.4
      vertex 6.18893 10.0833 2.4
      vertex 6.05 9.99694 2.4
    endloop
  endfacet
  facet normal 0 0 1
    outer loop
      vertex 2.4 2.4 2.4
      vertex 6.05 9.99694 2.4
      vertex 5.90572 9.91982 2.4
    endloop
  endfacet
  facet normal 0 0 1
    outer loop
      vertex 2.4 2.4 2.4
      vertex 5.90572 9.91982 2.4
      vertex 5.75671 9.8523 2.4
    endloop
  endfacet
  facet normal 0 0 1
    outer loop
      vertex 2.4 2.4 2.4
      vertex 5.75671 9.8523 2.4
      vertex 5.6036 9.79467 2.4
    endloop
  endfacet
  facet normal 0 0 1
    outer loop
      vertex 2.4 2.4 2.4
      vertex 5.6036 9.79467 2.4
      vertex 5.44705 9.74719 2.4
    endloop
  endfacet
  facet normal 0 0 1
    outer loop
      vertex 2.4 2.4 2.4
      vertex 5.44705 9.74719 2.4
      vertex 5.28773 9.71004 2.4
    endloop
  endfacet
  facet normal 0 0 1
    outer loop
      vertex 2.4 2.4 2.4
      vertex 5.28773 9.71004 2.4
      vertex 5.12632 9.68339 2.4
    endloop
  endfacet
  facet normal 0 0 1
    outer loop
      vertex 2.4 2.4 2.4
      vertex 5.12632 9.68339 2.4
      vertex 4.96351 9.66735 2.4
    endloop
  endfacet
  facet normal 0 0 1
    outer loop
      vertex 2.4 2.4 2.4
      vertex 4.96351 9.66735 2.4
      vertex 4.8 9.662 2.4
    endloop
  endfacet
  facet normal 0 0 1
    outer loop
      vertex 2.4 2.4 2.4
      vertex 4.8 9.662 2.4
      vertex 4.63649 9.66735 2.4
    endloop
  endfacet
  facet normal 0 0 1
    outer loop
      vertex 2.4 2.4 2.4
      vertex 4.63649 9.66735 2.4
      vertex 4.47369 9.68339 2.4
    endloop
  endfacet
  facet normal 0 0 1
    outer loop
      vertex 2.4 2.4 2.4
      vertex 4.47369 9.68339 2.4
      vertex 4.31227 9.71004 2.4
    endloop
  endfacet
  facet normal 0 0 1
    outer loop
      vertex 2.4 2.4 2.4
      vertex 4.31227 9.71004 2.4
      vertex 4.15295 9.74719 2.4
    endloop
  endfacet
  facet normal 0 0 1
    outer loop
      vertex 2.4 2.4 2.4
      vertex 4.15295 9.74719 2.4
      vertex 3.9964 9.79467 2.4
    endloop
  endfacet
  facet normal 0 0 1
    outer loop
      vertex 6.44836 10.2824 2.4
      vertex 2.4 2.4 2.4
      vertex 28.2 2.4 2.4
    endloop
  endfacet
  facet normal 0 0 1
    outer loop
      vertex 3.84329 9.8523 2.4
      vertex 2.4 2.4 2.4
      vertex 3.9964 9.79467 2.4
    endloop
  endfacet
  facet normal 0 0 1
    outer loop
      vertex 3.69428 9.91982 2.4
      vertex 2.4 2.4 2.4
      vertex 3.84329 9.8523 2.4
    endloop
  endfacet
  facet normal 0 0 1
    outer loop
      vertex 3.55 9.99694 2.4
      vertex 2.4 2.4 2.4
      vertex 3.69428 9.91982 2.4
    endloop
  endfacet
  facet normal 0 0 1
    outer loop
      vertex 3.41107 10.0833 2.4
      vertex 2.4 2.4 2.4
      vertex 3.55 9.99694 2.4
    endloop
  endfacet
  facet normal 0 0 1
    outer loop
      vertex 3.2781 10.1786 2.4
      vertex 2.4 2.4 2.4
      vertex 3.41107 10.0833 2.4
    endloop
  endfacet
  facet normal 0 0 1
    outer loop
      vertex 3.15164 10.2824 2.4
      vertex 2.4 2.4 2.4
      vertex 3.2781 10.1786 2.4
    endloop
  endfacet
  facet normal 0 0 1
    outer loop
      vertex 3.03223 10.3942 2.4
      vertex 2.4 2.4 2.4
      vertex 3.15164 10.2824 2.4
    endloop
  endfacet
  facet normal 0 0 1
    outer loop
      vertex 2.9204 10.5136 2.4
      vertex 2.4 2.4 2.4
      vertex 3.03223 10.3942 2.4
    endloop
  endfacet
  facet normal 0 0 1
    outer loop
      vertex 2.81662 10.6401 2.4
      vertex 2.4 2.4 2.4
      vertex 2.9204 10.5136 2.4
    endloop
  endfacet
  facet normal 0 0 1
    outer loop
      vertex 2.72133 10.7731 2.4
      vertex 2.4 2.4 2.4
      vertex 2.81662 10.6401 2.4
    endloop
  endfacet
  facet normal 0 0 1
    outer loop
      vertex 2.63494 10.912 2.4
      vertex 2.4 2.4 2.4
      vertex 2.72133 10.7731 2.4
    endloop
  endfacet
  facet normal 0 0 1
    outer loop
      vertex 2.55782 11.0563 2.4
      vertex 2.4 2.4 2.4
      vertex 2.63494 10.912 2.4
    endloop
  endfacet
  facet normal 0 0 1
    outer loop
      vertex 2.4903 11.2053 2.4
      vertex 2.4 2.4 2.4
      vertex 2.55782 11.0563 2.4
    endloop
  endfacet
  facet normal 0 0 1
    outer loop
      vertex 2.43268 11.3584 2.4
      vertex 2.4 2.4 2.4
      vertex 2.4903 11.2053 2.4
    endloop
  endfacet
  facet normal 0 0 1
    outer loop
      vertex 2.4 2.4 2.4
      vertex 2.43268 11.3584 2.4
      vertex 2.4 11.4661 2.4
    endloop
  endfacet
  facet normal 0 0 1
    outer loop
      vertex 28.2 27.062 2.4
      vertex 28.1673 25.4656 2.4
      vertex 28.2 25.3579 2.4
    endloop
  endfacet
  facet normal 0 0 1
    outer loop
      vertex 28.2 27.062 2.4
      vertex 28.1097 25.6187 2.4
      vertex 28.1673 25.4656 2.4
    endloop
  endfacet
  facet normal 0 0 1
    outer loop
      vertex 28.2 27.062 2.4
      vertex 28.0422 25.7677 2.4
      vertex 28.1097 25.6187 2.4
    endloop
  endfacet
  facet normal 0 0 1
    outer loop
      vertex 28.2 27.062 2.4
      vertex 27.9651 25.912 2.4
      vertex 28.0422 25.7677 2.4
    endloop
  endfacet
  facet normal 0 0 1
    outer loop
      vertex 28.2 27.062 2.4
      vertex 27.8787 26.0509 2.4
      vertex 27.9651 25.912 2.4
    endloop
  endfacet
  facet normal 0 0 1
    outer loop
      vertex 28.2 27.062 2.4
      vertex 27.7834 26.1839 2.4
      vertex 27.8787 26.0509 2.4
    endloop
  endfacet
  facet normal 0 0 1
    outer loop
      vertex 28.2 27.062 2.4
      vertex 27.6796 26.3104 2.4
      vertex 27.7834 26.1839 2.4
    endloop
  endfacet
  facet normal 0 0 1
    outer loop
      vertex 28.2 27.062 2.4
      vertex 27.5678 26.4298 2.4
      vertex 27.6796 26.3104 2.4
    endloop
  endfacet
  facet normal 0 0 1
    outer loop
      vertex 28.2 27.062 2.4
      vertex 27.4484 26.5416 2.4
      vertex 27.5678 26.4298 2.4
    endloop
  endfacet
  facet normal 0 0 1
    outer loop
      vertex 28.2 27.062 2.4
      vertex 27.3219 26.6454 2.4
      vertex 27.4484 26.5416 2.4
    endloop
  endfacet
  facet normal 0 0 1
    outer loop
      vertex 28.2 27.062 2.4
      vertex 27.1889 26.7407 2.4
      vertex 27.3219 26.6454 2.4
    endloop
  endfacet
  facet normal 0 0 1
    outer loop
      vertex 28.2 27.062 2.4
      vertex 27.05 26.8271 2.4
      vertex 27.1889 26.7407 2.4
    endloop
  endfacet
  facet normal 0 0 1
    outer loop
      vertex 28.2 27.062 2.4
      vertex 26.9057 26.9042 2.4
      vertex 27.05 26.8271 2.4
    endloop
  endfacet
  facet normal 0 0 1
    outer loop
      vertex 28.2 27.062 2.4
      vertex 26.7567 26.9717 2.4
      vertex 26.9057 26.9042 2.4
    endloop
  endfacet
  facet normal 0 0 1
    outer loop
      vertex 28.2 27.062 2.4
      vertex 26.6036 27.0293 2.4
      vertex 26.7567 26.9717 2.4
    endloop
  endfacet
  facet normal 0 -0 1
    outer loop
      vertex 26.6036 27.0293 2.4
      vertex 28.2 27.062 2.4
      vertex 26.4959 27.062 2.4
    endloop
  endfacet
  facet normal -0 0 1
    outer loop
      vertex 2.4 27.062 2.4
      vertex 3.9964 27.0293 2.4
      vertex 4.10412 27.062 2.4
    endloop
  endfacet
  facet normal 0 0 1
    outer loop
      vertex 2.4 27.062 2.4
      vertex 3.84329 26.9717 2.4
      vertex 3.9964 27.0293 2.4
    endloop
  endfacet
  facet normal 0 0 1
    outer loop
      vertex 2.4 27.062 2.4
      vertex 3.69428 26.9042 2.4
      vertex 3.84329 26.9717 2.4
    endloop
  endfacet
  facet normal 0 0 1
    outer loop
      vertex 2.4 27.062 2.4
      vertex 3.55 26.8271 2.4
      vertex 3.69428 26.9042 2.4
    endloop
  endfacet
  facet normal 0 0 1
    outer loop
      vertex 2.4 27.062 2.4
      vertex 3.41107 26.7407 2.4
      vertex 3.55 26.8271 2.4
    endloop
  endfacet
  facet normal 0 0 1
    outer loop
      vertex 2.4 27.062 2.4
      vertex 3.2781 26.6454 2.4
      vertex 3.41107 26.7407 2.4
    endloop
  endfacet
  facet normal 0 0 1
    outer loop
      vertex 2.4 27.062 2.4
      vertex 3.15164 26.5416 2.4
      vertex 3.2781 26.6454 2.4
    endloop
  endfacet
  facet normal 0 0 1
    outer loop
      vertex 2.4 27.062 2.4
      vertex 3.03223 26.4298 2.4
      vertex 3.15164 26.5416 2.4
    endloop
  endfacet
  facet normal 0 0 1
    outer loop
      vertex 2.4 27.062 2.4
      vertex 2.9204 26.3104 2.4
      vertex 3.03223 26.4298 2.4
    endloop
  endfacet
  facet normal 0 0 1
    outer loop
      vertex 2.4 27.062 2.4
      vertex 2.81662 26.1839 2.4
      vertex 2.9204 26.3104 2.4
    endloop
  endfacet
  facet normal 0 0 1
    outer loop
      vertex 2.4 27.062 2.4
      vertex 2.72133 26.0509 2.4
      vertex 2.81662 26.1839 2.4
    endloop
  endfacet
  facet normal 0 0 1
    outer loop
      vertex 2.4 27.062 2.4
      vertex 2.63494 25.912 2.4
      vertex 2.72133 26.0509 2.4
    endloop
  endfacet
  facet normal 0 0 1
    outer loop
      vertex 2.4 27.062 2.4
      vertex 2.55782 25.7677 2.4
      vertex 2.63494 25.912 2.4
    endloop
  endfacet
  facet normal 0 0 1
    outer loop
      vertex 2.4 27.062 2.4
      vertex 2.4903 25.6187 2.4
      vertex 2.55782 25.7677 2.4
    endloop
  endfacet
  facet normal 0 0 1
    outer loop
      vertex 2.4 27.062 2.4
      vertex 2.43268 25.4656 2.4
      vertex 2.4903 25.6187 2.4
    endloop
  endfacet
  facet normal 0 0 1
    outer loop
      vertex 2.43268 25.4656 2.4
      vertex 2.4 27.062 2.4
      vertex 2.4 25.3579 2.4
    endloop
  endfacet
  facet normal 0 1 0
    outer loop
      vertex 28.2 2.4 8.4
      vertex 24.3 2.4 5.8
      vertex 24.3 2.4 8.4
    endloop
  endfacet
  facet normal 0 1 0
    outer loop
      vertex 24.3 2.4 5.8
      vertex 28.2 2.4 2.4
      vertex 6.3 2.4 5.8
    endloop
  endfacet
  facet normal 0 1 -0
    outer loop
      vertex 28.2 2.4 2.4
      vertex 24.3 2.4 5.8
      vertex 28.2 2.4 8.4
    endloop
  endfacet
  facet normal 0 1 -0
    outer loop
      vertex 6.3 2.4 5.8
      vertex 2.4 2.4 8.4
      vertex 6.3 2.4 8.4
    endloop
  endfacet
  facet normal 0 1 0
    outer loop
      vertex 6.3 2.4 5.8
      vertex 2.4 2.4 2.4
      vertex 2.4 2.4 8.4
    endloop
  endfacet
  facet normal 0 1 0
    outer loop
      vertex 2.4 2.4 2.4
      vertex 6.3 2.4 5.8
      vertex 28.2 2.4 2.4
    endloop
  endfacet
  facet normal 1 -0 0
    outer loop
      vertex 6.3 0 8.4
      vertex 6.3 2.4 5.8
      vertex 6.3 2.4 8.4
    endloop
  endfacet
  facet normal 1 0 0
    outer loop
      vertex 6.3 2.4 5.8
      vertex 6.3 0 8.4
      vertex 6.3 0 5.8
    endloop
  endfacet
  facet normal -1 0 0
    outer loop
      vertex 24.3 0 5.8
      vertex 24.3 2.4 8.4
      vertex 24.3 2.4 5.8
    endloop
  endfacet
  facet normal -1 -0 0
    outer loop
      vertex 24.3 2.4 8.4
      vertex 24.3 0 5.8
      vertex 24.3 0 8.4
    endloop
  endfacet
  facet normal -0 0 1
    outer loop
      vertex 6.3 2.4 5.8
      vertex 24.3 0 5.8
      vertex 24.3 2.4 5.8
    endloop
  endfacet
  facet normal 0 0 1
    outer loop
      vertex 24.3 0 5.8
      vertex 6.3 2.4 5.8
      vertex 6.3 0 5.8
    endloop
  endfacet
  facet normal 0.582538 0.812803 -0
    outer loop
      vertex 6.3219 14.1454 2.4
      vertex 6.18893 14.2407 8.4
      vertex 6.3219 14.1454 8.4
    endloop
  endfacet
  facet normal 0.582538 0.812803 0
    outer loop
      vertex 6.18893 14.2407 8.4
      vertex 6.3219 14.1454 2.4
      vertex 6.18893 14.2407 2.4
    endloop
  endfacet
  facet normal -0.352108 0.935959 0
    outer loop
      vertex 3.9964 14.5293 2.4
      vertex 3.84329 14.4717 8.4
      vertex 3.9964 14.5293 8.4
    endloop
  endfacet
  facet normal -0.352108 0.935959 0
    outer loop
      vertex 3.84329 14.4717 8.4
      vertex 3.9964 14.5293 2.4
      vertex 3.84329 14.4717 2.4
    endloop
  endfacet
  facet normal -0.910843 0.412753 0
    outer loop
      vertex 2.4903 13.1187 2.4
      vertex 2.55782 13.2677 8.4
      vertex 2.55782 13.2677 2.4
    endloop
  endfacet
  facet normal -0.910843 0.412753 0
    outer loop
      vertex 2.55782 13.2677 8.4
      vertex 2.4903 13.1187 2.4
      vertex 2.4903 13.1187 8.4
    endloop
  endfacet
  facet normal 0.999465 -0.0327042 0
    outer loop
      vertex 7.29465 11.9985 8.4
      vertex 7.3 12.162 2.4
      vertex 7.3 12.162 8.4
    endloop
  endfacet
  facet normal 0.999465 -0.0327042 0
    outer loop
      vertex 7.3 12.162 2.4
      vertex 7.29465 11.9985 8.4
      vertex 7.29465 11.9985 2.4
    endloop
  endfacet
  facet normal -0.910843 -0.412753 0
    outer loop
      vertex 2.55782 11.0563 2.4
      vertex 2.4903 11.2053 8.4
      vertex 2.4903 11.2053 2.4
    endloop
  endfacet
  facet normal -0.910843 -0.412753 0
    outer loop
      vertex 2.4903 11.2053 8.4
      vertex 2.55782 11.0563 2.4
      vertex 2.55782 11.0563 8.4
    endloop
  endfacet
  facet normal 0.986641 0.162912 0
    outer loop
      vertex 7.27861 12.4883 8.4
      vertex 7.25196 12.6497 2.4
      vertex 7.25196 12.6497 8.4
    endloop
  endfacet
  facet normal 0.986641 0.162912 0
    outer loop
      vertex 7.25196 12.6497 2.4
      vertex 7.27861 12.4883 8.4
      vertex 7.27861 12.4883 2.4
    endloop
  endfacet
  facet normal 0.956981 0.29015 0
    outer loop
      vertex 7.21481 12.809 8.4
      vertex 7.16733 12.9656 2.4
      vertex 7.16733 12.9656 8.4
    endloop
  endfacet
  facet normal 0.956981 0.29015 0
    outer loop
      vertex 7.16733 12.9656 2.4
      vertex 7.21481 12.809 8.4
      vertex 7.21481 12.809 2.4
    endloop
  endfacet
  facet normal 0.773118 0.634262 0
    outer loop
      vertex 6.78338 13.6839 8.4
      vertex 6.6796 13.8104 2.4
      vertex 6.6796 13.8104 8.4
    endloop
  endfacet
  facet normal 0.773118 0.634262 0
    outer loop
      vertex 6.6796 13.8104 2.4
      vertex 6.78338 13.6839 8.4
      vertex 6.78338 13.6839 2.4
    endloop
  endfacet
  facet normal 0.528102 0.849181 -0
    outer loop
      vertex 6.18893 14.2407 2.4
      vertex 6.05 14.3271 8.4
      vertex 6.18893 14.2407 8.4
    endloop
  endfacet
  facet normal 0.528102 0.849181 0
    outer loop
      vertex 6.05 14.3271 8.4
      vertex 6.18893 14.2407 2.4
      vertex 6.05 14.3271 2.4
    endloop
  endfacet
  facet normal -0.582538 0.812803 0
    outer loop
      vertex 3.41107 14.2407 2.4
      vertex 3.2781 14.1454 8.4
      vertex 3.41107 14.2407 8.4
    endloop
  endfacet
  facet normal -0.582538 0.812803 0
    outer loop
      vertex 3.2781 14.1454 8.4
      vertex 3.41107 14.2407 2.4
      vertex 3.2781 14.1454 2.4
    endloop
  endfacet
  facet normal 0.227087 -0.973875 0
    outer loop
      vertex 5.28773 9.71004 2.4
      vertex 5.44705 9.74719 8.4
      vertex 5.28773 9.71004 8.4
    endloop
  endfacet
  facet normal 0.227087 -0.973875 0
    outer loop
      vertex 5.44705 9.74719 8.4
      vertex 5.28773 9.71004 2.4
      vertex 5.44705 9.74719 2.4
    endloop
  endfacet
  facet normal 0.683463 -0.729985 0
    outer loop
      vertex 6.44836 10.2824 2.4
      vertex 6.56777 10.3942 8.4
      vertex 6.44836 10.2824 8.4
    endloop
  endfacet
  facet normal 0.683463 -0.729985 0
    outer loop
      vertex 6.56777 10.3942 8.4
      vertex 6.44836 10.2824 2.4
      vertex 6.56777 10.3942 2.4
    endloop
  endfacet
  facet normal -0.0327022 -0.999465 0
    outer loop
      vertex 4.63649 9.66735 2.4
      vertex 4.8 9.662 8.4
      vertex 4.63649 9.66735 8.4
    endloop
  endfacet
  facet normal -0.0327022 -0.999465 -0
    outer loop
      vertex 4.8 9.662 8.4
      vertex 4.63649 9.66735 2.4
      vertex 4.8 9.662 2.4
    endloop
  endfacet
  facet normal 0.995181 0.098051 0
    outer loop
      vertex 7.29465 12.3255 8.4
      vertex 7.27861 12.4883 2.4
      vertex 7.27861 12.4883 8.4
    endloop
  endfacet
  facet normal 0.995181 0.098051 0
    outer loop
      vertex 7.27861 12.4883 2.4
      vertex 7.29465 12.3255 8.4
      vertex 7.29465 12.3255 2.4
    endloop
  endfacet
  facet normal 0.812894 0.582411 0
    outer loop
      vertex 6.87867 13.5509 8.4
      vertex 6.78338 13.6839 2.4
      vertex 6.78338 13.6839 8.4
    endloop
  endfacet
  facet normal 0.812894 0.582411 0
    outer loop
      vertex 6.78338 13.6839 2.4
      vertex 6.87867 13.5509 8.4
      vertex 6.87867 13.5509 2.4
    endloop
  endfacet
  facet normal 0.729865 0.683591 0
    outer loop
      vertex 6.6796 13.8104 8.4
      vertex 6.56777 13.9298 2.4
      vertex 6.56777 13.9298 8.4
    endloop
  endfacet
  facet normal 0.729865 0.683591 0
    outer loop
      vertex 6.56777 13.9298 2.4
      vertex 6.6796 13.8104 8.4
      vertex 6.6796 13.8104 2.4
    endloop
  endfacet
  facet normal 0.634455 0.77296 -0
    outer loop
      vertex 6.44836 14.0416 2.4
      vertex 6.3219 14.1454 8.4
      vertex 6.44836 14.0416 8.4
    endloop
  endfacet
  facet normal 0.634455 0.77296 0
    outer loop
      vertex 6.3219 14.1454 8.4
      vertex 6.44836 14.0416 2.4
      vertex 6.3219 14.1454 2.4
    endloop
  endfacet
  facet normal 0.412628 0.9109 -0
    outer loop
      vertex 5.90572 14.4042 2.4
      vertex 5.75671 14.4717 8.4
      vertex 5.90572 14.4042 8.4
    endloop
  endfacet
  facet normal 0.412628 0.9109 0
    outer loop
      vertex 5.75671 14.4717 8.4
      vertex 5.90572 14.4042 2.4
      vertex 5.75671 14.4717 2.4
    endloop
  endfacet
  facet normal 0.471305 0.88197 -0
    outer loop
      vertex 6.05 14.3271 2.4
      vertex 5.90572 14.4042 8.4
      vertex 6.05 14.3271 8.4
    endloop
  endfacet
  facet normal 0.471305 0.88197 0
    outer loop
      vertex 5.90572 14.4042 8.4
      vertex 6.05 14.3271 2.4
      vertex 5.90572 14.4042 2.4
    endloop
  endfacet
  facet normal 0.290347 0.956922 -0
    outer loop
      vertex 5.6036 14.5293 2.4
      vertex 5.44705 14.5768 8.4
      vertex 5.6036 14.5293 8.4
    endloop
  endfacet
  facet normal 0.290347 0.956922 0
    outer loop
      vertex 5.44705 14.5768 8.4
      vertex 5.6036 14.5293 2.4
      vertex 5.44705 14.5768 2.4
    endloop
  endfacet
  facet normal 0.162604 0.986691 -0
    outer loop
      vertex 5.28773 14.614 2.4
      vertex 5.12632 14.6406 8.4
      vertex 5.28773 14.614 8.4
    endloop
  endfacet
  facet normal 0.162604 0.986691 0
    outer loop
      vertex 5.12632 14.6406 8.4
      vertex 5.28773 14.614 2.4
      vertex 5.12632 14.6406 2.4
    endloop
  endfacet
  facet normal -0.935911 0.352235 0
    outer loop
      vertex 2.43268 12.9656 2.4
      vertex 2.4903 13.1187 8.4
      vertex 2.4903 13.1187 2.4
    endloop
  endfacet
  facet normal -0.935911 0.352235 0
    outer loop
      vertex 2.4903 13.1187 8.4
      vertex 2.43268 12.9656 2.4
      vertex 2.43268 12.9656 8.4
    endloop
  endfacet
  facet normal -0.956917 0.290362 0
    outer loop
      vertex 2.4 12.8579 2.4
      vertex 2.43268 12.9656 8.4
      vertex 2.43268 12.9656 2.4
    endloop
  endfacet
  facet normal -0.956917 0.290362 0
    outer loop
      vertex 2.43268 12.9656 8.4
      vertex 2.4 12.8579 2.4
      vertex 2.4 12.8579 8.4
    endloop
  endfacet
  facet normal -0.812894 0.582411 0
    outer loop
      vertex 2.72133 13.5509 2.4
      vertex 2.81662 13.6839 8.4
      vertex 2.81662 13.6839 2.4
    endloop
  endfacet
  facet normal -0.812894 0.582411 0
    outer loop
      vertex 2.81662 13.6839 8.4
      vertex 2.72133 13.5509 2.4
      vertex 2.72133 13.5509 8.4
    endloop
  endfacet
  facet normal -0.162595 0.986693 0
    outer loop
      vertex 4.47369 14.6406 2.4
      vertex 4.31227 14.614 8.4
      vertex 4.47369 14.6406 8.4
    endloop
  endfacet
  facet normal -0.162595 0.986693 0
    outer loop
      vertex 4.31227 14.614 8.4
      vertex 4.47369 14.6406 2.4
      vertex 4.31227 14.614 2.4
    endloop
  endfacet
  facet normal -0.412628 0.9109 0
    outer loop
      vertex 3.84329 14.4717 2.4
      vertex 3.69428 14.4042 8.4
      vertex 3.84329 14.4717 8.4
    endloop
  endfacet
  facet normal -0.412628 0.9109 0
    outer loop
      vertex 3.69428 14.4042 8.4
      vertex 3.84329 14.4717 2.4
      vertex 3.69428 14.4042 2.4
    endloop
  endfacet
  facet normal -0.471305 0.88197 0
    outer loop
      vertex 3.69428 14.4042 2.4
      vertex 3.55 14.3271 8.4
      vertex 3.69428 14.4042 8.4
    endloop
  endfacet
  facet normal -0.471305 0.88197 0
    outer loop
      vertex 3.55 14.3271 8.4
      vertex 3.69428 14.4042 2.4
      vertex 3.55 14.3271 2.4
    endloop
  endfacet
  facet normal 0.999465 0.0327042 0
    outer loop
      vertex 7.3 12.162 8.4
      vertex 7.29465 12.3255 2.4
      vertex 7.29465 12.3255 8.4
    endloop
  endfacet
  facet normal 0.999465 0.0327042 0
    outer loop
      vertex 7.29465 12.3255 2.4
      vertex 7.3 12.162 8.4
      vertex 7.3 12.162 2.4
    endloop
  endfacet
  facet normal 0.162902 -0.986642 0
    outer loop
      vertex 5.12632 9.68339 2.4
      vertex 5.28773 9.71004 8.4
      vertex 5.12632 9.68339 8.4
    endloop
  endfacet
  facet normal 0.162902 -0.986642 0
    outer loop
      vertex 5.28773 9.71004 8.4
      vertex 5.12632 9.68339 2.4
      vertex 5.28773 9.71004 2.4
    endloop
  endfacet
  facet normal 0.881947 -0.471349 0
    outer loop
      vertex 6.96506 10.912 8.4
      vertex 7.04218 11.0563 2.4
      vertex 7.04218 11.0563 8.4
    endloop
  endfacet
  facet normal 0.881947 -0.471349 0
    outer loop
      vertex 7.04218 11.0563 2.4
      vertex 6.96506 10.912 8.4
      vertex 6.96506 10.912 2.4
    endloop
  endfacet
  facet normal 0.41273 -0.910854 0
    outer loop
      vertex 5.75671 9.8523 2.4
      vertex 5.90572 9.91982 8.4
      vertex 5.75671 9.8523 8.4
    endloop
  endfacet
  facet normal 0.41273 -0.910854 0
    outer loop
      vertex 5.90572 9.91982 8.4
      vertex 5.75671 9.8523 2.4
      vertex 5.90572 9.91982 2.4
    endloop
  endfacet
  facet normal 0.582538 -0.812803 0
    outer loop
      vertex 6.18893 10.0833 2.4
      vertex 6.3219 10.1786 8.4
      vertex 6.18893 10.0833 8.4
    endloop
  endfacet
  facet normal 0.582538 -0.812803 0
    outer loop
      vertex 6.3219 10.1786 8.4
      vertex 6.18893 10.0833 2.4
      vertex 6.3219 10.1786 2.4
    endloop
  endfacet
  facet normal 0.4714 -0.881919 0
    outer loop
      vertex 5.90572 9.91982 2.4
      vertex 6.05 9.99694 8.4
      vertex 5.90572 9.91982 8.4
    endloop
  endfacet
  facet normal 0.4714 -0.881919 0
    outer loop
      vertex 6.05 9.99694 8.4
      vertex 5.90572 9.91982 2.4
      vertex 6.05 9.99694 2.4
    endloop
  endfacet
  facet normal -0.352269 -0.935899 0
    outer loop
      vertex 3.84329 9.8523 2.4
      vertex 3.9964 9.79467 8.4
      vertex 3.84329 9.8523 8.4
    endloop
  endfacet
  facet normal -0.352269 -0.935899 -0
    outer loop
      vertex 3.9964 9.79467 8.4
      vertex 3.84329 9.8523 2.4
      vertex 3.9964 9.79467 2.4
    endloop
  endfacet
  facet normal -0.290235 -0.956955 0
    outer loop
      vertex 3.9964 9.79467 2.4
      vertex 4.15295 9.74719 8.4
      vertex 3.9964 9.79467 8.4
    endloop
  endfacet
  facet normal -0.290235 -0.956955 -0
    outer loop
      vertex 4.15295 9.74719 8.4
      vertex 3.9964 9.79467 2.4
      vertex 4.15295 9.74719 2.4
    endloop
  endfacet
  facet normal -0.162892 -0.986644 0
    outer loop
      vertex 4.31227 9.71004 2.4
      vertex 4.47369 9.68339 8.4
      vertex 4.31227 9.71004 8.4
    endloop
  endfacet
  facet normal -0.162892 -0.986644 -0
    outer loop
      vertex 4.47369 9.68339 8.4
      vertex 4.31227 9.71004 2.4
      vertex 4.47369 9.68339 2.4
    endloop
  endfacet
  facet normal -0.812894 -0.582411 0
    outer loop
      vertex 2.81662 10.6401 2.4
      vertex 2.72133 10.7731 8.4
      vertex 2.72133 10.7731 2.4
    endloop
  endfacet
  facet normal -0.812894 -0.582411 0
    outer loop
      vertex 2.72133 10.7731 8.4
      vertex 2.81662 10.6401 2.4
      vertex 2.81662 10.6401 8.4
    endloop
  endfacet
  facet normal -0.773118 -0.634262 0
    outer loop
      vertex 2.9204 10.5136 2.4
      vertex 2.81662 10.6401 8.4
      vertex 2.81662 10.6401 2.4
    endloop
  endfacet
  facet normal -0.773118 -0.634262 0
    outer loop
      vertex 2.81662 10.6401 8.4
      vertex 2.9204 10.5136 2.4
      vertex 2.9204 10.5136 8.4
    endloop
  endfacet
  facet normal -0.881947 -0.471349 0
    outer loop
      vertex 2.63494 10.912 2.4
      vertex 2.55782 11.0563 8.4
      vertex 2.55782 11.0563 2.4
    endloop
  endfacet
  facet normal -0.881947 -0.471349 0
    outer loop
      vertex 2.55782 11.0563 8.4
      vertex 2.63494 10.912 2.4
      vertex 2.63494 10.912 8.4
    endloop
  endfacet
  facet normal 0.910843 0.412753 0
    outer loop
      vertex 7.1097 13.1187 8.4
      vertex 7.04218 13.2677 2.4
      vertex 7.04218 13.2677 8.4
    endloop
  endfacet
  facet normal 0.910843 0.412753 0
    outer loop
      vertex 7.04218 13.2677 2.4
      vertex 7.1097 13.1187 8.4
      vertex 7.1097 13.1187 2.4
    endloop
  endfacet
  facet normal 0.935891 0.352289 0
    outer loop
      vertex 7.16733 12.9656 8.4
      vertex 7.1097 13.1187 2.4
      vertex 7.1097 13.1187 8.4
    endloop
  endfacet
  facet normal 0.935891 0.352289 0
    outer loop
      vertex 7.1097 13.1187 2.4
      vertex 7.16733 12.9656 8.4
      vertex 7.16733 12.9656 2.4
    endloop
  endfacet
  facet normal 0.881947 0.471349 0
    outer loop
      vertex 7.04218 13.2677 8.4
      vertex 6.96506 13.412 2.4
      vertex 6.96506 13.412 8.4
    endloop
  endfacet
  facet normal 0.881947 0.471349 0
    outer loop
      vertex 6.96506 13.412 2.4
      vertex 7.04218 13.2677 8.4
      vertex 7.04218 13.2677 2.4
    endloop
  endfacet
  facet normal 0.849157 0.52814 0
    outer loop
      vertex 6.96506 13.412 8.4
      vertex 6.87867 13.5509 2.4
      vertex 6.87867 13.5509 8.4
    endloop
  endfacet
  facet normal 0.849157 0.52814 0
    outer loop
      vertex 6.87867 13.5509 2.4
      vertex 6.96506 13.412 8.4
      vertex 6.96506 13.412 2.4
    endloop
  endfacet
  facet normal 0.683463 0.729985 -0
    outer loop
      vertex 6.56777 13.9298 2.4
      vertex 6.44836 14.0416 8.4
      vertex 6.56777 13.9298 8.4
    endloop
  endfacet
  facet normal 0.683463 0.729985 0
    outer loop
      vertex 6.44836 14.0416 8.4
      vertex 6.56777 13.9298 2.4
      vertex 6.44836 14.0416 2.4
    endloop
  endfacet
  facet normal 0.0330075 0.999455 -0
    outer loop
      vertex 4.96351 14.6566 2.4
      vertex 4.8 14.662 8.4
      vertex 4.96351 14.6566 8.4
    endloop
  endfacet
  facet normal 0.0330075 0.999455 0
    outer loop
      vertex 4.8 14.662 8.4
      vertex 4.96351 14.6566 2.4
      vertex 4.8 14.662 2.4
    endloop
  endfacet
  facet normal 0.352108 0.935959 -0
    outer loop
      vertex 5.75671 14.4717 2.4
      vertex 5.6036 14.5293 8.4
      vertex 5.75671 14.4717 8.4
    endloop
  endfacet
  facet normal 0.352108 0.935959 0
    outer loop
      vertex 5.6036 14.5293 8.4
      vertex 5.75671 14.4717 2.4
      vertex 5.6036 14.5293 2.4
    endloop
  endfacet
  facet normal 0.227376 0.973807 -0
    outer loop
      vertex 5.44705 14.5768 2.4
      vertex 5.28773 14.614 8.4
      vertex 5.44705 14.5768 8.4
    endloop
  endfacet
  facet normal 0.227376 0.973807 0
    outer loop
      vertex 5.28773 14.614 8.4
      vertex 5.44705 14.5768 2.4
      vertex 5.28773 14.614 2.4
    endloop
  endfacet
  facet normal -0.849157 0.52814 0
    outer loop
      vertex 2.63494 13.412 2.4
      vertex 2.72133 13.5509 8.4
      vertex 2.72133 13.5509 2.4
    endloop
  endfacet
  facet normal -0.849157 0.52814 0
    outer loop
      vertex 2.72133 13.5509 8.4
      vertex 2.63494 13.412 2.4
      vertex 2.63494 13.412 8.4
    endloop
  endfacet
  facet normal -0.881947 0.471349 0
    outer loop
      vertex 2.55782 13.2677 2.4
      vertex 2.63494 13.412 8.4
      vertex 2.63494 13.412 2.4
    endloop
  endfacet
  facet normal -0.881947 0.471349 0
    outer loop
      vertex 2.63494 13.412 8.4
      vertex 2.55782 13.2677 2.4
      vertex 2.55782 13.2677 8.4
    endloop
  endfacet
  facet normal -0.729865 0.683591 0
    outer loop
      vertex 2.9204 13.8104 2.4
      vertex 3.03223 13.9298 8.4
      vertex 3.03223 13.9298 2.4
    endloop
  endfacet
  facet normal -0.729865 0.683591 0
    outer loop
      vertex 3.03223 13.9298 8.4
      vertex 2.9204 13.8104 2.4
      vertex 2.9204 13.8104 8.4
    endloop
  endfacet
  facet normal -0.773118 0.634262 0
    outer loop
      vertex 2.81662 13.6839 2.4
      vertex 2.9204 13.8104 8.4
      vertex 2.9204 13.8104 2.4
    endloop
  endfacet
  facet normal -0.773118 0.634262 0
    outer loop
      vertex 2.9204 13.8104 8.4
      vertex 2.81662 13.6839 2.4
      vertex 2.81662 13.6839 8.4
    endloop
  endfacet
  facet normal -0.227376 0.973807 0
    outer loop
      vertex 4.31227 14.614 2.4
      vertex 4.15295 14.5768 8.4
      vertex 4.31227 14.614 8.4
    endloop
  endfacet
  facet normal -0.227376 0.973807 0
    outer loop
      vertex 4.15295 14.5768 8.4
      vertex 4.31227 14.614 2.4
      vertex 4.15295 14.5768 2.4
    endloop
  endfacet
  facet normal -0.290347 0.956922 0
    outer loop
      vertex 4.15295 14.5768 2.4
      vertex 3.9964 14.5293 8.4
      vertex 4.15295 14.5768 8.4
    endloop
  endfacet
  facet normal -0.290347 0.956922 0
    outer loop
      vertex 3.9964 14.5293 8.4
      vertex 4.15295 14.5768 2.4
      vertex 3.9964 14.5293 2.4
    endloop
  endfacet
  facet normal -0.0330075 0.999455 0
    outer loop
      vertex 4.8 14.662 2.4
      vertex 4.63649 14.6566 8.4
      vertex 4.8 14.662 8.4
    endloop
  endfacet
  facet normal -0.0330075 0.999455 0
    outer loop
      vertex 4.63649 14.6566 8.4
      vertex 4.8 14.662 2.4
      vertex 4.63649 14.6566 2.4
    endloop
  endfacet
  facet normal -0.0978089 0.995205 0
    outer loop
      vertex 4.63649 14.6566 2.4
      vertex 4.47369 14.6406 8.4
      vertex 4.63649 14.6566 8.4
    endloop
  endfacet
  facet normal -0.0978089 0.995205 0
    outer loop
      vertex 4.47369 14.6406 8.4
      vertex 4.63649 14.6566 2.4
      vertex 4.47369 14.6406 2.4
    endloop
  endfacet
  facet normal -0.528102 0.849181 0
    outer loop
      vertex 3.55 14.3271 2.4
      vertex 3.41107 14.2407 8.4
      vertex 3.55 14.3271 8.4
    endloop
  endfacet
  facet normal -0.528102 0.849181 0
    outer loop
      vertex 3.41107 14.2407 8.4
      vertex 3.55 14.3271 2.4
      vertex 3.41107 14.2407 2.4
    endloop
  endfacet
  facet normal -0.683463 0.729985 0
    outer loop
      vertex 3.15164 14.0416 2.4
      vertex 3.03223 13.9298 8.4
      vertex 3.15164 14.0416 8.4
    endloop
  endfacet
  facet normal -0.683463 0.729985 0
    outer loop
      vertex 3.03223 13.9298 8.4
      vertex 3.15164 14.0416 2.4
      vertex 3.03223 13.9298 2.4
    endloop
  endfacet
  facet normal 0.0327022 -0.999465 0
    outer loop
      vertex 4.8 9.662 2.4
      vertex 4.96351 9.66735 8.4
      vertex 4.8 9.662 8.4
    endloop
  endfacet
  facet normal 0.0327022 -0.999465 0
    outer loop
      vertex 4.96351 9.66735 8.4
      vertex 4.8 9.662 2.4
      vertex 4.96351 9.66735 2.4
    endloop
  endfacet
  facet normal 0.986641 -0.162912 0
    outer loop
      vertex 7.25196 11.6743 8.4
      vertex 7.27861 11.8357 2.4
      vertex 7.27861 11.8357 8.4
    endloop
  endfacet
  facet normal 0.986641 -0.162912 0
    outer loop
      vertex 7.27861 11.8357 2.4
      vertex 7.25196 11.6743 8.4
      vertex 7.25196 11.6743 2.4
    endloop
  endfacet
  facet normal 0.995181 -0.098051 0
    outer loop
      vertex 7.27861 11.8357 8.4
      vertex 7.29465 11.9985 2.4
      vertex 7.29465 11.9985 8.4
    endloop
  endfacet
  facet normal 0.995181 -0.098051 0
    outer loop
      vertex 7.29465 11.9985 2.4
      vertex 7.27861 11.8357 8.4
      vertex 7.27861 11.8357 2.4
    endloop
  endfacet
  facet normal 0.956981 -0.29015 0
    outer loop
      vertex 7.16733 11.3584 8.4
      vertex 7.21481 11.515 2.4
      vertex 7.21481 11.515 8.4
    endloop
  endfacet
  facet normal 0.956981 -0.29015 0
    outer loop
      vertex 7.21481 11.515 2.4
      vertex 7.16733 11.3584 8.4
      vertex 7.16733 11.3584 2.4
    endloop
  endfacet
  facet normal 0.910843 -0.412753 0
    outer loop
      vertex 7.04218 11.0563 8.4
      vertex 7.1097 11.2053 2.4
      vertex 7.1097 11.2053 8.4
    endloop
  endfacet
  facet normal 0.910843 -0.412753 0
    outer loop
      vertex 7.1097 11.2053 2.4
      vertex 7.04218 11.0563 8.4
      vertex 7.04218 11.0563 2.4
    endloop
  endfacet
  facet normal 0.812894 -0.582411 0
    outer loop
      vertex 6.78338 10.6401 8.4
      vertex 6.87867 10.7731 2.4
      vertex 6.87867 10.7731 8.4
    endloop
  endfacet
  facet normal 0.812894 -0.582411 0
    outer loop
      vertex 6.87867 10.7731 2.4
      vertex 6.78338 10.6401 8.4
      vertex 6.78338 10.6401 2.4
    endloop
  endfacet
  facet normal 0.0980451 -0.995182 0
    outer loop
      vertex 4.96351 9.66735 2.4
      vertex 5.12632 9.68339 8.4
      vertex 4.96351 9.66735 8.4
    endloop
  endfacet
  facet normal 0.0980451 -0.995182 0
    outer loop
      vertex 5.12632 9.68339 8.4
      vertex 4.96351 9.66735 2.4
      vertex 5.12632 9.68339 2.4
    endloop
  endfacet
  facet normal 0.352269 -0.935899 0
    outer loop
      vertex 5.6036 9.79467 2.4
      vertex 5.75671 9.8523 8.4
      vertex 5.6036 9.79467 8.4
    endloop
  endfacet
  facet normal 0.352269 -0.935899 0
    outer loop
      vertex 5.75671 9.8523 8.4
      vertex 5.6036 9.79467 2.4
      vertex 5.75671 9.8523 2.4
    endloop
  endfacet
  facet normal 0.290235 -0.956955 0
    outer loop
      vertex 5.44705 9.74719 2.4
      vertex 5.6036 9.79467 8.4
      vertex 5.44705 9.74719 8.4
    endloop
  endfacet
  facet normal 0.290235 -0.956955 0
    outer loop
      vertex 5.6036 9.79467 8.4
      vertex 5.44705 9.74719 2.4
      vertex 5.6036 9.79467 2.4
    endloop
  endfacet
  facet normal 0.634455 -0.77296 0
    outer loop
      vertex 6.3219 10.1786 2.4
      vertex 6.44836 10.2824 8.4
      vertex 6.3219 10.1786 8.4
    endloop
  endfacet
  facet normal 0.634455 -0.77296 0
    outer loop
      vertex 6.44836 10.2824 8.4
      vertex 6.3219 10.1786 2.4
      vertex 6.44836 10.2824 2.4
    endloop
  endfacet
  facet normal -0.098051 -0.995181 0
    outer loop
      vertex 4.47369 9.68339 2.4
      vertex 4.63649 9.66735 8.4
      vertex 4.47369 9.68339 8.4
    endloop
  endfacet
  facet normal -0.098051 -0.995181 -0
    outer loop
      vertex 4.63649 9.66735 8.4
      vertex 4.47369 9.68339 2.4
      vertex 4.63649 9.66735 2.4
    endloop
  endfacet
  facet normal -0.41273 -0.910854 0
    outer loop
      vertex 3.69428 9.91982 2.4
      vertex 3.84329 9.8523 8.4
      vertex 3.69428 9.91982 8.4
    endloop
  endfacet
  facet normal -0.41273 -0.910854 -0
    outer loop
      vertex 3.84329 9.8523 8.4
      vertex 3.69428 9.91982 2.4
      vertex 3.84329 9.8523 2.4
    endloop
  endfacet
  facet normal -0.527926 -0.849291 0
    outer loop
      vertex 3.41107 10.0833 2.4
      vertex 3.55 9.99694 8.4
      vertex 3.41107 10.0833 8.4
    endloop
  endfacet
  facet normal -0.527926 -0.849291 -0
    outer loop
      vertex 3.55 9.99694 8.4
      vertex 3.41107 10.0833 2.4
      vertex 3.55 9.99694 2.4
    endloop
  endfacet
  facet normal -0.4714 -0.881919 0
    outer loop
      vertex 3.55 9.99694 2.4
      vertex 3.69428 9.91982 8.4
      vertex 3.55 9.99694 8.4
    endloop
  endfacet
  facet normal -0.4714 -0.881919 -0
    outer loop
      vertex 3.69428 9.91982 8.4
      vertex 3.55 9.99694 2.4
      vertex 3.69428 9.91982 2.4
    endloop
  endfacet
  facet normal -0.683463 -0.729985 0
    outer loop
      vertex 3.03223 10.3942 2.4
      vertex 3.15164 10.2824 8.4
      vertex 3.03223 10.3942 8.4
    endloop
  endfacet
  facet normal -0.683463 -0.729985 -0
    outer loop
      vertex 3.15164 10.2824 8.4
      vertex 3.03223 10.3942 2.4
      vertex 3.15164 10.2824 2.4
    endloop
  endfacet
  facet normal -0.582538 -0.812803 0
    outer loop
      vertex 3.2781 10.1786 2.4
      vertex 3.41107 10.0833 8.4
      vertex 3.2781 10.1786 8.4
    endloop
  endfacet
  facet normal -0.582538 -0.812803 -0
    outer loop
      vertex 3.41107 10.0833 8.4
      vertex 3.2781 10.1786 2.4
      vertex 3.41107 10.0833 2.4
    endloop
  endfacet
  facet normal -0.935911 -0.352235 0
    outer loop
      vertex 2.4903 11.2053 2.4
      vertex 2.43268 11.3584 8.4
      vertex 2.43268 11.3584 2.4
    endloop
  endfacet
  facet normal -0.935911 -0.352235 0
    outer loop
      vertex 2.43268 11.3584 8.4
      vertex 2.4903 11.2053 2.4
      vertex 2.4903 11.2053 8.4
    endloop
  endfacet
  facet normal -0.729865 -0.683591 0
    outer loop
      vertex 3.03223 10.3942 2.4
      vertex 2.9204 10.5136 8.4
      vertex 2.9204 10.5136 2.4
    endloop
  endfacet
  facet normal -0.729865 -0.683591 0
    outer loop
      vertex 2.9204 10.5136 8.4
      vertex 3.03223 10.3942 2.4
      vertex 3.03223 10.3942 8.4
    endloop
  endfacet
  facet normal -0.849157 -0.52814 0
    outer loop
      vertex 2.72133 10.7731 2.4
      vertex 2.63494 10.912 8.4
      vertex 2.63494 10.912 2.4
    endloop
  endfacet
  facet normal -0.849157 -0.52814 0
    outer loop
      vertex 2.63494 10.912 8.4
      vertex 2.72133 10.7731 2.4
      vertex 2.72133 10.7731 8.4
    endloop
  endfacet
  facet normal 0.973868 0.227114 0
    outer loop
      vertex 7.25196 12.6497 8.4
      vertex 7.21481 12.809 2.4
      vertex 7.21481 12.809 8.4
    endloop
  endfacet
  facet normal 0.973868 0.227114 0
    outer loop
      vertex 7.21481 12.809 2.4
      vertex 7.25196 12.6497 8.4
      vertex 7.25196 12.6497 2.4
    endloop
  endfacet
  facet normal 0.0978029 0.995206 -0
    outer loop
      vertex 5.12632 14.6406 2.4
      vertex 4.96351 14.6566 8.4
      vertex 5.12632 14.6406 8.4
    endloop
  endfacet
  facet normal 0.0978029 0.995206 0
    outer loop
      vertex 4.96351 14.6566 8.4
      vertex 5.12632 14.6406 2.4
      vertex 4.96351 14.6566 2.4
    endloop
  endfacet
  facet normal -0.634455 0.77296 0
    outer loop
      vertex 3.2781 14.1454 2.4
      vertex 3.15164 14.0416 8.4
      vertex 3.2781 14.1454 8.4
    endloop
  endfacet
  facet normal -0.634455 0.77296 0
    outer loop
      vertex 3.15164 14.0416 8.4
      vertex 3.2781 14.1454 2.4
      vertex 3.15164 14.0416 2.4
    endloop
  endfacet
  facet normal 0.973868 -0.227114 0
    outer loop
      vertex 7.21481 11.515 8.4
      vertex 7.25196 11.6743 2.4
      vertex 7.25196 11.6743 8.4
    endloop
  endfacet
  facet normal 0.973868 -0.227114 0
    outer loop
      vertex 7.25196 11.6743 2.4
      vertex 7.21481 11.515 8.4
      vertex 7.21481 11.515 2.4
    endloop
  endfacet
  facet normal 0.935891 -0.352289 0
    outer loop
      vertex 7.1097 11.2053 8.4
      vertex 7.16733 11.3584 2.4
      vertex 7.16733 11.3584 8.4
    endloop
  endfacet
  facet normal 0.935891 -0.352289 0
    outer loop
      vertex 7.16733 11.3584 2.4
      vertex 7.1097 11.2053 8.4
      vertex 7.1097 11.2053 2.4
    endloop
  endfacet
  facet normal 0.729865 -0.683591 0
    outer loop
      vertex 6.56777 10.3942 8.4
      vertex 6.6796 10.5136 2.4
      vertex 6.6796 10.5136 8.4
    endloop
  endfacet
  facet normal 0.729865 -0.683591 0
    outer loop
      vertex 6.6796 10.5136 2.4
      vertex 6.56777 10.3942 8.4
      vertex 6.56777 10.3942 2.4
    endloop
  endfacet
  facet normal 0.773118 -0.634262 0
    outer loop
      vertex 6.6796 10.5136 8.4
      vertex 6.78338 10.6401 2.4
      vertex 6.78338 10.6401 8.4
    endloop
  endfacet
  facet normal 0.773118 -0.634262 0
    outer loop
      vertex 6.78338 10.6401 2.4
      vertex 6.6796 10.5136 8.4
      vertex 6.6796 10.5136 2.4
    endloop
  endfacet
  facet normal 0.527926 -0.849291 0
    outer loop
      vertex 6.05 9.99694 2.4
      vertex 6.18893 10.0833 8.4
      vertex 6.05 9.99694 8.4
    endloop
  endfacet
  facet normal 0.527926 -0.849291 0
    outer loop
      vertex 6.18893 10.0833 8.4
      vertex 6.05 9.99694 2.4
      vertex 6.18893 10.0833 2.4
    endloop
  endfacet
  facet normal -0.227087 -0.973875 0
    outer loop
      vertex 4.15295 9.74719 2.4
      vertex 4.31227 9.71004 8.4
      vertex 4.15295 9.74719 8.4
    endloop
  endfacet
  facet normal -0.227087 -0.973875 -0
    outer loop
      vertex 4.31227 9.71004 8.4
      vertex 4.15295 9.74719 2.4
      vertex 4.31227 9.71004 2.4
    endloop
  endfacet
  facet normal -0.634455 -0.77296 0
    outer loop
      vertex 3.15164 10.2824 2.4
      vertex 3.2781 10.1786 8.4
      vertex 3.15164 10.2824 8.4
    endloop
  endfacet
  facet normal -0.634455 -0.77296 -0
    outer loop
      vertex 3.2781 10.1786 8.4
      vertex 3.15164 10.2824 2.4
      vertex 3.2781 10.1786 2.4
    endloop
  endfacet
  facet normal -0.956917 -0.290362 0
    outer loop
      vertex 2.43268 11.3584 2.4
      vertex 2.4 11.4661 8.4
      vertex 2.4 11.4661 2.4
    endloop
  endfacet
  facet normal -0.956917 -0.290362 0
    outer loop
      vertex 2.4 11.4661 8.4
      vertex 2.43268 11.3584 2.4
      vertex 2.43268 11.3584 8.4
    endloop
  endfacet
  facet normal 0.849157 -0.52814 0
    outer loop
      vertex 6.87867 10.7731 8.4
      vertex 6.96506 10.912 2.4
      vertex 6.96506 10.912 8.4
    endloop
  endfacet
  facet normal 0.849157 -0.52814 0
    outer loop
      vertex 6.96506 10.912 2.4
      vertex 6.87867 10.7731 8.4
      vertex 6.87867 10.7731 2.4
    endloop
  endfacet
  facet normal 0.882104 0.471054 0
    outer loop
      vertex 5.56234 12.5379 10.4
      vertex 5.53612 12.587 8.4
      vertex 5.53612 12.587 10.4
    endloop
  endfacet
  facet normal 0.882104 0.471054 0
    outer loop
      vertex 5.53612 12.587 8.4
      vertex 5.56234 12.5379 10.4
      vertex 5.56234 12.5379 8.4
    endloop
  endfacet
  facet normal 0.352345 0.93587 -0
    outer loop
      vertex 5.12528 12.9473 8.4
      vertex 5.07322 12.9669 10.4
      vertex 5.12528 12.9473 10.4
    endloop
  endfacet
  facet normal 0.352345 0.93587 0
    outer loop
      vertex 5.07322 12.9669 10.4
      vertex 5.12528 12.9473 8.4
      vertex 5.07322 12.9669 8.4
    endloop
  endfacet
  facet normal -0.413397 0.910551 0
    outer loop
      vertex 4.47472 12.9473 8.4
      vertex 4.42406 12.9243 10.4
      vertex 4.47472 12.9473 10.4
    endloop
  endfacet
  facet normal -0.413397 0.910551 0
    outer loop
      vertex 4.42406 12.9243 10.4
      vertex 4.47472 12.9473 8.4
      vertex 4.42406 12.9243 8.4
    endloop
  endfacet
  facet normal -0.910637 0.413206 0
    outer loop
      vertex 4.0147 12.4873 8.4
      vertex 4.03766 12.5379 10.4
      vertex 4.03766 12.5379 8.4
    endloop
  endfacet
  facet normal -0.910637 0.413206 0
    outer loop
      vertex 4.03766 12.5379 10.4
      vertex 4.0147 12.4873 8.4
      vertex 4.0147 12.4873 10.4
    endloop
  endfacet
  facet normal 0.528463 0.848956 -0
    outer loop
      vertex 5.27223 12.8687 8.4
      vertex 5.225 12.8981 10.4
      vertex 5.27223 12.8687 10.4
    endloop
  endfacet
  facet normal 0.528463 0.848956 0
    outer loop
      vertex 5.225 12.8981 10.4
      vertex 5.27223 12.8687 8.4
      vertex 5.225 12.8981 8.4
    endloop
  endfacet
  facet normal -0.773003 0.634402 0
    outer loop
      vertex 4.12565 12.6794 8.4
      vertex 4.16094 12.7224 10.4
      vertex 4.16094 12.7224 8.4
    endloop
  endfacet
  facet normal -0.773003 0.634402 0
    outer loop
      vertex 4.16094 12.7224 10.4
      vertex 4.12565 12.6794 8.4
      vertex 4.12565 12.6794 10.4
    endloop
  endfacet
  facet normal -0.228258 0.973601 0
    outer loop
      vertex 4.63417 12.9957 8.4
      vertex 4.58 12.983 10.4
      vertex 4.63417 12.9957 10.4
    endloop
  endfacet
  facet normal -0.228258 0.973601 0
    outer loop
      vertex 4.58 12.983 10.4
      vertex 4.63417 12.9957 8.4
      vertex 4.58 12.983 8.4
    endloop
  endfacet
  facet normal 0.471148 -0.882054 0
    outer loop
      vertex 5.17595 11.3997 8.4
      vertex 5.225 11.4259 10.4
      vertex 5.17595 11.3997 10.4
    endloop
  endfacet
  facet normal 0.471148 -0.882054 0
    outer loop
      vertex 5.225 11.4259 10.4
      vertex 5.17595 11.3997 8.4
      vertex 5.225 11.4259 8.4
    endloop
  endfacet
  facet normal 0.936019 0.35195 0
    outer loop
      vertex 5.60489 12.4352 10.4
      vertex 5.5853 12.4873 8.4
      vertex 5.5853 12.4873 10.4
    endloop
  endfacet
  facet normal 0.936019 0.35195 0
    outer loop
      vertex 5.5853 12.4873 8.4
      vertex 5.60489 12.4352 10.4
      vertex 5.60489 12.4352 8.4
    endloop
  endfacet
  facet normal 0.81276 0.582598 0
    outer loop
      vertex 5.50675 12.6342 10.4
      vertex 5.47435 12.6794 8.4
      vertex 5.47435 12.6794 10.4
    endloop
  endfacet
  facet normal 0.81276 0.582598 0
    outer loop
      vertex 5.47435 12.6794 8.4
      vertex 5.50675 12.6342 10.4
      vertex 5.50675 12.6342 8.4
    endloop
  endfacet
  facet normal 0.773003 0.634402 0
    outer loop
      vertex 5.47435 12.6794 10.4
      vertex 5.43906 12.7224 8.4
      vertex 5.43906 12.7224 10.4
    endloop
  endfacet
  facet normal 0.773003 0.634402 0
    outer loop
      vertex 5.43906 12.7224 8.4
      vertex 5.47435 12.6794 10.4
      vertex 5.47435 12.6794 8.4
    endloop
  endfacet
  facet normal 0.032363 0.999476 -0
    outer loop
      vertex 4.85559 13.0102 8.4
      vertex 4.8 13.012 10.4
      vertex 4.85559 13.0102 10.4
    endloop
  endfacet
  facet normal 0.032363 0.999476 0
    outer loop
      vertex 4.8 13.012 10.4
      vertex 4.85559 13.0102 8.4
      vertex 4.8 13.012 8.4
    endloop
  endfacet
  facet normal 0.289558 0.95716 -0
    outer loop
      vertex 5.07322 12.9669 8.4
      vertex 5.02 12.983 10.4
      vertex 5.07322 12.9669 10.4
    endloop
  endfacet
  facet normal 0.289558 0.95716 0
    outer loop
      vertex 5.02 12.983 10.4
      vertex 5.07322 12.9669 8.4
      vertex 5.02 12.983 8.4
    endloop
  endfacet
  facet normal 0.161832 0.986818 -0
    outer loop
      vertex 4.96583 12.9957 8.4
      vertex 4.91095 13.0047 10.4
      vertex 4.96583 12.9957 10.4
    endloop
  endfacet
  facet normal 0.161832 0.986818 0
    outer loop
      vertex 4.91095 13.0047 10.4
      vertex 4.96583 12.9957 8.4
      vertex 4.91095 13.0047 8.4
    endloop
  endfacet
  facet normal 0.582428 0.812882 -0
    outer loop
      vertex 5.31745 12.8363 8.4
      vertex 5.27223 12.8687 10.4
      vertex 5.31745 12.8363 10.4
    endloop
  endfacet
  facet normal 0.582428 0.812882 0
    outer loop
      vertex 5.27223 12.8687 10.4
      vertex 5.31745 12.8363 8.4
      vertex 5.27223 12.8687 8.4
    endloop
  endfacet
  facet normal -0.999465 0.0327163 0
    outer loop
      vertex 3.95 12.162 8.4
      vertex 3.95182 12.2176 10.4
      vertex 3.95182 12.2176 8.4
    endloop
  endfacet
  facet normal -0.999465 0.0327163 0
    outer loop
      vertex 3.95182 12.2176 10.4
      vertex 3.95 12.162 8.4
      vertex 3.95 12.162 10.4
    endloop
  endfacet
  facet normal -0.973907 0.226946 0
    outer loop
      vertex 3.96633 12.3278 8.4
      vertex 3.97896 12.382 10.4
      vertex 3.97896 12.382 8.4
    endloop
  endfacet
  facet normal -0.973907 0.226946 0
    outer loop
      vertex 3.97896 12.382 10.4
      vertex 3.96633 12.3278 8.4
      vertex 3.96633 12.3278 10.4
    endloop
  endfacet
  facet normal -0.882104 0.471054 0
    outer loop
      vertex 4.03766 12.5379 8.4
      vertex 4.06388 12.587 10.4
      vertex 4.06388 12.587 8.4
    endloop
  endfacet
  facet normal -0.882104 0.471054 0
    outer loop
      vertex 4.06388 12.587 10.4
      vertex 4.03766 12.5379 8.4
      vertex 4.03766 12.5379 10.4
    endloop
  endfacet
  facet normal -0.849048 0.528316 0
    outer loop
      vertex 4.06388 12.587 8.4
      vertex 4.09325 12.6342 10.4
      vertex 4.09325 12.6342 8.4
    endloop
  endfacet
  facet normal -0.849048 0.528316 0
    outer loop
      vertex 4.09325 12.6342 10.4
      vertex 4.06388 12.587 8.4
      vertex 4.06388 12.587 10.4
    endloop
  endfacet
  facet normal -0.098863 0.995101 0
    outer loop
      vertex 4.74441 13.0102 8.4
      vertex 4.68905 13.0047 10.4
      vertex 4.74441 13.0102 10.4
    endloop
  endfacet
  facet normal -0.098863 0.995101 0
    outer loop
      vertex 4.68905 13.0047 10.4
      vertex 4.74441 13.0102 8.4
      vertex 4.68905 13.0047 8.4
    endloop
  endfacet
  facet normal -0.582428 0.812882 0
    outer loop
      vertex 4.32777 12.8687 8.4
      vertex 4.28255 12.8363 10.4
      vertex 4.32777 12.8687 10.4
    endloop
  endfacet
  facet normal -0.582428 0.812882 0
    outer loop
      vertex 4.28255 12.8363 10.4
      vertex 4.32777 12.8687 8.4
      vertex 4.28255 12.8363 8.4
    endloop
  endfacet
  facet normal -0.633522 0.773725 0
    outer loop
      vertex 4.28255 12.8363 8.4
      vertex 4.23956 12.8011 10.4
      vertex 4.28255 12.8363 10.4
    endloop
  endfacet
  facet normal -0.633522 0.773725 0
    outer loop
      vertex 4.23956 12.8011 10.4
      vertex 4.28255 12.8363 8.4
      vertex 4.23956 12.8011 8.4
    endloop
  endfacet
  facet normal -0.528463 0.848956 0
    outer loop
      vertex 4.375 12.8981 8.4
      vertex 4.32777 12.8687 10.4
      vertex 4.375 12.8981 10.4
    endloop
  endfacet
  facet normal -0.528463 0.848956 0
    outer loop
      vertex 4.32777 12.8687 10.4
      vertex 4.375 12.8981 8.4
      vertex 4.32777 12.8687 8.4
    endloop
  endfacet
  facet normal 0.956881 -0.290482 0
    outer loop
      vertex 5.60489 11.8888 10.4
      vertex 5.62104 11.942 8.4
      vertex 5.62104 11.942 10.4
    endloop
  endfacet
  facet normal 0.956881 -0.290482 0
    outer loop
      vertex 5.62104 11.942 8.4
      vertex 5.60489 11.8888 10.4
      vertex 5.60489 11.8888 8.4
    endloop
  endfacet
  facet normal 0.986655 0.162825 0
    outer loop
      vertex 5.64273 12.2729 10.4
      vertex 5.63367 12.3278 8.4
      vertex 5.63367 12.3278 10.4
    endloop
  endfacet
  facet normal 0.986655 0.162825 0
    outer loop
      vertex 5.63367 12.3278 8.4
      vertex 5.64273 12.2729 10.4
      vertex 5.64273 12.2729 8.4
    endloop
  endfacet
  facet normal 0.910637 0.413206 0
    outer loop
      vertex 5.5853 12.4873 10.4
      vertex 5.56234 12.5379 8.4
      vertex 5.56234 12.5379 10.4
    endloop
  endfacet
  facet normal 0.910637 0.413206 0
    outer loop
      vertex 5.56234 12.5379 8.4
      vertex 5.5853 12.4873 10.4
      vertex 5.5853 12.4873 8.4
    endloop
  endfacet
  facet normal 0.973907 0.226946 0
    outer loop
      vertex 5.63367 12.3278 10.4
      vertex 5.62104 12.382 8.4
      vertex 5.62104 12.382 10.4
    endloop
  endfacet
  facet normal 0.973907 0.226946 0
    outer loop
      vertex 5.62104 12.382 8.4
      vertex 5.63367 12.3278 10.4
      vertex 5.63367 12.3278 8.4
    endloop
  endfacet
  facet normal 0.849048 0.528316 0
    outer loop
      vertex 5.53612 12.587 10.4
      vertex 5.50675 12.6342 8.4
      vertex 5.50675 12.6342 10.4
    endloop
  endfacet
  facet normal 0.849048 0.528316 0
    outer loop
      vertex 5.50675 12.6342 8.4
      vertex 5.53612 12.587 10.4
      vertex 5.53612 12.587 8.4
    endloop
  endfacet
  facet normal 0.6843 0.729201 -0
    outer loop
      vertex 5.40104 12.763 8.4
      vertex 5.36044 12.8011 10.4
      vertex 5.40104 12.763 10.4
    endloop
  endfacet
  facet normal 0.6843 0.729201 0
    outer loop
      vertex 5.36044 12.8011 10.4
      vertex 5.40104 12.763 8.4
      vertex 5.36044 12.8011 8.4
    endloop
  endfacet
  facet normal -0.032363 0.999476 0
    outer loop
      vertex 4.8 13.012 8.4
      vertex 4.74441 13.0102 10.4
      vertex 4.8 13.012 10.4
    endloop
  endfacet
  facet normal -0.032363 0.999476 0
    outer loop
      vertex 4.74441 13.0102 10.4
      vertex 4.8 13.012 8.4
      vertex 4.74441 13.0102 8.4
    endloop
  endfacet
  facet normal 0.098863 0.995101 -0
    outer loop
      vertex 4.91095 13.0047 8.4
      vertex 4.85559 13.0102 10.4
      vertex 4.91095 13.0047 10.4
    endloop
  endfacet
  facet normal 0.098863 0.995101 0
    outer loop
      vertex 4.85559 13.0102 10.4
      vertex 4.91095 13.0047 8.4
      vertex 4.85559 13.0102 8.4
    endloop
  endfacet
  facet normal 0.228258 0.973601 -0
    outer loop
      vertex 5.02 12.983 8.4
      vertex 4.96583 12.9957 10.4
      vertex 5.02 12.983 10.4
    endloop
  endfacet
  facet normal 0.228258 0.973601 0
    outer loop
      vertex 4.96583 12.9957 10.4
      vertex 5.02 12.983 8.4
      vertex 4.96583 12.9957 8.4
    endloop
  endfacet
  facet normal 0.471148 0.882054 -0
    outer loop
      vertex 5.225 12.8981 8.4
      vertex 5.17595 12.9243 10.4
      vertex 5.225 12.8981 10.4
    endloop
  endfacet
  facet normal 0.471148 0.882054 0
    outer loop
      vertex 5.17595 12.9243 10.4
      vertex 5.225 12.8981 8.4
      vertex 5.17595 12.9243 8.4
    endloop
  endfacet
  facet normal 0.413329 0.910582 -0
    outer loop
      vertex 5.17595 12.9243 8.4
      vertex 5.12528 12.9473 10.4
      vertex 5.17595 12.9243 10.4
    endloop
  endfacet
  facet normal 0.413329 0.910582 0
    outer loop
      vertex 5.12528 12.9473 10.4
      vertex 5.17595 12.9243 8.4
      vertex 5.12528 12.9473 8.4
    endloop
  endfacet
  facet normal 0.633522 0.773725 -0
    outer loop
      vertex 5.36044 12.8011 8.4
      vertex 5.31745 12.8363 10.4
      vertex 5.36044 12.8011 10.4
    endloop
  endfacet
  facet normal 0.633522 0.773725 0
    outer loop
      vertex 5.31745 12.8363 10.4
      vertex 5.36044 12.8011 8.4
      vertex 5.31745 12.8363 8.4
    endloop
  endfacet
  facet normal -0.956881 0.290482 0
    outer loop
      vertex 3.97896 12.382 8.4
      vertex 3.99511 12.4352 10.4
      vertex 3.99511 12.4352 8.4
    endloop
  endfacet
  facet normal -0.956881 0.290482 0
    outer loop
      vertex 3.99511 12.4352 10.4
      vertex 3.97896 12.382 8.4
      vertex 3.97896 12.382 10.4
    endloop
  endfacet
  facet normal -0.936019 0.35195 0
    outer loop
      vertex 3.99511 12.4352 8.4
      vertex 4.0147 12.4873 10.4
      vertex 4.0147 12.4873 8.4
    endloop
  endfacet
  facet normal -0.936019 0.35195 0
    outer loop
      vertex 4.0147 12.4873 10.4
      vertex 3.99511 12.4352 8.4
      vertex 3.99511 12.4352 10.4
    endloop
  endfacet
  facet normal 0 0 1
    outer loop
      vertex 5.64818 12.2176 10.4
      vertex 5.64818 12.1064 10.4
      vertex 5.65 12.162 10.4
    endloop
  endfacet
  facet normal 0 0 1
    outer loop
      vertex 5.64273 12.2729 10.4
      vertex 5.64818 12.1064 10.4
      vertex 5.64818 12.2176 10.4
    endloop
  endfacet
  facet normal 0 0 1
    outer loop
      vertex 5.64273 12.2729 10.4
      vertex 5.64273 12.0511 10.4
      vertex 5.64818 12.1064 10.4
    endloop
  endfacet
  facet normal 0 0 1
    outer loop
      vertex 5.63367 12.3278 10.4
      vertex 5.64273 12.0511 10.4
      vertex 5.64273 12.2729 10.4
    endloop
  endfacet
  facet normal 0 0 1
    outer loop
      vertex 5.63367 12.3278 10.4
      vertex 5.63367 11.9962 10.4
      vertex 5.64273 12.0511 10.4
    endloop
  endfacet
  facet normal 0 0 1
    outer loop
      vertex 5.62104 12.382 10.4
      vertex 5.63367 11.9962 10.4
      vertex 5.63367 12.3278 10.4
    endloop
  endfacet
  facet normal 0 0 1
    outer loop
      vertex 5.62104 12.382 10.4
      vertex 5.62104 11.942 10.4
      vertex 5.63367 11.9962 10.4
    endloop
  endfacet
  facet normal 0 0 1
    outer loop
      vertex 5.60489 12.4352 10.4
      vertex 5.62104 11.942 10.4
      vertex 5.62104 12.382 10.4
    endloop
  endfacet
  facet normal 0 0 1
    outer loop
      vertex 5.60489 12.4352 10.4
      vertex 5.60489 11.8888 10.4
      vertex 5.62104 11.942 10.4
    endloop
  endfacet
  facet normal 0 0 1
    outer loop
      vertex 5.5853 12.4873 10.4
      vertex 5.60489 11.8888 10.4
      vertex 5.60489 12.4352 10.4
    endloop
  endfacet
  facet normal 0 0 1
    outer loop
      vertex 5.5853 12.4873 10.4
      vertex 5.5853 11.8367 10.4
      vertex 5.60489 11.8888 10.4
    endloop
  endfacet
  facet normal 0 0 1
    outer loop
      vertex 5.56234 12.5379 10.4
      vertex 5.5853 11.8367 10.4
      vertex 5.5853 12.4873 10.4
    endloop
  endfacet
  facet normal 0 0 1
    outer loop
      vertex 5.56234 12.5379 10.4
      vertex 5.56234 11.7861 10.4
      vertex 5.5853 11.8367 10.4
    endloop
  endfacet
  facet normal 0 0 1
    outer loop
      vertex 5.53612 12.587 10.4
      vertex 5.56234 11.7861 10.4
      vertex 5.56234 12.5379 10.4
    endloop
  endfacet
  facet normal 0 0 1
    outer loop
      vertex 5.53612 12.587 10.4
      vertex 5.53612 11.737 10.4
      vertex 5.56234 11.7861 10.4
    endloop
  endfacet
  facet normal 0 0 1
    outer loop
      vertex 5.50675 12.6342 10.4
      vertex 5.53612 11.737 10.4
      vertex 5.53612 12.587 10.4
    endloop
  endfacet
  facet normal 0 0 1
    outer loop
      vertex 5.50675 12.6342 10.4
      vertex 5.50675 11.6898 10.4
      vertex 5.53612 11.737 10.4
    endloop
  endfacet
  facet normal 0 0 1
    outer loop
      vertex 5.47435 12.6794 10.4
      vertex 5.50675 11.6898 10.4
      vertex 5.50675 12.6342 10.4
    endloop
  endfacet
  facet normal 0 0 1
    outer loop
      vertex 5.47435 12.6794 10.4
      vertex 5.47435 11.6446 10.4
      vertex 5.50675 11.6898 10.4
    endloop
  endfacet
  facet normal 0 0 1
    outer loop
      vertex 5.43906 12.7224 10.4
      vertex 5.47435 11.6446 10.4
      vertex 5.47435 12.6794 10.4
    endloop
  endfacet
  facet normal 0 0 1
    outer loop
      vertex 5.43906 12.7224 10.4
      vertex 5.43906 11.6016 10.4
      vertex 5.47435 11.6446 10.4
    endloop
  endfacet
  facet normal 0 0 1
    outer loop
      vertex 5.40104 12.763 10.4
      vertex 5.43906 11.6016 10.4
      vertex 5.43906 12.7224 10.4
    endloop
  endfacet
  facet normal 0 0 1
    outer loop
      vertex 5.40104 12.763 10.4
      vertex 5.40104 11.561 10.4
      vertex 5.43906 11.6016 10.4
    endloop
  endfacet
  facet normal 0 0 1
    outer loop
      vertex 5.36044 12.8011 10.4
      vertex 5.40104 11.561 10.4
      vertex 5.40104 12.763 10.4
    endloop
  endfacet
  facet normal 0 0 1
    outer loop
      vertex 5.36044 12.8011 10.4
      vertex 5.36044 11.5229 10.4
      vertex 5.40104 11.561 10.4
    endloop
  endfacet
  facet normal 0 0 1
    outer loop
      vertex 5.31745 12.8363 10.4
      vertex 5.36044 11.5229 10.4
      vertex 5.36044 12.8011 10.4
    endloop
  endfacet
  facet normal 0 0 1
    outer loop
      vertex 5.31745 12.8363 10.4
      vertex 5.31745 11.4876 10.4
      vertex 5.36044 11.5229 10.4
    endloop
  endfacet
  facet normal 0 0 1
    outer loop
      vertex 5.27223 12.8687 10.4
      vertex 5.31745 11.4876 10.4
      vertex 5.31745 12.8363 10.4
    endloop
  endfacet
  facet normal 0 0 1
    outer loop
      vertex 5.27223 12.8687 10.4
      vertex 5.27223 11.4553 10.4
      vertex 5.31745 11.4876 10.4
    endloop
  endfacet
  facet normal 0 0 1
    outer loop
      vertex 5.225 12.8981 10.4
      vertex 5.27223 11.4553 10.4
      vertex 5.27223 12.8687 10.4
    endloop
  endfacet
  facet normal 0 0 1
    outer loop
      vertex 5.225 12.8981 10.4
      vertex 5.225 11.4259 10.4
      vertex 5.27223 11.4553 10.4
    endloop
  endfacet
  facet normal 0 0 1
    outer loop
      vertex 5.17595 12.9243 10.4
      vertex 5.225 11.4259 10.4
      vertex 5.225 12.8981 10.4
    endloop
  endfacet
  facet normal 0 0 1
    outer loop
      vertex 5.17595 12.9243 10.4
      vertex 5.17595 11.3997 10.4
      vertex 5.225 11.4259 10.4
    endloop
  endfacet
  facet normal 0 0 1
    outer loop
      vertex 5.12528 12.9473 10.4
      vertex 5.17595 11.3997 10.4
      vertex 5.17595 12.9243 10.4
    endloop
  endfacet
  facet normal 0 0 1
    outer loop
      vertex 5.12528 12.9473 10.4
      vertex 5.12528 11.3767 10.4
      vertex 5.17595 11.3997 10.4
    endloop
  endfacet
  facet normal 0 0 1
    outer loop
      vertex 5.07322 12.9669 10.4
      vertex 5.12528 11.3767 10.4
      vertex 5.12528 12.9473 10.4
    endloop
  endfacet
  facet normal 0 0 1
    outer loop
      vertex 5.07322 12.9669 10.4
      vertex 5.07322 11.3571 10.4
      vertex 5.12528 11.3767 10.4
    endloop
  endfacet
  facet normal 0 0 1
    outer loop
      vertex 5.02 12.983 10.4
      vertex 5.07322 11.3571 10.4
      vertex 5.07322 12.9669 10.4
    endloop
  endfacet
  facet normal 0 0 1
    outer loop
      vertex 5.02 12.983 10.4
      vertex 5.02 11.341 10.4
      vertex 5.07322 11.3571 10.4
    endloop
  endfacet
  facet normal 0 0 1
    outer loop
      vertex 4.96583 12.9957 10.4
      vertex 5.02 11.341 10.4
      vertex 5.02 12.983 10.4
    endloop
  endfacet
  facet normal 0 0 1
    outer loop
      vertex 4.96583 12.9957 10.4
      vertex 4.96583 11.3283 10.4
      vertex 5.02 11.341 10.4
    endloop
  endfacet
  facet normal 0 0 1
    outer loop
      vertex 4.91095 13.0047 10.4
      vertex 4.96583 11.3283 10.4
      vertex 4.96583 12.9957 10.4
    endloop
  endfacet
  facet normal 0 0 1
    outer loop
      vertex 4.91095 13.0047 10.4
      vertex 4.91095 11.3193 10.4
      vertex 4.96583 11.3283 10.4
    endloop
  endfacet
  facet normal 0 0 1
    outer loop
      vertex 4.85559 13.0102 10.4
      vertex 4.91095 11.3193 10.4
      vertex 4.91095 13.0047 10.4
    endloop
  endfacet
  facet normal 0 0 1
    outer loop
      vertex 4.85559 13.0102 10.4
      vertex 4.85559 11.3138 10.4
      vertex 4.91095 11.3193 10.4
    endloop
  endfacet
  facet normal 0 0 1
    outer loop
      vertex 4.8 13.012 10.4
      vertex 4.85559 11.3138 10.4
      vertex 4.85559 13.0102 10.4
    endloop
  endfacet
  facet normal 0 0 1
    outer loop
      vertex 4.8 13.012 10.4
      vertex 4.8 11.312 10.4
      vertex 4.85559 11.3138 10.4
    endloop
  endfacet
  facet normal -0 0 1
    outer loop
      vertex 4.74441 13.0102 10.4
      vertex 4.8 11.312 10.4
      vertex 4.8 13.012 10.4
    endloop
  endfacet
  facet normal 0 0 1
    outer loop
      vertex 4.74441 13.0102 10.4
      vertex 4.74441 11.3138 10.4
      vertex 4.8 11.312 10.4
    endloop
  endfacet
  facet normal -0 0 1
    outer loop
      vertex 4.68905 13.0047 10.4
      vertex 4.74441 11.3138 10.4
      vertex 4.74441 13.0102 10.4
    endloop
  endfacet
  facet normal 0 0 1
    outer loop
      vertex 4.68905 13.0047 10.4
      vertex 4.68905 11.3193 10.4
      vertex 4.74441 11.3138 10.4
    endloop
  endfacet
  facet normal -0 0 1
    outer loop
      vertex 4.63417 12.9957 10.4
      vertex 4.68905 11.3193 10.4
      vertex 4.68905 13.0047 10.4
    endloop
  endfacet
  facet normal 0 0 1
    outer loop
      vertex 4.63417 12.9957 10.4
      vertex 4.63417 11.3283 10.4
      vertex 4.68905 11.3193 10.4
    endloop
  endfacet
  facet normal -0 0 1
    outer loop
      vertex 4.58 12.983 10.4
      vertex 4.63417 11.3283 10.4
      vertex 4.63417 12.9957 10.4
    endloop
  endfacet
  facet normal 0 0 1
    outer loop
      vertex 4.58 12.983 10.4
      vertex 4.58 11.341 10.4
      vertex 4.63417 11.3283 10.4
    endloop
  endfacet
  facet normal -0 0 1
    outer loop
      vertex 4.52678 12.9669 10.4
      vertex 4.58 11.341 10.4
      vertex 4.58 12.983 10.4
    endloop
  endfacet
  facet normal 0 0 1
    outer loop
      vertex 4.52678 12.9669 10.4
      vertex 4.52678 11.3571 10.4
      vertex 4.58 11.341 10.4
    endloop
  endfacet
  facet normal -0 0 1
    outer loop
      vertex 4.47472 12.9473 10.4
      vertex 4.52678 11.3571 10.4
      vertex 4.52678 12.9669 10.4
    endloop
  endfacet
  facet normal 0 0 1
    outer loop
      vertex 4.47472 12.9473 10.4
      vertex 4.47472 11.3767 10.4
      vertex 4.52678 11.3571 10.4
    endloop
  endfacet
  facet normal -0 0 1
    outer loop
      vertex 4.42406 12.9243 10.4
      vertex 4.47472 11.3767 10.4
      vertex 4.47472 12.9473 10.4
    endloop
  endfacet
  facet normal 0 0 1
    outer loop
      vertex 4.42406 12.9243 10.4
      vertex 4.42406 11.3997 10.4
      vertex 4.47472 11.3767 10.4
    endloop
  endfacet
  facet normal -0 0 1
    outer loop
      vertex 4.375 12.8981 10.4
      vertex 4.42406 11.3997 10.4
      vertex 4.42406 12.9243 10.4
    endloop
  endfacet
  facet normal 0 0 1
    outer loop
      vertex 4.375 12.8981 10.4
      vertex 4.375 11.4259 10.4
      vertex 4.42406 11.3997 10.4
    endloop
  endfacet
  facet normal -0 0 1
    outer loop
      vertex 4.32777 12.8687 10.4
      vertex 4.375 11.4259 10.4
      vertex 4.375 12.8981 10.4
    endloop
  endfacet
  facet normal 0 0 1
    outer loop
      vertex 4.32777 12.8687 10.4
      vertex 4.32777 11.4553 10.4
      vertex 4.375 11.4259 10.4
    endloop
  endfacet
  facet normal -0 0 1
    outer loop
      vertex 4.28255 12.8363 10.4
      vertex 4.32777 11.4553 10.4
      vertex 4.32777 12.8687 10.4
    endloop
  endfacet
  facet normal 0 0 1
    outer loop
      vertex 4.28255 12.8363 10.4
      vertex 4.28255 11.4876 10.4
      vertex 4.32777 11.4553 10.4
    endloop
  endfacet
  facet normal -0 0 1
    outer loop
      vertex 4.23956 12.8011 10.4
      vertex 4.28255 11.4876 10.4
      vertex 4.28255 12.8363 10.4
    endloop
  endfacet
  facet normal 0 0 1
    outer loop
      vertex 4.23956 12.8011 10.4
      vertex 4.23956 11.5229 10.4
      vertex 4.28255 11.4876 10.4
    endloop
  endfacet
  facet normal -0 0 1
    outer loop
      vertex 4.19896 12.763 10.4
      vertex 4.23956 11.5229 10.4
      vertex 4.23956 12.8011 10.4
    endloop
  endfacet
  facet normal 0 0 1
    outer loop
      vertex 4.19896 12.763 10.4
      vertex 4.19896 11.561 10.4
      vertex 4.23956 11.5229 10.4
    endloop
  endfacet
  facet normal -0 0 1
    outer loop
      vertex 4.16094 12.7224 10.4
      vertex 4.19896 11.561 10.4
      vertex 4.19896 12.763 10.4
    endloop
  endfacet
  facet normal 0 0 1
    outer loop
      vertex 4.16094 12.7224 10.4
      vertex 4.16094 11.6016 10.4
      vertex 4.19896 11.561 10.4
    endloop
  endfacet
  facet normal -0 0 1
    outer loop
      vertex 4.12565 12.6794 10.4
      vertex 4.16094 11.6016 10.4
      vertex 4.16094 12.7224 10.4
    endloop
  endfacet
  facet normal 0 0 1
    outer loop
      vertex 4.12565 12.6794 10.4
      vertex 4.12565 11.6446 10.4
      vertex 4.16094 11.6016 10.4
    endloop
  endfacet
  facet normal -0 0 1
    outer loop
      vertex 4.09325 12.6342 10.4
      vertex 4.12565 11.6446 10.4
      vertex 4.12565 12.6794 10.4
    endloop
  endfacet
  facet normal 0 0 1
    outer loop
      vertex 4.09325 12.6342 10.4
      vertex 4.09325 11.6898 10.4
      vertex 4.12565 11.6446 10.4
    endloop
  endfacet
  facet normal -0 0 1
    outer loop
      vertex 4.06388 12.587 10.4
      vertex 4.09325 11.6898 10.4
      vertex 4.09325 12.6342 10.4
    endloop
  endfacet
  facet normal 0 0 1
    outer loop
      vertex 4.06388 12.587 10.4
      vertex 4.06388 11.737 10.4
      vertex 4.09325 11.6898 10.4
    endloop
  endfacet
  facet normal -0 0 1
    outer loop
      vertex 4.03766 12.5379 10.4
      vertex 4.06388 11.737 10.4
      vertex 4.06388 12.587 10.4
    endloop
  endfacet
  facet normal 0 0 1
    outer loop
      vertex 4.03766 12.5379 10.4
      vertex 4.03766 11.7861 10.4
      vertex 4.06388 11.737 10.4
    endloop
  endfacet
  facet normal -0 0 1
    outer loop
      vertex 4.0147 12.4873 10.4
      vertex 4.03766 11.7861 10.4
      vertex 4.03766 12.5379 10.4
    endloop
  endfacet
  facet normal 0 0 1
    outer loop
      vertex 4.0147 12.4873 10.4
      vertex 4.0147 11.8367 10.4
      vertex 4.03766 11.7861 10.4
    endloop
  endfacet
  facet normal -0 0 1
    outer loop
      vertex 3.99511 12.4352 10.4
      vertex 4.0147 11.8367 10.4
      vertex 4.0147 12.4873 10.4
    endloop
  endfacet
  facet normal 0 0 1
    outer loop
      vertex 3.99511 12.4352 10.4
      vertex 3.99511 11.8888 10.4
      vertex 4.0147 11.8367 10.4
    endloop
  endfacet
  facet normal -0 0 1
    outer loop
      vertex 3.97896 12.382 10.4
      vertex 3.99511 11.8888 10.4
      vertex 3.99511 12.4352 10.4
    endloop
  endfacet
  facet normal 0 0 1
    outer loop
      vertex 3.97896 12.382 10.4
      vertex 3.97896 11.942 10.4
      vertex 3.99511 11.8888 10.4
    endloop
  endfacet
  facet normal -0 0 1
    outer loop
      vertex 3.96633 12.3278 10.4
      vertex 3.97896 11.942 10.4
      vertex 3.97896 12.382 10.4
    endloop
  endfacet
  facet normal 0 0 1
    outer loop
      vertex 3.96633 12.3278 10.4
      vertex 3.96633 11.9962 10.4
      vertex 3.97896 11.942 10.4
    endloop
  endfacet
  facet normal -0 0 1
    outer loop
      vertex 3.95727 12.2729 10.4
      vertex 3.96633 11.9962 10.4
      vertex 3.96633 12.3278 10.4
    endloop
  endfacet
  facet normal 0 0 1
    outer loop
      vertex 3.95727 12.2729 10.4
      vertex 3.95727 12.0511 10.4
      vertex 3.96633 11.9962 10.4
    endloop
  endfacet
  facet normal -0 0 1
    outer loop
      vertex 3.95182 12.2176 10.4
      vertex 3.95727 12.0511 10.4
      vertex 3.95727 12.2729 10.4
    endloop
  endfacet
  facet normal 0 0 1
    outer loop
      vertex 3.95182 12.2176 10.4
      vertex 3.95182 12.1064 10.4
      vertex 3.95727 12.0511 10.4
    endloop
  endfacet
  facet normal 0 -0 1
    outer loop
      vertex 3.95182 12.1064 10.4
      vertex 3.95182 12.2176 10.4
      vertex 3.95 12.162 10.4
    endloop
  endfacet
  facet normal -0.986655 0.162825 0
    outer loop
      vertex 3.95727 12.2729 8.4
      vertex 3.96633 12.3278 10.4
      vertex 3.96633 12.3278 8.4
    endloop
  endfacet
  facet normal -0.986655 0.162825 0
    outer loop
      vertex 3.96633 12.3278 10.4
      vertex 3.95727 12.2729 8.4
      vertex 3.95727 12.2729 10.4
    endloop
  endfacet
  facet normal -0.995179 0.0980782 0
    outer loop
      vertex 3.95182 12.2176 8.4
      vertex 3.95727 12.2729 10.4
      vertex 3.95727 12.2729 8.4
    endloop
  endfacet
  facet normal -0.995179 0.0980782 0
    outer loop
      vertex 3.95727 12.2729 10.4
      vertex 3.95182 12.2176 8.4
      vertex 3.95182 12.2176 10.4
    endloop
  endfacet
  facet normal -0.81276 0.582598 0
    outer loop
      vertex 4.09325 12.6342 8.4
      vertex 4.12565 12.6794 10.4
      vertex 4.12565 12.6794 8.4
    endloop
  endfacet
  facet normal -0.81276 0.582598 0
    outer loop
      vertex 4.12565 12.6794 10.4
      vertex 4.09325 12.6342 8.4
      vertex 4.09325 12.6342 10.4
    endloop
  endfacet
  facet normal -0.289558 0.95716 0
    outer loop
      vertex 4.58 12.983 8.4
      vertex 4.52678 12.9669 10.4
      vertex 4.58 12.983 10.4
    endloop
  endfacet
  facet normal -0.289558 0.95716 0
    outer loop
      vertex 4.52678 12.9669 10.4
      vertex 4.58 12.983 8.4
      vertex 4.52678 12.9669 8.4
    endloop
  endfacet
  facet normal -0.352345 0.93587 0
    outer loop
      vertex 4.52678 12.9669 8.4
      vertex 4.47472 12.9473 10.4
      vertex 4.52678 12.9669 10.4
    endloop
  endfacet
  facet normal -0.352345 0.93587 0
    outer loop
      vertex 4.47472 12.9473 10.4
      vertex 4.52678 12.9669 8.4
      vertex 4.47472 12.9473 8.4
    endloop
  endfacet
  facet normal -0.161832 0.986818 0
    outer loop
      vertex 4.68905 13.0047 8.4
      vertex 4.63417 12.9957 10.4
      vertex 4.68905 13.0047 10.4
    endloop
  endfacet
  facet normal -0.161832 0.986818 0
    outer loop
      vertex 4.63417 12.9957 10.4
      vertex 4.68905 13.0047 8.4
      vertex 4.63417 12.9957 8.4
    endloop
  endfacet
  facet normal -0.471073 0.882094 0
    outer loop
      vertex 4.42406 12.9243 8.4
      vertex 4.375 12.8981 10.4
      vertex 4.42406 12.9243 10.4
    endloop
  endfacet
  facet normal -0.471073 0.882094 0
    outer loop
      vertex 4.375 12.8981 10.4
      vertex 4.42406 12.9243 8.4
      vertex 4.375 12.8981 8.4
    endloop
  endfacet
  facet normal -0.6843 0.729201 0
    outer loop
      vertex 4.23956 12.8011 8.4
      vertex 4.19896 12.763 10.4
      vertex 4.23956 12.8011 10.4
    endloop
  endfacet
  facet normal -0.6843 0.729201 0
    outer loop
      vertex 4.19896 12.763 10.4
      vertex 4.23956 12.8011 8.4
      vertex 4.19896 12.763 8.4
    endloop
  endfacet
  facet normal -0.729918 0.683534 0
    outer loop
      vertex 4.16094 12.7224 8.4
      vertex 4.19896 12.763 10.4
      vertex 4.19896 12.763 8.4
    endloop
  endfacet
  facet normal -0.729918 0.683534 0
    outer loop
      vertex 4.19896 12.763 10.4
      vertex 4.16094 12.7224 8.4
      vertex 4.16094 12.7224 10.4
    endloop
  endfacet
  facet normal 0.999465 0.0327163 0
    outer loop
      vertex 5.65 12.162 10.4
      vertex 5.64818 12.2176 8.4
      vertex 5.64818 12.2176 10.4
    endloop
  endfacet
  facet normal 0.999465 0.0327163 0
    outer loop
      vertex 5.64818 12.2176 8.4
      vertex 5.65 12.162 10.4
      vertex 5.65 12.162 8.4
    endloop
  endfacet
  facet normal 0.999465 -0.0327163 0
    outer loop
      vertex 5.64818 12.1064 10.4
      vertex 5.65 12.162 8.4
      vertex 5.65 12.162 10.4
    endloop
  endfacet
  facet normal 0.999465 -0.0327163 0
    outer loop
      vertex 5.65 12.162 8.4
      vertex 5.64818 12.1064 10.4
      vertex 5.64818 12.1064 8.4
    endloop
  endfacet
  facet normal 0.995179 -0.0980782 0
    outer loop
      vertex 5.64273 12.0511 10.4
      vertex 5.64818 12.1064 8.4
      vertex 5.64818 12.1064 10.4
    endloop
  endfacet
  facet normal 0.995179 -0.0980782 0
    outer loop
      vertex 5.64818 12.1064 8.4
      vertex 5.64273 12.0511 10.4
      vertex 5.64273 12.0511 8.4
    endloop
  endfacet
  facet normal 0.986655 -0.162825 0
    outer loop
      vertex 5.63367 11.9962 10.4
      vertex 5.64273 12.0511 8.4
      vertex 5.64273 12.0511 10.4
    endloop
  endfacet
  facet normal 0.986655 -0.162825 0
    outer loop
      vertex 5.64273 12.0511 8.4
      vertex 5.63367 11.9962 10.4
      vertex 5.63367 11.9962 8.4
    endloop
  endfacet
  facet normal 0.882104 -0.471054 0
    outer loop
      vertex 5.53612 11.737 10.4
      vertex 5.56234 11.7861 8.4
      vertex 5.56234 11.7861 10.4
    endloop
  endfacet
  facet normal 0.882104 -0.471054 0
    outer loop
      vertex 5.56234 11.7861 8.4
      vertex 5.53612 11.737 10.4
      vertex 5.53612 11.737 8.4
    endloop
  endfacet
  facet normal 0.936019 -0.35195 0
    outer loop
      vertex 5.5853 11.8367 10.4
      vertex 5.60489 11.8888 8.4
      vertex 5.60489 11.8888 10.4
    endloop
  endfacet
  facet normal 0.936019 -0.35195 0
    outer loop
      vertex 5.60489 11.8888 8.4
      vertex 5.5853 11.8367 10.4
      vertex 5.5853 11.8367 8.4
    endloop
  endfacet
  facet normal 0.634598 -0.772843 0
    outer loop
      vertex 5.31745 11.4876 8.4
      vertex 5.36044 11.5229 10.4
      vertex 5.31745 11.4876 10.4
    endloop
  endfacet
  facet normal 0.634598 -0.772843 0
    outer loop
      vertex 5.36044 11.5229 10.4
      vertex 5.31745 11.4876 8.4
      vertex 5.36044 11.5229 8.4
    endloop
  endfacet
  facet normal 0.773003 -0.634402 0
    outer loop
      vertex 5.43906 11.6016 10.4
      vertex 5.47435 11.6446 8.4
      vertex 5.47435 11.6446 10.4
    endloop
  endfacet
  facet normal 0.773003 -0.634402 0
    outer loop
      vertex 5.47435 11.6446 8.4
      vertex 5.43906 11.6016 10.4
      vertex 5.43906 11.6016 8.4
    endloop
  endfacet
  facet normal -0.999465 -0.0327163 0
    outer loop
      vertex 3.95182 12.1064 8.4
      vertex 3.95 12.162 10.4
      vertex 3.95 12.162 8.4
    endloop
  endfacet
  facet normal -0.999465 -0.0327163 0
    outer loop
      vertex 3.95 12.162 10.4
      vertex 3.95182 12.1064 8.4
      vertex 3.95182 12.1064 10.4
    endloop
  endfacet
  facet normal -0.956881 -0.290482 0
    outer loop
      vertex 3.99511 11.8888 8.4
      vertex 3.97896 11.942 10.4
      vertex 3.97896 11.942 8.4
    endloop
  endfacet
  facet normal -0.956881 -0.290482 0
    outer loop
      vertex 3.97896 11.942 10.4
      vertex 3.99511 11.8888 8.4
      vertex 3.99511 11.8888 10.4
    endloop
  endfacet
  facet normal 0.098863 -0.995101 0
    outer loop
      vertex 4.85559 11.3138 8.4
      vertex 4.91095 11.3193 10.4
      vertex 4.85559 11.3138 10.4
    endloop
  endfacet
  facet normal 0.098863 -0.995101 0
    outer loop
      vertex 4.91095 11.3193 10.4
      vertex 4.85559 11.3138 8.4
      vertex 4.91095 11.3193 8.4
    endloop
  endfacet
  facet normal 0.413329 -0.910582 0
    outer loop
      vertex 5.12528 11.3767 8.4
      vertex 5.17595 11.3997 10.4
      vertex 5.12528 11.3767 10.4
    endloop
  endfacet
  facet normal 0.413329 -0.910582 0
    outer loop
      vertex 5.17595 11.3997 10.4
      vertex 5.12528 11.3767 8.4
      vertex 5.17595 11.3997 8.4
    endloop
  endfacet
  facet normal 0.956881 0.290482 0
    outer loop
      vertex 5.62104 12.382 10.4
      vertex 5.60489 12.4352 8.4
      vertex 5.60489 12.4352 10.4
    endloop
  endfacet
  facet normal 0.956881 0.290482 0
    outer loop
      vertex 5.60489 12.4352 8.4
      vertex 5.62104 12.382 10.4
      vertex 5.62104 12.382 8.4
    endloop
  endfacet
  facet normal 0.995179 0.0980782 0
    outer loop
      vertex 5.64818 12.2176 10.4
      vertex 5.64273 12.2729 8.4
      vertex 5.64273 12.2729 10.4
    endloop
  endfacet
  facet normal 0.995179 0.0980782 0
    outer loop
      vertex 5.64273 12.2729 8.4
      vertex 5.64818 12.2176 10.4
      vertex 5.64818 12.2176 8.4
    endloop
  endfacet
  facet normal 0.729918 0.683534 0
    outer loop
      vertex 5.43906 12.7224 10.4
      vertex 5.40104 12.763 8.4
      vertex 5.40104 12.763 10.4
    endloop
  endfacet
  facet normal 0.729918 0.683534 0
    outer loop
      vertex 5.40104 12.763 8.4
      vertex 5.43906 12.7224 10.4
      vertex 5.43906 12.7224 8.4
    endloop
  endfacet
  facet normal 0.973907 -0.226946 0
    outer loop
      vertex 5.62104 11.942 10.4
      vertex 5.63367 11.9962 8.4
      vertex 5.63367 11.9962 10.4
    endloop
  endfacet
  facet normal 0.973907 -0.226946 0
    outer loop
      vertex 5.63367 11.9962 8.4
      vertex 5.62104 11.942 10.4
      vertex 5.62104 11.942 8.4
    endloop
  endfacet
  facet normal 0.581238 -0.813733 0
    outer loop
      vertex 5.27223 11.4553 8.4
      vertex 5.31745 11.4876 10.4
      vertex 5.27223 11.4553 10.4
    endloop
  endfacet
  facet normal 0.581238 -0.813733 0
    outer loop
      vertex 5.31745 11.4876 10.4
      vertex 5.27223 11.4553 8.4
      vertex 5.31745 11.4876 8.4
    endloop
  endfacet
  facet normal 0.6843 -0.729201 0
    outer loop
      vertex 5.36044 11.5229 8.4
      vertex 5.40104 11.561 10.4
      vertex 5.36044 11.5229 10.4
    endloop
  endfacet
  facet normal 0.6843 -0.729201 0
    outer loop
      vertex 5.40104 11.561 10.4
      vertex 5.36044 11.5229 8.4
      vertex 5.40104 11.561 8.4
    endloop
  endfacet
  facet normal 0.849048 -0.528316 0
    outer loop
      vertex 5.50675 11.6898 10.4
      vertex 5.53612 11.737 8.4
      vertex 5.53612 11.737 10.4
    endloop
  endfacet
  facet normal 0.849048 -0.528316 0
    outer loop
      vertex 5.53612 11.737 8.4
      vertex 5.50675 11.6898 10.4
      vertex 5.50675 11.6898 8.4
    endloop
  endfacet
  facet normal -0.098863 -0.995101 0
    outer loop
      vertex 4.68905 11.3193 8.4
      vertex 4.74441 11.3138 10.4
      vertex 4.68905 11.3193 10.4
    endloop
  endfacet
  facet normal -0.098863 -0.995101 -0
    outer loop
      vertex 4.74441 11.3138 10.4
      vertex 4.68905 11.3193 8.4
      vertex 4.74441 11.3138 8.4
    endloop
  endfacet
  facet normal -0.973907 -0.226946 0
    outer loop
      vertex 3.97896 11.942 8.4
      vertex 3.96633 11.9962 10.4
      vertex 3.96633 11.9962 8.4
    endloop
  endfacet
  facet normal -0.973907 -0.226946 0
    outer loop
      vertex 3.96633 11.9962 10.4
      vertex 3.97896 11.942 8.4
      vertex 3.97896 11.942 10.4
    endloop
  endfacet
  facet normal -0.910637 -0.413206 0
    outer loop
      vertex 4.03766 11.7861 8.4
      vertex 4.0147 11.8367 10.4
      vertex 4.0147 11.8367 8.4
    endloop
  endfacet
  facet normal -0.910637 -0.413206 0
    outer loop
      vertex 4.0147 11.8367 10.4
      vertex 4.03766 11.7861 8.4
      vertex 4.03766 11.7861 10.4
    endloop
  endfacet
  facet normal 0.161832 -0.986818 0
    outer loop
      vertex 4.91095 11.3193 8.4
      vertex 4.96583 11.3283 10.4
      vertex 4.91095 11.3193 10.4
    endloop
  endfacet
  facet normal 0.161832 -0.986818 0
    outer loop
      vertex 4.96583 11.3283 10.4
      vertex 4.91095 11.3193 8.4
      vertex 4.96583 11.3283 8.4
    endloop
  endfacet
  facet normal 0.910637 -0.413206 0
    outer loop
      vertex 5.56234 11.7861 10.4
      vertex 5.5853 11.8367 8.4
      vertex 5.5853 11.8367 10.4
    endloop
  endfacet
  facet normal 0.910637 -0.413206 0
    outer loop
      vertex 5.5853 11.8367 8.4
      vertex 5.56234 11.7861 10.4
      vertex 5.56234 11.7861 8.4
    endloop
  endfacet
  facet normal 0.729918 -0.683534 0
    outer loop
      vertex 5.40104 11.561 10.4
      vertex 5.43906 11.6016 8.4
      vertex 5.43906 11.6016 10.4
    endloop
  endfacet
  facet normal 0.729918 -0.683534 0
    outer loop
      vertex 5.43906 11.6016 8.4
      vertex 5.40104 11.561 10.4
      vertex 5.40104 11.561 8.4
    endloop
  endfacet
  facet normal 0.528463 -0.848956 0
    outer loop
      vertex 5.225 11.4259 8.4
      vertex 5.27223 11.4553 10.4
      vertex 5.225 11.4259 10.4
    endloop
  endfacet
  facet normal 0.528463 -0.848956 0
    outer loop
      vertex 5.27223 11.4553 10.4
      vertex 5.225 11.4259 8.4
      vertex 5.27223 11.4553 8.4
    endloop
  endfacet
  facet normal 0.81276 -0.582598 0
    outer loop
      vertex 5.47435 11.6446 10.4
      vertex 5.50675 11.6898 8.4
      vertex 5.50675 11.6898 10.4
    endloop
  endfacet
  facet normal 0.81276 -0.582598 0
    outer loop
      vertex 5.50675 11.6898 8.4
      vertex 5.47435 11.6446 10.4
      vertex 5.47435 11.6446 8.4
    endloop
  endfacet
  facet normal -0.634598 -0.772843 0
    outer loop
      vertex 4.23956 11.5229 8.4
      vertex 4.28255 11.4876 10.4
      vertex 4.23956 11.5229 10.4
    endloop
  endfacet
  facet normal -0.634598 -0.772843 -0
    outer loop
      vertex 4.28255 11.4876 10.4
      vertex 4.23956 11.5229 8.4
      vertex 4.28255 11.4876 8.4
    endloop
  endfacet
  facet normal -0.352345 -0.93587 0
    outer loop
      vertex 4.47472 11.3767 8.4
      vertex 4.52678 11.3571 10.4
      vertex 4.47472 11.3767 10.4
    endloop
  endfacet
  facet normal -0.352345 -0.93587 -0
    outer loop
      vertex 4.52678 11.3571 10.4
      vertex 4.47472 11.3767 8.4
      vertex 4.52678 11.3571 8.4
    endloop
  endfacet
  facet normal -0.528463 -0.848956 0
    outer loop
      vertex 4.32777 11.4553 8.4
      vertex 4.375 11.4259 10.4
      vertex 4.32777 11.4553 10.4
    endloop
  endfacet
  facet normal -0.528463 -0.848956 -0
    outer loop
      vertex 4.375 11.4259 10.4
      vertex 4.32777 11.4553 8.4
      vertex 4.375 11.4259 8.4
    endloop
  endfacet
  facet normal -0.161832 -0.986818 0
    outer loop
      vertex 4.63417 11.3283 8.4
      vertex 4.68905 11.3193 10.4
      vertex 4.63417 11.3283 10.4
    endloop
  endfacet
  facet normal -0.161832 -0.986818 -0
    outer loop
      vertex 4.68905 11.3193 10.4
      vertex 4.63417 11.3283 8.4
      vertex 4.68905 11.3193 8.4
    endloop
  endfacet
  facet normal 0.032363 -0.999476 0
    outer loop
      vertex 4.8 11.312 8.4
      vertex 4.85559 11.3138 10.4
      vertex 4.8 11.312 10.4
    endloop
  endfacet
  facet normal 0.032363 -0.999476 0
    outer loop
      vertex 4.85559 11.3138 10.4
      vertex 4.8 11.312 8.4
      vertex 4.85559 11.3138 8.4
    endloop
  endfacet
  facet normal -0.882104 -0.471054 0
    outer loop
      vertex 4.06388 11.737 8.4
      vertex 4.03766 11.7861 10.4
      vertex 4.03766 11.7861 8.4
    endloop
  endfacet
  facet normal -0.882104 -0.471054 0
    outer loop
      vertex 4.03766 11.7861 10.4
      vertex 4.06388 11.737 8.4
      vertex 4.06388 11.737 10.4
    endloop
  endfacet
  facet normal -0.729918 -0.683534 0
    outer loop
      vertex 4.19896 11.561 8.4
      vertex 4.16094 11.6016 10.4
      vertex 4.16094 11.6016 8.4
    endloop
  endfacet
  facet normal -0.729918 -0.683534 0
    outer loop
      vertex 4.16094 11.6016 10.4
      vertex 4.19896 11.561 8.4
      vertex 4.19896 11.561 10.4
    endloop
  endfacet
  facet normal -0.81276 -0.582598 0
    outer loop
      vertex 4.12565 11.6446 8.4
      vertex 4.09325 11.6898 10.4
      vertex 4.09325 11.6898 8.4
    endloop
  endfacet
  facet normal -0.81276 -0.582598 0
    outer loop
      vertex 4.09325 11.6898 10.4
      vertex 4.12565 11.6446 8.4
      vertex 4.12565 11.6446 10.4
    endloop
  endfacet
  facet normal -0.995179 -0.0980782 0
    outer loop
      vertex 3.95727 12.0511 8.4
      vertex 3.95182 12.1064 10.4
      vertex 3.95182 12.1064 8.4
    endloop
  endfacet
  facet normal -0.995179 -0.0980782 0
    outer loop
      vertex 3.95182 12.1064 10.4
      vertex 3.95727 12.0511 8.4
      vertex 3.95727 12.0511 10.4
    endloop
  endfacet
  facet normal -0.986655 -0.162825 0
    outer loop
      vertex 3.96633 11.9962 8.4
      vertex 3.95727 12.0511 10.4
      vertex 3.95727 12.0511 8.4
    endloop
  endfacet
  facet normal -0.986655 -0.162825 0
    outer loop
      vertex 3.95727 12.0511 10.4
      vertex 3.96633 11.9962 8.4
      vertex 3.96633 11.9962 10.4
    endloop
  endfacet
  facet normal 0.228258 -0.973601 0
    outer loop
      vertex 4.96583 11.3283 8.4
      vertex 5.02 11.341 10.4
      vertex 4.96583 11.3283 10.4
    endloop
  endfacet
  facet normal 0.228258 -0.973601 0
    outer loop
      vertex 5.02 11.341 10.4
      vertex 4.96583 11.3283 8.4
      vertex 5.02 11.341 8.4
    endloop
  endfacet
  facet normal 0.352345 -0.93587 0
    outer loop
      vertex 5.07322 11.3571 8.4
      vertex 5.12528 11.3767 10.4
      vertex 5.07322 11.3571 10.4
    endloop
  endfacet
  facet normal 0.352345 -0.93587 0
    outer loop
      vertex 5.12528 11.3767 10.4
      vertex 5.07322 11.3571 8.4
      vertex 5.12528 11.3767 8.4
    endloop
  endfacet
  facet normal 0.289558 -0.95716 0
    outer loop
      vertex 5.02 11.341 8.4
      vertex 5.07322 11.3571 10.4
      vertex 5.02 11.341 10.4
    endloop
  endfacet
  facet normal 0.289558 -0.95716 0
    outer loop
      vertex 5.07322 11.3571 10.4
      vertex 5.02 11.341 8.4
      vertex 5.07322 11.3571 8.4
    endloop
  endfacet
  facet normal -0.471073 -0.882094 0
    outer loop
      vertex 4.375 11.4259 8.4
      vertex 4.42406 11.3997 10.4
      vertex 4.375 11.4259 10.4
    endloop
  endfacet
  facet normal -0.471073 -0.882094 -0
    outer loop
      vertex 4.42406 11.3997 10.4
      vertex 4.375 11.4259 8.4
      vertex 4.42406 11.3997 8.4
    endloop
  endfacet
  facet normal -0.413397 -0.910551 0
    outer loop
      vertex 4.42406 11.3997 8.4
      vertex 4.47472 11.3767 10.4
      vertex 4.42406 11.3997 10.4
    endloop
  endfacet
  facet normal -0.413397 -0.910551 -0
    outer loop
      vertex 4.47472 11.3767 10.4
      vertex 4.42406 11.3997 8.4
      vertex 4.47472 11.3767 8.4
    endloop
  endfacet
  facet normal -0.581238 -0.813733 0
    outer loop
      vertex 4.28255 11.4876 8.4
      vertex 4.32777 11.4553 10.4
      vertex 4.28255 11.4876 10.4
    endloop
  endfacet
  facet normal -0.581238 -0.813733 -0
    outer loop
      vertex 4.32777 11.4553 10.4
      vertex 4.28255 11.4876 8.4
      vertex 4.32777 11.4553 8.4
    endloop
  endfacet
  facet normal -0.228258 -0.973601 0
    outer loop
      vertex 4.58 11.341 8.4
      vertex 4.63417 11.3283 10.4
      vertex 4.58 11.341 10.4
    endloop
  endfacet
  facet normal -0.228258 -0.973601 -0
    outer loop
      vertex 4.63417 11.3283 10.4
      vertex 4.58 11.341 8.4
      vertex 4.63417 11.3283 8.4
    endloop
  endfacet
  facet normal -0.032363 -0.999476 0
    outer loop
      vertex 4.74441 11.3138 8.4
      vertex 4.8 11.312 10.4
      vertex 4.74441 11.3138 10.4
    endloop
  endfacet
  facet normal -0.032363 -0.999476 -0
    outer loop
      vertex 4.8 11.312 10.4
      vertex 4.74441 11.3138 8.4
      vertex 4.8 11.312 8.4
    endloop
  endfacet
  facet normal -0.773003 -0.634402 0
    outer loop
      vertex 4.16094 11.6016 8.4
      vertex 4.12565 11.6446 10.4
      vertex 4.12565 11.6446 8.4
    endloop
  endfacet
  facet normal -0.773003 -0.634402 0
    outer loop
      vertex 4.12565 11.6446 10.4
      vertex 4.16094 11.6016 8.4
      vertex 4.16094 11.6016 10.4
    endloop
  endfacet
  facet normal -0.849048 -0.528316 0
    outer loop
      vertex 4.09325 11.6898 8.4
      vertex 4.06388 11.737 10.4
      vertex 4.06388 11.737 8.4
    endloop
  endfacet
  facet normal -0.849048 -0.528316 0
    outer loop
      vertex 4.06388 11.737 10.4
      vertex 4.09325 11.6898 8.4
      vertex 4.09325 11.6898 10.4
    endloop
  endfacet
  facet normal -0.936019 -0.35195 0
    outer loop
      vertex 4.0147 11.8367 8.4
      vertex 3.99511 11.8888 10.4
      vertex 3.99511 11.8888 8.4
    endloop
  endfacet
  facet normal -0.936019 -0.35195 0
    outer loop
      vertex 3.99511 11.8888 10.4
      vertex 4.0147 11.8367 8.4
      vertex 4.0147 11.8367 10.4
    endloop
  endfacet
  facet normal -0.289558 -0.95716 0
    outer loop
      vertex 4.52678 11.3571 8.4
      vertex 4.58 11.341 10.4
      vertex 4.52678 11.3571 10.4
    endloop
  endfacet
  facet normal -0.289558 -0.95716 -0
    outer loop
      vertex 4.58 11.341 10.4
      vertex 4.52678 11.3571 8.4
      vertex 4.58 11.341 8.4
    endloop
  endfacet
  facet normal -0.6843 -0.729201 0
    outer loop
      vertex 4.19896 11.561 8.4
      vertex 4.23956 11.5229 10.4
      vertex 4.19896 11.561 10.4
    endloop
  endfacet
  facet normal -0.6843 -0.729201 -0
    outer loop
      vertex 4.23956 11.5229 10.4
      vertex 4.19896 11.561 8.4
      vertex 4.23956 11.5229 8.4
    endloop
  endfacet
  facet normal 0.683463 0.729985 -0
    outer loop
      vertex 6.56777 26.4298 2.4
      vertex 6.44836 26.5416 8.4
      vertex 6.56777 26.4298 8.4
    endloop
  endfacet
  facet normal 0.683463 0.729985 0
    outer loop
      vertex 6.44836 26.5416 8.4
      vertex 6.56777 26.4298 2.4
      vertex 6.44836 26.5416 2.4
    endloop
  endfacet
  facet normal -0.352108 0.935959 0
    outer loop
      vertex 3.9964 27.0293 2.4
      vertex 3.84329 26.9717 8.4
      vertex 3.9964 27.0293 8.4
    endloop
  endfacet
  facet normal -0.352108 0.935959 0
    outer loop
      vertex 3.84329 26.9717 8.4
      vertex 3.9964 27.0293 2.4
      vertex 3.84329 26.9717 2.4
    endloop
  endfacet
  facet normal -0.910843 0.412753 0
    outer loop
      vertex 2.4903 25.6187 2.4
      vertex 2.55782 25.7677 8.4
      vertex 2.55782 25.7677 2.4
    endloop
  endfacet
  facet normal -0.910843 0.412753 0
    outer loop
      vertex 2.55782 25.7677 8.4
      vertex 2.4903 25.6187 2.4
      vertex 2.4903 25.6187 8.4
    endloop
  endfacet
  facet normal 0.995181 -0.098051 0
    outer loop
      vertex 7.27861 24.3357 8.4
      vertex 7.29465 24.4985 2.4
      vertex 7.29465 24.4985 8.4
    endloop
  endfacet
  facet normal 0.995181 -0.098051 0
    outer loop
      vertex 7.29465 24.4985 2.4
      vertex 7.27861 24.3357 8.4
      vertex 7.27861 24.3357 2.4
    endloop
  endfacet
  facet normal 0.881947 0.471349 0
    outer loop
      vertex 7.04218 25.7677 8.4
      vertex 6.96506 25.912 2.4
      vertex 6.96506 25.912 8.4
    endloop
  endfacet
  facet normal 0.881947 0.471349 0
    outer loop
      vertex 6.96506 25.912 2.4
      vertex 7.04218 25.7677 8.4
      vertex 7.04218 25.7677 2.4
    endloop
  endfacet
  facet normal 0.412628 0.9109 -0
    outer loop
      vertex 5.90572 26.9042 2.4
      vertex 5.75671 26.9717 8.4
      vertex 5.90572 26.9042 8.4
    endloop
  endfacet
  facet normal 0.412628 0.9109 0
    outer loop
      vertex 5.75671 26.9717 8.4
      vertex 5.90572 26.9042 2.4
      vertex 5.75671 26.9717 2.4
    endloop
  endfacet
  facet normal -0.729865 0.683591 0
    outer loop
      vertex 2.9204 26.3104 2.4
      vertex 3.03223 26.4298 8.4
      vertex 3.03223 26.4298 2.4
    endloop
  endfacet
  facet normal -0.729865 0.683591 0
    outer loop
      vertex 3.03223 26.4298 8.4
      vertex 2.9204 26.3104 2.4
      vertex 2.9204 26.3104 8.4
    endloop
  endfacet
  facet normal 0.935891 -0.352289 0
    outer loop
      vertex 7.1097 23.7053 8.4
      vertex 7.16733 23.8584 2.4
      vertex 7.16733 23.8584 8.4
    endloop
  endfacet
  facet normal 0.935891 -0.352289 0
    outer loop
      vertex 7.16733 23.8584 2.4
      vertex 7.1097 23.7053 8.4
      vertex 7.1097 23.7053 2.4
    endloop
  endfacet
  facet normal -0.162595 -0.986693 0
    outer loop
      vertex 4.31227 22.21 2.4
      vertex 4.47369 22.1834 8.4
      vertex 4.31227 22.21 8.4
    endloop
  endfacet
  facet normal -0.162595 -0.986693 -0
    outer loop
      vertex 4.47369 22.1834 8.4
      vertex 4.31227 22.21 2.4
      vertex 4.47369 22.1834 2.4
    endloop
  endfacet
  facet normal -0.683463 -0.729985 0
    outer loop
      vertex 3.03223 22.8942 2.4
      vertex 3.15164 22.7824 8.4
      vertex 3.03223 22.8942 8.4
    endloop
  endfacet
  facet normal -0.683463 -0.729985 -0
    outer loop
      vertex 3.15164 22.7824 8.4
      vertex 3.03223 22.8942 2.4
      vertex 3.15164 22.7824 2.4
    endloop
  endfacet
  facet normal 0.995181 0.098051 0
    outer loop
      vertex 7.29465 24.8255 8.4
      vertex 7.27861 24.9883 2.4
      vertex 7.27861 24.9883 8.4
    endloop
  endfacet
  facet normal 0.995181 0.098051 0
    outer loop
      vertex 7.27861 24.9883 2.4
      vertex 7.29465 24.8255 8.4
      vertex 7.29465 24.8255 2.4
    endloop
  endfacet
  facet normal 0.973868 0.227114 0
    outer loop
      vertex 7.25196 25.1497 8.4
      vertex 7.21481 25.309 2.4
      vertex 7.21481 25.309 8.4
    endloop
  endfacet
  facet normal 0.973868 0.227114 0
    outer loop
      vertex 7.21481 25.309 2.4
      vertex 7.25196 25.1497 8.4
      vertex 7.25196 25.1497 2.4
    endloop
  endfacet
  facet normal 0.956981 0.29015 0
    outer loop
      vertex 7.21481 25.309 8.4
      vertex 7.16733 25.4656 2.4
      vertex 7.16733 25.4656 8.4
    endloop
  endfacet
  facet normal 0.956981 0.29015 0
    outer loop
      vertex 7.16733 25.4656 2.4
      vertex 7.21481 25.309 8.4
      vertex 7.21481 25.309 2.4
    endloop
  endfacet
  facet normal 0.773118 0.634262 0
    outer loop
      vertex 6.78338 26.1839 8.4
      vertex 6.6796 26.3104 2.4
      vertex 6.6796 26.3104 8.4
    endloop
  endfacet
  facet normal 0.773118 0.634262 0
    outer loop
      vertex 6.6796 26.3104 2.4
      vertex 6.78338 26.1839 8.4
      vertex 6.78338 26.1839 2.4
    endloop
  endfacet
  facet normal 0.812894 0.582411 0
    outer loop
      vertex 6.87867 26.0509 8.4
      vertex 6.78338 26.1839 2.4
      vertex 6.78338 26.1839 8.4
    endloop
  endfacet
  facet normal 0.812894 0.582411 0
    outer loop
      vertex 6.78338 26.1839 2.4
      vertex 6.87867 26.0509 8.4
      vertex 6.87867 26.0509 2.4
    endloop
  endfacet
  facet normal 0.729865 0.683591 0
    outer loop
      vertex 6.6796 26.3104 8.4
      vertex 6.56777 26.4298 2.4
      vertex 6.56777 26.4298 8.4
    endloop
  endfacet
  facet normal 0.729865 0.683591 0
    outer loop
      vertex 6.56777 26.4298 2.4
      vertex 6.6796 26.3104 8.4
      vertex 6.6796 26.3104 2.4
    endloop
  endfacet
  facet normal 0.582538 0.812803 -0
    outer loop
      vertex 6.3219 26.6454 2.4
      vertex 6.18893 26.7407 8.4
      vertex 6.3219 26.6454 8.4
    endloop
  endfacet
  facet normal 0.582538 0.812803 0
    outer loop
      vertex 6.18893 26.7407 8.4
      vertex 6.3219 26.6454 2.4
      vertex 6.18893 26.7407 2.4
    endloop
  endfacet
  facet normal 0.352108 0.935959 -0
    outer loop
      vertex 5.75671 26.9717 2.4
      vertex 5.6036 27.0293 8.4
      vertex 5.75671 26.9717 8.4
    endloop
  endfacet
  facet normal 0.352108 0.935959 0
    outer loop
      vertex 5.6036 27.0293 8.4
      vertex 5.75671 26.9717 2.4
      vertex 5.6036 27.0293 2.4
    endloop
  endfacet
  facet normal -0.935911 0.352235 0
    outer loop
      vertex 2.43268 25.4656 2.4
      vertex 2.4903 25.6187 8.4
      vertex 2.4903 25.6187 2.4
    endloop
  endfacet
  facet normal -0.935911 0.352235 0
    outer loop
      vertex 2.4903 25.6187 8.4
      vertex 2.43268 25.4656 2.4
      vertex 2.43268 25.4656 8.4
    endloop
  endfacet
  facet normal -0.812894 0.582411 0
    outer loop
      vertex 2.72133 26.0509 2.4
      vertex 2.81662 26.1839 8.4
      vertex 2.81662 26.1839 2.4
    endloop
  endfacet
  facet normal -0.812894 0.582411 0
    outer loop
      vertex 2.81662 26.1839 8.4
      vertex 2.72133 26.0509 2.4
      vertex 2.72133 26.0509 8.4
    endloop
  endfacet
  facet normal -0.528102 0.849181 0
    outer loop
      vertex 3.55 26.8271 2.4
      vertex 3.41107 26.7407 8.4
      vertex 3.55 26.8271 8.4
    endloop
  endfacet
  facet normal -0.528102 0.849181 0
    outer loop
      vertex 3.41107 26.7407 8.4
      vertex 3.55 26.8271 2.4
      vertex 3.41107 26.7407 2.4
    endloop
  endfacet
  facet normal -0.582538 0.812803 0
    outer loop
      vertex 3.41107 26.7407 2.4
      vertex 3.2781 26.6454 8.4
      vertex 3.41107 26.7407 8.4
    endloop
  endfacet
  facet normal -0.582538 0.812803 0
    outer loop
      vertex 3.2781 26.6454 8.4
      vertex 3.41107 26.7407 2.4
      vertex 3.2781 26.6454 2.4
    endloop
  endfacet
  facet normal -0.412628 0.9109 0
    outer loop
      vertex 3.84329 26.9717 2.4
      vertex 3.69428 26.9042 8.4
      vertex 3.84329 26.9717 8.4
    endloop
  endfacet
  facet normal -0.412628 0.9109 0
    outer loop
      vertex 3.69428 26.9042 8.4
      vertex 3.84329 26.9717 2.4
      vertex 3.69428 26.9042 2.4
    endloop
  endfacet
  facet normal 0.999465 0.0327042 0
    outer loop
      vertex 7.3 24.662 8.4
      vertex 7.29465 24.8255 2.4
      vertex 7.29465 24.8255 8.4
    endloop
  endfacet
  facet normal 0.999465 0.0327042 0
    outer loop
      vertex 7.29465 24.8255 2.4
      vertex 7.3 24.662 8.4
      vertex 7.3 24.662 2.4
    endloop
  endfacet
  facet normal 0.162604 -0.986691 0
    outer loop
      vertex 5.12632 22.1834 2.4
      vertex 5.28773 22.21 8.4
      vertex 5.12632 22.1834 8.4
    endloop
  endfacet
  facet normal 0.162604 -0.986691 0
    outer loop
      vertex 5.28773 22.21 8.4
      vertex 5.12632 22.1834 2.4
      vertex 5.28773 22.21 2.4
    endloop
  endfacet
  facet normal 0.956981 -0.29015 0
    outer loop
      vertex 7.16733 23.8584 8.4
      vertex 7.21481 24.015 2.4
      vertex 7.21481 24.015 8.4
    endloop
  endfacet
  facet normal 0.956981 -0.29015 0
    outer loop
      vertex 7.21481 24.015 2.4
      vertex 7.16733 23.8584 8.4
      vertex 7.16733 23.8584 2.4
    endloop
  endfacet
  facet normal 0.729865 -0.683591 0
    outer loop
      vertex 6.56777 22.8942 8.4
      vertex 6.6796 23.0136 2.4
      vertex 6.6796 23.0136 8.4
    endloop
  endfacet
  facet normal 0.729865 -0.683591 0
    outer loop
      vertex 6.6796 23.0136 2.4
      vertex 6.56777 22.8942 8.4
      vertex 6.56777 22.8942 2.4
    endloop
  endfacet
  facet normal 0.582538 -0.812803 0
    outer loop
      vertex 6.18893 22.5833 2.4
      vertex 6.3219 22.6786 8.4
      vertex 6.18893 22.5833 8.4
    endloop
  endfacet
  facet normal 0.582538 -0.812803 0
    outer loop
      vertex 6.3219 22.6786 8.4
      vertex 6.18893 22.5833 2.4
      vertex 6.3219 22.6786 2.4
    endloop
  endfacet
  facet normal 0.412628 -0.9109 0
    outer loop
      vertex 5.75671 22.3523 2.4
      vertex 5.90572 22.4198 8.4
      vertex 5.75671 22.3523 8.4
    endloop
  endfacet
  facet normal 0.412628 -0.9109 0
    outer loop
      vertex 5.90572 22.4198 8.4
      vertex 5.75671 22.3523 2.4
      vertex 5.90572 22.4198 2.4
    endloop
  endfacet
  facet normal -0.0330075 -0.999455 0
    outer loop
      vertex 4.63649 22.1674 2.4
      vertex 4.8 22.162 8.4
      vertex 4.63649 22.1674 8.4
    endloop
  endfacet
  facet normal -0.0330075 -0.999455 -0
    outer loop
      vertex 4.8 22.162 8.4
      vertex 4.63649 22.1674 2.4
      vertex 4.8 22.162 2.4
    endloop
  endfacet
  facet normal -0.352108 -0.935959 0
    outer loop
      vertex 3.84329 22.3523 2.4
      vertex 3.9964 22.2947 8.4
      vertex 3.84329 22.3523 8.4
    endloop
  endfacet
  facet normal -0.352108 -0.935959 -0
    outer loop
      vertex 3.9964 22.2947 8.4
      vertex 3.84329 22.3523 2.4
      vertex 3.9964 22.2947 2.4
    endloop
  endfacet
  facet normal -0.812894 -0.582411 0
    outer loop
      vertex 2.81662 23.1401 2.4
      vertex 2.72133 23.2731 8.4
      vertex 2.72133 23.2731 2.4
    endloop
  endfacet
  facet normal -0.812894 -0.582411 0
    outer loop
      vertex 2.72133 23.2731 8.4
      vertex 2.81662 23.1401 2.4
      vertex 2.81662 23.1401 8.4
    endloop
  endfacet
  facet normal -0.910843 -0.412753 0
    outer loop
      vertex 2.55782 23.5563 2.4
      vertex 2.4903 23.7053 8.4
      vertex 2.4903 23.7053 2.4
    endloop
  endfacet
  facet normal -0.910843 -0.412753 0
    outer loop
      vertex 2.4903 23.7053 8.4
      vertex 2.55782 23.5563 2.4
      vertex 2.55782 23.5563 8.4
    endloop
  endfacet
  facet normal 0.986641 0.162912 0
    outer loop
      vertex 7.27861 24.9883 8.4
      vertex 7.25196 25.1497 2.4
      vertex 7.25196 25.1497 8.4
    endloop
  endfacet
  facet normal 0.986641 0.162912 0
    outer loop
      vertex 7.25196 25.1497 2.4
      vertex 7.27861 24.9883 8.4
      vertex 7.27861 24.9883 2.4
    endloop
  endfacet
  facet normal 0.910843 0.412753 0
    outer loop
      vertex 7.1097 25.6187 8.4
      vertex 7.04218 25.7677 2.4
      vertex 7.04218 25.7677 8.4
    endloop
  endfacet
  facet normal 0.910843 0.412753 0
    outer loop
      vertex 7.04218 25.7677 2.4
      vertex 7.1097 25.6187 8.4
      vertex 7.1097 25.6187 2.4
    endloop
  endfacet
  facet normal 0.935891 0.352289 0
    outer loop
      vertex 7.16733 25.4656 8.4
      vertex 7.1097 25.6187 2.4
      vertex 7.1097 25.6187 8.4
    endloop
  endfacet
  facet normal 0.935891 0.352289 0
    outer loop
      vertex 7.1097 25.6187 2.4
      vertex 7.16733 25.4656 8.4
      vertex 7.16733 25.4656 2.4
    endloop
  endfacet
  facet normal 0.849157 0.52814 0
    outer loop
      vertex 6.96506 25.912 8.4
      vertex 6.87867 26.0509 2.4
      vertex 6.87867 26.0509 8.4
    endloop
  endfacet
  facet normal 0.849157 0.52814 0
    outer loop
      vertex 6.87867 26.0509 2.4
      vertex 6.96506 25.912 8.4
      vertex 6.96506 25.912 2.4
    endloop
  endfacet
  facet normal 0.634455 0.77296 -0
    outer loop
      vertex 6.44836 26.5416 2.4
      vertex 6.3219 26.6454 8.4
      vertex 6.44836 26.5416 8.4
    endloop
  endfacet
  facet normal 0.634455 0.77296 0
    outer loop
      vertex 6.3219 26.6454 8.4
      vertex 6.44836 26.5416 2.4
      vertex 6.3219 26.6454 2.4
    endloop
  endfacet
  facet normal 0.471305 0.88197 -0
    outer loop
      vertex 6.05 26.8271 2.4
      vertex 5.90572 26.9042 8.4
      vertex 6.05 26.8271 8.4
    endloop
  endfacet
  facet normal 0.471305 0.88197 0
    outer loop
      vertex 5.90572 26.9042 8.4
      vertex 6.05 26.8271 2.4
      vertex 5.90572 26.9042 2.4
    endloop
  endfacet
  facet normal 0.528102 0.849181 -0
    outer loop
      vertex 6.18893 26.7407 2.4
      vertex 6.05 26.8271 8.4
      vertex 6.18893 26.7407 8.4
    endloop
  endfacet
  facet normal 0.528102 0.849181 0
    outer loop
      vertex 6.05 26.8271 8.4
      vertex 6.18893 26.7407 2.4
      vertex 6.05 26.8271 2.4
    endloop
  endfacet
  facet normal 0.290476 0.956882 -0
    outer loop
      vertex 5.6036 27.0293 2.4
      vertex 5.49588 27.062 8.4
      vertex 5.6036 27.0293 8.4
    endloop
  endfacet
  facet normal 0.290476 0.956882 0
    outer loop
      vertex 5.49588 27.062 8.4
      vertex 5.6036 27.0293 2.4
      vertex 5.49588 27.062 2.4
    endloop
  endfacet
  facet normal -0.956917 0.290362 0
    outer loop
      vertex 2.4 25.3579 2.4
      vertex 2.43268 25.4656 8.4
      vertex 2.43268 25.4656 2.4
    endloop
  endfacet
  facet normal -0.956917 0.290362 0
    outer loop
      vertex 2.43268 25.4656 8.4
      vertex 2.4 25.3579 2.4
      vertex 2.4 25.3579 8.4
    endloop
  endfacet
  facet normal -0.849157 0.52814 0
    outer loop
      vertex 2.63494 25.912 2.4
      vertex 2.72133 26.0509 8.4
      vertex 2.72133 26.0509 2.4
    endloop
  endfacet
  facet normal -0.849157 0.52814 0
    outer loop
      vertex 2.72133 26.0509 8.4
      vertex 2.63494 25.912 2.4
      vertex 2.63494 25.912 8.4
    endloop
  endfacet
  facet normal -0.881947 0.471349 0
    outer loop
      vertex 2.55782 25.7677 2.4
      vertex 2.63494 25.912 8.4
      vertex 2.63494 25.912 2.4
    endloop
  endfacet
  facet normal -0.881947 0.471349 0
    outer loop
      vertex 2.63494 25.912 8.4
      vertex 2.55782 25.7677 2.4
      vertex 2.55782 25.7677 8.4
    endloop
  endfacet
  facet normal -0.773118 0.634262 0
    outer loop
      vertex 2.81662 26.1839 2.4
      vertex 2.9204 26.3104 8.4
      vertex 2.9204 26.3104 2.4
    endloop
  endfacet
  facet normal -0.773118 0.634262 0
    outer loop
      vertex 2.9204 26.3104 8.4
      vertex 2.81662 26.1839 2.4
      vertex 2.81662 26.1839 8.4
    endloop
  endfacet
  facet normal -0.290476 0.956882 0
    outer loop
      vertex 4.10412 27.062 2.4
      vertex 3.9964 27.0293 8.4
      vertex 4.10412 27.062 8.4
    endloop
  endfacet
  facet normal -0.290476 0.956882 0
    outer loop
      vertex 3.9964 27.0293 8.4
      vertex 4.10412 27.062 2.4
      vertex 3.9964 27.0293 2.4
    endloop
  endfacet
  facet normal -0.471305 0.88197 0
    outer loop
      vertex 3.69428 26.9042 2.4
      vertex 3.55 26.8271 8.4
      vertex 3.69428 26.9042 8.4
    endloop
  endfacet
  facet normal -0.471305 0.88197 0
    outer loop
      vertex 3.55 26.8271 8.4
      vertex 3.69428 26.9042 2.4
      vertex 3.55 26.8271 2.4
    endloop
  endfacet
  facet normal -0.634455 0.77296 0
    outer loop
      vertex 3.2781 26.6454 2.4
      vertex 3.15164 26.5416 8.4
      vertex 3.2781 26.6454 8.4
    endloop
  endfacet
  facet normal -0.634455 0.77296 0
    outer loop
      vertex 3.15164 26.5416 8.4
      vertex 3.2781 26.6454 2.4
      vertex 3.15164 26.5416 2.4
    endloop
  endfacet
  facet normal -0.683463 0.729985 0
    outer loop
      vertex 3.15164 26.5416 2.4
      vertex 3.03223 26.4298 8.4
      vertex 3.15164 26.5416 8.4
    endloop
  endfacet
  facet normal -0.683463 0.729985 0
    outer loop
      vertex 3.03223 26.4298 8.4
      vertex 3.15164 26.5416 2.4
      vertex 3.03223 26.4298 2.4
    endloop
  endfacet
  facet normal 0.999465 -0.0327042 0
    outer loop
      vertex 7.29465 24.4985 8.4
      vertex 7.3 24.662 2.4
      vertex 7.3 24.662 8.4
    endloop
  endfacet
  facet normal 0.999465 -0.0327042 0
    outer loop
      vertex 7.3 24.662 2.4
      vertex 7.29465 24.4985 8.4
      vertex 7.29465 24.4985 2.4
    endloop
  endfacet
  facet normal 0.0330075 -0.999455 0
    outer loop
      vertex 4.8 22.162 2.4
      vertex 4.96351 22.1674 8.4
      vertex 4.8 22.162 8.4
    endloop
  endfacet
  facet normal 0.0330075 -0.999455 0
    outer loop
      vertex 4.96351 22.1674 8.4
      vertex 4.8 22.162 2.4
      vertex 4.96351 22.1674 2.4
    endloop
  endfacet
  facet normal 0.881947 -0.471349 0
    outer loop
      vertex 6.96506 23.412 8.4
      vertex 7.04218 23.5563 2.4
      vertex 7.04218 23.5563 8.4
    endloop
  endfacet
  facet normal 0.881947 -0.471349 0
    outer loop
      vertex 7.04218 23.5563 2.4
      vertex 6.96506 23.412 8.4
      vertex 6.96506 23.412 2.4
    endloop
  endfacet
  facet normal 0.812894 -0.582411 0
    outer loop
      vertex 6.78338 23.1401 8.4
      vertex 6.87867 23.2731 2.4
      vertex 6.87867 23.2731 8.4
    endloop
  endfacet
  facet normal 0.812894 -0.582411 0
    outer loop
      vertex 6.87867 23.2731 2.4
      vertex 6.78338 23.1401 8.4
      vertex 6.78338 23.1401 2.4
    endloop
  endfacet
  facet normal 0.0978029 -0.995206 0
    outer loop
      vertex 4.96351 22.1674 2.4
      vertex 5.12632 22.1834 8.4
      vertex 4.96351 22.1674 8.4
    endloop
  endfacet
  facet normal 0.0978029 -0.995206 0
    outer loop
      vertex 5.12632 22.1834 8.4
      vertex 4.96351 22.1674 2.4
      vertex 5.12632 22.1834 2.4
    endloop
  endfacet
  facet normal 0.352108 -0.935959 0
    outer loop
      vertex 5.6036 22.2947 2.4
      vertex 5.75671 22.3523 8.4
      vertex 5.6036 22.2947 8.4
    endloop
  endfacet
  facet normal 0.352108 -0.935959 0
    outer loop
      vertex 5.75671 22.3523 8.4
      vertex 5.6036 22.2947 2.4
      vertex 5.75671 22.3523 2.4
    endloop
  endfacet
  facet normal 0.227376 -0.973807 0
    outer loop
      vertex 5.28773 22.21 2.4
      vertex 5.44705 22.2472 8.4
      vertex 5.28773 22.21 8.4
    endloop
  endfacet
  facet normal 0.227376 -0.973807 0
    outer loop
      vertex 5.44705 22.2472 8.4
      vertex 5.28773 22.21 2.4
      vertex 5.44705 22.2472 2.4
    endloop
  endfacet
  facet normal 0.634455 -0.77296 0
    outer loop
      vertex 6.3219 22.6786 2.4
      vertex 6.44836 22.7824 8.4
      vertex 6.3219 22.6786 8.4
    endloop
  endfacet
  facet normal 0.634455 -0.77296 0
    outer loop
      vertex 6.44836 22.7824 8.4
      vertex 6.3219 22.6786 2.4
      vertex 6.44836 22.7824 2.4
    endloop
  endfacet
  facet normal 0.471305 -0.88197 0
    outer loop
      vertex 5.90572 22.4198 2.4
      vertex 6.05 22.4969 8.4
      vertex 5.90572 22.4198 8.4
    endloop
  endfacet
  facet normal 0.471305 -0.88197 0
    outer loop
      vertex 6.05 22.4969 8.4
      vertex 5.90572 22.4198 2.4
      vertex 6.05 22.4969 2.4
    endloop
  endfacet
  facet normal 0.528102 -0.849181 0
    outer loop
      vertex 6.05 22.4969 2.4
      vertex 6.18893 22.5833 8.4
      vertex 6.05 22.4969 8.4
    endloop
  endfacet
  facet normal 0.528102 -0.849181 0
    outer loop
      vertex 6.18893 22.5833 8.4
      vertex 6.05 22.4969 2.4
      vertex 6.18893 22.5833 2.4
    endloop
  endfacet
  facet normal -0.0978089 -0.995205 0
    outer loop
      vertex 4.47369 22.1834 2.4
      vertex 4.63649 22.1674 8.4
      vertex 4.47369 22.1834 8.4
    endloop
  endfacet
  facet normal -0.0978089 -0.995205 -0
    outer loop
      vertex 4.63649 22.1674 8.4
      vertex 4.47369 22.1834 2.4
      vertex 4.63649 22.1674 2.4
    endloop
  endfacet
  facet normal -0.290347 -0.956922 0
    outer loop
      vertex 3.9964 22.2947 2.4
      vertex 4.15295 22.2472 8.4
      vertex 3.9964 22.2947 8.4
    endloop
  endfacet
  facet normal -0.290347 -0.956922 -0
    outer loop
      vertex 4.15295 22.2472 8.4
      vertex 3.9964 22.2947 2.4
      vertex 4.15295 22.2472 2.4
    endloop
  endfacet
  facet normal -0.471305 -0.88197 0
    outer loop
      vertex 3.55 22.4969 2.4
      vertex 3.69428 22.4198 8.4
      vertex 3.55 22.4969 8.4
    endloop
  endfacet
  facet normal -0.471305 -0.88197 -0
    outer loop
      vertex 3.69428 22.4198 8.4
      vertex 3.55 22.4969 2.4
      vertex 3.69428 22.4198 2.4
    endloop
  endfacet
  facet normal -0.528102 -0.849181 0
    outer loop
      vertex 3.41107 22.5833 2.4
      vertex 3.55 22.4969 8.4
      vertex 3.41107 22.5833 8.4
    endloop
  endfacet
  facet normal -0.528102 -0.849181 -0
    outer loop
      vertex 3.55 22.4969 8.4
      vertex 3.41107 22.5833 2.4
      vertex 3.55 22.4969 2.4
    endloop
  endfacet
  facet normal -0.412628 -0.9109 0
    outer loop
      vertex 3.69428 22.4198 2.4
      vertex 3.84329 22.3523 8.4
      vertex 3.69428 22.4198 8.4
    endloop
  endfacet
  facet normal -0.412628 -0.9109 -0
    outer loop
      vertex 3.84329 22.3523 8.4
      vertex 3.69428 22.4198 2.4
      vertex 3.84329 22.3523 2.4
    endloop
  endfacet
  facet normal -0.582538 -0.812803 0
    outer loop
      vertex 3.2781 22.6786 2.4
      vertex 3.41107 22.5833 8.4
      vertex 3.2781 22.6786 8.4
    endloop
  endfacet
  facet normal -0.582538 -0.812803 -0
    outer loop
      vertex 3.41107 22.5833 8.4
      vertex 3.2781 22.6786 2.4
      vertex 3.41107 22.5833 2.4
    endloop
  endfacet
  facet normal -0.935911 -0.352235 0
    outer loop
      vertex 2.4903 23.7053 2.4
      vertex 2.43268 23.8584 8.4
      vertex 2.43268 23.8584 2.4
    endloop
  endfacet
  facet normal -0.935911 -0.352235 0
    outer loop
      vertex 2.43268 23.8584 8.4
      vertex 2.4903 23.7053 2.4
      vertex 2.4903 23.7053 8.4
    endloop
  endfacet
  facet normal -0.956917 -0.290362 0
    outer loop
      vertex 2.43268 23.8584 2.4
      vertex 2.4 23.9661 8.4
      vertex 2.4 23.9661 2.4
    endloop
  endfacet
  facet normal -0.956917 -0.290362 0
    outer loop
      vertex 2.4 23.9661 8.4
      vertex 2.43268 23.8584 2.4
      vertex 2.43268 23.8584 8.4
    endloop
  endfacet
  facet normal -0.849157 -0.52814 0
    outer loop
      vertex 2.72133 23.2731 2.4
      vertex 2.63494 23.412 8.4
      vertex 2.63494 23.412 2.4
    endloop
  endfacet
  facet normal -0.849157 -0.52814 0
    outer loop
      vertex 2.63494 23.412 8.4
      vertex 2.72133 23.2731 2.4
      vertex 2.72133 23.2731 8.4
    endloop
  endfacet
  facet normal -0.881947 -0.471349 0
    outer loop
      vertex 2.63494 23.412 2.4
      vertex 2.55782 23.5563 8.4
      vertex 2.55782 23.5563 2.4
    endloop
  endfacet
  facet normal -0.881947 -0.471349 0
    outer loop
      vertex 2.55782 23.5563 8.4
      vertex 2.63494 23.412 2.4
      vertex 2.63494 23.412 8.4
    endloop
  endfacet
  facet normal -0.773118 -0.634262 0
    outer loop
      vertex 2.9204 23.0136 2.4
      vertex 2.81662 23.1401 8.4
      vertex 2.81662 23.1401 2.4
    endloop
  endfacet
  facet normal -0.773118 -0.634262 0
    outer loop
      vertex 2.81662 23.1401 8.4
      vertex 2.9204 23.0136 2.4
      vertex 2.9204 23.0136 8.4
    endloop
  endfacet
  facet normal 0.973868 -0.227114 0
    outer loop
      vertex 7.21481 24.015 8.4
      vertex 7.25196 24.1743 2.4
      vertex 7.25196 24.1743 8.4
    endloop
  endfacet
  facet normal 0.973868 -0.227114 0
    outer loop
      vertex 7.25196 24.1743 2.4
      vertex 7.21481 24.015 8.4
      vertex 7.21481 24.015 2.4
    endloop
  endfacet
  facet normal 0.910843 -0.412753 0
    outer loop
      vertex 7.04218 23.5563 8.4
      vertex 7.1097 23.7053 2.4
      vertex 7.1097 23.7053 8.4
    endloop
  endfacet
  facet normal 0.910843 -0.412753 0
    outer loop
      vertex 7.1097 23.7053 2.4
      vertex 7.04218 23.5563 8.4
      vertex 7.04218 23.5563 2.4
    endloop
  endfacet
  facet normal 0.290347 -0.956922 0
    outer loop
      vertex 5.44705 22.2472 2.4
      vertex 5.6036 22.2947 8.4
      vertex 5.44705 22.2472 8.4
    endloop
  endfacet
  facet normal 0.290347 -0.956922 0
    outer loop
      vertex 5.6036 22.2947 8.4
      vertex 5.44705 22.2472 2.4
      vertex 5.6036 22.2947 2.4
    endloop
  endfacet
  facet normal 0.683463 -0.729985 0
    outer loop
      vertex 6.44836 22.7824 2.4
      vertex 6.56777 22.8942 8.4
      vertex 6.44836 22.7824 8.4
    endloop
  endfacet
  facet normal 0.683463 -0.729985 0
    outer loop
      vertex 6.56777 22.8942 8.4
      vertex 6.44836 22.7824 2.4
      vertex 6.56777 22.8942 2.4
    endloop
  endfacet
  facet normal -0.227376 -0.973807 0
    outer loop
      vertex 4.15295 22.2472 2.4
      vertex 4.31227 22.21 8.4
      vertex 4.15295 22.2472 8.4
    endloop
  endfacet
  facet normal -0.227376 -0.973807 -0
    outer loop
      vertex 4.31227 22.21 8.4
      vertex 4.15295 22.2472 2.4
      vertex 4.31227 22.21 2.4
    endloop
  endfacet
  facet normal -0.634455 -0.77296 0
    outer loop
      vertex 3.15164 22.7824 2.4
      vertex 3.2781 22.6786 8.4
      vertex 3.15164 22.7824 8.4
    endloop
  endfacet
  facet normal -0.634455 -0.77296 -0
    outer loop
      vertex 3.2781 22.6786 8.4
      vertex 3.15164 22.7824 2.4
      vertex 3.2781 22.6786 2.4
    endloop
  endfacet
  facet normal -0.729865 -0.683591 0
    outer loop
      vertex 3.03223 22.8942 2.4
      vertex 2.9204 23.0136 8.4
      vertex 2.9204 23.0136 2.4
    endloop
  endfacet
  facet normal -0.729865 -0.683591 0
    outer loop
      vertex 2.9204 23.0136 8.4
      vertex 3.03223 22.8942 2.4
      vertex 3.03223 22.8942 8.4
    endloop
  endfacet
  facet normal 0.986641 -0.162912 0
    outer loop
      vertex 7.25196 24.1743 8.4
      vertex 7.27861 24.3357 2.4
      vertex 7.27861 24.3357 8.4
    endloop
  endfacet
  facet normal 0.986641 -0.162912 0
    outer loop
      vertex 7.27861 24.3357 2.4
      vertex 7.25196 24.1743 8.4
      vertex 7.25196 24.1743 2.4
    endloop
  endfacet
  facet normal 0.849157 -0.52814 0
    outer loop
      vertex 6.87867 23.2731 8.4
      vertex 6.96506 23.412 2.4
      vertex 6.96506 23.412 8.4
    endloop
  endfacet
  facet normal 0.849157 -0.52814 0
    outer loop
      vertex 6.96506 23.412 2.4
      vertex 6.87867 23.2731 8.4
      vertex 6.87867 23.2731 2.4
    endloop
  endfacet
  facet normal 0.773118 -0.634262 0
    outer loop
      vertex 6.6796 23.0136 8.4
      vertex 6.78338 23.1401 2.4
      vertex 6.78338 23.1401 8.4
    endloop
  endfacet
  facet normal 0.773118 -0.634262 0
    outer loop
      vertex 6.78338 23.1401 2.4
      vertex 6.6796 23.0136 8.4
      vertex 6.6796 23.0136 2.4
    endloop
  endfacet
  facet normal 0.882104 0.471054 0
    outer loop
      vertex 5.56234 25.0379 10.4
      vertex 5.53612 25.087 8.4
      vertex 5.53612 25.087 10.4
    endloop
  endfacet
  facet normal 0.882104 0.471054 0
    outer loop
      vertex 5.53612 25.087 8.4
      vertex 5.56234 25.0379 10.4
      vertex 5.56234 25.0379 8.4
    endloop
  endfacet
  facet normal 0.352345 0.93587 -0
    outer loop
      vertex 5.12528 25.4473 8.4
      vertex 5.07322 25.4669 10.4
      vertex 5.12528 25.4473 10.4
    endloop
  endfacet
  facet normal 0.352345 0.93587 0
    outer loop
      vertex 5.07322 25.4669 10.4
      vertex 5.12528 25.4473 8.4
      vertex 5.07322 25.4669 8.4
    endloop
  endfacet
  facet normal -0.413397 0.910551 0
    outer loop
      vertex 4.47472 25.4473 8.4
      vertex 4.42406 25.4243 10.4
      vertex 4.47472 25.4473 10.4
    endloop
  endfacet
  facet normal -0.413397 0.910551 0
    outer loop
      vertex 4.42406 25.4243 10.4
      vertex 4.47472 25.4473 8.4
      vertex 4.42406 25.4243 8.4
    endloop
  endfacet
  facet normal -0.910637 0.413206 0
    outer loop
      vertex 4.0147 24.9873 8.4
      vertex 4.03766 25.0379 10.4
      vertex 4.03766 25.0379 8.4
    endloop
  endfacet
  facet normal -0.910637 0.413206 0
    outer loop
      vertex 4.03766 25.0379 10.4
      vertex 4.0147 24.9873 8.4
      vertex 4.0147 24.9873 10.4
    endloop
  endfacet
  facet normal 0.413329 -0.910582 0
    outer loop
      vertex 5.12528 23.8767 8.4
      vertex 5.17595 23.8997 10.4
      vertex 5.12528 23.8767 10.4
    endloop
  endfacet
  facet normal 0.413329 -0.910582 0
    outer loop
      vertex 5.17595 23.8997 10.4
      vertex 5.12528 23.8767 8.4
      vertex 5.17595 23.8997 8.4
    endloop
  endfacet
  facet normal 0.849048 0.528316 0
    outer loop
      vertex 5.53612 25.087 10.4
      vertex 5.50675 25.1342 8.4
      vertex 5.50675 25.1342 10.4
    endloop
  endfacet
  facet normal 0.849048 0.528316 0
    outer loop
      vertex 5.50675 25.1342 8.4
      vertex 5.53612 25.087 10.4
      vertex 5.53612 25.087 8.4
    endloop
  endfacet
  facet normal 0.032363 0.999476 -0
    outer loop
      vertex 4.85559 25.5102 8.4
      vertex 4.8 25.512 10.4
      vertex 4.85559 25.5102 10.4
    endloop
  endfacet
  facet normal 0.032363 0.999476 0
    outer loop
      vertex 4.8 25.512 10.4
      vertex 4.85559 25.5102 8.4
      vertex 4.8 25.512 8.4
    endloop
  endfacet
  facet normal -0.633522 0.773725 0
    outer loop
      vertex 4.28255 25.3363 8.4
      vertex 4.23956 25.3011 10.4
      vertex 4.28255 25.3363 10.4
    endloop
  endfacet
  facet normal -0.633522 0.773725 0
    outer loop
      vertex 4.23956 25.3011 10.4
      vertex 4.28255 25.3363 8.4
      vertex 4.23956 25.3011 8.4
    endloop
  endfacet
  facet normal 0.936019 -0.35195 0
    outer loop
      vertex 5.5853 24.3367 10.4
      vertex 5.60489 24.3888 8.4
      vertex 5.60489 24.3888 10.4
    endloop
  endfacet
  facet normal 0.936019 -0.35195 0
    outer loop
      vertex 5.60489 24.3888 8.4
      vertex 5.5853 24.3367 10.4
      vertex 5.5853 24.3367 8.4
    endloop
  endfacet
  facet normal 0.995179 0.0980782 0
    outer loop
      vertex 5.64818 24.7176 10.4
      vertex 5.64273 24.7729 8.4
      vertex 5.64273 24.7729 10.4
    endloop
  endfacet
  facet normal 0.995179 0.0980782 0
    outer loop
      vertex 5.64273 24.7729 8.4
      vertex 5.64818 24.7176 10.4
      vertex 5.64818 24.7176 8.4
    endloop
  endfacet
  facet normal 0.973907 0.226946 0
    outer loop
      vertex 5.63367 24.8278 10.4
      vertex 5.62104 24.882 8.4
      vertex 5.62104 24.882 10.4
    endloop
  endfacet
  facet normal 0.973907 0.226946 0
    outer loop
      vertex 5.62104 24.882 8.4
      vertex 5.63367 24.8278 10.4
      vertex 5.63367 24.8278 8.4
    endloop
  endfacet
  facet normal 0.81276 0.582598 0
    outer loop
      vertex 5.50675 25.1342 10.4
      vertex 5.47435 25.1794 8.4
      vertex 5.47435 25.1794 10.4
    endloop
  endfacet
  facet normal 0.81276 0.582598 0
    outer loop
      vertex 5.47435 25.1794 8.4
      vertex 5.50675 25.1342 10.4
      vertex 5.50675 25.1342 8.4
    endloop
  endfacet
  facet normal 0.773003 0.634402 0
    outer loop
      vertex 5.47435 25.1794 10.4
      vertex 5.43906 25.2224 8.4
      vertex 5.43906 25.2224 10.4
    endloop
  endfacet
  facet normal 0.773003 0.634402 0
    outer loop
      vertex 5.43906 25.2224 8.4
      vertex 5.47435 25.1794 10.4
      vertex 5.47435 25.1794 8.4
    endloop
  endfacet
  facet normal 0.161832 0.986818 -0
    outer loop
      vertex 4.96583 25.4957 8.4
      vertex 4.91095 25.5047 10.4
      vertex 4.96583 25.4957 10.4
    endloop
  endfacet
  facet normal 0.161832 0.986818 0
    outer loop
      vertex 4.91095 25.5047 10.4
      vertex 4.96583 25.4957 8.4
      vertex 4.91095 25.5047 8.4
    endloop
  endfacet
  facet normal 0.289558 0.95716 -0
    outer loop
      vertex 5.07322 25.4669 8.4
      vertex 5.02 25.483 10.4
      vertex 5.07322 25.4669 10.4
    endloop
  endfacet
  facet normal 0.289558 0.95716 0
    outer loop
      vertex 5.02 25.483 10.4
      vertex 5.07322 25.4669 8.4
      vertex 5.02 25.483 8.4
    endloop
  endfacet
  facet normal 0.582428 0.812882 -0
    outer loop
      vertex 5.31745 25.3363 8.4
      vertex 5.27223 25.3687 10.4
      vertex 5.31745 25.3363 10.4
    endloop
  endfacet
  facet normal 0.582428 0.812882 0
    outer loop
      vertex 5.27223 25.3687 10.4
      vertex 5.31745 25.3363 8.4
      vertex 5.27223 25.3687 8.4
    endloop
  endfacet
  facet normal 0.413329 0.910582 -0
    outer loop
      vertex 5.17595 25.4243 8.4
      vertex 5.12528 25.4473 10.4
      vertex 5.17595 25.4243 10.4
    endloop
  endfacet
  facet normal 0.413329 0.910582 0
    outer loop
      vertex 5.12528 25.4473 10.4
      vertex 5.17595 25.4243 8.4
      vertex 5.12528 25.4473 8.4
    endloop
  endfacet
  facet normal 0.528463 0.848956 -0
    outer loop
      vertex 5.27223 25.3687 8.4
      vertex 5.225 25.3981 10.4
      vertex 5.27223 25.3687 10.4
    endloop
  endfacet
  facet normal 0.528463 0.848956 0
    outer loop
      vertex 5.225 25.3981 10.4
      vertex 5.27223 25.3687 8.4
      vertex 5.225 25.3981 8.4
    endloop
  endfacet
  facet normal -0.999465 0.0327163 0
    outer loop
      vertex 3.95 24.662 8.4
      vertex 3.95182 24.7176 10.4
      vertex 3.95182 24.7176 8.4
    endloop
  endfacet
  facet normal -0.999465 0.0327163 0
    outer loop
      vertex 3.95182 24.7176 10.4
      vertex 3.95 24.662 8.4
      vertex 3.95 24.662 10.4
    endloop
  endfacet
  facet normal -0.973907 0.226946 0
    outer loop
      vertex 3.96633 24.8278 8.4
      vertex 3.97896 24.882 10.4
      vertex 3.97896 24.882 8.4
    endloop
  endfacet
  facet normal -0.973907 0.226946 0
    outer loop
      vertex 3.97896 24.882 10.4
      vertex 3.96633 24.8278 8.4
      vertex 3.96633 24.8278 10.4
    endloop
  endfacet
  facet normal -0.995179 0.0980782 0
    outer loop
      vertex 3.95182 24.7176 8.4
      vertex 3.95727 24.7729 10.4
      vertex 3.95727 24.7729 8.4
    endloop
  endfacet
  facet normal -0.995179 0.0980782 0
    outer loop
      vertex 3.95727 24.7729 10.4
      vertex 3.95182 24.7176 8.4
      vertex 3.95182 24.7176 10.4
    endloop
  endfacet
  facet normal -0.81276 0.582598 0
    outer loop
      vertex 4.09325 25.1342 8.4
      vertex 4.12565 25.1794 10.4
      vertex 4.12565 25.1794 8.4
    endloop
  endfacet
  facet normal -0.81276 0.582598 0
    outer loop
      vertex 4.12565 25.1794 10.4
      vertex 4.09325 25.1342 8.4
      vertex 4.09325 25.1342 10.4
    endloop
  endfacet
  facet normal -0.849048 0.528316 0
    outer loop
      vertex 4.06388 25.087 8.4
      vertex 4.09325 25.1342 10.4
      vertex 4.09325 25.1342 8.4
    endloop
  endfacet
  facet normal -0.849048 0.528316 0
    outer loop
      vertex 4.09325 25.1342 10.4
      vertex 4.06388 25.087 8.4
      vertex 4.06388 25.087 10.4
    endloop
  endfacet
  facet normal -0.098863 0.995101 0
    outer loop
      vertex 4.74441 25.5102 8.4
      vertex 4.68905 25.5047 10.4
      vertex 4.74441 25.5102 10.4
    endloop
  endfacet
  facet normal -0.098863 0.995101 0
    outer loop
      vertex 4.68905 25.5047 10.4
      vertex 4.74441 25.5102 8.4
      vertex 4.68905 25.5047 8.4
    endloop
  endfacet
  facet normal -0.352345 0.93587 0
    outer loop
      vertex 4.52678 25.4669 8.4
      vertex 4.47472 25.4473 10.4
      vertex 4.52678 25.4669 10.4
    endloop
  endfacet
  facet normal -0.352345 0.93587 0
    outer loop
      vertex 4.47472 25.4473 10.4
      vertex 4.52678 25.4669 8.4
      vertex 4.47472 25.4473 8.4
    endloop
  endfacet
  facet normal -0.528463 0.848956 0
    outer loop
      vertex 4.375 25.3981 8.4
      vertex 4.32777 25.3687 10.4
      vertex 4.375 25.3981 10.4
    endloop
  endfacet
  facet normal -0.528463 0.848956 0
    outer loop
      vertex 4.32777 25.3687 10.4
      vertex 4.375 25.3981 8.4
      vertex 4.32777 25.3687 8.4
    endloop
  endfacet
  facet normal -0.582428 0.812882 0
    outer loop
      vertex 4.32777 25.3687 8.4
      vertex 4.28255 25.3363 10.4
      vertex 4.32777 25.3687 10.4
    endloop
  endfacet
  facet normal -0.582428 0.812882 0
    outer loop
      vertex 4.28255 25.3363 10.4
      vertex 4.32777 25.3687 8.4
      vertex 4.28255 25.3363 8.4
    endloop
  endfacet
  facet normal 0.999465 -0.0327163 0
    outer loop
      vertex 5.64818 24.6064 10.4
      vertex 5.65 24.662 8.4
      vertex 5.65 24.662 10.4
    endloop
  endfacet
  facet normal 0.999465 -0.0327163 0
    outer loop
      vertex 5.65 24.662 8.4
      vertex 5.64818 24.6064 10.4
      vertex 5.64818 24.6064 8.4
    endloop
  endfacet
  facet normal 0.910637 0.413206 0
    outer loop
      vertex 5.5853 24.9873 10.4
      vertex 5.56234 25.0379 8.4
      vertex 5.56234 25.0379 10.4
    endloop
  endfacet
  facet normal 0.910637 0.413206 0
    outer loop
      vertex 5.56234 25.0379 8.4
      vertex 5.5853 24.9873 10.4
      vertex 5.5853 24.9873 8.4
    endloop
  endfacet
  facet normal 0.936019 0.35195 0
    outer loop
      vertex 5.60489 24.9352 10.4
      vertex 5.5853 24.9873 8.4
      vertex 5.5853 24.9873 10.4
    endloop
  endfacet
  facet normal 0.936019 0.35195 0
    outer loop
      vertex 5.5853 24.9873 8.4
      vertex 5.60489 24.9352 10.4
      vertex 5.60489 24.9352 8.4
    endloop
  endfacet
  facet normal 0.6843 0.729201 -0
    outer loop
      vertex 5.40104 25.263 8.4
      vertex 5.36044 25.3011 10.4
      vertex 5.40104 25.263 10.4
    endloop
  endfacet
  facet normal 0.6843 0.729201 0
    outer loop
      vertex 5.36044 25.3011 10.4
      vertex 5.40104 25.263 8.4
      vertex 5.36044 25.3011 8.4
    endloop
  endfacet
  facet normal -0.032363 0.999476 0
    outer loop
      vertex 4.8 25.512 8.4
      vertex 4.74441 25.5102 10.4
      vertex 4.8 25.512 10.4
    endloop
  endfacet
  facet normal -0.032363 0.999476 0
    outer loop
      vertex 4.74441 25.5102 10.4
      vertex 4.8 25.512 8.4
      vertex 4.74441 25.5102 8.4
    endloop
  endfacet
  facet normal 0.098863 0.995101 -0
    outer loop
      vertex 4.91095 25.5047 8.4
      vertex 4.85559 25.5102 10.4
      vertex 4.91095 25.5047 10.4
    endloop
  endfacet
  facet normal 0.098863 0.995101 0
    outer loop
      vertex 4.85559 25.5102 10.4
      vertex 4.91095 25.5047 8.4
      vertex 4.85559 25.5102 8.4
    endloop
  endfacet
  facet normal 0.228258 0.973601 -0
    outer loop
      vertex 5.02 25.483 8.4
      vertex 4.96583 25.4957 10.4
      vertex 5.02 25.483 10.4
    endloop
  endfacet
  facet normal 0.228258 0.973601 0
    outer loop
      vertex 4.96583 25.4957 10.4
      vertex 5.02 25.483 8.4
      vertex 4.96583 25.4957 8.4
    endloop
  endfacet
  facet normal 0.471148 0.882054 -0
    outer loop
      vertex 5.225 25.3981 8.4
      vertex 5.17595 25.4243 10.4
      vertex 5.225 25.3981 10.4
    endloop
  endfacet
  facet normal 0.471148 0.882054 0
    outer loop
      vertex 5.17595 25.4243 10.4
      vertex 5.225 25.3981 8.4
      vertex 5.17595 25.4243 8.4
    endloop
  endfacet
  facet normal 0.633522 0.773725 -0
    outer loop
      vertex 5.36044 25.3011 8.4
      vertex 5.31745 25.3363 10.4
      vertex 5.36044 25.3011 10.4
    endloop
  endfacet
  facet normal 0.633522 0.773725 0
    outer loop
      vertex 5.31745 25.3363 10.4
      vertex 5.36044 25.3011 8.4
      vertex 5.31745 25.3363 8.4
    endloop
  endfacet
  facet normal -0.936019 0.35195 0
    outer loop
      vertex 3.99511 24.9352 8.4
      vertex 4.0147 24.9873 10.4
      vertex 4.0147 24.9873 8.4
    endloop
  endfacet
  facet normal -0.936019 0.35195 0
    outer loop
      vertex 4.0147 24.9873 10.4
      vertex 3.99511 24.9352 8.4
      vertex 3.99511 24.9352 10.4
    endloop
  endfacet
  facet normal 0 0 1
    outer loop
      vertex 5.64818 24.7176 10.4
      vertex 5.64818 24.6064 10.4
      vertex 5.65 24.662 10.4
    endloop
  endfacet
  facet normal 0 0 1
    outer loop
      vertex 5.64273 24.7729 10.4
      vertex 5.64818 24.6064 10.4
      vertex 5.64818 24.7176 10.4
    endloop
  endfacet
  facet normal 0 0 1
    outer loop
      vertex 5.64273 24.7729 10.4
      vertex 5.64273 24.5511 10.4
      vertex 5.64818 24.6064 10.4
    endloop
  endfacet
  facet normal 0 0 1
    outer loop
      vertex 5.63367 24.8278 10.4
      vertex 5.64273 24.5511 10.4
      vertex 5.64273 24.7729 10.4
    endloop
  endfacet
  facet normal 0 0 1
    outer loop
      vertex 5.63367 24.8278 10.4
      vertex 5.63367 24.4962 10.4
      vertex 5.64273 24.5511 10.4
    endloop
  endfacet
  facet normal 0 0 1
    outer loop
      vertex 5.62104 24.882 10.4
      vertex 5.63367 24.4962 10.4
      vertex 5.63367 24.8278 10.4
    endloop
  endfacet
  facet normal 0 0 1
    outer loop
      vertex 5.62104 24.882 10.4
      vertex 5.62104 24.442 10.4
      vertex 5.63367 24.4962 10.4
    endloop
  endfacet
  facet normal 0 0 1
    outer loop
      vertex 5.60489 24.9352 10.4
      vertex 5.62104 24.442 10.4
      vertex 5.62104 24.882 10.4
    endloop
  endfacet
  facet normal 0 0 1
    outer loop
      vertex 5.60489 24.9352 10.4
      vertex 5.60489 24.3888 10.4
      vertex 5.62104 24.442 10.4
    endloop
  endfacet
  facet normal 0 0 1
    outer loop
      vertex 5.5853 24.9873 10.4
      vertex 5.60489 24.3888 10.4
      vertex 5.60489 24.9352 10.4
    endloop
  endfacet
  facet normal 0 0 1
    outer loop
      vertex 5.5853 24.9873 10.4
      vertex 5.5853 24.3367 10.4
      vertex 5.60489 24.3888 10.4
    endloop
  endfacet
  facet normal 0 0 1
    outer loop
      vertex 5.56234 25.0379 10.4
      vertex 5.5853 24.3367 10.4
      vertex 5.5853 24.9873 10.4
    endloop
  endfacet
  facet normal 0 0 1
    outer loop
      vertex 5.56234 25.0379 10.4
      vertex 5.56234 24.2861 10.4
      vertex 5.5853 24.3367 10.4
    endloop
  endfacet
  facet normal 0 0 1
    outer loop
      vertex 5.53612 25.087 10.4
      vertex 5.56234 24.2861 10.4
      vertex 5.56234 25.0379 10.4
    endloop
  endfacet
  facet normal 0 0 1
    outer loop
      vertex 5.53612 25.087 10.4
      vertex 5.53612 24.237 10.4
      vertex 5.56234 24.2861 10.4
    endloop
  endfacet
  facet normal 0 0 1
    outer loop
      vertex 5.50675 25.1342 10.4
      vertex 5.53612 24.237 10.4
      vertex 5.53612 25.087 10.4
    endloop
  endfacet
  facet normal 0 0 1
    outer loop
      vertex 5.50675 25.1342 10.4
      vertex 5.50675 24.1898 10.4
      vertex 5.53612 24.237 10.4
    endloop
  endfacet
  facet normal 0 0 1
    outer loop
      vertex 5.47435 25.1794 10.4
      vertex 5.50675 24.1898 10.4
      vertex 5.50675 25.1342 10.4
    endloop
  endfacet
  facet normal 0 0 1
    outer loop
      vertex 5.47435 25.1794 10.4
      vertex 5.47435 24.1446 10.4
      vertex 5.50675 24.1898 10.4
    endloop
  endfacet
  facet normal 0 0 1
    outer loop
      vertex 5.43906 25.2224 10.4
      vertex 5.47435 24.1446 10.4
      vertex 5.47435 25.1794 10.4
    endloop
  endfacet
  facet normal 0 0 1
    outer loop
      vertex 5.43906 25.2224 10.4
      vertex 5.43906 24.1016 10.4
      vertex 5.47435 24.1446 10.4
    endloop
  endfacet
  facet normal 0 0 1
    outer loop
      vertex 5.40104 25.263 10.4
      vertex 5.43906 24.1016 10.4
      vertex 5.43906 25.2224 10.4
    endloop
  endfacet
  facet normal 0 0 1
    outer loop
      vertex 5.40104 25.263 10.4
      vertex 5.40104 24.061 10.4
      vertex 5.43906 24.1016 10.4
    endloop
  endfacet
  facet normal 0 0 1
    outer loop
      vertex 5.36044 25.3011 10.4
      vertex 5.40104 24.061 10.4
      vertex 5.40104 25.263 10.4
    endloop
  endfacet
  facet normal 0 0 1
    outer loop
      vertex 5.36044 25.3011 10.4
      vertex 5.36044 24.0229 10.4
      vertex 5.40104 24.061 10.4
    endloop
  endfacet
  facet normal 0 0 1
    outer loop
      vertex 5.31745 25.3363 10.4
      vertex 5.36044 24.0229 10.4
      vertex 5.36044 25.3011 10.4
    endloop
  endfacet
  facet normal 0 0 1
    outer loop
      vertex 5.31745 25.3363 10.4
      vertex 5.31745 23.9876 10.4
      vertex 5.36044 24.0229 10.4
    endloop
  endfacet
  facet normal 0 0 1
    outer loop
      vertex 5.27223 25.3687 10.4
      vertex 5.31745 23.9876 10.4
      vertex 5.31745 25.3363 10.4
    endloop
  endfacet
  facet normal 0 0 1
    outer loop
      vertex 5.27223 25.3687 10.4
      vertex 5.27223 23.9553 10.4
      vertex 5.31745 23.9876 10.4
    endloop
  endfacet
  facet normal 0 0 1
    outer loop
      vertex 5.225 25.3981 10.4
      vertex 5.27223 23.9553 10.4
      vertex 5.27223 25.3687 10.4
    endloop
  endfacet
  facet normal 0 0 1
    outer loop
      vertex 5.225 25.3981 10.4
      vertex 5.225 23.9259 10.4
      vertex 5.27223 23.9553 10.4
    endloop
  endfacet
  facet normal 0 0 1
    outer loop
      vertex 5.17595 25.4243 10.4
      vertex 5.225 23.9259 10.4
      vertex 5.225 25.3981 10.4
    endloop
  endfacet
  facet normal 0 0 1
    outer loop
      vertex 5.17595 25.4243 10.4
      vertex 5.17595 23.8997 10.4
      vertex 5.225 23.9259 10.4
    endloop
  endfacet
  facet normal 0 0 1
    outer loop
      vertex 5.12528 25.4473 10.4
      vertex 5.17595 23.8997 10.4
      vertex 5.17595 25.4243 10.4
    endloop
  endfacet
  facet normal 0 0 1
    outer loop
      vertex 5.12528 25.4473 10.4
      vertex 5.12528 23.8767 10.4
      vertex 5.17595 23.8997 10.4
    endloop
  endfacet
  facet normal 0 0 1
    outer loop
      vertex 5.07322 25.4669 10.4
      vertex 5.12528 23.8767 10.4
      vertex 5.12528 25.4473 10.4
    endloop
  endfacet
  facet normal 0 0 1
    outer loop
      vertex 5.07322 25.4669 10.4
      vertex 5.07322 23.8571 10.4
      vertex 5.12528 23.8767 10.4
    endloop
  endfacet
  facet normal 0 0 1
    outer loop
      vertex 5.02 25.483 10.4
      vertex 5.07322 23.8571 10.4
      vertex 5.07322 25.4669 10.4
    endloop
  endfacet
  facet normal 0 0 1
    outer loop
      vertex 5.02 25.483 10.4
      vertex 5.02 23.841 10.4
      vertex 5.07322 23.8571 10.4
    endloop
  endfacet
  facet normal 0 0 1
    outer loop
      vertex 4.96583 25.4957 10.4
      vertex 5.02 23.841 10.4
      vertex 5.02 25.483 10.4
    endloop
  endfacet
  facet normal 0 0 1
    outer loop
      vertex 4.96583 25.4957 10.4
      vertex 4.96583 23.8283 10.4
      vertex 5.02 23.841 10.4
    endloop
  endfacet
  facet normal 0 0 1
    outer loop
      vertex 4.91095 25.5047 10.4
      vertex 4.96583 23.8283 10.4
      vertex 4.96583 25.4957 10.4
    endloop
  endfacet
  facet normal 0 0 1
    outer loop
      vertex 4.91095 25.5047 10.4
      vertex 4.91095 23.8193 10.4
      vertex 4.96583 23.8283 10.4
    endloop
  endfacet
  facet normal 0 0 1
    outer loop
      vertex 4.85559 25.5102 10.4
      vertex 4.91095 23.8193 10.4
      vertex 4.91095 25.5047 10.4
    endloop
  endfacet
  facet normal 0 0 1
    outer loop
      vertex 4.85559 25.5102 10.4
      vertex 4.85559 23.8138 10.4
      vertex 4.91095 23.8193 10.4
    endloop
  endfacet
  facet normal 0 0 1
    outer loop
      vertex 4.8 25.512 10.4
      vertex 4.85559 23.8138 10.4
      vertex 4.85559 25.5102 10.4
    endloop
  endfacet
  facet normal 0 0 1
    outer loop
      vertex 4.8 25.512 10.4
      vertex 4.8 23.812 10.4
      vertex 4.85559 23.8138 10.4
    endloop
  endfacet
  facet normal -0 0 1
    outer loop
      vertex 4.74441 25.5102 10.4
      vertex 4.8 23.812 10.4
      vertex 4.8 25.512 10.4
    endloop
  endfacet
  facet normal 0 0 1
    outer loop
      vertex 4.74441 25.5102 10.4
      vertex 4.74441 23.8138 10.4
      vertex 4.8 23.812 10.4
    endloop
  endfacet
  facet normal -0 0 1
    outer loop
      vertex 4.68905 25.5047 10.4
      vertex 4.74441 23.8138 10.4
      vertex 4.74441 25.5102 10.4
    endloop
  endfacet
  facet normal 0 0 1
    outer loop
      vertex 4.68905 25.5047 10.4
      vertex 4.68905 23.8193 10.4
      vertex 4.74441 23.8138 10.4
    endloop
  endfacet
  facet normal -0 0 1
    outer loop
      vertex 4.63417 25.4957 10.4
      vertex 4.68905 23.8193 10.4
      vertex 4.68905 25.5047 10.4
    endloop
  endfacet
  facet normal 0 0 1
    outer loop
      vertex 4.63417 25.4957 10.4
      vertex 4.63417 23.8283 10.4
      vertex 4.68905 23.8193 10.4
    endloop
  endfacet
  facet normal -0 0 1
    outer loop
      vertex 4.58 25.483 10.4
      vertex 4.63417 23.8283 10.4
      vertex 4.63417 25.4957 10.4
    endloop
  endfacet
  facet normal 0 0 1
    outer loop
      vertex 4.58 25.483 10.4
      vertex 4.58 23.841 10.4
      vertex 4.63417 23.8283 10.4
    endloop
  endfacet
  facet normal -0 0 1
    outer loop
      vertex 4.52678 25.4669 10.4
      vertex 4.58 23.841 10.4
      vertex 4.58 25.483 10.4
    endloop
  endfacet
  facet normal 0 0 1
    outer loop
      vertex 4.52678 25.4669 10.4
      vertex 4.52678 23.8571 10.4
      vertex 4.58 23.841 10.4
    endloop
  endfacet
  facet normal -0 0 1
    outer loop
      vertex 4.47472 25.4473 10.4
      vertex 4.52678 23.8571 10.4
      vertex 4.52678 25.4669 10.4
    endloop
  endfacet
  facet normal 0 0 1
    outer loop
      vertex 4.47472 25.4473 10.4
      vertex 4.47472 23.8767 10.4
      vertex 4.52678 23.8571 10.4
    endloop
  endfacet
  facet normal -0 0 1
    outer loop
      vertex 4.42406 25.4243 10.4
      vertex 4.47472 23.8767 10.4
      vertex 4.47472 25.4473 10.4
    endloop
  endfacet
  facet normal 0 0 1
    outer loop
      vertex 4.42406 25.4243 10.4
      vertex 4.42406 23.8997 10.4
      vertex 4.47472 23.8767 10.4
    endloop
  endfacet
  facet normal -0 0 1
    outer loop
      vertex 4.375 25.3981 10.4
      vertex 4.42406 23.8997 10.4
      vertex 4.42406 25.4243 10.4
    endloop
  endfacet
  facet normal 0 0 1
    outer loop
      vertex 4.375 25.3981 10.4
      vertex 4.375 23.9259 10.4
      vertex 4.42406 23.8997 10.4
    endloop
  endfacet
  facet normal -0 0 1
    outer loop
      vertex 4.32777 25.3687 10.4
      vertex 4.375 23.9259 10.4
      vertex 4.375 25.3981 10.4
    endloop
  endfacet
  facet normal 0 0 1
    outer loop
      vertex 4.32777 25.3687 10.4
      vertex 4.32777 23.9553 10.4
      vertex 4.375 23.9259 10.4
    endloop
  endfacet
  facet normal -0 0 1
    outer loop
      vertex 4.28255 25.3363 10.4
      vertex 4.32777 23.9553 10.4
      vertex 4.32777 25.3687 10.4
    endloop
  endfacet
  facet normal 0 0 1
    outer loop
      vertex 4.28255 25.3363 10.4
      vertex 4.28255 23.9876 10.4
      vertex 4.32777 23.9553 10.4
    endloop
  endfacet
  facet normal -0 0 1
    outer loop
      vertex 4.23956 25.3011 10.4
      vertex 4.28255 23.9876 10.4
      vertex 4.28255 25.3363 10.4
    endloop
  endfacet
  facet normal 0 0 1
    outer loop
      vertex 4.23956 25.3011 10.4
      vertex 4.23956 24.0229 10.4
      vertex 4.28255 23.9876 10.4
    endloop
  endfacet
  facet normal -0 0 1
    outer loop
      vertex 4.19896 25.263 10.4
      vertex 4.23956 24.0229 10.4
      vertex 4.23956 25.3011 10.4
    endloop
  endfacet
  facet normal 0 0 1
    outer loop
      vertex 4.19896 25.263 10.4
      vertex 4.19896 24.061 10.4
      vertex 4.23956 24.0229 10.4
    endloop
  endfacet
  facet normal -0 0 1
    outer loop
      vertex 4.16094 25.2224 10.4
      vertex 4.19896 24.061 10.4
      vertex 4.19896 25.263 10.4
    endloop
  endfacet
  facet normal 0 0 1
    outer loop
      vertex 4.16094 25.2224 10.4
      vertex 4.16094 24.1016 10.4
      vertex 4.19896 24.061 10.4
    endloop
  endfacet
  facet normal -0 0 1
    outer loop
      vertex 4.12565 25.1794 10.4
      vertex 4.16094 24.1016 10.4
      vertex 4.16094 25.2224 10.4
    endloop
  endfacet
  facet normal 0 0 1
    outer loop
      vertex 4.12565 25.1794 10.4
      vertex 4.12565 24.1446 10.4
      vertex 4.16094 24.1016 10.4
    endloop
  endfacet
  facet normal -0 0 1
    outer loop
      vertex 4.09325 25.1342 10.4
      vertex 4.12565 24.1446 10.4
      vertex 4.12565 25.1794 10.4
    endloop
  endfacet
  facet normal 0 0 1
    outer loop
      vertex 4.09325 25.1342 10.4
      vertex 4.09325 24.1898 10.4
      vertex 4.12565 24.1446 10.4
    endloop
  endfacet
  facet normal -0 0 1
    outer loop
      vertex 4.06388 25.087 10.4
      vertex 4.09325 24.1898 10.4
      vertex 4.09325 25.1342 10.4
    endloop
  endfacet
  facet normal 0 0 1
    outer loop
      vertex 4.06388 25.087 10.4
      vertex 4.06388 24.237 10.4
      vertex 4.09325 24.1898 10.4
    endloop
  endfacet
  facet normal -0 0 1
    outer loop
      vertex 4.03766 25.0379 10.4
      vertex 4.06388 24.237 10.4
      vertex 4.06388 25.087 10.4
    endloop
  endfacet
  facet normal 0 0 1
    outer loop
      vertex 4.03766 25.0379 10.4
      vertex 4.03766 24.2861 10.4
      vertex 4.06388 24.237 10.4
    endloop
  endfacet
  facet normal -0 0 1
    outer loop
      vertex 4.0147 24.9873 10.4
      vertex 4.03766 24.2861 10.4
      vertex 4.03766 25.0379 10.4
    endloop
  endfacet
  facet normal 0 0 1
    outer loop
      vertex 4.0147 24.9873 10.4
      vertex 4.0147 24.3367 10.4
      vertex 4.03766 24.2861 10.4
    endloop
  endfacet
  facet normal -0 0 1
    outer loop
      vertex 3.99511 24.9352 10.4
      vertex 4.0147 24.3367 10.4
      vertex 4.0147 24.9873 10.4
    endloop
  endfacet
  facet normal 0 0 1
    outer loop
      vertex 3.99511 24.9352 10.4
      vertex 3.99511 24.3888 10.4
      vertex 4.0147 24.3367 10.4
    endloop
  endfacet
  facet normal -0 0 1
    outer loop
      vertex 3.97896 24.882 10.4
      vertex 3.99511 24.3888 10.4
      vertex 3.99511 24.9352 10.4
    endloop
  endfacet
  facet normal 0 0 1
    outer loop
      vertex 3.97896 24.882 10.4
      vertex 3.97896 24.442 10.4
      vertex 3.99511 24.3888 10.4
    endloop
  endfacet
  facet normal -0 0 1
    outer loop
      vertex 3.96633 24.8278 10.4
      vertex 3.97896 24.442 10.4
      vertex 3.97896 24.882 10.4
    endloop
  endfacet
  facet normal 0 0 1
    outer loop
      vertex 3.96633 24.8278 10.4
      vertex 3.96633 24.4962 10.4
      vertex 3.97896 24.442 10.4
    endloop
  endfacet
  facet normal -0 0 1
    outer loop
      vertex 3.95727 24.7729 10.4
      vertex 3.96633 24.4962 10.4
      vertex 3.96633 24.8278 10.4
    endloop
  endfacet
  facet normal 0 0 1
    outer loop
      vertex 3.95727 24.7729 10.4
      vertex 3.95727 24.5511 10.4
      vertex 3.96633 24.4962 10.4
    endloop
  endfacet
  facet normal -0 0 1
    outer loop
      vertex 3.95182 24.7176 10.4
      vertex 3.95727 24.5511 10.4
      vertex 3.95727 24.7729 10.4
    endloop
  endfacet
  facet normal 0 0 1
    outer loop
      vertex 3.95182 24.7176 10.4
      vertex 3.95182 24.6064 10.4
      vertex 3.95727 24.5511 10.4
    endloop
  endfacet
  facet normal 0 -0 1
    outer loop
      vertex 3.95182 24.6064 10.4
      vertex 3.95182 24.7176 10.4
      vertex 3.95 24.662 10.4
    endloop
  endfacet
  facet normal -0.956881 0.290482 0
    outer loop
      vertex 3.97896 24.882 8.4
      vertex 3.99511 24.9352 10.4
      vertex 3.99511 24.9352 8.4
    endloop
  endfacet
  facet normal -0.956881 0.290482 0
    outer loop
      vertex 3.99511 24.9352 10.4
      vertex 3.97896 24.882 8.4
      vertex 3.97896 24.882 10.4
    endloop
  endfacet
  facet normal -0.986655 0.162825 0
    outer loop
      vertex 3.95727 24.7729 8.4
      vertex 3.96633 24.8278 10.4
      vertex 3.96633 24.8278 8.4
    endloop
  endfacet
  facet normal -0.986655 0.162825 0
    outer loop
      vertex 3.96633 24.8278 10.4
      vertex 3.95727 24.7729 8.4
      vertex 3.95727 24.7729 10.4
    endloop
  endfacet
  facet normal -0.882104 0.471054 0
    outer loop
      vertex 4.03766 25.0379 8.4
      vertex 4.06388 25.087 10.4
      vertex 4.06388 25.087 8.4
    endloop
  endfacet
  facet normal -0.882104 0.471054 0
    outer loop
      vertex 4.06388 25.087 10.4
      vertex 4.03766 25.0379 8.4
      vertex 4.03766 25.0379 10.4
    endloop
  endfacet
  facet normal -0.773003 0.634402 0
    outer loop
      vertex 4.12565 25.1794 8.4
      vertex 4.16094 25.2224 10.4
      vertex 4.16094 25.2224 8.4
    endloop
  endfacet
  facet normal -0.773003 0.634402 0
    outer loop
      vertex 4.16094 25.2224 10.4
      vertex 4.12565 25.1794 8.4
      vertex 4.12565 25.1794 10.4
    endloop
  endfacet
  facet normal -0.289558 0.95716 0
    outer loop
      vertex 4.58 25.483 8.4
      vertex 4.52678 25.4669 10.4
      vertex 4.58 25.483 10.4
    endloop
  endfacet
  facet normal -0.289558 0.95716 0
    outer loop
      vertex 4.52678 25.4669 10.4
      vertex 4.58 25.483 8.4
      vertex 4.52678 25.4669 8.4
    endloop
  endfacet
  facet normal -0.161832 0.986818 0
    outer loop
      vertex 4.68905 25.5047 8.4
      vertex 4.63417 25.4957 10.4
      vertex 4.68905 25.5047 10.4
    endloop
  endfacet
  facet normal -0.161832 0.986818 0
    outer loop
      vertex 4.63417 25.4957 10.4
      vertex 4.68905 25.5047 8.4
      vertex 4.63417 25.4957 8.4
    endloop
  endfacet
  facet normal -0.228258 0.973601 0
    outer loop
      vertex 4.63417 25.4957 8.4
      vertex 4.58 25.483 10.4
      vertex 4.63417 25.4957 10.4
    endloop
  endfacet
  facet normal -0.228258 0.973601 0
    outer loop
      vertex 4.58 25.483 10.4
      vertex 4.63417 25.4957 8.4
      vertex 4.58 25.483 8.4
    endloop
  endfacet
  facet normal -0.471073 0.882094 0
    outer loop
      vertex 4.42406 25.4243 8.4
      vertex 4.375 25.3981 10.4
      vertex 4.42406 25.4243 10.4
    endloop
  endfacet
  facet normal -0.471073 0.882094 0
    outer loop
      vertex 4.375 25.3981 10.4
      vertex 4.42406 25.4243 8.4
      vertex 4.375 25.3981 8.4
    endloop
  endfacet
  facet normal -0.729918 0.683534 0
    outer loop
      vertex 4.16094 25.2224 8.4
      vertex 4.19896 25.263 10.4
      vertex 4.19896 25.263 8.4
    endloop
  endfacet
  facet normal -0.729918 0.683534 0
    outer loop
      vertex 4.19896 25.263 10.4
      vertex 4.16094 25.2224 8.4
      vertex 4.16094 25.2224 10.4
    endloop
  endfacet
  facet normal -0.6843 0.729201 0
    outer loop
      vertex 4.23956 25.3011 8.4
      vertex 4.19896 25.263 10.4
      vertex 4.23956 25.3011 10.4
    endloop
  endfacet
  facet normal -0.6843 0.729201 0
    outer loop
      vertex 4.19896 25.263 10.4
      vertex 4.23956 25.3011 8.4
      vertex 4.19896 25.263 8.4
    endloop
  endfacet
  facet normal 0.999465 0.0327163 0
    outer loop
      vertex 5.65 24.662 10.4
      vertex 5.64818 24.7176 8.4
      vertex 5.64818 24.7176 10.4
    endloop
  endfacet
  facet normal 0.999465 0.0327163 0
    outer loop
      vertex 5.64818 24.7176 8.4
      vertex 5.65 24.662 10.4
      vertex 5.65 24.662 8.4
    endloop
  endfacet
  facet normal 0.973907 -0.226946 0
    outer loop
      vertex 5.62104 24.442 10.4
      vertex 5.63367 24.4962 8.4
      vertex 5.63367 24.4962 10.4
    endloop
  endfacet
  facet normal 0.973907 -0.226946 0
    outer loop
      vertex 5.63367 24.4962 8.4
      vertex 5.62104 24.442 10.4
      vertex 5.62104 24.442 8.4
    endloop
  endfacet
  facet normal 0.6843 -0.729201 0
    outer loop
      vertex 5.36044 24.0229 8.4
      vertex 5.40104 24.061 10.4
      vertex 5.36044 24.0229 10.4
    endloop
  endfacet
  facet normal 0.6843 -0.729201 0
    outer loop
      vertex 5.40104 24.061 10.4
      vertex 5.36044 24.0229 8.4
      vertex 5.40104 24.061 8.4
    endloop
  endfacet
  facet normal 0.773003 -0.634402 0
    outer loop
      vertex 5.43906 24.1016 10.4
      vertex 5.47435 24.1446 8.4
      vertex 5.47435 24.1446 10.4
    endloop
  endfacet
  facet normal 0.773003 -0.634402 0
    outer loop
      vertex 5.47435 24.1446 8.4
      vertex 5.43906 24.1016 10.4
      vertex 5.43906 24.1016 8.4
    endloop
  endfacet
  facet normal -0.098863 -0.995101 0
    outer loop
      vertex 4.68905 23.8193 8.4
      vertex 4.74441 23.8138 10.4
      vertex 4.68905 23.8193 10.4
    endloop
  endfacet
  facet normal -0.098863 -0.995101 -0
    outer loop
      vertex 4.74441 23.8138 10.4
      vertex 4.68905 23.8193 8.4
      vertex 4.74441 23.8138 8.4
    endloop
  endfacet
  facet normal -0.999465 -0.0327163 0
    outer loop
      vertex 3.95182 24.6064 8.4
      vertex 3.95 24.662 10.4
      vertex 3.95 24.662 8.4
    endloop
  endfacet
  facet normal -0.999465 -0.0327163 0
    outer loop
      vertex 3.95 24.662 10.4
      vertex 3.95182 24.6064 8.4
      vertex 3.95182 24.6064 10.4
    endloop
  endfacet
  facet normal -0.910637 -0.413206 0
    outer loop
      vertex 4.03766 24.2861 8.4
      vertex 4.0147 24.3367 10.4
      vertex 4.0147 24.3367 8.4
    endloop
  endfacet
  facet normal -0.910637 -0.413206 0
    outer loop
      vertex 4.0147 24.3367 10.4
      vertex 4.03766 24.2861 8.4
      vertex 4.03766 24.2861 10.4
    endloop
  endfacet
  facet normal -0.773003 -0.634402 0
    outer loop
      vertex 4.16094 24.1016 8.4
      vertex 4.12565 24.1446 10.4
      vertex 4.12565 24.1446 8.4
    endloop
  endfacet
  facet normal -0.773003 -0.634402 0
    outer loop
      vertex 4.12565 24.1446 10.4
      vertex 4.16094 24.1016 8.4
      vertex 4.16094 24.1016 10.4
    endloop
  endfacet
  facet normal 0.098863 -0.995101 0
    outer loop
      vertex 4.85559 23.8138 8.4
      vertex 4.91095 23.8193 10.4
      vertex 4.85559 23.8138 10.4
    endloop
  endfacet
  facet normal 0.098863 -0.995101 0
    outer loop
      vertex 4.91095 23.8193 10.4
      vertex 4.85559 23.8138 8.4
      vertex 4.91095 23.8193 8.4
    endloop
  endfacet
  facet normal 0.956881 0.290482 0
    outer loop
      vertex 5.62104 24.882 10.4
      vertex 5.60489 24.9352 8.4
      vertex 5.60489 24.9352 10.4
    endloop
  endfacet
  facet normal 0.956881 0.290482 0
    outer loop
      vertex 5.60489 24.9352 8.4
      vertex 5.62104 24.882 10.4
      vertex 5.62104 24.882 8.4
    endloop
  endfacet
  facet normal 0.986655 0.162825 0
    outer loop
      vertex 5.64273 24.7729 10.4
      vertex 5.63367 24.8278 8.4
      vertex 5.63367 24.8278 10.4
    endloop
  endfacet
  facet normal 0.986655 0.162825 0
    outer loop
      vertex 5.63367 24.8278 8.4
      vertex 5.64273 24.7729 10.4
      vertex 5.64273 24.7729 8.4
    endloop
  endfacet
  facet normal 0.729918 0.683534 0
    outer loop
      vertex 5.43906 25.2224 10.4
      vertex 5.40104 25.263 8.4
      vertex 5.40104 25.263 10.4
    endloop
  endfacet
  facet normal 0.729918 0.683534 0
    outer loop
      vertex 5.40104 25.263 8.4
      vertex 5.43906 25.2224 10.4
      vertex 5.43906 25.2224 8.4
    endloop
  endfacet
  facet normal 0.995179 -0.0980782 0
    outer loop
      vertex 5.64273 24.5511 10.4
      vertex 5.64818 24.6064 8.4
      vertex 5.64818 24.6064 10.4
    endloop
  endfacet
  facet normal 0.995179 -0.0980782 0
    outer loop
      vertex 5.64818 24.6064 8.4
      vertex 5.64273 24.5511 10.4
      vertex 5.64273 24.5511 8.4
    endloop
  endfacet
  facet normal 0.956881 -0.290482 0
    outer loop
      vertex 5.60489 24.3888 10.4
      vertex 5.62104 24.442 8.4
      vertex 5.62104 24.442 10.4
    endloop
  endfacet
  facet normal 0.956881 -0.290482 0
    outer loop
      vertex 5.62104 24.442 8.4
      vertex 5.60489 24.3888 10.4
      vertex 5.60489 24.3888 8.4
    endloop
  endfacet
  facet normal 0.471148 -0.882054 0
    outer loop
      vertex 5.17595 23.8997 8.4
      vertex 5.225 23.9259 10.4
      vertex 5.17595 23.8997 10.4
    endloop
  endfacet
  facet normal 0.471148 -0.882054 0
    outer loop
      vertex 5.225 23.9259 10.4
      vertex 5.17595 23.8997 8.4
      vertex 5.225 23.9259 8.4
    endloop
  endfacet
  facet normal 0.634598 -0.772843 0
    outer loop
      vertex 5.31745 23.9876 8.4
      vertex 5.36044 24.0229 10.4
      vertex 5.31745 23.9876 10.4
    endloop
  endfacet
  facet normal 0.634598 -0.772843 0
    outer loop
      vertex 5.36044 24.0229 10.4
      vertex 5.31745 23.9876 8.4
      vertex 5.36044 24.0229 8.4
    endloop
  endfacet
  facet normal 0.581238 -0.813733 0
    outer loop
      vertex 5.27223 23.9553 8.4
      vertex 5.31745 23.9876 10.4
      vertex 5.27223 23.9553 10.4
    endloop
  endfacet
  facet normal 0.581238 -0.813733 0
    outer loop
      vertex 5.31745 23.9876 10.4
      vertex 5.27223 23.9553 8.4
      vertex 5.31745 23.9876 8.4
    endloop
  endfacet
  facet normal 0.849048 -0.528316 0
    outer loop
      vertex 5.50675 24.1898 10.4
      vertex 5.53612 24.237 8.4
      vertex 5.53612 24.237 10.4
    endloop
  endfacet
  facet normal 0.849048 -0.528316 0
    outer loop
      vertex 5.53612 24.237 8.4
      vertex 5.50675 24.1898 10.4
      vertex 5.50675 24.1898 8.4
    endloop
  endfacet
  facet normal -0.289558 -0.95716 0
    outer loop
      vertex 4.52678 23.8571 8.4
      vertex 4.58 23.841 10.4
      vertex 4.52678 23.8571 10.4
    endloop
  endfacet
  facet normal -0.289558 -0.95716 -0
    outer loop
      vertex 4.58 23.841 10.4
      vertex 4.52678 23.8571 8.4
      vertex 4.58 23.841 8.4
    endloop
  endfacet
  facet normal -0.032363 -0.999476 0
    outer loop
      vertex 4.74441 23.8138 8.4
      vertex 4.8 23.812 10.4
      vertex 4.74441 23.8138 10.4
    endloop
  endfacet
  facet normal -0.032363 -0.999476 -0
    outer loop
      vertex 4.8 23.812 10.4
      vertex 4.74441 23.8138 8.4
      vertex 4.8 23.812 8.4
    endloop
  endfacet
  facet normal -0.729918 -0.683534 0
    outer loop
      vertex 4.19896 24.061 8.4
      vertex 4.16094 24.1016 10.4
      vertex 4.16094 24.1016 8.4
    endloop
  endfacet
  facet normal -0.729918 -0.683534 0
    outer loop
      vertex 4.16094 24.1016 10.4
      vertex 4.19896 24.061 8.4
      vertex 4.19896 24.061 10.4
    endloop
  endfacet
  facet normal -0.849048 -0.528316 0
    outer loop
      vertex 4.09325 24.1898 8.4
      vertex 4.06388 24.237 10.4
      vertex 4.06388 24.237 8.4
    endloop
  endfacet
  facet normal -0.849048 -0.528316 0
    outer loop
      vertex 4.06388 24.237 10.4
      vertex 4.09325 24.1898 8.4
      vertex 4.09325 24.1898 10.4
    endloop
  endfacet
  facet normal 0.289558 -0.95716 0
    outer loop
      vertex 5.02 23.841 8.4
      vertex 5.07322 23.8571 10.4
      vertex 5.02 23.841 10.4
    endloop
  endfacet
  facet normal 0.289558 -0.95716 0
    outer loop
      vertex 5.07322 23.8571 10.4
      vertex 5.02 23.841 8.4
      vertex 5.07322 23.8571 8.4
    endloop
  endfacet
  facet normal 0.352345 -0.93587 0
    outer loop
      vertex 5.07322 23.8571 8.4
      vertex 5.12528 23.8767 10.4
      vertex 5.07322 23.8571 10.4
    endloop
  endfacet
  facet normal 0.352345 -0.93587 0
    outer loop
      vertex 5.12528 23.8767 10.4
      vertex 5.07322 23.8571 8.4
      vertex 5.12528 23.8767 8.4
    endloop
  endfacet
  facet normal 0.986655 -0.162825 0
    outer loop
      vertex 5.63367 24.4962 10.4
      vertex 5.64273 24.5511 8.4
      vertex 5.64273 24.5511 10.4
    endloop
  endfacet
  facet normal 0.986655 -0.162825 0
    outer loop
      vertex 5.64273 24.5511 8.4
      vertex 5.63367 24.4962 10.4
      vertex 5.63367 24.4962 8.4
    endloop
  endfacet
  facet normal 0.910637 -0.413206 0
    outer loop
      vertex 5.56234 24.2861 10.4
      vertex 5.5853 24.3367 8.4
      vertex 5.5853 24.3367 10.4
    endloop
  endfacet
  facet normal 0.910637 -0.413206 0
    outer loop
      vertex 5.5853 24.3367 8.4
      vertex 5.56234 24.2861 10.4
      vertex 5.56234 24.2861 8.4
    endloop
  endfacet
  facet normal 0.882104 -0.471054 0
    outer loop
      vertex 5.53612 24.237 10.4
      vertex 5.56234 24.2861 8.4
      vertex 5.56234 24.2861 10.4
    endloop
  endfacet
  facet normal 0.882104 -0.471054 0
    outer loop
      vertex 5.56234 24.2861 8.4
      vertex 5.53612 24.237 10.4
      vertex 5.53612 24.237 8.4
    endloop
  endfacet
  facet normal 0.528463 -0.848956 0
    outer loop
      vertex 5.225 23.9259 8.4
      vertex 5.27223 23.9553 10.4
      vertex 5.225 23.9259 10.4
    endloop
  endfacet
  facet normal 0.528463 -0.848956 0
    outer loop
      vertex 5.27223 23.9553 10.4
      vertex 5.225 23.9259 8.4
      vertex 5.27223 23.9553 8.4
    endloop
  endfacet
  facet normal 0.729918 -0.683534 0
    outer loop
      vertex 5.40104 24.061 10.4
      vertex 5.43906 24.1016 8.4
      vertex 5.43906 24.1016 10.4
    endloop
  endfacet
  facet normal 0.729918 -0.683534 0
    outer loop
      vertex 5.43906 24.1016 8.4
      vertex 5.40104 24.061 10.4
      vertex 5.40104 24.061 8.4
    endloop
  endfacet
  facet normal 0.81276 -0.582598 0
    outer loop
      vertex 5.47435 24.1446 10.4
      vertex 5.50675 24.1898 8.4
      vertex 5.50675 24.1898 10.4
    endloop
  endfacet
  facet normal 0.81276 -0.582598 0
    outer loop
      vertex 5.50675 24.1898 8.4
      vertex 5.47435 24.1446 10.4
      vertex 5.47435 24.1446 8.4
    endloop
  endfacet
  facet normal -0.471073 -0.882094 0
    outer loop
      vertex 4.375 23.9259 8.4
      vertex 4.42406 23.8997 10.4
      vertex 4.375 23.9259 10.4
    endloop
  endfacet
  facet normal -0.471073 -0.882094 -0
    outer loop
      vertex 4.42406 23.8997 10.4
      vertex 4.375 23.9259 8.4
      vertex 4.42406 23.8997 8.4
    endloop
  endfacet
  facet normal -0.352345 -0.93587 0
    outer loop
      vertex 4.47472 23.8767 8.4
      vertex 4.52678 23.8571 10.4
      vertex 4.47472 23.8767 10.4
    endloop
  endfacet
  facet normal -0.352345 -0.93587 -0
    outer loop
      vertex 4.52678 23.8571 10.4
      vertex 4.47472 23.8767 8.4
      vertex 4.52678 23.8571 8.4
    endloop
  endfacet
  facet normal -0.634598 -0.772843 0
    outer loop
      vertex 4.23956 24.0229 8.4
      vertex 4.28255 23.9876 10.4
      vertex 4.23956 24.0229 10.4
    endloop
  endfacet
  facet normal -0.634598 -0.772843 -0
    outer loop
      vertex 4.28255 23.9876 10.4
      vertex 4.23956 24.0229 8.4
      vertex 4.28255 23.9876 8.4
    endloop
  endfacet
  facet normal -0.528463 -0.848956 0
    outer loop
      vertex 4.32777 23.9553 8.4
      vertex 4.375 23.9259 10.4
      vertex 4.32777 23.9553 10.4
    endloop
  endfacet
  facet normal -0.528463 -0.848956 -0
    outer loop
      vertex 4.375 23.9259 10.4
      vertex 4.32777 23.9553 8.4
      vertex 4.375 23.9259 8.4
    endloop
  endfacet
  facet normal 0.032363 -0.999476 0
    outer loop
      vertex 4.8 23.812 8.4
      vertex 4.85559 23.8138 10.4
      vertex 4.8 23.812 10.4
    endloop
  endfacet
  facet normal 0.032363 -0.999476 0
    outer loop
      vertex 4.85559 23.8138 10.4
      vertex 4.8 23.812 8.4
      vertex 4.85559 23.8138 8.4
    endloop
  endfacet
  facet normal -0.986655 -0.162825 0
    outer loop
      vertex 3.96633 24.4962 8.4
      vertex 3.95727 24.5511 10.4
      vertex 3.95727 24.5511 8.4
    endloop
  endfacet
  facet normal -0.986655 -0.162825 0
    outer loop
      vertex 3.95727 24.5511 10.4
      vertex 3.96633 24.4962 8.4
      vertex 3.96633 24.4962 10.4
    endloop
  endfacet
  facet normal -0.995179 -0.0980782 0
    outer loop
      vertex 3.95727 24.5511 8.4
      vertex 3.95182 24.6064 10.4
      vertex 3.95182 24.6064 8.4
    endloop
  endfacet
  facet normal -0.995179 -0.0980782 0
    outer loop
      vertex 3.95182 24.6064 10.4
      vertex 3.95727 24.5511 8.4
      vertex 3.95727 24.5511 10.4
    endloop
  endfacet
  facet normal -0.973907 -0.226946 0
    outer loop
      vertex 3.97896 24.442 8.4
      vertex 3.96633 24.4962 10.4
      vertex 3.96633 24.4962 8.4
    endloop
  endfacet
  facet normal -0.973907 -0.226946 0
    outer loop
      vertex 3.96633 24.4962 10.4
      vertex 3.97896 24.442 8.4
      vertex 3.97896 24.442 10.4
    endloop
  endfacet
  facet normal -0.956881 -0.290482 0
    outer loop
      vertex 3.99511 24.3888 8.4
      vertex 3.97896 24.442 10.4
      vertex 3.97896 24.442 8.4
    endloop
  endfacet
  facet normal -0.956881 -0.290482 0
    outer loop
      vertex 3.97896 24.442 10.4
      vertex 3.99511 24.3888 8.4
      vertex 3.99511 24.3888 10.4
    endloop
  endfacet
  facet normal -0.6843 -0.729201 0
    outer loop
      vertex 4.19896 24.061 8.4
      vertex 4.23956 24.0229 10.4
      vertex 4.19896 24.061 10.4
    endloop
  endfacet
  facet normal -0.6843 -0.729201 -0
    outer loop
      vertex 4.23956 24.0229 10.4
      vertex 4.19896 24.061 8.4
      vertex 4.23956 24.0229 8.4
    endloop
  endfacet
  facet normal -0.81276 -0.582598 0
    outer loop
      vertex 4.12565 24.1446 8.4
      vertex 4.09325 24.1898 10.4
      vertex 4.09325 24.1898 8.4
    endloop
  endfacet
  facet normal -0.81276 -0.582598 0
    outer loop
      vertex 4.09325 24.1898 10.4
      vertex 4.12565 24.1446 8.4
      vertex 4.12565 24.1446 10.4
    endloop
  endfacet
  facet normal 0.228258 -0.973601 0
    outer loop
      vertex 4.96583 23.8283 8.4
      vertex 5.02 23.841 10.4
      vertex 4.96583 23.8283 10.4
    endloop
  endfacet
  facet normal 0.228258 -0.973601 0
    outer loop
      vertex 5.02 23.841 10.4
      vertex 4.96583 23.8283 8.4
      vertex 5.02 23.841 8.4
    endloop
  endfacet
  facet normal 0.161832 -0.986818 0
    outer loop
      vertex 4.91095 23.8193 8.4
      vertex 4.96583 23.8283 10.4
      vertex 4.91095 23.8193 10.4
    endloop
  endfacet
  facet normal 0.161832 -0.986818 0
    outer loop
      vertex 4.96583 23.8283 10.4
      vertex 4.91095 23.8193 8.4
      vertex 4.96583 23.8283 8.4
    endloop
  endfacet
  facet normal -0.228258 -0.973601 0
    outer loop
      vertex 4.58 23.841 8.4
      vertex 4.63417 23.8283 10.4
      vertex 4.58 23.841 10.4
    endloop
  endfacet
  facet normal -0.228258 -0.973601 -0
    outer loop
      vertex 4.63417 23.8283 10.4
      vertex 4.58 23.841 8.4
      vertex 4.63417 23.8283 8.4
    endloop
  endfacet
  facet normal -0.581238 -0.813733 0
    outer loop
      vertex 4.28255 23.9876 8.4
      vertex 4.32777 23.9553 10.4
      vertex 4.28255 23.9876 10.4
    endloop
  endfacet
  facet normal -0.581238 -0.813733 -0
    outer loop
      vertex 4.32777 23.9553 10.4
      vertex 4.28255 23.9876 8.4
      vertex 4.32777 23.9553 8.4
    endloop
  endfacet
  facet normal -0.936019 -0.35195 0
    outer loop
      vertex 4.0147 24.3367 8.4
      vertex 3.99511 24.3888 10.4
      vertex 3.99511 24.3888 8.4
    endloop
  endfacet
  facet normal -0.936019 -0.35195 0
    outer loop
      vertex 3.99511 24.3888 10.4
      vertex 4.0147 24.3367 8.4
      vertex 4.0147 24.3367 10.4
    endloop
  endfacet
  facet normal -0.882104 -0.471054 0
    outer loop
      vertex 4.06388 24.237 8.4
      vertex 4.03766 24.2861 10.4
      vertex 4.03766 24.2861 8.4
    endloop
  endfacet
  facet normal -0.882104 -0.471054 0
    outer loop
      vertex 4.03766 24.2861 10.4
      vertex 4.06388 24.237 8.4
      vertex 4.06388 24.237 10.4
    endloop
  endfacet
  facet normal -0.161832 -0.986818 0
    outer loop
      vertex 4.63417 23.8283 8.4
      vertex 4.68905 23.8193 10.4
      vertex 4.63417 23.8283 10.4
    endloop
  endfacet
  facet normal -0.161832 -0.986818 -0
    outer loop
      vertex 4.68905 23.8193 10.4
      vertex 4.63417 23.8283 8.4
      vertex 4.68905 23.8193 8.4
    endloop
  endfacet
  facet normal -0.413397 -0.910551 0
    outer loop
      vertex 4.42406 23.8997 8.4
      vertex 4.47472 23.8767 10.4
      vertex 4.42406 23.8997 10.4
    endloop
  endfacet
  facet normal -0.413397 -0.910551 -0
    outer loop
      vertex 4.47472 23.8767 10.4
      vertex 4.42406 23.8997 8.4
      vertex 4.47472 23.8767 8.4
    endloop
  endfacet
  facet normal 0.683494 0.729956 -0
    outer loop
      vertex 27.5678 13.9298 2.4
      vertex 27.4484 14.0416 8.4
      vertex 27.5678 13.9298 8.4
    endloop
  endfacet
  facet normal 0.683494 0.729956 0
    outer loop
      vertex 27.4484 14.0416 8.4
      vertex 27.5678 13.9298 2.4
      vertex 27.4484 14.0416 2.4
    endloop
  endfacet
  facet normal -0.352128 0.935952 0
    outer loop
      vertex 24.9964 14.5293 2.4
      vertex 24.8433 14.4717 8.4
      vertex 24.9964 14.5293 8.4
    endloop
  endfacet
  facet normal -0.352128 0.935952 0
    outer loop
      vertex 24.8433 14.4717 8.4
      vertex 24.9964 14.5293 2.4
      vertex 24.8433 14.4717 2.4
    endloop
  endfacet
  facet normal -0.910889 0.412651 0
    outer loop
      vertex 23.4903 13.1187 2.4
      vertex 23.5578 13.2677 8.4
      vertex 23.5578 13.2677 2.4
    endloop
  endfacet
  facet normal -0.910889 0.412651 0
    outer loop
      vertex 23.5578 13.2677 8.4
      vertex 23.4903 13.1187 2.4
      vertex 23.4903 13.1187 8.4
    endloop
  endfacet
  facet normal 0.881997 0.471254 0
    outer loop
      vertex 28.0422 13.2677 8.4
      vertex 27.9651 13.412 2.4
      vertex 27.9651 13.412 8.4
    endloop
  endfacet
  facet normal 0.881997 0.471254 0
    outer loop
      vertex 27.9651 13.412 2.4
      vertex 28.0422 13.2677 8.4
      vertex 28.0422 13.2677 2.4
    endloop
  endfacet
  facet normal 0.412651 0.910889 -0
    outer loop
      vertex 26.9057 14.4042 2.4
      vertex 26.7567 14.4717 8.4
      vertex 26.9057 14.4042 8.4
    endloop
  endfacet
  facet normal 0.412651 0.910889 0
    outer loop
      vertex 26.7567 14.4717 8.4
      vertex 26.9057 14.4042 2.4
      vertex 26.7567 14.4717 2.4
    endloop
  endfacet
  facet normal -0.729956 0.683494 0
    outer loop
      vertex 23.9204 13.8104 2.4
      vertex 24.0322 13.9298 8.4
      vertex 24.0322 13.9298 2.4
    endloop
  endfacet
  facet normal -0.729956 0.683494 0
    outer loop
      vertex 24.0322 13.9298 8.4
      vertex 23.9204 13.8104 2.4
      vertex 23.9204 13.8104 8.4
    endloop
  endfacet
  facet normal -0.162614 0.98669 0
    outer loop
      vertex 25.4737 14.6406 2.4
      vertex 25.3123 14.614 8.4
      vertex 25.4737 14.6406 8.4
    endloop
  endfacet
  facet normal -0.162614 0.98669 0
    outer loop
      vertex 25.3123 14.614 8.4
      vertex 25.4737 14.6406 2.4
      vertex 25.3123 14.614 2.4
    endloop
  endfacet
  facet normal 0.935952 -0.352128 0
    outer loop
      vertex 28.1097 11.2053 8.4
      vertex 28.1673 11.3584 2.4
      vertex 28.1673 11.3584 8.4
    endloop
  endfacet
  facet normal 0.935952 -0.352128 0
    outer loop
      vertex 28.1673 11.3584 2.4
      vertex 28.1097 11.2053 8.4
      vertex 28.1097 11.2053 2.4
    endloop
  endfacet
  facet normal -0.162912 -0.986641 0
    outer loop
      vertex 25.3123 9.71004 2.4
      vertex 25.4737 9.68339 8.4
      vertex 25.3123 9.71004 8.4
    endloop
  endfacet
  facet normal -0.162912 -0.986641 -0
    outer loop
      vertex 25.4737 9.68339 8.4
      vertex 25.3123 9.71004 2.4
      vertex 25.4737 9.68339 2.4
    endloop
  endfacet
  facet normal -0.683494 -0.729956 0
    outer loop
      vertex 24.0322 10.3942 2.4
      vertex 24.1516 10.2824 8.4
      vertex 24.0322 10.3942 8.4
    endloop
  endfacet
  facet normal -0.683494 -0.729956 -0
    outer loop
      vertex 24.1516 10.2824 8.4
      vertex 24.0322 10.3942 2.4
      vertex 24.1516 10.2824 2.4
    endloop
  endfacet
  facet normal 0.956867 0.290525 0
    outer loop
      vertex 28.2 12.8579 8.4
      vertex 28.1673 12.9656 2.4
      vertex 28.1673 12.9656 8.4
    endloop
  endfacet
  facet normal 0.956867 0.290525 0
    outer loop
      vertex 28.1673 12.9656 2.4
      vertex 28.2 12.8579 8.4
      vertex 28.2 12.8579 2.4
    endloop
  endfacet
  facet normal 0.773058 0.634335 0
    outer loop
      vertex 27.7834 13.6839 8.4
      vertex 27.6796 13.8104 2.4
      vertex 27.6796 13.8104 8.4
    endloop
  endfacet
  facet normal 0.773058 0.634335 0
    outer loop
      vertex 27.6796 13.8104 2.4
      vertex 27.7834 13.6839 8.4
      vertex 27.7834 13.6839 2.4
    endloop
  endfacet
  facet normal 0.812865 0.582452 0
    outer loop
      vertex 27.8787 13.5509 8.4
      vertex 27.7834 13.6839 2.4
      vertex 27.7834 13.6839 8.4
    endloop
  endfacet
  facet normal 0.812865 0.582452 0
    outer loop
      vertex 27.7834 13.6839 2.4
      vertex 27.8787 13.5509 8.4
      vertex 27.8787 13.5509 2.4
    endloop
  endfacet
  facet normal 0.729956 0.683494 0
    outer loop
      vertex 27.6796 13.8104 8.4
      vertex 27.5678 13.9298 2.4
      vertex 27.5678 13.9298 8.4
    endloop
  endfacet
  facet normal 0.729956 0.683494 0
    outer loop
      vertex 27.5678 13.9298 2.4
      vertex 27.6796 13.8104 8.4
      vertex 27.6796 13.8104 2.4
    endloop
  endfacet
  facet normal 0.582452 0.812865 -0
    outer loop
      vertex 27.3219 14.1454 2.4
      vertex 27.1889 14.2407 8.4
      vertex 27.3219 14.1454 8.4
    endloop
  endfacet
  facet normal 0.582452 0.812865 0
    outer loop
      vertex 27.1889 14.2407 8.4
      vertex 27.3219 14.1454 2.4
      vertex 27.1889 14.2407 2.4
    endloop
  endfacet
  facet normal 0.0978089 0.995205 -0
    outer loop
      vertex 26.1263 14.6406 2.4
      vertex 25.9635 14.6566 8.4
      vertex 26.1263 14.6406 8.4
    endloop
  endfacet
  facet normal 0.0978089 0.995205 0
    outer loop
      vertex 25.9635 14.6566 8.4
      vertex 26.1263 14.6406 2.4
      vertex 25.9635 14.6566 2.4
    endloop
  endfacet
  facet normal 0.352128 0.935952 -0
    outer loop
      vertex 26.7567 14.4717 2.4
      vertex 26.6036 14.5293 8.4
      vertex 26.7567 14.4717 8.4
    endloop
  endfacet
  facet normal 0.352128 0.935952 0
    outer loop
      vertex 26.6036 14.5293 8.4
      vertex 26.7567 14.4717 2.4
      vertex 26.6036 14.5293 2.4
    endloop
  endfacet
  facet normal 0.227404 0.973801 -0
    outer loop
      vertex 26.447 14.5768 2.4
      vertex 26.2877 14.614 8.4
      vertex 26.447 14.5768 8.4
    endloop
  endfacet
  facet normal 0.227404 0.973801 0
    outer loop
      vertex 26.2877 14.614 8.4
      vertex 26.447 14.5768 2.4
      vertex 26.2877 14.614 2.4
    endloop
  endfacet
  facet normal -0.995205 0.0978089 0
    outer loop
      vertex 23.3054 12.3255 2.4
      vertex 23.3214 12.4883 8.4
      vertex 23.3214 12.4883 2.4
    endloop
  endfacet
  facet normal -0.995205 0.0978089 0
    outer loop
      vertex 23.3214 12.4883 8.4
      vertex 23.3054 12.3255 2.4
      vertex 23.3054 12.3255 8.4
    endloop
  endfacet
  facet normal -0.935952 0.352128 0
    outer loop
      vertex 23.4327 12.9656 2.4
      vertex 23.4903 13.1187 8.4
      vertex 23.4903 13.1187 2.4
    endloop
  endfacet
  facet normal -0.935952 0.352128 0
    outer loop
      vertex 23.4903 13.1187 8.4
      vertex 23.4327 12.9656 2.4
      vertex 23.4327 12.9656 8.4
    endloop
  endfacet
  facet normal -0.973801 0.227404 0
    outer loop
      vertex 23.348 12.6497 2.4
      vertex 23.3852 12.809 8.4
      vertex 23.3852 12.809 2.4
    endloop
  endfacet
  facet normal -0.973801 0.227404 0
    outer loop
      vertex 23.3852 12.809 8.4
      vertex 23.348 12.6497 2.4
      vertex 23.348 12.6497 8.4
    endloop
  endfacet
  facet normal -0.812865 0.582452 0
    outer loop
      vertex 23.7213 13.5509 2.4
      vertex 23.8166 13.6839 8.4
      vertex 23.8166 13.6839 2.4
    endloop
  endfacet
  facet normal -0.812865 0.582452 0
    outer loop
      vertex 23.8166 13.6839 8.4
      vertex 23.7213 13.5509 2.4
      vertex 23.7213 13.5509 8.4
    endloop
  endfacet
  facet normal -0.0978089 0.995205 0
    outer loop
      vertex 25.6365 14.6566 2.4
      vertex 25.4737 14.6406 8.4
      vertex 25.6365 14.6566 8.4
    endloop
  endfacet
  facet normal -0.0978089 0.995205 0
    outer loop
      vertex 25.4737 14.6406 8.4
      vertex 25.6365 14.6566 2.4
      vertex 25.4737 14.6406 2.4
    endloop
  endfacet
  facet normal -0.528184 0.84913 0
    outer loop
      vertex 24.55 14.3271 2.4
      vertex 24.4111 14.2407 8.4
      vertex 24.55 14.3271 8.4
    endloop
  endfacet
  facet normal -0.528184 0.84913 0
    outer loop
      vertex 24.4111 14.2407 8.4
      vertex 24.55 14.3271 2.4
      vertex 24.4111 14.2407 2.4
    endloop
  endfacet
  facet normal -0.582452 0.812865 0
    outer loop
      vertex 24.4111 14.2407 2.4
      vertex 24.2781 14.1454 8.4
      vertex 24.4111 14.2407 8.4
    endloop
  endfacet
  facet normal -0.582452 0.812865 0
    outer loop
      vertex 24.2781 14.1454 8.4
      vertex 24.4111 14.2407 2.4
      vertex 24.2781 14.1454 2.4
    endloop
  endfacet
  facet normal -0.412651 0.910889 0
    outer loop
      vertex 24.8433 14.4717 2.4
      vertex 24.6943 14.4042 8.4
      vertex 24.8433 14.4717 8.4
    endloop
  endfacet
  facet normal -0.412651 0.910889 0
    outer loop
      vertex 24.6943 14.4042 8.4
      vertex 24.8433 14.4717 2.4
      vertex 24.6943 14.4042 2.4
    endloop
  endfacet
  facet normal 0.956867 -0.290525 0
    outer loop
      vertex 28.1673 11.3584 8.4
      vertex 28.2 11.4661 2.4
      vertex 28.2 11.4661 8.4
    endloop
  endfacet
  facet normal 0.956867 -0.290525 0
    outer loop
      vertex 28.2 11.4661 2.4
      vertex 28.1673 11.3584 8.4
      vertex 28.1673 11.3584 2.4
    endloop
  endfacet
  facet normal 0.729956 -0.683494 0
    outer loop
      vertex 27.5678 10.3942 8.4
      vertex 27.6796 10.5136 2.4
      vertex 27.6796 10.5136 8.4
    endloop
  endfacet
  facet normal 0.729956 -0.683494 0
    outer loop
      vertex 27.6796 10.5136 2.4
      vertex 27.5678 10.3942 8.4
      vertex 27.5678 10.3942 2.4
    endloop
  endfacet
  facet normal 0.162912 -0.986641 0
    outer loop
      vertex 26.1263 9.68339 2.4
      vertex 26.2877 9.71004 8.4
      vertex 26.1263 9.68339 8.4
    endloop
  endfacet
  facet normal 0.162912 -0.986641 0
    outer loop
      vertex 26.2877 9.71004 8.4
      vertex 26.1263 9.68339 2.4
      vertex 26.2877 9.71004 2.4
    endloop
  endfacet
  facet normal 0.582452 -0.812865 0
    outer loop
      vertex 27.1889 10.0833 2.4
      vertex 27.3219 10.1786 8.4
      vertex 27.1889 10.0833 8.4
    endloop
  endfacet
  facet normal 0.582452 -0.812865 0
    outer loop
      vertex 27.3219 10.1786 8.4
      vertex 27.1889 10.0833 2.4
      vertex 27.3219 10.1786 2.4
    endloop
  endfacet
  facet normal 0.412753 -0.910843 0
    outer loop
      vertex 26.7567 9.8523 2.4
      vertex 26.9057 9.91982 8.4
      vertex 26.7567 9.8523 8.4
    endloop
  endfacet
  facet normal 0.412753 -0.910843 0
    outer loop
      vertex 26.9057 9.91982 8.4
      vertex 26.7567 9.8523 2.4
      vertex 26.9057 9.91982 2.4
    endloop
  endfacet
  facet normal -0.098051 -0.995181 0
    outer loop
      vertex 25.4737 9.68339 2.4
      vertex 25.6365 9.66735 8.4
      vertex 25.4737 9.68339 8.4
    endloop
  endfacet
  facet normal -0.098051 -0.995181 -0
    outer loop
      vertex 25.6365 9.66735 8.4
      vertex 25.4737 9.68339 2.4
      vertex 25.6365 9.66735 2.4
    endloop
  endfacet
  facet normal -0.352289 -0.935891 0
    outer loop
      vertex 24.8433 9.8523 2.4
      vertex 24.9964 9.79467 8.4
      vertex 24.8433 9.8523 8.4
    endloop
  endfacet
  facet normal -0.352289 -0.935891 -0
    outer loop
      vertex 24.9964 9.79467 8.4
      vertex 24.8433 9.8523 2.4
      vertex 24.9964 9.79467 2.4
    endloop
  endfacet
  facet normal -0.84913 -0.528184 0
    outer loop
      vertex 23.7213 10.7731 2.4
      vertex 23.6349 10.912 8.4
      vertex 23.6349 10.912 2.4
    endloop
  endfacet
  facet normal -0.84913 -0.528184 0
    outer loop
      vertex 23.6349 10.912 8.4
      vertex 23.7213 10.7731 2.4
      vertex 23.7213 10.7731 8.4
    endloop
  endfacet
  facet normal -0.812865 -0.582452 0
    outer loop
      vertex 23.8166 10.6401 2.4
      vertex 23.7213 10.7731 8.4
      vertex 23.7213 10.7731 2.4
    endloop
  endfacet
  facet normal -0.812865 -0.582452 0
    outer loop
      vertex 23.7213 10.7731 8.4
      vertex 23.8166 10.6401 2.4
      vertex 23.8166 10.6401 8.4
    endloop
  endfacet
  facet normal -0.910889 -0.412651 0
    outer loop
      vertex 23.5578 11.0563 2.4
      vertex 23.4903 11.2053 8.4
      vertex 23.4903 11.2053 2.4
    endloop
  endfacet
  facet normal -0.910889 -0.412651 0
    outer loop
      vertex 23.4903 11.2053 8.4
      vertex 23.5578 11.0563 2.4
      vertex 23.5578 11.0563 8.4
    endloop
  endfacet
  facet normal 0.910889 0.412651 0
    outer loop
      vertex 28.1097 13.1187 8.4
      vertex 28.0422 13.2677 2.4
      vertex 28.0422 13.2677 8.4
    endloop
  endfacet
  facet normal 0.910889 0.412651 0
    outer loop
      vertex 28.0422 13.2677 2.4
      vertex 28.1097 13.1187 8.4
      vertex 28.1097 13.1187 2.4
    endloop
  endfacet
  facet normal 0.935952 0.352128 0
    outer loop
      vertex 28.1673 12.9656 8.4
      vertex 28.1097 13.1187 2.4
      vertex 28.1097 13.1187 8.4
    endloop
  endfacet
  facet normal 0.935952 0.352128 0
    outer loop
      vertex 28.1097 13.1187 2.4
      vertex 28.1673 12.9656 8.4
      vertex 28.1673 12.9656 2.4
    endloop
  endfacet
  facet normal 0.84913 0.528184 0
    outer loop
      vertex 27.9651 13.412 8.4
      vertex 27.8787 13.5509 2.4
      vertex 27.8787 13.5509 8.4
    endloop
  endfacet
  facet normal 0.84913 0.528184 0
    outer loop
      vertex 27.8787 13.5509 2.4
      vertex 27.9651 13.412 8.4
      vertex 27.9651 13.412 2.4
    endloop
  endfacet
  facet normal 0.634335 0.773058 -0
    outer loop
      vertex 27.4484 14.0416 2.4
      vertex 27.3219 14.1454 8.4
      vertex 27.4484 14.0416 8.4
    endloop
  endfacet
  facet normal 0.634335 0.773058 0
    outer loop
      vertex 27.3219 14.1454 8.4
      vertex 27.4484 14.0416 2.4
      vertex 27.3219 14.1454 2.4
    endloop
  endfacet
  facet normal 0.0330095 0.999455 -0
    outer loop
      vertex 25.9635 14.6566 2.4
      vertex 25.8 14.662 8.4
      vertex 25.9635 14.6566 8.4
    endloop
  endfacet
  facet normal 0.0330095 0.999455 0
    outer loop
      vertex 25.8 14.662 8.4
      vertex 25.9635 14.6566 2.4
      vertex 25.8 14.662 2.4
    endloop
  endfacet
  facet normal 0.471254 0.881997 -0
    outer loop
      vertex 27.05 14.3271 2.4
      vertex 26.9057 14.4042 8.4
      vertex 27.05 14.3271 8.4
    endloop
  endfacet
  facet normal 0.471254 0.881997 0
    outer loop
      vertex 26.9057 14.4042 8.4
      vertex 27.05 14.3271 2.4
      vertex 26.9057 14.4042 2.4
    endloop
  endfacet
  facet normal 0.528184 0.84913 -0
    outer loop
      vertex 27.1889 14.2407 2.4
      vertex 27.05 14.3271 8.4
      vertex 27.1889 14.2407 8.4
    endloop
  endfacet
  facet normal 0.528184 0.84913 0
    outer loop
      vertex 27.05 14.3271 8.4
      vertex 27.1889 14.2407 2.4
      vertex 27.05 14.3271 2.4
    endloop
  endfacet
  facet normal 0.162614 0.98669 -0
    outer loop
      vertex 26.2877 14.614 2.4
      vertex 26.1263 14.6406 8.4
      vertex 26.2877 14.614 8.4
    endloop
  endfacet
  facet normal 0.162614 0.98669 0
    outer loop
      vertex 26.1263 14.6406 8.4
      vertex 26.2877 14.614 2.4
      vertex 26.1263 14.6406 2.4
    endloop
  endfacet
  facet normal 0.290262 0.956947 -0
    outer loop
      vertex 26.6036 14.5293 2.4
      vertex 26.447 14.5768 8.4
      vertex 26.6036 14.5293 8.4
    endloop
  endfacet
  facet normal 0.290262 0.956947 0
    outer loop
      vertex 26.447 14.5768 8.4
      vertex 26.6036 14.5293 2.4
      vertex 26.447 14.5768 2.4
    endloop
  endfacet
  facet normal -0.999455 0.0330095 0
    outer loop
      vertex 23.3 12.162 2.4
      vertex 23.3054 12.3255 8.4
      vertex 23.3054 12.3255 2.4
    endloop
  endfacet
  facet normal -0.999455 0.0330095 0
    outer loop
      vertex 23.3054 12.3255 8.4
      vertex 23.3 12.162 2.4
      vertex 23.3 12.162 8.4
    endloop
  endfacet
  facet normal -0.98669 0.162614 0
    outer loop
      vertex 23.3214 12.4883 2.4
      vertex 23.348 12.6497 8.4
      vertex 23.348 12.6497 2.4
    endloop
  endfacet
  facet normal -0.98669 0.162614 0
    outer loop
      vertex 23.348 12.6497 8.4
      vertex 23.3214 12.4883 2.4
      vertex 23.3214 12.4883 8.4
    endloop
  endfacet
  facet normal -0.956947 0.290262 0
    outer loop
      vertex 23.3852 12.809 2.4
      vertex 23.4327 12.9656 8.4
      vertex 23.4327 12.9656 2.4
    endloop
  endfacet
  facet normal -0.956947 0.290262 0
    outer loop
      vertex 23.4327 12.9656 8.4
      vertex 23.3852 12.809 2.4
      vertex 23.3852 12.809 8.4
    endloop
  endfacet
  facet normal -0.84913 0.528184 0
    outer loop
      vertex 23.6349 13.412 2.4
      vertex 23.7213 13.5509 8.4
      vertex 23.7213 13.5509 2.4
    endloop
  endfacet
  facet normal -0.84913 0.528184 0
    outer loop
      vertex 23.7213 13.5509 8.4
      vertex 23.6349 13.412 2.4
      vertex 23.6349 13.412 8.4
    endloop
  endfacet
  facet normal -0.881997 0.471254 0
    outer loop
      vertex 23.5578 13.2677 2.4
      vertex 23.6349 13.412 8.4
      vertex 23.6349 13.412 2.4
    endloop
  endfacet
  facet normal -0.881997 0.471254 0
    outer loop
      vertex 23.6349 13.412 8.4
      vertex 23.5578 13.2677 2.4
      vertex 23.5578 13.2677 8.4
    endloop
  endfacet
  facet normal -0.773058 0.634335 0
    outer loop
      vertex 23.8166 13.6839 2.4
      vertex 23.9204 13.8104 8.4
      vertex 23.9204 13.8104 2.4
    endloop
  endfacet
  facet normal -0.773058 0.634335 0
    outer loop
      vertex 23.9204 13.8104 8.4
      vertex 23.8166 13.6839 2.4
      vertex 23.8166 13.6839 8.4
    endloop
  endfacet
  facet normal -0.227404 0.973801 0
    outer loop
      vertex 25.3123 14.614 2.4
      vertex 25.153 14.5768 8.4
      vertex 25.3123 14.614 8.4
    endloop
  endfacet
  facet normal -0.227404 0.973801 0
    outer loop
      vertex 25.153 14.5768 8.4
      vertex 25.3123 14.614 2.4
      vertex 25.153 14.5768 2.4
    endloop
  endfacet
  facet normal -0.290262 0.956947 0
    outer loop
      vertex 25.153 14.5768 2.4
      vertex 24.9964 14.5293 8.4
      vertex 25.153 14.5768 8.4
    endloop
  endfacet
  facet normal -0.290262 0.956947 0
    outer loop
      vertex 24.9964 14.5293 8.4
      vertex 25.153 14.5768 2.4
      vertex 24.9964 14.5293 2.4
    endloop
  endfacet
  facet normal -0.0330095 0.999455 0
    outer loop
      vertex 25.8 14.662 2.4
      vertex 25.6365 14.6566 8.4
      vertex 25.8 14.662 8.4
    endloop
  endfacet
  facet normal -0.0330095 0.999455 0
    outer loop
      vertex 25.6365 14.6566 8.4
      vertex 25.8 14.662 2.4
      vertex 25.6365 14.6566 2.4
    endloop
  endfacet
  facet normal -0.471254 0.881997 0
    outer loop
      vertex 24.6943 14.4042 2.4
      vertex 24.55 14.3271 8.4
      vertex 24.6943 14.4042 8.4
    endloop
  endfacet
  facet normal -0.471254 0.881997 0
    outer loop
      vertex 24.55 14.3271 8.4
      vertex 24.6943 14.4042 2.4
      vertex 24.55 14.3271 2.4
    endloop
  endfacet
  facet normal -0.634335 0.773058 0
    outer loop
      vertex 24.2781 14.1454 2.4
      vertex 24.1516 14.0416 8.4
      vertex 24.2781 14.1454 8.4
    endloop
  endfacet
  facet normal -0.634335 0.773058 0
    outer loop
      vertex 24.1516 14.0416 8.4
      vertex 24.2781 14.1454 2.4
      vertex 24.1516 14.0416 2.4
    endloop
  endfacet
  facet normal -0.683494 0.729956 0
    outer loop
      vertex 24.1516 14.0416 2.4
      vertex 24.0322 13.9298 8.4
      vertex 24.1516 14.0416 8.4
    endloop
  endfacet
  facet normal -0.683494 0.729956 0
    outer loop
      vertex 24.0322 13.9298 8.4
      vertex 24.1516 14.0416 2.4
      vertex 24.0322 13.9298 2.4
    endloop
  endfacet
  facet normal 0.0327042 -0.999465 0
    outer loop
      vertex 25.8 9.662 2.4
      vertex 25.9635 9.66735 8.4
      vertex 25.8 9.662 8.4
    endloop
  endfacet
  facet normal 0.0327042 -0.999465 0
    outer loop
      vertex 25.9635 9.66735 8.4
      vertex 25.8 9.662 2.4
      vertex 25.9635 9.66735 2.4
    endloop
  endfacet
  facet normal 0.812865 -0.582452 0
    outer loop
      vertex 27.7834 10.6401 8.4
      vertex 27.8787 10.7731 2.4
      vertex 27.8787 10.7731 8.4
    endloop
  endfacet
  facet normal 0.812865 -0.582452 0
    outer loop
      vertex 27.8787 10.7731 2.4
      vertex 27.7834 10.6401 8.4
      vertex 27.7834 10.6401 2.4
    endloop
  endfacet
  facet normal 0.352289 -0.935891 0
    outer loop
      vertex 26.6036 9.79467 2.4
      vertex 26.7567 9.8523 8.4
      vertex 26.6036 9.79467 8.4
    endloop
  endfacet
  facet normal 0.352289 -0.935891 0
    outer loop
      vertex 26.7567 9.8523 8.4
      vertex 26.6036 9.79467 2.4
      vertex 26.7567 9.8523 2.4
    endloop
  endfacet
  facet normal 0.227114 -0.973868 0
    outer loop
      vertex 26.2877 9.71004 2.4
      vertex 26.447 9.74719 8.4
      vertex 26.2877 9.71004 8.4
    endloop
  endfacet
  facet normal 0.227114 -0.973868 0
    outer loop
      vertex 26.447 9.74719 8.4
      vertex 26.2877 9.71004 2.4
      vertex 26.447 9.74719 2.4
    endloop
  endfacet
  facet normal 0.683494 -0.729956 0
    outer loop
      vertex 27.4484 10.2824 2.4
      vertex 27.5678 10.3942 8.4
      vertex 27.4484 10.2824 8.4
    endloop
  endfacet
  facet normal 0.683494 -0.729956 0
    outer loop
      vertex 27.5678 10.3942 8.4
      vertex 27.4484 10.2824 2.4
      vertex 27.5678 10.3942 2.4
    endloop
  endfacet
  facet normal 0.634335 -0.773058 0
    outer loop
      vertex 27.3219 10.1786 2.4
      vertex 27.4484 10.2824 8.4
      vertex 27.3219 10.1786 8.4
    endloop
  endfacet
  facet normal 0.634335 -0.773058 0
    outer loop
      vertex 27.4484 10.2824 8.4
      vertex 27.3219 10.1786 2.4
      vertex 27.4484 10.2824 2.4
    endloop
  endfacet
  facet normal 0.471349 -0.881947 0
    outer loop
      vertex 26.9057 9.91982 2.4
      vertex 27.05 9.99694 8.4
      vertex 26.9057 9.91982 8.4
    endloop
  endfacet
  facet normal 0.471349 -0.881947 0
    outer loop
      vertex 27.05 9.99694 8.4
      vertex 26.9057 9.91982 2.4
      vertex 27.05 9.99694 2.4
    endloop
  endfacet
  facet normal -0.29015 -0.956981 0
    outer loop
      vertex 24.9964 9.79467 2.4
      vertex 25.153 9.74719 8.4
      vertex 24.9964 9.79467 8.4
    endloop
  endfacet
  facet normal -0.29015 -0.956981 -0
    outer loop
      vertex 25.153 9.74719 8.4
      vertex 24.9964 9.79467 2.4
      vertex 25.153 9.74719 2.4
    endloop
  endfacet
  facet normal -0.528008 -0.849239 0
    outer loop
      vertex 24.4111 10.0833 2.4
      vertex 24.55 9.99694 8.4
      vertex 24.4111 10.0833 8.4
    endloop
  endfacet
  facet normal -0.528008 -0.849239 -0
    outer loop
      vertex 24.55 9.99694 8.4
      vertex 24.4111 10.0833 2.4
      vertex 24.55 9.99694 2.4
    endloop
  endfacet
  facet normal -0.412753 -0.910843 0
    outer loop
      vertex 24.6943 9.91982 2.4
      vertex 24.8433 9.8523 8.4
      vertex 24.6943 9.91982 8.4
    endloop
  endfacet
  facet normal -0.412753 -0.910843 -0
    outer loop
      vertex 24.8433 9.8523 8.4
      vertex 24.6943 9.91982 2.4
      vertex 24.8433 9.8523 2.4
    endloop
  endfacet
  facet normal -0.582452 -0.812865 0
    outer loop
      vertex 24.2781 10.1786 2.4
      vertex 24.4111 10.0833 8.4
      vertex 24.2781 10.1786 8.4
    endloop
  endfacet
  facet normal -0.582452 -0.812865 -0
    outer loop
      vertex 24.4111 10.0833 8.4
      vertex 24.2781 10.1786 2.4
      vertex 24.4111 10.0833 2.4
    endloop
  endfacet
  facet normal -0.973801 -0.227404 0
    outer loop
      vertex 23.3852 11.515 2.4
      vertex 23.348 11.6743 8.4
      vertex 23.348 11.6743 2.4
    endloop
  endfacet
  facet normal -0.973801 -0.227404 0
    outer loop
      vertex 23.348 11.6743 8.4
      vertex 23.3852 11.515 2.4
      vertex 23.3852 11.515 8.4
    endloop
  endfacet
  facet normal -0.935952 -0.352128 0
    outer loop
      vertex 23.4903 11.2053 2.4
      vertex 23.4327 11.3584 8.4
      vertex 23.4327 11.3584 2.4
    endloop
  endfacet
  facet normal -0.935952 -0.352128 0
    outer loop
      vertex 23.4327 11.3584 8.4
      vertex 23.4903 11.2053 2.4
      vertex 23.4903 11.2053 8.4
    endloop
  endfacet
  facet normal -0.98669 -0.162614 0
    outer loop
      vertex 23.348 11.6743 2.4
      vertex 23.3214 11.8357 8.4
      vertex 23.3214 11.8357 2.4
    endloop
  endfacet
  facet normal -0.98669 -0.162614 0
    outer loop
      vertex 23.3214 11.8357 8.4
      vertex 23.348 11.6743 2.4
      vertex 23.348 11.6743 8.4
    endloop
  endfacet
  facet normal -0.999455 -0.0330095 0
    outer loop
      vertex 23.3054 11.9985 2.4
      vertex 23.3 12.162 8.4
      vertex 23.3 12.162 2.4
    endloop
  endfacet
  facet normal -0.999455 -0.0330095 0
    outer loop
      vertex 23.3 12.162 8.4
      vertex 23.3054 11.9985 2.4
      vertex 23.3054 11.9985 8.4
    endloop
  endfacet
  facet normal -0.881997 -0.471254 0
    outer loop
      vertex 23.6349 10.912 2.4
      vertex 23.5578 11.0563 8.4
      vertex 23.5578 11.0563 2.4
    endloop
  endfacet
  facet normal -0.881997 -0.471254 0
    outer loop
      vertex 23.5578 11.0563 8.4
      vertex 23.6349 10.912 2.4
      vertex 23.6349 10.912 8.4
    endloop
  endfacet
  facet normal -0.773058 -0.634335 0
    outer loop
      vertex 23.9204 10.5136 2.4
      vertex 23.8166 10.6401 8.4
      vertex 23.8166 10.6401 2.4
    endloop
  endfacet
  facet normal -0.773058 -0.634335 0
    outer loop
      vertex 23.8166 10.6401 8.4
      vertex 23.9204 10.5136 2.4
      vertex 23.9204 10.5136 8.4
    endloop
  endfacet
  facet normal 0.910889 -0.412651 0
    outer loop
      vertex 28.0422 11.0563 8.4
      vertex 28.1097 11.2053 2.4
      vertex 28.1097 11.2053 8.4
    endloop
  endfacet
  facet normal 0.910889 -0.412651 0
    outer loop
      vertex 28.1097 11.2053 2.4
      vertex 28.0422 11.0563 8.4
      vertex 28.0422 11.0563 2.4
    endloop
  endfacet
  facet normal 0.098051 -0.995181 0
    outer loop
      vertex 25.9635 9.66735 2.4
      vertex 26.1263 9.68339 8.4
      vertex 25.9635 9.66735 8.4
    endloop
  endfacet
  facet normal 0.098051 -0.995181 0
    outer loop
      vertex 26.1263 9.68339 8.4
      vertex 25.9635 9.66735 2.4
      vertex 26.1263 9.68339 2.4
    endloop
  endfacet
  facet normal 0.29015 -0.956981 0
    outer loop
      vertex 26.447 9.74719 2.4
      vertex 26.6036 9.79467 8.4
      vertex 26.447 9.74719 8.4
    endloop
  endfacet
  facet normal 0.29015 -0.956981 0
    outer loop
      vertex 26.6036 9.79467 8.4
      vertex 26.447 9.74719 2.4
      vertex 26.6036 9.79467 2.4
    endloop
  endfacet
  facet normal 0.528008 -0.849239 0
    outer loop
      vertex 27.05 9.99694 2.4
      vertex 27.1889 10.0833 8.4
      vertex 27.05 9.99694 8.4
    endloop
  endfacet
  facet normal 0.528008 -0.849239 0
    outer loop
      vertex 27.1889 10.0833 8.4
      vertex 27.05 9.99694 2.4
      vertex 27.1889 10.0833 2.4
    endloop
  endfacet
  facet normal -0.0327042 -0.999465 0
    outer loop
      vertex 25.6365 9.66735 2.4
      vertex 25.8 9.662 8.4
      vertex 25.6365 9.66735 8.4
    endloop
  endfacet
  facet normal -0.0327042 -0.999465 -0
    outer loop
      vertex 25.8 9.662 8.4
      vertex 25.6365 9.66735 2.4
      vertex 25.8 9.662 2.4
    endloop
  endfacet
  facet normal -0.227114 -0.973868 0
    outer loop
      vertex 25.153 9.74719 2.4
      vertex 25.3123 9.71004 8.4
      vertex 25.153 9.74719 8.4
    endloop
  endfacet
  facet normal -0.227114 -0.973868 -0
    outer loop
      vertex 25.3123 9.71004 8.4
      vertex 25.153 9.74719 2.4
      vertex 25.3123 9.71004 2.4
    endloop
  endfacet
  facet normal -0.471349 -0.881947 0
    outer loop
      vertex 24.55 9.99694 2.4
      vertex 24.6943 9.91982 8.4
      vertex 24.55 9.99694 8.4
    endloop
  endfacet
  facet normal -0.471349 -0.881947 -0
    outer loop
      vertex 24.6943 9.91982 8.4
      vertex 24.55 9.99694 2.4
      vertex 24.6943 9.91982 2.4
    endloop
  endfacet
  facet normal -0.634335 -0.773058 0
    outer loop
      vertex 24.1516 10.2824 2.4
      vertex 24.2781 10.1786 8.4
      vertex 24.1516 10.2824 8.4
    endloop
  endfacet
  facet normal -0.634335 -0.773058 -0
    outer loop
      vertex 24.2781 10.1786 8.4
      vertex 24.1516 10.2824 2.4
      vertex 24.2781 10.1786 2.4
    endloop
  endfacet
  facet normal -0.956947 -0.290262 0
    outer loop
      vertex 23.4327 11.3584 2.4
      vertex 23.3852 11.515 8.4
      vertex 23.3852 11.515 2.4
    endloop
  endfacet
  facet normal -0.956947 -0.290262 0
    outer loop
      vertex 23.3852 11.515 8.4
      vertex 23.4327 11.3584 2.4
      vertex 23.4327 11.3584 8.4
    endloop
  endfacet
  facet normal -0.995205 -0.0978089 0
    outer loop
      vertex 23.3214 11.8357 2.4
      vertex 23.3054 11.9985 8.4
      vertex 23.3054 11.9985 2.4
    endloop
  endfacet
  facet normal -0.995205 -0.0978089 0
    outer loop
      vertex 23.3054 11.9985 8.4
      vertex 23.3214 11.8357 2.4
      vertex 23.3214 11.8357 8.4
    endloop
  endfacet
  facet normal -0.729956 -0.683494 0
    outer loop
      vertex 24.0322 10.3942 2.4
      vertex 23.9204 10.5136 8.4
      vertex 23.9204 10.5136 2.4
    endloop
  endfacet
  facet normal -0.729956 -0.683494 0
    outer loop
      vertex 23.9204 10.5136 8.4
      vertex 24.0322 10.3942 2.4
      vertex 24.0322 10.3942 8.4
    endloop
  endfacet
  facet normal 0.773058 -0.634335 0
    outer loop
      vertex 27.6796 10.5136 8.4
      vertex 27.7834 10.6401 2.4
      vertex 27.7834 10.6401 8.4
    endloop
  endfacet
  facet normal 0.773058 -0.634335 0
    outer loop
      vertex 27.7834 10.6401 2.4
      vertex 27.6796 10.5136 8.4
      vertex 27.6796 10.5136 2.4
    endloop
  endfacet
  facet normal 0.84913 -0.528184 0
    outer loop
      vertex 27.8787 10.7731 8.4
      vertex 27.9651 10.912 2.4
      vertex 27.9651 10.912 8.4
    endloop
  endfacet
  facet normal 0.84913 -0.528184 0
    outer loop
      vertex 27.9651 10.912 2.4
      vertex 27.8787 10.7731 8.4
      vertex 27.8787 10.7731 2.4
    endloop
  endfacet
  facet normal 0.881997 -0.471254 0
    outer loop
      vertex 27.9651 10.912 8.4
      vertex 28.0422 11.0563 2.4
      vertex 28.0422 11.0563 8.4
    endloop
  endfacet
  facet normal 0.881997 -0.471254 0
    outer loop
      vertex 28.0422 11.0563 2.4
      vertex 27.9651 10.912 8.4
      vertex 27.9651 10.912 2.4
    endloop
  endfacet
  facet normal 0.999476 0.0323571 0
    outer loop
      vertex 26.65 12.162 10.4
      vertex 26.6482 12.2176 8.4
      vertex 26.6482 12.2176 10.4
    endloop
  endfacet
  facet normal 0.999476 0.0323571 0
    outer loop
      vertex 26.6482 12.2176 8.4
      vertex 26.65 12.162 10.4
      vertex 26.65 12.162 8.4
    endloop
  endfacet
  facet normal -0.999476 0.0323571 0
    outer loop
      vertex 24.95 12.162 8.4
      vertex 24.9518 12.2176 10.4
      vertex 24.9518 12.2176 8.4
    endloop
  endfacet
  facet normal -0.999476 0.0323571 0
    outer loop
      vertex 24.9518 12.2176 10.4
      vertex 24.95 12.162 8.4
      vertex 24.95 12.162 10.4
    endloop
  endfacet
  facet normal -0.0323571 0.999476 0
    outer loop
      vertex 25.8 13.012 8.4
      vertex 25.7444 13.0102 10.4
      vertex 25.8 13.012 10.4
    endloop
  endfacet
  facet normal -0.0323571 0.999476 0
    outer loop
      vertex 25.7444 13.0102 10.4
      vertex 25.8 13.012 8.4
      vertex 25.7444 13.0102 8.4
    endloop
  endfacet
  facet normal 0.0323571 -0.999476 0
    outer loop
      vertex 25.8 11.312 8.4
      vertex 25.8556 11.3138 10.4
      vertex 25.8 11.312 10.4
    endloop
  endfacet
  facet normal 0.0323571 -0.999476 0
    outer loop
      vertex 25.8556 11.3138 10.4
      vertex 25.8 11.312 8.4
      vertex 25.8556 11.3138 8.4
    endloop
  endfacet
  facet normal 0.6843 0.729201 -0
    outer loop
      vertex 26.401 12.763 8.4
      vertex 26.3604 12.8011 10.4
      vertex 26.401 12.763 10.4
    endloop
  endfacet
  facet normal 0.6843 0.729201 0
    outer loop
      vertex 26.3604 12.8011 10.4
      vertex 26.401 12.763 8.4
      vertex 26.3604 12.8011 8.4
    endloop
  endfacet
  facet normal -0.729201 0.6843 0
    outer loop
      vertex 25.1609 12.7224 8.4
      vertex 25.199 12.763 10.4
      vertex 25.199 12.763 8.4
    endloop
  endfacet
  facet normal -0.729201 0.6843 0
    outer loop
      vertex 25.199 12.763 10.4
      vertex 25.1609 12.7224 8.4
      vertex 25.1609 12.7224 10.4
    endloop
  endfacet
  facet normal -0.413803 0.910366 0
    outer loop
      vertex 25.4747 12.9473 8.4
      vertex 25.4241 12.9243 10.4
      vertex 25.4747 12.9473 10.4
    endloop
  endfacet
  facet normal -0.413803 0.910366 0
    outer loop
      vertex 25.4241 12.9243 10.4
      vertex 25.4747 12.9473 8.4
      vertex 25.4241 12.9243 8.4
    endloop
  endfacet
  facet normal 0.910366 0.413803 0
    outer loop
      vertex 26.5853 12.4873 10.4
      vertex 26.5623 12.5379 8.4
      vertex 26.5623 12.5379 10.4
    endloop
  endfacet
  facet normal 0.910366 0.413803 0
    outer loop
      vertex 26.5623 12.5379 8.4
      vertex 26.5853 12.4873 10.4
      vertex 26.5853 12.4873 8.4
    endloop
  endfacet
  facet normal 0.352108 0.93596 -0
    outer loop
      vertex 26.1253 12.9473 8.4
      vertex 26.0732 12.9669 10.4
      vertex 26.1253 12.9473 10.4
    endloop
  endfacet
  facet normal 0.352108 0.93596 0
    outer loop
      vertex 26.0732 12.9669 10.4
      vertex 26.1253 12.9473 8.4
      vertex 26.0732 12.9669 8.4
    endloop
  endfacet
  facet normal 0.528705 0.848806 -0
    outer loop
      vertex 26.2722 12.8687 8.4
      vertex 26.225 12.8981 10.4
      vertex 26.2722 12.8687 10.4
    endloop
  endfacet
  facet normal 0.528705 0.848806 0
    outer loop
      vertex 26.225 12.8981 10.4
      vertex 26.2722 12.8687 8.4
      vertex 26.225 12.8981 8.4
    endloop
  endfacet
  facet normal -0.882253 0.470775 0
    outer loop
      vertex 25.0377 12.5379 8.4
      vertex 25.0639 12.587 10.4
      vertex 25.0639 12.587 8.4
    endloop
  endfacet
  facet normal -0.882253 0.470775 0
    outer loop
      vertex 25.0639 12.587 10.4
      vertex 25.0377 12.5379 8.4
      vertex 25.0377 12.5379 10.4
    endloop
  endfacet
  facet normal -0.848806 0.528705 0
    outer loop
      vertex 25.0639 12.587 8.4
      vertex 25.0933 12.6342 10.4
      vertex 25.0933 12.6342 8.4
    endloop
  endfacet
  facet normal -0.848806 0.528705 0
    outer loop
      vertex 25.0933 12.6342 10.4
      vertex 25.0639 12.587 8.4
      vertex 25.0639 12.587 10.4
    endloop
  endfacet
  facet normal -0.6843 0.729201 0
    outer loop
      vertex 25.2396 12.8011 8.4
      vertex 25.199 12.763 10.4
      vertex 25.2396 12.8011 10.4
    endloop
  endfacet
  facet normal -0.6843 0.729201 0
    outer loop
      vertex 25.199 12.763 10.4
      vertex 25.2396 12.8011 8.4
      vertex 25.199 12.763 8.4
    endloop
  endfacet
  facet normal -0.161775 0.986828 0
    outer loop
      vertex 25.6891 13.0047 8.4
      vertex 25.6342 12.9957 10.4
      vertex 25.6891 13.0047 10.4
    endloop
  endfacet
  facet normal -0.161775 0.986828 0
    outer loop
      vertex 25.6342 12.9957 10.4
      vertex 25.6891 13.0047 8.4
      vertex 25.6342 12.9957 8.4
    endloop
  endfacet
  facet normal 0.986828 0.161775 0
    outer loop
      vertex 26.6427 12.2729 10.4
      vertex 26.6337 12.3278 8.4
      vertex 26.6337 12.3278 10.4
    endloop
  endfacet
  facet normal 0.986828 0.161775 0
    outer loop
      vertex 26.6337 12.3278 8.4
      vertex 26.6427 12.2729 10.4
      vertex 26.6427 12.2729 8.4
    endloop
  endfacet
  facet normal 0.99509 0.0989692 0
    outer loop
      vertex 26.6482 12.2176 10.4
      vertex 26.6427 12.2729 8.4
      vertex 26.6427 12.2729 10.4
    endloop
  endfacet
  facet normal 0.99509 0.0989692 0
    outer loop
      vertex 26.6427 12.2729 8.4
      vertex 26.6482 12.2176 10.4
      vertex 26.6482 12.2176 8.4
    endloop
  endfacet
  facet normal 0.81276 0.582598 0
    outer loop
      vertex 26.5067 12.6342 10.4
      vertex 26.4743 12.6794 8.4
      vertex 26.4743 12.6794 10.4
    endloop
  endfacet
  facet normal 0.81276 0.582598 0
    outer loop
      vertex 26.4743 12.6794 8.4
      vertex 26.5067 12.6342 10.4
      vertex 26.5067 12.6342 8.4
    endloop
  endfacet
  facet normal 0.773797 0.633434 0
    outer loop
      vertex 26.4743 12.6794 10.4
      vertex 26.4391 12.7224 8.4
      vertex 26.4391 12.7224 10.4
    endloop
  endfacet
  facet normal 0.773797 0.633434 0
    outer loop
      vertex 26.4391 12.7224 8.4
      vertex 26.4743 12.6794 10.4
      vertex 26.4743 12.6794 8.4
    endloop
  endfacet
  facet normal 0.161775 0.986828 -0
    outer loop
      vertex 25.9658 12.9957 8.4
      vertex 25.9109 13.0047 10.4
      vertex 25.9658 12.9957 10.4
    endloop
  endfacet
  facet normal 0.161775 0.986828 0
    outer loop
      vertex 25.9109 13.0047 10.4
      vertex 25.9658 12.9957 8.4
      vertex 25.9109 13.0047 8.4
    endloop
  endfacet
  facet normal 0.289658 0.95713 -0
    outer loop
      vertex 26.0732 12.9669 8.4
      vertex 26.02 12.983 10.4
      vertex 26.0732 12.9669 10.4
    endloop
  endfacet
  facet normal 0.289658 0.95713 0
    outer loop
      vertex 26.02 12.983 10.4
      vertex 26.0732 12.9669 8.4
      vertex 26.02 12.983 8.4
    endloop
  endfacet
  facet normal 0.0989692 0.99509 -0
    outer loop
      vertex 25.9109 13.0047 8.4
      vertex 25.8556 13.0102 10.4
      vertex 25.9109 13.0047 10.4
    endloop
  endfacet
  facet normal 0.0989692 0.99509 0
    outer loop
      vertex 25.8556 13.0102 10.4
      vertex 25.9109 13.0047 8.4
      vertex 25.8556 13.0102 8.4
    endloop
  endfacet
  facet normal 0.582598 0.81276 -0
    outer loop
      vertex 26.3174 12.8363 8.4
      vertex 26.2722 12.8687 10.4
      vertex 26.3174 12.8363 10.4
    endloop
  endfacet
  facet normal 0.582598 0.81276 0
    outer loop
      vertex 26.2722 12.8687 10.4
      vertex 26.3174 12.8363 8.4
      vertex 26.2722 12.8687 8.4
    endloop
  endfacet
  facet normal -0.973629 0.228138 0
    outer loop
      vertex 24.9663 12.3278 8.4
      vertex 24.979 12.382 10.4
      vertex 24.979 12.382 8.4
    endloop
  endfacet
  facet normal -0.973629 0.228138 0
    outer loop
      vertex 24.979 12.382 10.4
      vertex 24.9663 12.3278 8.4
      vertex 24.9663 12.3278 10.4
    endloop
  endfacet
  facet normal -0.910366 0.413803 0
    outer loop
      vertex 25.0147 12.4873 8.4
      vertex 25.0377 12.5379 10.4
      vertex 25.0377 12.5379 8.4
    endloop
  endfacet
  facet normal -0.910366 0.413803 0
    outer loop
      vertex 25.0377 12.5379 10.4
      vertex 25.0147 12.4873 8.4
      vertex 25.0147 12.4873 10.4
    endloop
  endfacet
  facet normal 0 0 1
    outer loop
      vertex 26.6482 12.2176 10.4
      vertex 26.6482 12.1064 10.4
      vertex 26.65 12.162 10.4
    endloop
  endfacet
  facet normal 0 0 1
    outer loop
      vertex 26.6427 12.2729 10.4
      vertex 26.6482 12.1064 10.4
      vertex 26.6482 12.2176 10.4
    endloop
  endfacet
  facet normal 0 0 1
    outer loop
      vertex 26.6427 12.2729 10.4
      vertex 26.6427 12.0511 10.4
      vertex 26.6482 12.1064 10.4
    endloop
  endfacet
  facet normal 0 0 1
    outer loop
      vertex 26.6337 12.3278 10.4
      vertex 26.6427 12.0511 10.4
      vertex 26.6427 12.2729 10.4
    endloop
  endfacet
  facet normal 0 0 1
    outer loop
      vertex 26.6337 12.3278 10.4
      vertex 26.6337 11.9962 10.4
      vertex 26.6427 12.0511 10.4
    endloop
  endfacet
  facet normal 0 0 1
    outer loop
      vertex 26.621 12.382 10.4
      vertex 26.6337 11.9962 10.4
      vertex 26.6337 12.3278 10.4
    endloop
  endfacet
  facet normal 0 0 1
    outer loop
      vertex 26.621 12.382 10.4
      vertex 26.621 11.942 10.4
      vertex 26.6337 11.9962 10.4
    endloop
  endfacet
  facet normal 0 0 1
    outer loop
      vertex 26.6049 12.4352 10.4
      vertex 26.621 11.942 10.4
      vertex 26.621 12.382 10.4
    endloop
  endfacet
  facet normal 0 0 1
    outer loop
      vertex 26.6049 12.4352 10.4
      vertex 26.6049 11.8888 10.4
      vertex 26.621 11.942 10.4
    endloop
  endfacet
  facet normal 0 0 1
    outer loop
      vertex 26.5853 12.4873 10.4
      vertex 26.6049 11.8888 10.4
      vertex 26.6049 12.4352 10.4
    endloop
  endfacet
  facet normal 0 0 1
    outer loop
      vertex 26.5853 12.4873 10.4
      vertex 26.5853 11.8367 10.4
      vertex 26.6049 11.8888 10.4
    endloop
  endfacet
  facet normal 0 0 1
    outer loop
      vertex 26.5623 12.5379 10.4
      vertex 26.5853 11.8367 10.4
      vertex 26.5853 12.4873 10.4
    endloop
  endfacet
  facet normal 0 0 1
    outer loop
      vertex 26.5623 12.5379 10.4
      vertex 26.5623 11.7861 10.4
      vertex 26.5853 11.8367 10.4
    endloop
  endfacet
  facet normal 0 0 1
    outer loop
      vertex 26.5361 12.587 10.4
      vertex 26.5623 11.7861 10.4
      vertex 26.5623 12.5379 10.4
    endloop
  endfacet
  facet normal 0 0 1
    outer loop
      vertex 26.5361 12.587 10.4
      vertex 26.5361 11.737 10.4
      vertex 26.5623 11.7861 10.4
    endloop
  endfacet
  facet normal 0 0 1
    outer loop
      vertex 26.5067 12.6342 10.4
      vertex 26.5361 11.737 10.4
      vertex 26.5361 12.587 10.4
    endloop
  endfacet
  facet normal 0 0 1
    outer loop
      vertex 26.5067 12.6342 10.4
      vertex 26.5067 11.6898 10.4
      vertex 26.5361 11.737 10.4
    endloop
  endfacet
  facet normal 0 0 1
    outer loop
      vertex 26.4743 12.6794 10.4
      vertex 26.5067 11.6898 10.4
      vertex 26.5067 12.6342 10.4
    endloop
  endfacet
  facet normal 0 0 1
    outer loop
      vertex 26.4743 12.6794 10.4
      vertex 26.4743 11.6446 10.4
      vertex 26.5067 11.6898 10.4
    endloop
  endfacet
  facet normal 0 0 1
    outer loop
      vertex 26.4391 12.7224 10.4
      vertex 26.4743 11.6446 10.4
      vertex 26.4743 12.6794 10.4
    endloop
  endfacet
  facet normal 0 0 1
    outer loop
      vertex 26.4391 12.7224 10.4
      vertex 26.4391 11.6016 10.4
      vertex 26.4743 11.6446 10.4
    endloop
  endfacet
  facet normal 0 0 1
    outer loop
      vertex 26.401 12.763 10.4
      vertex 26.4391 11.6016 10.4
      vertex 26.4391 12.7224 10.4
    endloop
  endfacet
  facet normal 0 0 1
    outer loop
      vertex 26.401 12.763 10.4
      vertex 26.401 11.561 10.4
      vertex 26.4391 11.6016 10.4
    endloop
  endfacet
  facet normal 0 0 1
    outer loop
      vertex 26.3604 12.8011 10.4
      vertex 26.401 11.561 10.4
      vertex 26.401 12.763 10.4
    endloop
  endfacet
  facet normal 0 0 1
    outer loop
      vertex 26.3604 12.8011 10.4
      vertex 26.3604 11.5229 10.4
      vertex 26.401 11.561 10.4
    endloop
  endfacet
  facet normal 0 0 1
    outer loop
      vertex 26.3174 12.8363 10.4
      vertex 26.3604 11.5229 10.4
      vertex 26.3604 12.8011 10.4
    endloop
  endfacet
  facet normal 0 0 1
    outer loop
      vertex 26.3174 12.8363 10.4
      vertex 26.3174 11.4876 10.4
      vertex 26.3604 11.5229 10.4
    endloop
  endfacet
  facet normal 0 0 1
    outer loop
      vertex 26.2722 12.8687 10.4
      vertex 26.3174 11.4876 10.4
      vertex 26.3174 12.8363 10.4
    endloop
  endfacet
  facet normal 0 0 1
    outer loop
      vertex 26.2722 12.8687 10.4
      vertex 26.2722 11.4553 10.4
      vertex 26.3174 11.4876 10.4
    endloop
  endfacet
  facet normal 0 0 1
    outer loop
      vertex 26.225 12.8981 10.4
      vertex 26.2722 11.4553 10.4
      vertex 26.2722 12.8687 10.4
    endloop
  endfacet
  facet normal 0 0 1
    outer loop
      vertex 26.225 12.8981 10.4
      vertex 26.225 11.4259 10.4
      vertex 26.2722 11.4553 10.4
    endloop
  endfacet
  facet normal 0 0 1
    outer loop
      vertex 26.1759 12.9243 10.4
      vertex 26.225 11.4259 10.4
      vertex 26.225 12.8981 10.4
    endloop
  endfacet
  facet normal 0 0 1
    outer loop
      vertex 26.1759 12.9243 10.4
      vertex 26.1759 11.3997 10.4
      vertex 26.225 11.4259 10.4
    endloop
  endfacet
  facet normal 0 0 1
    outer loop
      vertex 26.1253 12.9473 10.4
      vertex 26.1759 11.3997 10.4
      vertex 26.1759 12.9243 10.4
    endloop
  endfacet
  facet normal 0 0 1
    outer loop
      vertex 26.1253 12.9473 10.4
      vertex 26.1253 11.3767 10.4
      vertex 26.1759 11.3997 10.4
    endloop
  endfacet
  facet normal 0 0 1
    outer loop
      vertex 26.0732 12.9669 10.4
      vertex 26.1253 11.3767 10.4
      vertex 26.1253 12.9473 10.4
    endloop
  endfacet
  facet normal 0 0 1
    outer loop
      vertex 26.0732 12.9669 10.4
      vertex 26.0732 11.3571 10.4
      vertex 26.1253 11.3767 10.4
    endloop
  endfacet
  facet normal 0 0 1
    outer loop
      vertex 26.02 12.983 10.4
      vertex 26.0732 11.3571 10.4
      vertex 26.0732 12.9669 10.4
    endloop
  endfacet
  facet normal 0 0 1
    outer loop
      vertex 26.02 12.983 10.4
      vertex 26.02 11.341 10.4
      vertex 26.0732 11.3571 10.4
    endloop
  endfacet
  facet normal 0 0 1
    outer loop
      vertex 25.9658 12.9957 10.4
      vertex 26.02 11.341 10.4
      vertex 26.02 12.983 10.4
    endloop
  endfacet
  facet normal 0 0 1
    outer loop
      vertex 25.9658 12.9957 10.4
      vertex 25.9658 11.3283 10.4
      vertex 26.02 11.341 10.4
    endloop
  endfacet
  facet normal 0 0 1
    outer loop
      vertex 25.9109 13.0047 10.4
      vertex 25.9658 11.3283 10.4
      vertex 25.9658 12.9957 10.4
    endloop
  endfacet
  facet normal 0 0 1
    outer loop
      vertex 25.9109 13.0047 10.4
      vertex 25.9109 11.3193 10.4
      vertex 25.9658 11.3283 10.4
    endloop
  endfacet
  facet normal 0 0 1
    outer loop
      vertex 25.8556 13.0102 10.4
      vertex 25.9109 11.3193 10.4
      vertex 25.9109 13.0047 10.4
    endloop
  endfacet
  facet normal 0 0 1
    outer loop
      vertex 25.8556 13.0102 10.4
      vertex 25.8556 11.3138 10.4
      vertex 25.9109 11.3193 10.4
    endloop
  endfacet
  facet normal 0 0 1
    outer loop
      vertex 25.8 13.012 10.4
      vertex 25.8556 11.3138 10.4
      vertex 25.8556 13.0102 10.4
    endloop
  endfacet
  facet normal 0 0 1
    outer loop
      vertex 25.8 13.012 10.4
      vertex 25.8 11.312 10.4
      vertex 25.8556 11.3138 10.4
    endloop
  endfacet
  facet normal -0 0 1
    outer loop
      vertex 25.7444 13.0102 10.4
      vertex 25.8 11.312 10.4
      vertex 25.8 13.012 10.4
    endloop
  endfacet
  facet normal 0 0 1
    outer loop
      vertex 25.7444 13.0102 10.4
      vertex 25.7444 11.3138 10.4
      vertex 25.8 11.312 10.4
    endloop
  endfacet
  facet normal -0 0 1
    outer loop
      vertex 25.6891 13.0047 10.4
      vertex 25.7444 11.3138 10.4
      vertex 25.7444 13.0102 10.4
    endloop
  endfacet
  facet normal 0 0 1
    outer loop
      vertex 25.6891 13.0047 10.4
      vertex 25.6891 11.3193 10.4
      vertex 25.7444 11.3138 10.4
    endloop
  endfacet
  facet normal -0 0 1
    outer loop
      vertex 25.6342 12.9957 10.4
      vertex 25.6891 11.3193 10.4
      vertex 25.6891 13.0047 10.4
    endloop
  endfacet
  facet normal 0 0 1
    outer loop
      vertex 25.6342 12.9957 10.4
      vertex 25.6342 11.3283 10.4
      vertex 25.6891 11.3193 10.4
    endloop
  endfacet
  facet normal -0 0 1
    outer loop
      vertex 25.58 12.983 10.4
      vertex 25.6342 11.3283 10.4
      vertex 25.6342 12.9957 10.4
    endloop
  endfacet
  facet normal 0 0 1
    outer loop
      vertex 25.58 12.983 10.4
      vertex 25.58 11.341 10.4
      vertex 25.6342 11.3283 10.4
    endloop
  endfacet
  facet normal -0 0 1
    outer loop
      vertex 25.5268 12.9669 10.4
      vertex 25.58 11.341 10.4
      vertex 25.58 12.983 10.4
    endloop
  endfacet
  facet normal 0 0 1
    outer loop
      vertex 25.5268 12.9669 10.4
      vertex 25.5268 11.3571 10.4
      vertex 25.58 11.341 10.4
    endloop
  endfacet
  facet normal -0 0 1
    outer loop
      vertex 25.4747 12.9473 10.4
      vertex 25.5268 11.3571 10.4
      vertex 25.5268 12.9669 10.4
    endloop
  endfacet
  facet normal 0 0 1
    outer loop
      vertex 25.4747 12.9473 10.4
      vertex 25.4747 11.3767 10.4
      vertex 25.5268 11.3571 10.4
    endloop
  endfacet
  facet normal -0 0 1
    outer loop
      vertex 25.4241 12.9243 10.4
      vertex 25.4747 11.3767 10.4
      vertex 25.4747 12.9473 10.4
    endloop
  endfacet
  facet normal 0 0 1
    outer loop
      vertex 25.4241 12.9243 10.4
      vertex 25.4241 11.3997 10.4
      vertex 25.4747 11.3767 10.4
    endloop
  endfacet
  facet normal -0 0 1
    outer loop
      vertex 25.375 12.8981 10.4
      vertex 25.4241 11.3997 10.4
      vertex 25.4241 12.9243 10.4
    endloop
  endfacet
  facet normal 0 0 1
    outer loop
      vertex 25.375 12.8981 10.4
      vertex 25.375 11.4259 10.4
      vertex 25.4241 11.3997 10.4
    endloop
  endfacet
  facet normal -0 0 1
    outer loop
      vertex 25.3278 12.8687 10.4
      vertex 25.375 11.4259 10.4
      vertex 25.375 12.8981 10.4
    endloop
  endfacet
  facet normal 0 0 1
    outer loop
      vertex 25.3278 12.8687 10.4
      vertex 25.3278 11.4553 10.4
      vertex 25.375 11.4259 10.4
    endloop
  endfacet
  facet normal -0 0 1
    outer loop
      vertex 25.2826 12.8363 10.4
      vertex 25.3278 11.4553 10.4
      vertex 25.3278 12.8687 10.4
    endloop
  endfacet
  facet normal 0 0 1
    outer loop
      vertex 25.2826 12.8363 10.4
      vertex 25.2826 11.4876 10.4
      vertex 25.3278 11.4553 10.4
    endloop
  endfacet
  facet normal -0 0 1
    outer loop
      vertex 25.2396 12.8011 10.4
      vertex 25.2826 11.4876 10.4
      vertex 25.2826 12.8363 10.4
    endloop
  endfacet
  facet normal 0 0 1
    outer loop
      vertex 25.2396 12.8011 10.4
      vertex 25.2396 11.5229 10.4
      vertex 25.2826 11.4876 10.4
    endloop
  endfacet
  facet normal -0 0 1
    outer loop
      vertex 25.199 12.763 10.4
      vertex 25.2396 11.5229 10.4
      vertex 25.2396 12.8011 10.4
    endloop
  endfacet
  facet normal 0 0 1
    outer loop
      vertex 25.199 12.763 10.4
      vertex 25.199 11.561 10.4
      vertex 25.2396 11.5229 10.4
    endloop
  endfacet
  facet normal -0 0 1
    outer loop
      vertex 25.1609 12.7224 10.4
      vertex 25.199 11.561 10.4
      vertex 25.199 12.763 10.4
    endloop
  endfacet
  facet normal 0 0 1
    outer loop
      vertex 25.1609 12.7224 10.4
      vertex 25.1609 11.6016 10.4
      vertex 25.199 11.561 10.4
    endloop
  endfacet
  facet normal -0 0 1
    outer loop
      vertex 25.1257 12.6794 10.4
      vertex 25.1609 11.6016 10.4
      vertex 25.1609 12.7224 10.4
    endloop
  endfacet
  facet normal 0 0 1
    outer loop
      vertex 25.1257 12.6794 10.4
      vertex 25.1257 11.6446 10.4
      vertex 25.1609 11.6016 10.4
    endloop
  endfacet
  facet normal -0 0 1
    outer loop
      vertex 25.0933 12.6342 10.4
      vertex 25.1257 11.6446 10.4
      vertex 25.1257 12.6794 10.4
    endloop
  endfacet
  facet normal 0 0 1
    outer loop
      vertex 25.0933 12.6342 10.4
      vertex 25.0933 11.6898 10.4
      vertex 25.1257 11.6446 10.4
    endloop
  endfacet
  facet normal -0 0 1
    outer loop
      vertex 25.0639 12.587 10.4
      vertex 25.0933 11.6898 10.4
      vertex 25.0933 12.6342 10.4
    endloop
  endfacet
  facet normal 0 0 1
    outer loop
      vertex 25.0639 12.587 10.4
      vertex 25.0639 11.737 10.4
      vertex 25.0933 11.6898 10.4
    endloop
  endfacet
  facet normal -0 0 1
    outer loop
      vertex 25.0377 12.5379 10.4
      vertex 25.0639 11.737 10.4
      vertex 25.0639 12.587 10.4
    endloop
  endfacet
  facet normal 0 0 1
    outer loop
      vertex 25.0377 12.5379 10.4
      vertex 25.0377 11.7861 10.4
      vertex 25.0639 11.737 10.4
    endloop
  endfacet
  facet normal -0 0 1
    outer loop
      vertex 25.0147 12.4873 10.4
      vertex 25.0377 11.7861 10.4
      vertex 25.0377 12.5379 10.4
    endloop
  endfacet
  facet normal 0 0 1
    outer loop
      vertex 25.0147 12.4873 10.4
      vertex 25.0147 11.8367 10.4
      vertex 25.0377 11.7861 10.4
    endloop
  endfacet
  facet normal -0 0 1
    outer loop
      vertex 24.9951 12.4352 10.4
      vertex 25.0147 11.8367 10.4
      vertex 25.0147 12.4873 10.4
    endloop
  endfacet
  facet normal 0 0 1
    outer loop
      vertex 24.9951 12.4352 10.4
      vertex 24.9951 11.8888 10.4
      vertex 25.0147 11.8367 10.4
    endloop
  endfacet
  facet normal -0 0 1
    outer loop
      vertex 24.979 12.382 10.4
      vertex 24.9951 11.8888 10.4
      vertex 24.9951 12.4352 10.4
    endloop
  endfacet
  facet normal 0 0 1
    outer loop
      vertex 24.979 12.382 10.4
      vertex 24.979 11.942 10.4
      vertex 24.9951 11.8888 10.4
    endloop
  endfacet
  facet normal -0 0 1
    outer loop
      vertex 24.9663 12.3278 10.4
      vertex 24.979 11.942 10.4
      vertex 24.979 12.382 10.4
    endloop
  endfacet
  facet normal 0 0 1
    outer loop
      vertex 24.9663 12.3278 10.4
      vertex 24.9663 11.9962 10.4
      vertex 24.979 11.942 10.4
    endloop
  endfacet
  facet normal -0 0 1
    outer loop
      vertex 24.9573 12.2729 10.4
      vertex 24.9663 11.9962 10.4
      vertex 24.9663 12.3278 10.4
    endloop
  endfacet
  facet normal 0 0 1
    outer loop
      vertex 24.9573 12.2729 10.4
      vertex 24.9573 12.0511 10.4
      vertex 24.9663 11.9962 10.4
    endloop
  endfacet
  facet normal -0 0 1
    outer loop
      vertex 24.9518 12.2176 10.4
      vertex 24.9573 12.0511 10.4
      vertex 24.9573 12.2729 10.4
    endloop
  endfacet
  facet normal 0 0 1
    outer loop
      vertex 24.9518 12.2176 10.4
      vertex 24.9518 12.1064 10.4
      vertex 24.9573 12.0511 10.4
    endloop
  endfacet
  facet normal 0 -0 1
    outer loop
      vertex 24.9518 12.1064 10.4
      vertex 24.9518 12.2176 10.4
      vertex 24.95 12.162 10.4
    endloop
  endfacet
  facet normal -0.582598 0.81276 0
    outer loop
      vertex 25.3278 12.8687 8.4
      vertex 25.2826 12.8363 10.4
      vertex 25.3278 12.8687 10.4
    endloop
  endfacet
  facet normal -0.582598 0.81276 0
    outer loop
      vertex 25.2826 12.8363 10.4
      vertex 25.3278 12.8687 8.4
      vertex 25.2826 12.8363 8.4
    endloop
  endfacet
  facet normal -0.0989692 0.99509 0
    outer loop
      vertex 25.7444 13.0102 8.4
      vertex 25.6891 13.0047 10.4
      vertex 25.7444 13.0102 10.4
    endloop
  endfacet
  facet normal -0.0989692 0.99509 0
    outer loop
      vertex 25.6891 13.0047 10.4
      vertex 25.7444 13.0102 8.4
      vertex 25.6891 13.0047 8.4
    endloop
  endfacet
  facet normal 0.93596 -0.352108 0
    outer loop
      vertex 26.5853 11.8367 10.4
      vertex 26.6049 11.8888 8.4
      vertex 26.6049 11.8888 10.4
    endloop
  endfacet
  facet normal 0.93596 -0.352108 0
    outer loop
      vertex 26.6049 11.8888 8.4
      vertex 26.5853 11.8367 10.4
      vertex 26.5853 11.8367 8.4
    endloop
  endfacet
  facet normal -0.352108 -0.93596 0
    outer loop
      vertex 25.4747 11.3767 8.4
      vertex 25.5268 11.3571 10.4
      vertex 25.4747 11.3767 10.4
    endloop
  endfacet
  facet normal -0.352108 -0.93596 -0
    outer loop
      vertex 25.5268 11.3571 10.4
      vertex 25.4747 11.3767 8.4
      vertex 25.5268 11.3571 8.4
    endloop
  endfacet
  facet normal -0.910366 -0.413803 0
    outer loop
      vertex 25.0377 11.7861 8.4
      vertex 25.0147 11.8367 10.4
      vertex 25.0147 11.8367 8.4
    endloop
  endfacet
  facet normal -0.910366 -0.413803 0
    outer loop
      vertex 25.0147 11.8367 10.4
      vertex 25.0377 11.7861 8.4
      vertex 25.0377 11.7861 10.4
    endloop
  endfacet
  facet normal 0.0989692 -0.99509 0
    outer loop
      vertex 25.8556 11.3138 8.4
      vertex 25.9109 11.3193 10.4
      vertex 25.8556 11.3138 10.4
    endloop
  endfacet
  facet normal 0.0989692 -0.99509 0
    outer loop
      vertex 25.9109 11.3193 10.4
      vertex 25.8556 11.3138 8.4
      vertex 25.9109 11.3193 8.4
    endloop
  endfacet
  facet normal 0.413803 -0.910366 0
    outer loop
      vertex 26.1253 11.3767 8.4
      vertex 26.1759 11.3997 10.4
      vertex 26.1253 11.3767 10.4
    endloop
  endfacet
  facet normal 0.413803 -0.910366 0
    outer loop
      vertex 26.1759 11.3997 10.4
      vertex 26.1253 11.3767 8.4
      vertex 26.1759 11.3997 8.4
    endloop
  endfacet
  facet normal 0.973629 0.228138 0
    outer loop
      vertex 26.6337 12.3278 10.4
      vertex 26.621 12.382 8.4
      vertex 26.621 12.382 10.4
    endloop
  endfacet
  facet normal 0.973629 0.228138 0
    outer loop
      vertex 26.621 12.382 8.4
      vertex 26.6337 12.3278 10.4
      vertex 26.6337 12.3278 8.4
    endloop
  endfacet
  facet normal 0.95713 0.289658 0
    outer loop
      vertex 26.621 12.382 10.4
      vertex 26.6049 12.4352 8.4
      vertex 26.6049 12.4352 10.4
    endloop
  endfacet
  facet normal 0.95713 0.289658 0
    outer loop
      vertex 26.6049 12.4352 8.4
      vertex 26.621 12.382 10.4
      vertex 26.621 12.382 8.4
    endloop
  endfacet
  facet normal 0.93596 0.352108 0
    outer loop
      vertex 26.6049 12.4352 10.4
      vertex 26.5853 12.4873 8.4
      vertex 26.5853 12.4873 10.4
    endloop
  endfacet
  facet normal 0.93596 0.352108 0
    outer loop
      vertex 26.5853 12.4873 8.4
      vertex 26.6049 12.4352 10.4
      vertex 26.6049 12.4352 8.4
    endloop
  endfacet
  facet normal 0.729201 0.6843 0
    outer loop
      vertex 26.4391 12.7224 10.4
      vertex 26.401 12.763 8.4
      vertex 26.401 12.763 10.4
    endloop
  endfacet
  facet normal 0.729201 0.6843 0
    outer loop
      vertex 26.401 12.763 8.4
      vertex 26.4391 12.7224 10.4
      vertex 26.4391 12.7224 8.4
    endloop
  endfacet
  facet normal 0.848806 0.528705 0
    outer loop
      vertex 26.5361 12.587 10.4
      vertex 26.5067 12.6342 8.4
      vertex 26.5067 12.6342 10.4
    endloop
  endfacet
  facet normal 0.848806 0.528705 0
    outer loop
      vertex 26.5067 12.6342 8.4
      vertex 26.5361 12.587 10.4
      vertex 26.5361 12.587 8.4
    endloop
  endfacet
  facet normal 0.882253 0.470775 0
    outer loop
      vertex 26.5623 12.5379 10.4
      vertex 26.5361 12.587 8.4
      vertex 26.5361 12.587 10.4
    endloop
  endfacet
  facet normal 0.882253 0.470775 0
    outer loop
      vertex 26.5361 12.587 8.4
      vertex 26.5623 12.5379 10.4
      vertex 26.5623 12.5379 8.4
    endloop
  endfacet
  facet normal 0.228138 0.973629 -0
    outer loop
      vertex 26.02 12.983 8.4
      vertex 25.9658 12.9957 10.4
      vertex 26.02 12.983 10.4
    endloop
  endfacet
  facet normal 0.228138 0.973629 0
    outer loop
      vertex 25.9658 12.9957 10.4
      vertex 26.02 12.983 8.4
      vertex 25.9658 12.9957 8.4
    endloop
  endfacet
  facet normal 0.0323571 0.999476 -0
    outer loop
      vertex 25.8556 13.0102 8.4
      vertex 25.8 13.012 10.4
      vertex 25.8556 13.0102 10.4
    endloop
  endfacet
  facet normal 0.0323571 0.999476 0
    outer loop
      vertex 25.8 13.012 10.4
      vertex 25.8556 13.0102 8.4
      vertex 25.8 13.012 8.4
    endloop
  endfacet
  facet normal 0.470775 0.882253 -0
    outer loop
      vertex 26.225 12.8981 8.4
      vertex 26.1759 12.9243 10.4
      vertex 26.225 12.8981 10.4
    endloop
  endfacet
  facet normal 0.470775 0.882253 0
    outer loop
      vertex 26.1759 12.9243 10.4
      vertex 26.225 12.8981 8.4
      vertex 26.1759 12.9243 8.4
    endloop
  endfacet
  facet normal 0.413803 0.910366 -0
    outer loop
      vertex 26.1759 12.9243 8.4
      vertex 26.1253 12.9473 10.4
      vertex 26.1759 12.9243 10.4
    endloop
  endfacet
  facet normal 0.413803 0.910366 0
    outer loop
      vertex 26.1253 12.9473 10.4
      vertex 26.1759 12.9243 8.4
      vertex 26.1253 12.9473 8.4
    endloop
  endfacet
  facet normal 0.633434 0.773797 -0
    outer loop
      vertex 26.3604 12.8011 8.4
      vertex 26.3174 12.8363 10.4
      vertex 26.3604 12.8011 10.4
    endloop
  endfacet
  facet normal 0.633434 0.773797 0
    outer loop
      vertex 26.3174 12.8363 10.4
      vertex 26.3604 12.8011 8.4
      vertex 26.3174 12.8363 8.4
    endloop
  endfacet
  facet normal -0.81276 0.582598 0
    outer loop
      vertex 25.0933 12.6342 8.4
      vertex 25.1257 12.6794 10.4
      vertex 25.1257 12.6794 8.4
    endloop
  endfacet
  facet normal -0.81276 0.582598 0
    outer loop
      vertex 25.1257 12.6794 10.4
      vertex 25.0933 12.6342 8.4
      vertex 25.0933 12.6342 10.4
    endloop
  endfacet
  facet normal -0.93596 0.352108 0
    outer loop
      vertex 24.9951 12.4352 8.4
      vertex 25.0147 12.4873 10.4
      vertex 25.0147 12.4873 8.4
    endloop
  endfacet
  facet normal -0.93596 0.352108 0
    outer loop
      vertex 25.0147 12.4873 10.4
      vertex 24.9951 12.4352 8.4
      vertex 24.9951 12.4352 10.4
    endloop
  endfacet
  facet normal -0.95713 0.289658 0
    outer loop
      vertex 24.979 12.382 8.4
      vertex 24.9951 12.4352 10.4
      vertex 24.9951 12.4352 8.4
    endloop
  endfacet
  facet normal -0.95713 0.289658 0
    outer loop
      vertex 24.9951 12.4352 10.4
      vertex 24.979 12.382 8.4
      vertex 24.979 12.382 10.4
    endloop
  endfacet
  facet normal -0.986828 0.161775 0
    outer loop
      vertex 24.9573 12.2729 8.4
      vertex 24.9663 12.3278 10.4
      vertex 24.9663 12.3278 8.4
    endloop
  endfacet
  facet normal -0.986828 0.161775 0
    outer loop
      vertex 24.9663 12.3278 10.4
      vertex 24.9573 12.2729 8.4
      vertex 24.9573 12.2729 10.4
    endloop
  endfacet
  facet normal -0.99509 0.0989692 0
    outer loop
      vertex 24.9518 12.2176 8.4
      vertex 24.9573 12.2729 10.4
      vertex 24.9573 12.2729 8.4
    endloop
  endfacet
  facet normal -0.99509 0.0989692 0
    outer loop
      vertex 24.9573 12.2729 10.4
      vertex 24.9518 12.2176 8.4
      vertex 24.9518 12.2176 10.4
    endloop
  endfacet
  facet normal -0.470775 0.882253 0
    outer loop
      vertex 25.4241 12.9243 8.4
      vertex 25.375 12.8981 10.4
      vertex 25.4241 12.9243 10.4
    endloop
  endfacet
  facet normal -0.470775 0.882253 0
    outer loop
      vertex 25.375 12.8981 10.4
      vertex 25.4241 12.9243 8.4
      vertex 25.375 12.8981 8.4
    endloop
  endfacet
  facet normal -0.633434 0.773797 0
    outer loop
      vertex 25.2826 12.8363 8.4
      vertex 25.2396 12.8011 10.4
      vertex 25.2826 12.8363 10.4
    endloop
  endfacet
  facet normal -0.633434 0.773797 0
    outer loop
      vertex 25.2396 12.8011 10.4
      vertex 25.2826 12.8363 8.4
      vertex 25.2396 12.8011 8.4
    endloop
  endfacet
  facet normal -0.528705 0.848806 0
    outer loop
      vertex 25.375 12.8981 8.4
      vertex 25.3278 12.8687 10.4
      vertex 25.375 12.8981 10.4
    endloop
  endfacet
  facet normal -0.528705 0.848806 0
    outer loop
      vertex 25.3278 12.8687 10.4
      vertex 25.375 12.8981 8.4
      vertex 25.3278 12.8687 8.4
    endloop
  endfacet
  facet normal -0.289658 0.95713 0
    outer loop
      vertex 25.58 12.983 8.4
      vertex 25.5268 12.9669 10.4
      vertex 25.58 12.983 10.4
    endloop
  endfacet
  facet normal -0.289658 0.95713 0
    outer loop
      vertex 25.5268 12.9669 10.4
      vertex 25.58 12.983 8.4
      vertex 25.5268 12.9669 8.4
    endloop
  endfacet
  facet normal -0.352108 0.93596 0
    outer loop
      vertex 25.5268 12.9669 8.4
      vertex 25.4747 12.9473 10.4
      vertex 25.5268 12.9669 10.4
    endloop
  endfacet
  facet normal -0.352108 0.93596 0
    outer loop
      vertex 25.4747 12.9473 10.4
      vertex 25.5268 12.9669 8.4
      vertex 25.4747 12.9473 8.4
    endloop
  endfacet
  facet normal -0.228138 0.973629 0
    outer loop
      vertex 25.6342 12.9957 8.4
      vertex 25.58 12.983 10.4
      vertex 25.6342 12.9957 10.4
    endloop
  endfacet
  facet normal -0.228138 0.973629 0
    outer loop
      vertex 25.58 12.983 10.4
      vertex 25.6342 12.9957 8.4
      vertex 25.58 12.983 8.4
    endloop
  endfacet
  facet normal 0.999476 -0.0323571 0
    outer loop
      vertex 26.6482 12.1064 10.4
      vertex 26.65 12.162 8.4
      vertex 26.65 12.162 10.4
    endloop
  endfacet
  facet normal 0.999476 -0.0323571 0
    outer loop
      vertex 26.65 12.162 8.4
      vertex 26.6482 12.1064 10.4
      vertex 26.6482 12.1064 8.4
    endloop
  endfacet
  facet normal 0.973629 -0.228138 0
    outer loop
      vertex 26.621 11.942 10.4
      vertex 26.6337 11.9962 8.4
      vertex 26.6337 11.9962 10.4
    endloop
  endfacet
  facet normal 0.973629 -0.228138 0
    outer loop
      vertex 26.6337 11.9962 8.4
      vertex 26.621 11.942 10.4
      vertex 26.621 11.942 8.4
    endloop
  endfacet
  facet normal -0.289658 -0.95713 0
    outer loop
      vertex 25.5268 11.3571 8.4
      vertex 25.58 11.341 10.4
      vertex 25.5268 11.3571 10.4
    endloop
  endfacet
  facet normal -0.289658 -0.95713 -0
    outer loop
      vertex 25.58 11.341 10.4
      vertex 25.5268 11.3571 8.4
      vertex 25.58 11.341 8.4
    endloop
  endfacet
  facet normal -0.986828 -0.161775 0
    outer loop
      vertex 24.9663 11.9962 8.4
      vertex 24.9573 12.0511 10.4
      vertex 24.9573 12.0511 8.4
    endloop
  endfacet
  facet normal -0.986828 -0.161775 0
    outer loop
      vertex 24.9573 12.0511 10.4
      vertex 24.9663 11.9962 8.4
      vertex 24.9663 11.9962 10.4
    endloop
  endfacet
  facet normal -0.773797 0.633434 0
    outer loop
      vertex 25.1257 12.6794 8.4
      vertex 25.1609 12.7224 10.4
      vertex 25.1609 12.7224 8.4
    endloop
  endfacet
  facet normal -0.773797 0.633434 0
    outer loop
      vertex 25.1609 12.7224 10.4
      vertex 25.1257 12.6794 8.4
      vertex 25.1257 12.6794 10.4
    endloop
  endfacet
  facet normal 0.99509 -0.0989692 0
    outer loop
      vertex 26.6427 12.0511 10.4
      vertex 26.6482 12.1064 8.4
      vertex 26.6482 12.1064 10.4
    endloop
  endfacet
  facet normal 0.99509 -0.0989692 0
    outer loop
      vertex 26.6482 12.1064 8.4
      vertex 26.6427 12.0511 10.4
      vertex 26.6427 12.0511 8.4
    endloop
  endfacet
  facet normal 0.882253 -0.470775 0
    outer loop
      vertex 26.5361 11.737 10.4
      vertex 26.5623 11.7861 8.4
      vertex 26.5623 11.7861 10.4
    endloop
  endfacet
  facet normal 0.882253 -0.470775 0
    outer loop
      vertex 26.5623 11.7861 8.4
      vertex 26.5361 11.737 10.4
      vertex 26.5361 11.737 8.4
    endloop
  endfacet
  facet normal 0.95713 -0.289658 0
    outer loop
      vertex 26.6049 11.8888 10.4
      vertex 26.621 11.942 8.4
      vertex 26.621 11.942 10.4
    endloop
  endfacet
  facet normal 0.95713 -0.289658 0
    outer loop
      vertex 26.621 11.942 8.4
      vertex 26.6049 11.8888 10.4
      vertex 26.6049 11.8888 8.4
    endloop
  endfacet
  facet normal 0.6843 -0.729201 0
    outer loop
      vertex 26.3604 11.5229 8.4
      vertex 26.401 11.561 10.4
      vertex 26.3604 11.5229 10.4
    endloop
  endfacet
  facet normal 0.6843 -0.729201 0
    outer loop
      vertex 26.401 11.561 10.4
      vertex 26.3604 11.5229 8.4
      vertex 26.401 11.561 8.4
    endloop
  endfacet
  facet normal 0.729201 -0.6843 0
    outer loop
      vertex 26.401 11.561 10.4
      vertex 26.4391 11.6016 8.4
      vertex 26.4391 11.6016 10.4
    endloop
  endfacet
  facet normal 0.729201 -0.6843 0
    outer loop
      vertex 26.4391 11.6016 8.4
      vertex 26.401 11.561 10.4
      vertex 26.401 11.561 8.4
    endloop
  endfacet
  facet normal 0.581408 -0.813612 0
    outer loop
      vertex 26.2722 11.4553 8.4
      vertex 26.3174 11.4876 10.4
      vertex 26.2722 11.4553 10.4
    endloop
  endfacet
  facet normal 0.581408 -0.813612 0
    outer loop
      vertex 26.3174 11.4876 10.4
      vertex 26.2722 11.4553 8.4
      vertex 26.3174 11.4876 8.4
    endloop
  endfacet
  facet normal 0.634509 -0.772915 0
    outer loop
      vertex 26.3174 11.4876 8.4
      vertex 26.3604 11.5229 10.4
      vertex 26.3174 11.4876 10.4
    endloop
  endfacet
  facet normal 0.634509 -0.772915 0
    outer loop
      vertex 26.3604 11.5229 10.4
      vertex 26.3174 11.4876 8.4
      vertex 26.3604 11.5229 8.4
    endloop
  endfacet
  facet normal 0.848806 -0.528705 0
    outer loop
      vertex 26.5067 11.6898 10.4
      vertex 26.5361 11.737 8.4
      vertex 26.5361 11.737 10.4
    endloop
  endfacet
  facet normal 0.848806 -0.528705 0
    outer loop
      vertex 26.5361 11.737 8.4
      vertex 26.5067 11.6898 10.4
      vertex 26.5067 11.6898 8.4
    endloop
  endfacet
  facet normal 0.773797 -0.633434 0
    outer loop
      vertex 26.4391 11.6016 10.4
      vertex 26.4743 11.6446 8.4
      vertex 26.4743 11.6446 10.4
    endloop
  endfacet
  facet normal 0.773797 -0.633434 0
    outer loop
      vertex 26.4743 11.6446 8.4
      vertex 26.4391 11.6016 10.4
      vertex 26.4391 11.6016 8.4
    endloop
  endfacet
  facet normal -0.413803 -0.910366 0
    outer loop
      vertex 25.4241 11.3997 8.4
      vertex 25.4747 11.3767 10.4
      vertex 25.4241 11.3997 10.4
    endloop
  endfacet
  facet normal -0.413803 -0.910366 -0
    outer loop
      vertex 25.4747 11.3767 10.4
      vertex 25.4241 11.3997 8.4
      vertex 25.4747 11.3767 8.4
    endloop
  endfacet
  facet normal -0.95713 -0.289658 0
    outer loop
      vertex 24.9951 11.8888 8.4
      vertex 24.979 11.942 10.4
      vertex 24.979 11.942 8.4
    endloop
  endfacet
  facet normal -0.95713 -0.289658 0
    outer loop
      vertex 24.979 11.942 10.4
      vertex 24.9951 11.8888 8.4
      vertex 24.9951 11.8888 10.4
    endloop
  endfacet
  facet normal 0.289658 -0.95713 0
    outer loop
      vertex 26.02 11.341 8.4
      vertex 26.0732 11.3571 10.4
      vertex 26.02 11.341 10.4
    endloop
  endfacet
  facet normal 0.289658 -0.95713 0
    outer loop
      vertex 26.0732 11.3571 10.4
      vertex 26.02 11.341 8.4
      vertex 26.0732 11.3571 8.4
    endloop
  endfacet
  facet normal 0.352108 -0.93596 0
    outer loop
      vertex 26.0732 11.3571 8.4
      vertex 26.1253 11.3767 10.4
      vertex 26.0732 11.3571 10.4
    endloop
  endfacet
  facet normal 0.352108 -0.93596 0
    outer loop
      vertex 26.1253 11.3767 10.4
      vertex 26.0732 11.3571 8.4
      vertex 26.1253 11.3767 8.4
    endloop
  endfacet
  facet normal 0.910366 -0.413803 0
    outer loop
      vertex 26.5623 11.7861 10.4
      vertex 26.5853 11.8367 8.4
      vertex 26.5853 11.8367 10.4
    endloop
  endfacet
  facet normal 0.910366 -0.413803 0
    outer loop
      vertex 26.5853 11.8367 8.4
      vertex 26.5623 11.7861 10.4
      vertex 26.5623 11.7861 8.4
    endloop
  endfacet
  facet normal 0.986828 -0.161775 0
    outer loop
      vertex 26.6337 11.9962 10.4
      vertex 26.6427 12.0511 8.4
      vertex 26.6427 12.0511 10.4
    endloop
  endfacet
  facet normal 0.986828 -0.161775 0
    outer loop
      vertex 26.6427 12.0511 8.4
      vertex 26.6337 11.9962 10.4
      vertex 26.6337 11.9962 8.4
    endloop
  endfacet
  facet normal 0.528705 -0.848806 0
    outer loop
      vertex 26.225 11.4259 8.4
      vertex 26.2722 11.4553 10.4
      vertex 26.225 11.4259 10.4
    endloop
  endfacet
  facet normal 0.528705 -0.848806 0
    outer loop
      vertex 26.2722 11.4553 10.4
      vertex 26.225 11.4259 8.4
      vertex 26.2722 11.4553 8.4
    endloop
  endfacet
  facet normal 0.470775 -0.882253 0
    outer loop
      vertex 26.1759 11.3997 8.4
      vertex 26.225 11.4259 10.4
      vertex 26.1759 11.3997 10.4
    endloop
  endfacet
  facet normal 0.470775 -0.882253 0
    outer loop
      vertex 26.225 11.4259 10.4
      vertex 26.1759 11.3997 8.4
      vertex 26.225 11.4259 8.4
    endloop
  endfacet
  facet normal 0.81276 -0.582598 0
    outer loop
      vertex 26.4743 11.6446 10.4
      vertex 26.5067 11.6898 8.4
      vertex 26.5067 11.6898 10.4
    endloop
  endfacet
  facet normal 0.81276 -0.582598 0
    outer loop
      vertex 26.5067 11.6898 8.4
      vertex 26.4743 11.6446 10.4
      vertex 26.4743 11.6446 8.4
    endloop
  endfacet
  facet normal -0.0323571 -0.999476 0
    outer loop
      vertex 25.7444 11.3138 8.4
      vertex 25.8 11.312 10.4
      vertex 25.7444 11.3138 10.4
    endloop
  endfacet
  facet normal -0.0323571 -0.999476 -0
    outer loop
      vertex 25.8 11.312 10.4
      vertex 25.7444 11.3138 8.4
      vertex 25.8 11.312 8.4
    endloop
  endfacet
  facet normal -0.0989692 -0.99509 0
    outer loop
      vertex 25.6891 11.3193 8.4
      vertex 25.7444 11.3138 10.4
      vertex 25.6891 11.3193 10.4
    endloop
  endfacet
  facet normal -0.0989692 -0.99509 -0
    outer loop
      vertex 25.7444 11.3138 10.4
      vertex 25.6891 11.3193 8.4
      vertex 25.7444 11.3138 8.4
    endloop
  endfacet
  facet normal -0.6843 -0.729201 0
    outer loop
      vertex 25.199 11.561 8.4
      vertex 25.2396 11.5229 10.4
      vertex 25.199 11.561 10.4
    endloop
  endfacet
  facet normal -0.6843 -0.729201 -0
    outer loop
      vertex 25.2396 11.5229 10.4
      vertex 25.199 11.561 8.4
      vertex 25.2396 11.5229 8.4
    endloop
  endfacet
  facet normal -0.81276 -0.582598 0
    outer loop
      vertex 25.1257 11.6446 8.4
      vertex 25.0933 11.6898 10.4
      vertex 25.0933 11.6898 8.4
    endloop
  endfacet
  facet normal -0.81276 -0.582598 0
    outer loop
      vertex 25.0933 11.6898 10.4
      vertex 25.1257 11.6446 8.4
      vertex 25.1257 11.6446 10.4
    endloop
  endfacet
  facet normal -0.773797 -0.633434 0
    outer loop
      vertex 25.1609 11.6016 8.4
      vertex 25.1257 11.6446 10.4
      vertex 25.1257 11.6446 8.4
    endloop
  endfacet
  facet normal -0.773797 -0.633434 0
    outer loop
      vertex 25.1257 11.6446 10.4
      vertex 25.1609 11.6016 8.4
      vertex 25.1609 11.6016 10.4
    endloop
  endfacet
  facet normal -0.93596 -0.352108 0
    outer loop
      vertex 25.0147 11.8367 8.4
      vertex 24.9951 11.8888 10.4
      vertex 24.9951 11.8888 8.4
    endloop
  endfacet
  facet normal -0.93596 -0.352108 0
    outer loop
      vertex 24.9951 11.8888 10.4
      vertex 25.0147 11.8367 8.4
      vertex 25.0147 11.8367 10.4
    endloop
  endfacet
  facet normal -0.973629 -0.228138 0
    outer loop
      vertex 24.979 11.942 8.4
      vertex 24.9663 11.9962 10.4
      vertex 24.9663 11.9962 8.4
    endloop
  endfacet
  facet normal -0.973629 -0.228138 0
    outer loop
      vertex 24.9663 11.9962 10.4
      vertex 24.979 11.942 8.4
      vertex 24.979 11.942 10.4
    endloop
  endfacet
  facet normal -0.99509 -0.0989692 0
    outer loop
      vertex 24.9573 12.0511 8.4
      vertex 24.9518 12.1064 10.4
      vertex 24.9518 12.1064 8.4
    endloop
  endfacet
  facet normal -0.99509 -0.0989692 0
    outer loop
      vertex 24.9518 12.1064 10.4
      vertex 24.9573 12.0511 8.4
      vertex 24.9573 12.0511 10.4
    endloop
  endfacet
  facet normal -0.999476 -0.0323571 0
    outer loop
      vertex 24.9518 12.1064 8.4
      vertex 24.95 12.162 10.4
      vertex 24.95 12.162 8.4
    endloop
  endfacet
  facet normal -0.999476 -0.0323571 0
    outer loop
      vertex 24.95 12.162 10.4
      vertex 24.9518 12.1064 8.4
      vertex 24.9518 12.1064 10.4
    endloop
  endfacet
  facet normal 0.228138 -0.973629 0
    outer loop
      vertex 25.9658 11.3283 8.4
      vertex 26.02 11.341 10.4
      vertex 25.9658 11.3283 10.4
    endloop
  endfacet
  facet normal 0.228138 -0.973629 0
    outer loop
      vertex 26.02 11.341 10.4
      vertex 25.9658 11.3283 8.4
      vertex 26.02 11.341 8.4
    endloop
  endfacet
  facet normal 0.161775 -0.986828 0
    outer loop
      vertex 25.9109 11.3193 8.4
      vertex 25.9658 11.3283 10.4
      vertex 25.9109 11.3193 10.4
    endloop
  endfacet
  facet normal 0.161775 -0.986828 0
    outer loop
      vertex 25.9658 11.3283 10.4
      vertex 25.9109 11.3193 8.4
      vertex 25.9658 11.3283 8.4
    endloop
  endfacet
  facet normal -0.161775 -0.986828 0
    outer loop
      vertex 25.6342 11.3283 8.4
      vertex 25.6891 11.3193 10.4
      vertex 25.6342 11.3283 10.4
    endloop
  endfacet
  facet normal -0.161775 -0.986828 -0
    outer loop
      vertex 25.6891 11.3193 10.4
      vertex 25.6342 11.3283 8.4
      vertex 25.6891 11.3193 8.4
    endloop
  endfacet
  facet normal -0.228138 -0.973629 0
    outer loop
      vertex 25.58 11.341 8.4
      vertex 25.6342 11.3283 10.4
      vertex 25.58 11.341 10.4
    endloop
  endfacet
  facet normal -0.228138 -0.973629 -0
    outer loop
      vertex 25.6342 11.3283 10.4
      vertex 25.58 11.341 8.4
      vertex 25.6342 11.3283 8.4
    endloop
  endfacet
  facet normal -0.882253 -0.470775 0
    outer loop
      vertex 25.0639 11.737 8.4
      vertex 25.0377 11.7861 10.4
      vertex 25.0377 11.7861 8.4
    endloop
  endfacet
  facet normal -0.882253 -0.470775 0
    outer loop
      vertex 25.0377 11.7861 10.4
      vertex 25.0639 11.737 8.4
      vertex 25.0639 11.737 10.4
    endloop
  endfacet
  facet normal -0.729201 -0.6843 0
    outer loop
      vertex 25.199 11.561 8.4
      vertex 25.1609 11.6016 10.4
      vertex 25.1609 11.6016 8.4
    endloop
  endfacet
  facet normal -0.729201 -0.6843 0
    outer loop
      vertex 25.1609 11.6016 10.4
      vertex 25.199 11.561 8.4
      vertex 25.199 11.561 10.4
    endloop
  endfacet
  facet normal -0.528705 -0.848806 0
    outer loop
      vertex 25.3278 11.4553 8.4
      vertex 25.375 11.4259 10.4
      vertex 25.3278 11.4553 10.4
    endloop
  endfacet
  facet normal -0.528705 -0.848806 -0
    outer loop
      vertex 25.375 11.4259 10.4
      vertex 25.3278 11.4553 8.4
      vertex 25.375 11.4259 8.4
    endloop
  endfacet
  facet normal -0.470775 -0.882253 0
    outer loop
      vertex 25.375 11.4259 8.4
      vertex 25.4241 11.3997 10.4
      vertex 25.375 11.4259 10.4
    endloop
  endfacet
  facet normal -0.470775 -0.882253 -0
    outer loop
      vertex 25.4241 11.3997 10.4
      vertex 25.375 11.4259 8.4
      vertex 25.4241 11.3997 8.4
    endloop
  endfacet
  facet normal -0.581408 -0.813612 0
    outer loop
      vertex 25.2826 11.4876 8.4
      vertex 25.3278 11.4553 10.4
      vertex 25.2826 11.4876 10.4
    endloop
  endfacet
  facet normal -0.581408 -0.813612 -0
    outer loop
      vertex 25.3278 11.4553 10.4
      vertex 25.2826 11.4876 8.4
      vertex 25.3278 11.4553 8.4
    endloop
  endfacet
  facet normal -0.634509 -0.772915 0
    outer loop
      vertex 25.2396 11.5229 8.4
      vertex 25.2826 11.4876 10.4
      vertex 25.2396 11.5229 10.4
    endloop
  endfacet
  facet normal -0.634509 -0.772915 -0
    outer loop
      vertex 25.2826 11.4876 10.4
      vertex 25.2396 11.5229 8.4
      vertex 25.2826 11.4876 8.4
    endloop
  endfacet
  facet normal -0.848806 -0.528705 0
    outer loop
      vertex 25.0933 11.6898 8.4
      vertex 25.0639 11.737 10.4
      vertex 25.0639 11.737 8.4
    endloop
  endfacet
  facet normal -0.848806 -0.528705 0
    outer loop
      vertex 25.0639 11.737 10.4
      vertex 25.0933 11.6898 8.4
      vertex 25.0933 11.6898 10.4
    endloop
  endfacet
  facet normal -0.999455 0.0330095 0
    outer loop
      vertex 23.3 24.662 2.4
      vertex 23.3054 24.8255 8.4
      vertex 23.3054 24.8255 2.4
    endloop
  endfacet
  facet normal -0.999455 0.0330095 0
    outer loop
      vertex 23.3054 24.8255 8.4
      vertex 23.3 24.662 2.4
      vertex 23.3 24.662 8.4
    endloop
  endfacet
  facet normal -0.729956 -0.683494 0
    outer loop
      vertex 24.0322 22.8942 2.4
      vertex 23.9204 23.0136 8.4
      vertex 23.9204 23.0136 2.4
    endloop
  endfacet
  facet normal -0.729956 -0.683494 0
    outer loop
      vertex 23.9204 23.0136 8.4
      vertex 24.0322 22.8942 2.4
      vertex 24.0322 22.8942 8.4
    endloop
  endfacet
  facet normal 0.729956 0.683494 0
    outer loop
      vertex 27.6796 26.3104 8.4
      vertex 27.5678 26.4298 2.4
      vertex 27.5678 26.4298 8.4
    endloop
  endfacet
  facet normal 0.729956 0.683494 0
    outer loop
      vertex 27.5678 26.4298 2.4
      vertex 27.6796 26.3104 8.4
      vertex 27.6796 26.3104 2.4
    endloop
  endfacet
  facet normal -0.683494 0.729956 0
    outer loop
      vertex 24.1516 26.5416 2.4
      vertex 24.0322 26.4298 8.4
      vertex 24.1516 26.5416 8.4
    endloop
  endfacet
  facet normal -0.683494 0.729956 0
    outer loop
      vertex 24.0322 26.4298 8.4
      vertex 24.1516 26.5416 2.4
      vertex 24.0322 26.4298 2.4
    endloop
  endfacet
  facet normal -0.352128 0.935952 0
    outer loop
      vertex 24.9964 27.0293 2.4
      vertex 24.8433 26.9717 8.4
      vertex 24.9964 27.0293 8.4
    endloop
  endfacet
  facet normal -0.352128 0.935952 0
    outer loop
      vertex 24.8433 26.9717 8.4
      vertex 24.9964 27.0293 2.4
      vertex 24.8433 26.9717 2.4
    endloop
  endfacet
  facet normal -0.935952 -0.352128 0
    outer loop
      vertex 23.4903 23.7053 2.4
      vertex 23.4327 23.8584 8.4
      vertex 23.4327 23.8584 2.4
    endloop
  endfacet
  facet normal -0.935952 -0.352128 0
    outer loop
      vertex 23.4327 23.8584 8.4
      vertex 23.4903 23.7053 2.4
      vertex 23.4903 23.7053 8.4
    endloop
  endfacet
  facet normal 0.910889 0.412651 0
    outer loop
      vertex 28.1097 25.6187 8.4
      vertex 28.0422 25.7677 2.4
      vertex 28.0422 25.7677 8.4
    endloop
  endfacet
  facet normal 0.910889 0.412651 0
    outer loop
      vertex 28.0422 25.7677 2.4
      vertex 28.1097 25.6187 8.4
      vertex 28.1097 25.6187 2.4
    endloop
  endfacet
  facet normal 0.412651 0.910889 -0
    outer loop
      vertex 26.9057 26.9042 2.4
      vertex 26.7567 26.9717 8.4
      vertex 26.9057 26.9042 8.4
    endloop
  endfacet
  facet normal 0.412651 0.910889 0
    outer loop
      vertex 26.7567 26.9717 8.4
      vertex 26.9057 26.9042 2.4
      vertex 26.7567 26.9717 2.4
    endloop
  endfacet
  facet normal 0.582452 0.812865 -0
    outer loop
      vertex 27.3219 26.6454 2.4
      vertex 27.1889 26.7407 8.4
      vertex 27.3219 26.6454 8.4
    endloop
  endfacet
  facet normal 0.582452 0.812865 0
    outer loop
      vertex 27.1889 26.7407 8.4
      vertex 27.3219 26.6454 2.4
      vertex 27.1889 26.7407 2.4
    endloop
  endfacet
  facet normal -0.910889 0.412651 0
    outer loop
      vertex 23.4903 25.6187 2.4
      vertex 23.5578 25.7677 8.4
      vertex 23.5578 25.7677 2.4
    endloop
  endfacet
  facet normal -0.910889 0.412651 0
    outer loop
      vertex 23.5578 25.7677 8.4
      vertex 23.4903 25.6187 2.4
      vertex 23.4903 25.6187 8.4
    endloop
  endfacet
  facet normal 0.956867 -0.290525 0
    outer loop
      vertex 28.1673 23.8584 8.4
      vertex 28.2 23.9661 2.4
      vertex 28.2 23.9661 8.4
    endloop
  endfacet
  facet normal 0.956867 -0.290525 0
    outer loop
      vertex 28.2 23.9661 2.4
      vertex 28.1673 23.8584 8.4
      vertex 28.1673 23.8584 2.4
    endloop
  endfacet
  facet normal 0.956867 0.290525 0
    outer loop
      vertex 28.2 25.3579 8.4
      vertex 28.1673 25.4656 2.4
      vertex 28.1673 25.4656 8.4
    endloop
  endfacet
  facet normal 0.956867 0.290525 0
    outer loop
      vertex 28.1673 25.4656 2.4
      vertex 28.2 25.3579 8.4
      vertex 28.2 25.3579 2.4
    endloop
  endfacet
  facet normal 0.812865 0.582452 0
    outer loop
      vertex 27.8787 26.0509 8.4
      vertex 27.7834 26.1839 2.4
      vertex 27.7834 26.1839 8.4
    endloop
  endfacet
  facet normal 0.812865 0.582452 0
    outer loop
      vertex 27.7834 26.1839 2.4
      vertex 27.8787 26.0509 8.4
      vertex 27.8787 26.0509 2.4
    endloop
  endfacet
  facet normal 0.773058 0.634335 0
    outer loop
      vertex 27.7834 26.1839 8.4
      vertex 27.6796 26.3104 2.4
      vertex 27.6796 26.3104 8.4
    endloop
  endfacet
  facet normal 0.773058 0.634335 0
    outer loop
      vertex 27.6796 26.3104 2.4
      vertex 27.7834 26.1839 8.4
      vertex 27.7834 26.1839 2.4
    endloop
  endfacet
  facet normal 0.84913 0.528184 0
    outer loop
      vertex 27.9651 25.912 8.4
      vertex 27.8787 26.0509 2.4
      vertex 27.8787 26.0509 8.4
    endloop
  endfacet
  facet normal 0.84913 0.528184 0
    outer loop
      vertex 27.8787 26.0509 2.4
      vertex 27.9651 25.912 8.4
      vertex 27.9651 25.912 2.4
    endloop
  endfacet
  facet normal 0.352128 0.935952 -0
    outer loop
      vertex 26.7567 26.9717 2.4
      vertex 26.6036 27.0293 8.4
      vertex 26.7567 26.9717 8.4
    endloop
  endfacet
  facet normal 0.352128 0.935952 0
    outer loop
      vertex 26.6036 27.0293 8.4
      vertex 26.7567 26.9717 2.4
      vertex 26.6036 27.0293 2.4
    endloop
  endfacet
  facet normal 0.634335 0.773058 -0
    outer loop
      vertex 27.4484 26.5416 2.4
      vertex 27.3219 26.6454 8.4
      vertex 27.4484 26.5416 8.4
    endloop
  endfacet
  facet normal 0.634335 0.773058 0
    outer loop
      vertex 27.3219 26.6454 8.4
      vertex 27.4484 26.5416 2.4
      vertex 27.3219 26.6454 2.4
    endloop
  endfacet
  facet normal -0.973801 0.227404 0
    outer loop
      vertex 23.348 25.1497 2.4
      vertex 23.3852 25.309 8.4
      vertex 23.3852 25.309 2.4
    endloop
  endfacet
  facet normal -0.973801 0.227404 0
    outer loop
      vertex 23.3852 25.309 8.4
      vertex 23.348 25.1497 2.4
      vertex 23.348 25.1497 8.4
    endloop
  endfacet
  facet normal -0.812865 0.582452 0
    outer loop
      vertex 23.7213 26.0509 2.4
      vertex 23.8166 26.1839 8.4
      vertex 23.8166 26.1839 2.4
    endloop
  endfacet
  facet normal -0.812865 0.582452 0
    outer loop
      vertex 23.8166 26.1839 8.4
      vertex 23.7213 26.0509 2.4
      vertex 23.7213 26.0509 8.4
    endloop
  endfacet
  facet normal -0.935952 0.352128 0
    outer loop
      vertex 23.4327 25.4656 2.4
      vertex 23.4903 25.6187 8.4
      vertex 23.4903 25.6187 2.4
    endloop
  endfacet
  facet normal -0.935952 0.352128 0
    outer loop
      vertex 23.4903 25.6187 8.4
      vertex 23.4327 25.4656 2.4
      vertex 23.4327 25.4656 8.4
    endloop
  endfacet
  facet normal -0.98669 0.162614 0
    outer loop
      vertex 23.3214 24.9883 2.4
      vertex 23.348 25.1497 8.4
      vertex 23.348 25.1497 2.4
    endloop
  endfacet
  facet normal -0.98669 0.162614 0
    outer loop
      vertex 23.348 25.1497 8.4
      vertex 23.3214 24.9883 2.4
      vertex 23.3214 24.9883 8.4
    endloop
  endfacet
  facet normal -0.528184 0.84913 0
    outer loop
      vertex 24.55 26.8271 2.4
      vertex 24.4111 26.7407 8.4
      vertex 24.55 26.8271 8.4
    endloop
  endfacet
  facet normal -0.528184 0.84913 0
    outer loop
      vertex 24.4111 26.7407 8.4
      vertex 24.55 26.8271 2.4
      vertex 24.4111 26.7407 2.4
    endloop
  endfacet
  facet normal -0.412651 0.910889 0
    outer loop
      vertex 24.8433 26.9717 2.4
      vertex 24.6943 26.9042 8.4
      vertex 24.8433 26.9717 8.4
    endloop
  endfacet
  facet normal -0.412651 0.910889 0
    outer loop
      vertex 24.6943 26.9042 8.4
      vertex 24.8433 26.9717 2.4
      vertex 24.6943 26.9042 2.4
    endloop
  endfacet
  facet normal -0.582452 0.812865 0
    outer loop
      vertex 24.4111 26.7407 2.4
      vertex 24.2781 26.6454 8.4
      vertex 24.4111 26.7407 8.4
    endloop
  endfacet
  facet normal -0.582452 0.812865 0
    outer loop
      vertex 24.2781 26.6454 8.4
      vertex 24.4111 26.7407 2.4
      vertex 24.2781 26.6454 2.4
    endloop
  endfacet
  facet normal 0.528184 -0.84913 0
    outer loop
      vertex 27.05 22.4969 2.4
      vertex 27.1889 22.5833 8.4
      vertex 27.05 22.4969 8.4
    endloop
  endfacet
  facet normal 0.528184 -0.84913 0
    outer loop
      vertex 27.1889 22.5833 8.4
      vertex 27.05 22.4969 2.4
      vertex 27.1889 22.5833 2.4
    endloop
  endfacet
  facet normal 0.582452 -0.812865 0
    outer loop
      vertex 27.1889 22.5833 2.4
      vertex 27.3219 22.6786 8.4
      vertex 27.1889 22.5833 8.4
    endloop
  endfacet
  facet normal 0.582452 -0.812865 0
    outer loop
      vertex 27.3219 22.6786 8.4
      vertex 27.1889 22.5833 2.4
      vertex 27.3219 22.6786 2.4
    endloop
  endfacet
  facet normal 0.412651 -0.910889 0
    outer loop
      vertex 26.7567 22.3523 2.4
      vertex 26.9057 22.4198 8.4
      vertex 26.7567 22.3523 8.4
    endloop
  endfacet
  facet normal 0.412651 -0.910889 0
    outer loop
      vertex 26.9057 22.4198 8.4
      vertex 26.7567 22.3523 2.4
      vertex 26.9057 22.4198 2.4
    endloop
  endfacet
  facet normal 0.84913 -0.528184 0
    outer loop
      vertex 27.8787 23.2731 8.4
      vertex 27.9651 23.412 2.4
      vertex 27.9651 23.412 8.4
    endloop
  endfacet
  facet normal 0.84913 -0.528184 0
    outer loop
      vertex 27.9651 23.412 2.4
      vertex 27.8787 23.2731 8.4
      vertex 27.8787 23.2731 2.4
    endloop
  endfacet
  facet normal 0.881997 -0.471254 0
    outer loop
      vertex 27.9651 23.412 8.4
      vertex 28.0422 23.5563 2.4
      vertex 28.0422 23.5563 8.4
    endloop
  endfacet
  facet normal 0.881997 -0.471254 0
    outer loop
      vertex 28.0422 23.5563 2.4
      vertex 27.9651 23.412 8.4
      vertex 27.9651 23.412 2.4
    endloop
  endfacet
  facet normal -0.352128 -0.935952 0
    outer loop
      vertex 24.8433 22.3523 2.4
      vertex 24.9964 22.2947 8.4
      vertex 24.8433 22.3523 8.4
    endloop
  endfacet
  facet normal -0.352128 -0.935952 -0
    outer loop
      vertex 24.9964 22.2947 8.4
      vertex 24.8433 22.3523 2.4
      vertex 24.9964 22.2947 2.4
    endloop
  endfacet
  facet normal -0.162614 -0.98669 0
    outer loop
      vertex 25.3123 22.21 2.4
      vertex 25.4737 22.1834 8.4
      vertex 25.3123 22.21 8.4
    endloop
  endfacet
  facet normal -0.162614 -0.98669 -0
    outer loop
      vertex 25.4737 22.1834 8.4
      vertex 25.3123 22.21 2.4
      vertex 25.4737 22.1834 2.4
    endloop
  endfacet
  facet normal -0.910889 -0.412651 0
    outer loop
      vertex 23.5578 23.5563 2.4
      vertex 23.4903 23.7053 8.4
      vertex 23.4903 23.7053 2.4
    endloop
  endfacet
  facet normal -0.910889 -0.412651 0
    outer loop
      vertex 23.4903 23.7053 8.4
      vertex 23.5578 23.5563 2.4
      vertex 23.5578 23.5563 8.4
    endloop
  endfacet
  facet normal -0.812865 -0.582452 0
    outer loop
      vertex 23.8166 23.1401 2.4
      vertex 23.7213 23.2731 8.4
      vertex 23.7213 23.2731 2.4
    endloop
  endfacet
  facet normal -0.812865 -0.582452 0
    outer loop
      vertex 23.7213 23.2731 8.4
      vertex 23.8166 23.1401 2.4
      vertex 23.8166 23.1401 8.4
    endloop
  endfacet
  facet normal 0.935952 0.352128 0
    outer loop
      vertex 28.1673 25.4656 8.4
      vertex 28.1097 25.6187 2.4
      vertex 28.1097 25.6187 8.4
    endloop
  endfacet
  facet normal 0.935952 0.352128 0
    outer loop
      vertex 28.1097 25.6187 2.4
      vertex 28.1673 25.4656 8.4
      vertex 28.1673 25.4656 2.4
    endloop
  endfacet
  facet normal 0.881997 0.471254 0
    outer loop
      vertex 28.0422 25.7677 8.4
      vertex 27.9651 25.912 2.4
      vertex 27.9651 25.912 8.4
    endloop
  endfacet
  facet normal 0.881997 0.471254 0
    outer loop
      vertex 27.9651 25.912 2.4
      vertex 28.0422 25.7677 8.4
      vertex 28.0422 25.7677 2.4
    endloop
  endfacet
  facet normal 0.290525 0.956867 -0
    outer loop
      vertex 26.6036 27.0293 2.4
      vertex 26.4959 27.062 8.4
      vertex 26.6036 27.0293 8.4
    endloop
  endfacet
  facet normal 0.290525 0.956867 0
    outer loop
      vertex 26.4959 27.062 8.4
      vertex 26.6036 27.0293 2.4
      vertex 26.4959 27.062 2.4
    endloop
  endfacet
  facet normal 0.528184 0.84913 -0
    outer loop
      vertex 27.1889 26.7407 2.4
      vertex 27.05 26.8271 8.4
      vertex 27.1889 26.7407 8.4
    endloop
  endfacet
  facet normal 0.528184 0.84913 0
    outer loop
      vertex 27.05 26.8271 8.4
      vertex 27.1889 26.7407 2.4
      vertex 27.05 26.8271 2.4
    endloop
  endfacet
  facet normal 0.471254 0.881997 -0
    outer loop
      vertex 27.05 26.8271 2.4
      vertex 26.9057 26.9042 8.4
      vertex 27.05 26.8271 8.4
    endloop
  endfacet
  facet normal 0.471254 0.881997 0
    outer loop
      vertex 26.9057 26.9042 8.4
      vertex 27.05 26.8271 2.4
      vertex 26.9057 26.9042 2.4
    endloop
  endfacet
  facet normal 0.683494 0.729956 -0
    outer loop
      vertex 27.5678 26.4298 2.4
      vertex 27.4484 26.5416 8.4
      vertex 27.5678 26.4298 8.4
    endloop
  endfacet
  facet normal 0.683494 0.729956 0
    outer loop
      vertex 27.4484 26.5416 8.4
      vertex 27.5678 26.4298 2.4
      vertex 27.4484 26.5416 2.4
    endloop
  endfacet
  facet normal -0.773058 0.634335 0
    outer loop
      vertex 23.8166 26.1839 2.4
      vertex 23.9204 26.3104 8.4
      vertex 23.9204 26.3104 2.4
    endloop
  endfacet
  facet normal -0.773058 0.634335 0
    outer loop
      vertex 23.9204 26.3104 8.4
      vertex 23.8166 26.1839 2.4
      vertex 23.8166 26.1839 8.4
    endloop
  endfacet
  facet normal -0.729956 0.683494 0
    outer loop
      vertex 23.9204 26.3104 2.4
      vertex 24.0322 26.4298 8.4
      vertex 24.0322 26.4298 2.4
    endloop
  endfacet
  facet normal -0.729956 0.683494 0
    outer loop
      vertex 24.0322 26.4298 8.4
      vertex 23.9204 26.3104 2.4
      vertex 23.9204 26.3104 8.4
    endloop
  endfacet
  facet normal -0.881997 0.471254 0
    outer loop
      vertex 23.5578 25.7677 2.4
      vertex 23.6349 25.912 8.4
      vertex 23.6349 25.912 2.4
    endloop
  endfacet
  facet normal -0.881997 0.471254 0
    outer loop
      vertex 23.6349 25.912 8.4
      vertex 23.5578 25.7677 2.4
      vertex 23.5578 25.7677 8.4
    endloop
  endfacet
  facet normal -0.84913 0.528184 0
    outer loop
      vertex 23.6349 25.912 2.4
      vertex 23.7213 26.0509 8.4
      vertex 23.7213 26.0509 2.4
    endloop
  endfacet
  facet normal -0.84913 0.528184 0
    outer loop
      vertex 23.7213 26.0509 8.4
      vertex 23.6349 25.912 2.4
      vertex 23.6349 25.912 8.4
    endloop
  endfacet
  facet normal -0.956947 0.290262 0
    outer loop
      vertex 23.3852 25.309 2.4
      vertex 23.4327 25.4656 8.4
      vertex 23.4327 25.4656 2.4
    endloop
  endfacet
  facet normal -0.956947 0.290262 0
    outer loop
      vertex 23.4327 25.4656 8.4
      vertex 23.3852 25.309 2.4
      vertex 23.3852 25.309 8.4
    endloop
  endfacet
  facet normal -0.995205 0.0978089 0
    outer loop
      vertex 23.3054 24.8255 2.4
      vertex 23.3214 24.9883 8.4
      vertex 23.3214 24.9883 2.4
    endloop
  endfacet
  facet normal -0.995205 0.0978089 0
    outer loop
      vertex 23.3214 24.9883 8.4
      vertex 23.3054 24.8255 2.4
      vertex 23.3054 24.8255 8.4
    endloop
  endfacet
  facet normal -0.471254 0.881997 0
    outer loop
      vertex 24.6943 26.9042 2.4
      vertex 24.55 26.8271 8.4
      vertex 24.6943 26.9042 8.4
    endloop
  endfacet
  facet normal -0.471254 0.881997 0
    outer loop
      vertex 24.55 26.8271 8.4
      vertex 24.6943 26.9042 2.4
      vertex 24.55 26.8271 2.4
    endloop
  endfacet
  facet normal -0.634335 0.773058 0
    outer loop
      vertex 24.2781 26.6454 2.4
      vertex 24.1516 26.5416 8.4
      vertex 24.2781 26.6454 8.4
    endloop
  endfacet
  facet normal -0.634335 0.773058 0
    outer loop
      vertex 24.1516 26.5416 8.4
      vertex 24.2781 26.6454 2.4
      vertex 24.1516 26.5416 2.4
    endloop
  endfacet
  facet normal -0.290525 0.956867 0
    outer loop
      vertex 25.1041 27.062 2.4
      vertex 24.9964 27.0293 8.4
      vertex 25.1041 27.062 8.4
    endloop
  endfacet
  facet normal -0.290525 0.956867 0
    outer loop
      vertex 24.9964 27.0293 8.4
      vertex 25.1041 27.062 2.4
      vertex 24.9964 27.0293 2.4
    endloop
  endfacet
  facet normal 0.0330095 -0.999455 0
    outer loop
      vertex 25.8 22.162 2.4
      vertex 25.9635 22.1674 8.4
      vertex 25.8 22.162 8.4
    endloop
  endfacet
  facet normal 0.0330095 -0.999455 0
    outer loop
      vertex 25.9635 22.1674 8.4
      vertex 25.8 22.162 2.4
      vertex 25.9635 22.1674 2.4
    endloop
  endfacet
  facet normal 0.162614 -0.98669 0
    outer loop
      vertex 26.1263 22.1834 2.4
      vertex 26.2877 22.21 8.4
      vertex 26.1263 22.1834 8.4
    endloop
  endfacet
  facet normal 0.162614 -0.98669 0
    outer loop
      vertex 26.2877 22.21 8.4
      vertex 26.1263 22.1834 2.4
      vertex 26.2877 22.21 2.4
    endloop
  endfacet
  facet normal 0.352128 -0.935952 0
    outer loop
      vertex 26.6036 22.2947 2.4
      vertex 26.7567 22.3523 8.4
      vertex 26.6036 22.2947 8.4
    endloop
  endfacet
  facet normal 0.352128 -0.935952 0
    outer loop
      vertex 26.7567 22.3523 8.4
      vertex 26.6036 22.2947 2.4
      vertex 26.7567 22.3523 2.4
    endloop
  endfacet
  facet normal 0.227404 -0.973801 0
    outer loop
      vertex 26.2877 22.21 2.4
      vertex 26.447 22.2472 8.4
      vertex 26.2877 22.21 8.4
    endloop
  endfacet
  facet normal 0.227404 -0.973801 0
    outer loop
      vertex 26.447 22.2472 8.4
      vertex 26.2877 22.21 2.4
      vertex 26.447 22.2472 2.4
    endloop
  endfacet
  facet normal 0.634335 -0.773058 0
    outer loop
      vertex 27.3219 22.6786 2.4
      vertex 27.4484 22.7824 8.4
      vertex 27.3219 22.6786 8.4
    endloop
  endfacet
  facet normal 0.634335 -0.773058 0
    outer loop
      vertex 27.4484 22.7824 8.4
      vertex 27.3219 22.6786 2.4
      vertex 27.4484 22.7824 2.4
    endloop
  endfacet
  facet normal 0.471254 -0.881997 0
    outer loop
      vertex 26.9057 22.4198 2.4
      vertex 27.05 22.4969 8.4
      vertex 26.9057 22.4198 8.4
    endloop
  endfacet
  facet normal 0.471254 -0.881997 0
    outer loop
      vertex 27.05 22.4969 8.4
      vertex 26.9057 22.4198 2.4
      vertex 27.05 22.4969 2.4
    endloop
  endfacet
  facet normal 0.729956 -0.683494 0
    outer loop
      vertex 27.5678 22.8942 8.4
      vertex 27.6796 23.0136 2.4
      vertex 27.6796 23.0136 8.4
    endloop
  endfacet
  facet normal 0.729956 -0.683494 0
    outer loop
      vertex 27.6796 23.0136 2.4
      vertex 27.5678 22.8942 8.4
      vertex 27.5678 22.8942 2.4
    endloop
  endfacet
  facet normal 0.812865 -0.582452 0
    outer loop
      vertex 27.7834 23.1401 8.4
      vertex 27.8787 23.2731 2.4
      vertex 27.8787 23.2731 8.4
    endloop
  endfacet
  facet normal 0.812865 -0.582452 0
    outer loop
      vertex 27.8787 23.2731 2.4
      vertex 27.7834 23.1401 8.4
      vertex 27.7834 23.1401 2.4
    endloop
  endfacet
  facet normal 0.910889 -0.412651 0
    outer loop
      vertex 28.0422 23.5563 8.4
      vertex 28.1097 23.7053 2.4
      vertex 28.1097 23.7053 8.4
    endloop
  endfacet
  facet normal 0.910889 -0.412651 0
    outer loop
      vertex 28.1097 23.7053 2.4
      vertex 28.0422 23.5563 8.4
      vertex 28.0422 23.5563 2.4
    endloop
  endfacet
  facet normal -0.683494 -0.729956 0
    outer loop
      vertex 24.0322 22.8942 2.4
      vertex 24.1516 22.7824 8.4
      vertex 24.0322 22.8942 8.4
    endloop
  endfacet
  facet normal -0.683494 -0.729956 -0
    outer loop
      vertex 24.1516 22.7824 8.4
      vertex 24.0322 22.8942 2.4
      vertex 24.1516 22.7824 2.4
    endloop
  endfacet
  facet normal -0.582452 -0.812865 0
    outer loop
      vertex 24.2781 22.6786 2.4
      vertex 24.4111 22.5833 8.4
      vertex 24.2781 22.6786 8.4
    endloop
  endfacet
  facet normal -0.582452 -0.812865 -0
    outer loop
      vertex 24.4111 22.5833 8.4
      vertex 24.2781 22.6786 2.4
      vertex 24.4111 22.5833 2.4
    endloop
  endfacet
  facet normal -0.412651 -0.910889 0
    outer loop
      vertex 24.6943 22.4198 2.4
      vertex 24.8433 22.3523 8.4
      vertex 24.6943 22.4198 8.4
    endloop
  endfacet
  facet normal -0.412651 -0.910889 -0
    outer loop
      vertex 24.8433 22.3523 8.4
      vertex 24.6943 22.4198 2.4
      vertex 24.8433 22.3523 2.4
    endloop
  endfacet
  facet normal -0.528184 -0.84913 0
    outer loop
      vertex 24.4111 22.5833 2.4
      vertex 24.55 22.4969 8.4
      vertex 24.4111 22.5833 8.4
    endloop
  endfacet
  facet normal -0.528184 -0.84913 -0
    outer loop
      vertex 24.55 22.4969 8.4
      vertex 24.4111 22.5833 2.4
      vertex 24.55 22.4969 2.4
    endloop
  endfacet
  facet normal -0.290262 -0.956947 0
    outer loop
      vertex 24.9964 22.2947 2.4
      vertex 25.153 22.2472 8.4
      vertex 24.9964 22.2947 8.4
    endloop
  endfacet
  facet normal -0.290262 -0.956947 -0
    outer loop
      vertex 25.153 22.2472 8.4
      vertex 24.9964 22.2947 2.4
      vertex 25.153 22.2472 2.4
    endloop
  endfacet
  facet normal -0.0978089 -0.995205 0
    outer loop
      vertex 25.4737 22.1834 2.4
      vertex 25.6365 22.1674 8.4
      vertex 25.4737 22.1834 8.4
    endloop
  endfacet
  facet normal -0.0978089 -0.995205 -0
    outer loop
      vertex 25.6365 22.1674 8.4
      vertex 25.4737 22.1834 2.4
      vertex 25.6365 22.1674 2.4
    endloop
  endfacet
  facet normal -0.881997 -0.471254 0
    outer loop
      vertex 23.6349 23.412 2.4
      vertex 23.5578 23.5563 8.4
      vertex 23.5578 23.5563 2.4
    endloop
  endfacet
  facet normal -0.881997 -0.471254 0
    outer loop
      vertex 23.5578 23.5563 8.4
      vertex 23.6349 23.412 2.4
      vertex 23.6349 23.412 8.4
    endloop
  endfacet
  facet normal -0.773058 -0.634335 0
    outer loop
      vertex 23.9204 23.0136 2.4
      vertex 23.8166 23.1401 8.4
      vertex 23.8166 23.1401 2.4
    endloop
  endfacet
  facet normal -0.773058 -0.634335 0
    outer loop
      vertex 23.8166 23.1401 8.4
      vertex 23.9204 23.0136 2.4
      vertex 23.9204 23.0136 8.4
    endloop
  endfacet
  facet normal -0.956947 -0.290262 0
    outer loop
      vertex 23.4327 23.8584 2.4
      vertex 23.3852 24.015 8.4
      vertex 23.3852 24.015 2.4
    endloop
  endfacet
  facet normal -0.956947 -0.290262 0
    outer loop
      vertex 23.3852 24.015 8.4
      vertex 23.4327 23.8584 2.4
      vertex 23.4327 23.8584 8.4
    endloop
  endfacet
  facet normal -0.973801 -0.227404 0
    outer loop
      vertex 23.3852 24.015 2.4
      vertex 23.348 24.1743 8.4
      vertex 23.348 24.1743 2.4
    endloop
  endfacet
  facet normal -0.973801 -0.227404 0
    outer loop
      vertex 23.348 24.1743 8.4
      vertex 23.3852 24.015 2.4
      vertex 23.3852 24.015 8.4
    endloop
  endfacet
  facet normal -0.98669 -0.162614 0
    outer loop
      vertex 23.348 24.1743 2.4
      vertex 23.3214 24.3357 8.4
      vertex 23.3214 24.3357 2.4
    endloop
  endfacet
  facet normal -0.98669 -0.162614 0
    outer loop
      vertex 23.3214 24.3357 8.4
      vertex 23.348 24.1743 2.4
      vertex 23.348 24.1743 8.4
    endloop
  endfacet
  facet normal -0.999455 -0.0330095 0
    outer loop
      vertex 23.3054 24.4985 2.4
      vertex 23.3 24.662 8.4
      vertex 23.3 24.662 2.4
    endloop
  endfacet
  facet normal -0.999455 -0.0330095 0
    outer loop
      vertex 23.3 24.662 8.4
      vertex 23.3054 24.4985 2.4
      vertex 23.3054 24.4985 8.4
    endloop
  endfacet
  facet normal 0.0978089 -0.995205 0
    outer loop
      vertex 25.9635 22.1674 2.4
      vertex 26.1263 22.1834 8.4
      vertex 25.9635 22.1674 8.4
    endloop
  endfacet
  facet normal 0.0978089 -0.995205 0
    outer loop
      vertex 26.1263 22.1834 8.4
      vertex 25.9635 22.1674 2.4
      vertex 26.1263 22.1834 2.4
    endloop
  endfacet
  facet normal 0.290262 -0.956947 0
    outer loop
      vertex 26.447 22.2472 2.4
      vertex 26.6036 22.2947 8.4
      vertex 26.447 22.2472 8.4
    endloop
  endfacet
  facet normal 0.290262 -0.956947 0
    outer loop
      vertex 26.6036 22.2947 8.4
      vertex 26.447 22.2472 2.4
      vertex 26.6036 22.2947 2.4
    endloop
  endfacet
  facet normal 0.683494 -0.729956 0
    outer loop
      vertex 27.4484 22.7824 2.4
      vertex 27.5678 22.8942 8.4
      vertex 27.4484 22.7824 8.4
    endloop
  endfacet
  facet normal 0.683494 -0.729956 0
    outer loop
      vertex 27.5678 22.8942 8.4
      vertex 27.4484 22.7824 2.4
      vertex 27.5678 22.8942 2.4
    endloop
  endfacet
  facet normal 0.773058 -0.634335 0
    outer loop
      vertex 27.6796 23.0136 8.4
      vertex 27.7834 23.1401 2.4
      vertex 27.7834 23.1401 8.4
    endloop
  endfacet
  facet normal 0.773058 -0.634335 0
    outer loop
      vertex 27.7834 23.1401 2.4
      vertex 27.6796 23.0136 8.4
      vertex 27.6796 23.0136 2.4
    endloop
  endfacet
  facet normal 0.935952 -0.352128 0
    outer loop
      vertex 28.1097 23.7053 8.4
      vertex 28.1673 23.8584 2.4
      vertex 28.1673 23.8584 8.4
    endloop
  endfacet
  facet normal 0.935952 -0.352128 0
    outer loop
      vertex 28.1673 23.8584 2.4
      vertex 28.1097 23.7053 8.4
      vertex 28.1097 23.7053 2.4
    endloop
  endfacet
  facet normal -0.634335 -0.773058 0
    outer loop
      vertex 24.1516 22.7824 2.4
      vertex 24.2781 22.6786 8.4
      vertex 24.1516 22.7824 8.4
    endloop
  endfacet
  facet normal -0.634335 -0.773058 -0
    outer loop
      vertex 24.2781 22.6786 8.4
      vertex 24.1516 22.7824 2.4
      vertex 24.2781 22.6786 2.4
    endloop
  endfacet
  facet normal -0.471254 -0.881997 0
    outer loop
      vertex 24.55 22.4969 2.4
      vertex 24.6943 22.4198 8.4
      vertex 24.55 22.4969 8.4
    endloop
  endfacet
  facet normal -0.471254 -0.881997 -0
    outer loop
      vertex 24.6943 22.4198 8.4
      vertex 24.55 22.4969 2.4
      vertex 24.6943 22.4198 2.4
    endloop
  endfacet
  facet normal -0.227404 -0.973801 0
    outer loop
      vertex 25.153 22.2472 2.4
      vertex 25.3123 22.21 8.4
      vertex 25.153 22.2472 8.4
    endloop
  endfacet
  facet normal -0.227404 -0.973801 -0
    outer loop
      vertex 25.3123 22.21 8.4
      vertex 25.153 22.2472 2.4
      vertex 25.3123 22.21 2.4
    endloop
  endfacet
  facet normal -0.0330095 -0.999455 0
    outer loop
      vertex 25.6365 22.1674 2.4
      vertex 25.8 22.162 8.4
      vertex 25.6365 22.1674 8.4
    endloop
  endfacet
  facet normal -0.0330095 -0.999455 -0
    outer loop
      vertex 25.8 22.162 8.4
      vertex 25.6365 22.1674 2.4
      vertex 25.8 22.162 2.4
    endloop
  endfacet
  facet normal -0.84913 -0.528184 0
    outer loop
      vertex 23.7213 23.2731 2.4
      vertex 23.6349 23.412 8.4
      vertex 23.6349 23.412 2.4
    endloop
  endfacet
  facet normal -0.84913 -0.528184 0
    outer loop
      vertex 23.6349 23.412 8.4
      vertex 23.7213 23.2731 2.4
      vertex 23.7213 23.2731 8.4
    endloop
  endfacet
  facet normal -0.995205 -0.0978089 0
    outer loop
      vertex 23.3214 24.3357 2.4
      vertex 23.3054 24.4985 8.4
      vertex 23.3054 24.4985 2.4
    endloop
  endfacet
  facet normal -0.995205 -0.0978089 0
    outer loop
      vertex 23.3054 24.4985 8.4
      vertex 23.3214 24.3357 2.4
      vertex 23.3214 24.3357 8.4
    endloop
  endfacet
  facet normal 0.999476 0.0323571 0
    outer loop
      vertex 26.65 24.662 10.4
      vertex 26.6482 24.7176 8.4
      vertex 26.6482 24.7176 10.4
    endloop
  endfacet
  facet normal 0.999476 0.0323571 0
    outer loop
      vertex 26.6482 24.7176 8.4
      vertex 26.65 24.662 10.4
      vertex 26.65 24.662 8.4
    endloop
  endfacet
  facet normal -0.999476 0.0323571 0
    outer loop
      vertex 24.95 24.662 8.4
      vertex 24.9518 24.7176 10.4
      vertex 24.9518 24.7176 8.4
    endloop
  endfacet
  facet normal -0.999476 0.0323571 0
    outer loop
      vertex 24.9518 24.7176 10.4
      vertex 24.95 24.662 8.4
      vertex 24.95 24.662 10.4
    endloop
  endfacet
  facet normal -0.0323571 0.999476 0
    outer loop
      vertex 25.8 25.512 8.4
      vertex 25.7444 25.5102 10.4
      vertex 25.8 25.512 10.4
    endloop
  endfacet
  facet normal -0.0323571 0.999476 0
    outer loop
      vertex 25.7444 25.5102 10.4
      vertex 25.8 25.512 8.4
      vertex 25.7444 25.5102 8.4
    endloop
  endfacet
  facet normal 0.0323571 -0.999476 0
    outer loop
      vertex 25.8 23.812 8.4
      vertex 25.8556 23.8138 10.4
      vertex 25.8 23.812 10.4
    endloop
  endfacet
  facet normal 0.0323571 -0.999476 0
    outer loop
      vertex 25.8556 23.8138 10.4
      vertex 25.8 23.812 8.4
      vertex 25.8556 23.8138 8.4
    endloop
  endfacet
  facet normal 0.6843 0.729201 -0
    outer loop
      vertex 26.401 25.263 8.4
      vertex 26.3604 25.3011 10.4
      vertex 26.401 25.263 10.4
    endloop
  endfacet
  facet normal 0.6843 0.729201 0
    outer loop
      vertex 26.3604 25.3011 10.4
      vertex 26.401 25.263 8.4
      vertex 26.3604 25.3011 8.4
    endloop
  endfacet
  facet normal -0.729201 0.6843 0
    outer loop
      vertex 25.1609 25.2224 8.4
      vertex 25.199 25.263 10.4
      vertex 25.199 25.263 8.4
    endloop
  endfacet
  facet normal -0.729201 0.6843 0
    outer loop
      vertex 25.199 25.263 10.4
      vertex 25.1609 25.2224 8.4
      vertex 25.1609 25.2224 10.4
    endloop
  endfacet
  facet normal -0.413803 0.910366 0
    outer loop
      vertex 25.4747 25.4473 8.4
      vertex 25.4241 25.4243 10.4
      vertex 25.4747 25.4473 10.4
    endloop
  endfacet
  facet normal -0.413803 0.910366 0
    outer loop
      vertex 25.4241 25.4243 10.4
      vertex 25.4747 25.4473 8.4
      vertex 25.4241 25.4243 8.4
    endloop
  endfacet
  facet normal 0.910366 0.413803 0
    outer loop
      vertex 26.5853 24.9873 10.4
      vertex 26.5623 25.0379 8.4
      vertex 26.5623 25.0379 10.4
    endloop
  endfacet
  facet normal 0.910366 0.413803 0
    outer loop
      vertex 26.5623 25.0379 8.4
      vertex 26.5853 24.9873 10.4
      vertex 26.5853 24.9873 8.4
    endloop
  endfacet
  facet normal 0.352108 0.93596 -0
    outer loop
      vertex 26.1253 25.4473 8.4
      vertex 26.0732 25.4669 10.4
      vertex 26.1253 25.4473 10.4
    endloop
  endfacet
  facet normal 0.352108 0.93596 0
    outer loop
      vertex 26.0732 25.4669 10.4
      vertex 26.1253 25.4473 8.4
      vertex 26.0732 25.4669 8.4
    endloop
  endfacet
  facet normal 0.528705 0.848806 -0
    outer loop
      vertex 26.2722 25.3687 8.4
      vertex 26.225 25.3981 10.4
      vertex 26.2722 25.3687 10.4
    endloop
  endfacet
  facet normal 0.528705 0.848806 0
    outer loop
      vertex 26.225 25.3981 10.4
      vertex 26.2722 25.3687 8.4
      vertex 26.225 25.3981 8.4
    endloop
  endfacet
  facet normal -0.910366 0.413803 0
    outer loop
      vertex 25.0147 24.9873 8.4
      vertex 25.0377 25.0379 10.4
      vertex 25.0377 25.0379 8.4
    endloop
  endfacet
  facet normal -0.910366 0.413803 0
    outer loop
      vertex 25.0377 25.0379 10.4
      vertex 25.0147 24.9873 8.4
      vertex 25.0147 24.9873 10.4
    endloop
  endfacet
  facet normal -0.228138 0.973629 0
    outer loop
      vertex 25.6342 25.4957 8.4
      vertex 25.58 25.483 10.4
      vertex 25.6342 25.4957 10.4
    endloop
  endfacet
  facet normal -0.228138 0.973629 0
    outer loop
      vertex 25.58 25.483 10.4
      vertex 25.6342 25.4957 8.4
      vertex 25.58 25.483 8.4
    endloop
  endfacet
  facet normal 0.95713 -0.289658 0
    outer loop
      vertex 26.6049 24.3888 10.4
      vertex 26.621 24.442 8.4
      vertex 26.621 24.442 10.4
    endloop
  endfacet
  facet normal 0.95713 -0.289658 0
    outer loop
      vertex 26.621 24.442 8.4
      vertex 26.6049 24.3888 10.4
      vertex 26.6049 24.3888 8.4
    endloop
  endfacet
  facet normal 0.352108 -0.93596 0
    outer loop
      vertex 26.0732 23.8571 8.4
      vertex 26.1253 23.8767 10.4
      vertex 26.0732 23.8571 10.4
    endloop
  endfacet
  facet normal 0.352108 -0.93596 0
    outer loop
      vertex 26.1253 23.8767 10.4
      vertex 26.0732 23.8571 8.4
      vertex 26.1253 23.8767 8.4
    endloop
  endfacet
  facet normal 0.973629 0.228138 0
    outer loop
      vertex 26.6337 24.8278 10.4
      vertex 26.621 24.882 8.4
      vertex 26.621 24.882 10.4
    endloop
  endfacet
  facet normal 0.973629 0.228138 0
    outer loop
      vertex 26.621 24.882 8.4
      vertex 26.6337 24.8278 10.4
      vertex 26.6337 24.8278 8.4
    endloop
  endfacet
  facet normal 0.99509 0.0989692 0
    outer loop
      vertex 26.6482 24.7176 10.4
      vertex 26.6427 24.7729 8.4
      vertex 26.6427 24.7729 10.4
    endloop
  endfacet
  facet normal 0.99509 0.0989692 0
    outer loop
      vertex 26.6427 24.7729 8.4
      vertex 26.6482 24.7176 10.4
      vertex 26.6482 24.7176 8.4
    endloop
  endfacet
  facet normal 0.81276 0.582598 0
    outer loop
      vertex 26.5067 25.1342 10.4
      vertex 26.4743 25.1794 8.4
      vertex 26.4743 25.1794 10.4
    endloop
  endfacet
  facet normal 0.81276 0.582598 0
    outer loop
      vertex 26.4743 25.1794 8.4
      vertex 26.5067 25.1342 10.4
      vertex 26.5067 25.1342 8.4
    endloop
  endfacet
  facet normal 0.773797 0.633434 0
    outer loop
      vertex 26.4743 25.1794 10.4
      vertex 26.4391 25.2224 8.4
      vertex 26.4391 25.2224 10.4
    endloop
  endfacet
  facet normal 0.773797 0.633434 0
    outer loop
      vertex 26.4391 25.2224 8.4
      vertex 26.4743 25.1794 10.4
      vertex 26.4743 25.1794 8.4
    endloop
  endfacet
  facet normal 0.848806 0.528705 0
    outer loop
      vertex 26.5361 25.087 10.4
      vertex 26.5067 25.1342 8.4
      vertex 26.5067 25.1342 10.4
    endloop
  endfacet
  facet normal 0.848806 0.528705 0
    outer loop
      vertex 26.5067 25.1342 8.4
      vertex 26.5361 25.087 10.4
      vertex 26.5361 25.087 8.4
    endloop
  endfacet
  facet normal 0.161775 0.986828 -0
    outer loop
      vertex 25.9658 25.4957 8.4
      vertex 25.9109 25.5047 10.4
      vertex 25.9658 25.4957 10.4
    endloop
  endfacet
  facet normal 0.161775 0.986828 0
    outer loop
      vertex 25.9109 25.5047 10.4
      vertex 25.9658 25.4957 8.4
      vertex 25.9109 25.5047 8.4
    endloop
  endfacet
  facet normal 0.289658 0.95713 -0
    outer loop
      vertex 26.0732 25.4669 8.4
      vertex 26.02 25.483 10.4
      vertex 26.0732 25.4669 10.4
    endloop
  endfacet
  facet normal 0.289658 0.95713 0
    outer loop
      vertex 26.02 25.483 10.4
      vertex 26.0732 25.4669 8.4
      vertex 26.02 25.483 8.4
    endloop
  endfacet
  facet normal 0.0989692 0.99509 -0
    outer loop
      vertex 25.9109 25.5047 8.4
      vertex 25.8556 25.5102 10.4
      vertex 25.9109 25.5047 10.4
    endloop
  endfacet
  facet normal 0.0989692 0.99509 0
    outer loop
      vertex 25.8556 25.5102 10.4
      vertex 25.9109 25.5047 8.4
      vertex 25.8556 25.5102 8.4
    endloop
  endfacet
  facet normal 0.582598 0.81276 -0
    outer loop
      vertex 26.3174 25.3363 8.4
      vertex 26.2722 25.3687 10.4
      vertex 26.3174 25.3363 10.4
    endloop
  endfacet
  facet normal 0.582598 0.81276 0
    outer loop
      vertex 26.2722 25.3687 10.4
      vertex 26.3174 25.3363 8.4
      vertex 26.2722 25.3687 8.4
    endloop
  endfacet
  facet normal -0.973629 0.228138 0
    outer loop
      vertex 24.9663 24.8278 8.4
      vertex 24.979 24.882 10.4
      vertex 24.979 24.882 8.4
    endloop
  endfacet
  facet normal -0.973629 0.228138 0
    outer loop
      vertex 24.979 24.882 10.4
      vertex 24.9663 24.8278 8.4
      vertex 24.9663 24.8278 10.4
    endloop
  endfacet
  facet normal -0.848806 0.528705 0
    outer loop
      vertex 25.0639 25.087 8.4
      vertex 25.0933 25.1342 10.4
      vertex 25.0933 25.1342 8.4
    endloop
  endfacet
  facet normal -0.848806 0.528705 0
    outer loop
      vertex 25.0933 25.1342 10.4
      vertex 25.0639 25.087 8.4
      vertex 25.0639 25.087 10.4
    endloop
  endfacet
  facet normal -0.882253 0.470775 0
    outer loop
      vertex 25.0377 25.0379 8.4
      vertex 25.0639 25.087 10.4
      vertex 25.0639 25.087 8.4
    endloop
  endfacet
  facet normal -0.882253 0.470775 0
    outer loop
      vertex 25.0639 25.087 10.4
      vertex 25.0377 25.0379 8.4
      vertex 25.0377 25.0379 10.4
    endloop
  endfacet
  facet normal 0 0 1
    outer loop
      vertex 26.6482 24.7176 10.4
      vertex 26.6482 24.6064 10.4
      vertex 26.65 24.662 10.4
    endloop
  endfacet
  facet normal 0 0 1
    outer loop
      vertex 26.6427 24.7729 10.4
      vertex 26.6482 24.6064 10.4
      vertex 26.6482 24.7176 10.4
    endloop
  endfacet
  facet normal 0 0 1
    outer loop
      vertex 26.6427 24.7729 10.4
      vertex 26.6427 24.5511 10.4
      vertex 26.6482 24.6064 10.4
    endloop
  endfacet
  facet normal 0 0 1
    outer loop
      vertex 26.6337 24.8278 10.4
      vertex 26.6427 24.5511 10.4
      vertex 26.6427 24.7729 10.4
    endloop
  endfacet
  facet normal 0 0 1
    outer loop
      vertex 26.6337 24.8278 10.4
      vertex 26.6337 24.4962 10.4
      vertex 26.6427 24.5511 10.4
    endloop
  endfacet
  facet normal 0 0 1
    outer loop
      vertex 26.621 24.882 10.4
      vertex 26.6337 24.4962 10.4
      vertex 26.6337 24.8278 10.4
    endloop
  endfacet
  facet normal 0 0 1
    outer loop
      vertex 26.621 24.882 10.4
      vertex 26.621 24.442 10.4
      vertex 26.6337 24.4962 10.4
    endloop
  endfacet
  facet normal 0 0 1
    outer loop
      vertex 26.6049 24.9352 10.4
      vertex 26.621 24.442 10.4
      vertex 26.621 24.882 10.4
    endloop
  endfacet
  facet normal 0 0 1
    outer loop
      vertex 26.6049 24.9352 10.4
      vertex 26.6049 24.3888 10.4
      vertex 26.621 24.442 10.4
    endloop
  endfacet
  facet normal 0 0 1
    outer loop
      vertex 26.5853 24.9873 10.4
      vertex 26.6049 24.3888 10.4
      vertex 26.6049 24.9352 10.4
    endloop
  endfacet
  facet normal 0 0 1
    outer loop
      vertex 26.5853 24.9873 10.4
      vertex 26.5853 24.3367 10.4
      vertex 26.6049 24.3888 10.4
    endloop
  endfacet
  facet normal 0 0 1
    outer loop
      vertex 26.5623 25.0379 10.4
      vertex 26.5853 24.3367 10.4
      vertex 26.5853 24.9873 10.4
    endloop
  endfacet
  facet normal 0 0 1
    outer loop
      vertex 26.5623 25.0379 10.4
      vertex 26.5623 24.2861 10.4
      vertex 26.5853 24.3367 10.4
    endloop
  endfacet
  facet normal 0 0 1
    outer loop
      vertex 26.5361 25.087 10.4
      vertex 26.5623 24.2861 10.4
      vertex 26.5623 25.0379 10.4
    endloop
  endfacet
  facet normal 0 0 1
    outer loop
      vertex 26.5361 25.087 10.4
      vertex 26.5361 24.237 10.4
      vertex 26.5623 24.2861 10.4
    endloop
  endfacet
  facet normal 0 0 1
    outer loop
      vertex 26.5067 25.1342 10.4
      vertex 26.5361 24.237 10.4
      vertex 26.5361 25.087 10.4
    endloop
  endfacet
  facet normal 0 0 1
    outer loop
      vertex 26.5067 25.1342 10.4
      vertex 26.5067 24.1898 10.4
      vertex 26.5361 24.237 10.4
    endloop
  endfacet
  facet normal 0 0 1
    outer loop
      vertex 26.4743 25.1794 10.4
      vertex 26.5067 24.1898 10.4
      vertex 26.5067 25.1342 10.4
    endloop
  endfacet
  facet normal 0 0 1
    outer loop
      vertex 26.4743 25.1794 10.4
      vertex 26.4743 24.1446 10.4
      vertex 26.5067 24.1898 10.4
    endloop
  endfacet
  facet normal 0 0 1
    outer loop
      vertex 26.4391 25.2224 10.4
      vertex 26.4743 24.1446 10.4
      vertex 26.4743 25.1794 10.4
    endloop
  endfacet
  facet normal 0 0 1
    outer loop
      vertex 26.4391 25.2224 10.4
      vertex 26.4391 24.1016 10.4
      vertex 26.4743 24.1446 10.4
    endloop
  endfacet
  facet normal 0 0 1
    outer loop
      vertex 26.401 25.263 10.4
      vertex 26.4391 24.1016 10.4
      vertex 26.4391 25.2224 10.4
    endloop
  endfacet
  facet normal 0 0 1
    outer loop
      vertex 26.401 25.263 10.4
      vertex 26.401 24.061 10.4
      vertex 26.4391 24.1016 10.4
    endloop
  endfacet
  facet normal 0 0 1
    outer loop
      vertex 26.3604 25.3011 10.4
      vertex 26.401 24.061 10.4
      vertex 26.401 25.263 10.4
    endloop
  endfacet
  facet normal 0 0 1
    outer loop
      vertex 26.3604 25.3011 10.4
      vertex 26.3604 24.0229 10.4
      vertex 26.401 24.061 10.4
    endloop
  endfacet
  facet normal 0 0 1
    outer loop
      vertex 26.3174 25.3363 10.4
      vertex 26.3604 24.0229 10.4
      vertex 26.3604 25.3011 10.4
    endloop
  endfacet
  facet normal 0 0 1
    outer loop
      vertex 26.3174 25.3363 10.4
      vertex 26.3174 23.9876 10.4
      vertex 26.3604 24.0229 10.4
    endloop
  endfacet
  facet normal 0 0 1
    outer loop
      vertex 26.2722 25.3687 10.4
      vertex 26.3174 23.9876 10.4
      vertex 26.3174 25.3363 10.4
    endloop
  endfacet
  facet normal 0 0 1
    outer loop
      vertex 26.2722 25.3687 10.4
      vertex 26.2722 23.9553 10.4
      vertex 26.3174 23.9876 10.4
    endloop
  endfacet
  facet normal 0 0 1
    outer loop
      vertex 26.225 25.3981 10.4
      vertex 26.2722 23.9553 10.4
      vertex 26.2722 25.3687 10.4
    endloop
  endfacet
  facet normal 0 0 1
    outer loop
      vertex 26.225 25.3981 10.4
      vertex 26.225 23.9259 10.4
      vertex 26.2722 23.9553 10.4
    endloop
  endfacet
  facet normal 0 0 1
    outer loop
      vertex 26.1759 25.4243 10.4
      vertex 26.225 23.9259 10.4
      vertex 26.225 25.3981 10.4
    endloop
  endfacet
  facet normal 0 0 1
    outer loop
      vertex 26.1759 25.4243 10.4
      vertex 26.1759 23.8997 10.4
      vertex 26.225 23.9259 10.4
    endloop
  endfacet
  facet normal 0 0 1
    outer loop
      vertex 26.1253 25.4473 10.4
      vertex 26.1759 23.8997 10.4
      vertex 26.1759 25.4243 10.4
    endloop
  endfacet
  facet normal 0 0 1
    outer loop
      vertex 26.1253 25.4473 10.4
      vertex 26.1253 23.8767 10.4
      vertex 26.1759 23.8997 10.4
    endloop
  endfacet
  facet normal 0 0 1
    outer loop
      vertex 26.0732 25.4669 10.4
      vertex 26.1253 23.8767 10.4
      vertex 26.1253 25.4473 10.4
    endloop
  endfacet
  facet normal 0 0 1
    outer loop
      vertex 26.0732 25.4669 10.4
      vertex 26.0732 23.8571 10.4
      vertex 26.1253 23.8767 10.4
    endloop
  endfacet
  facet normal 0 0 1
    outer loop
      vertex 26.02 25.483 10.4
      vertex 26.0732 23.8571 10.4
      vertex 26.0732 25.4669 10.4
    endloop
  endfacet
  facet normal 0 0 1
    outer loop
      vertex 26.02 25.483 10.4
      vertex 26.02 23.841 10.4
      vertex 26.0732 23.8571 10.4
    endloop
  endfacet
  facet normal 0 0 1
    outer loop
      vertex 25.9658 25.4957 10.4
      vertex 26.02 23.841 10.4
      vertex 26.02 25.483 10.4
    endloop
  endfacet
  facet normal 0 0 1
    outer loop
      vertex 25.9658 25.4957 10.4
      vertex 25.9658 23.8283 10.4
      vertex 26.02 23.841 10.4
    endloop
  endfacet
  facet normal 0 0 1
    outer loop
      vertex 25.9109 25.5047 10.4
      vertex 25.9658 23.8283 10.4
      vertex 25.9658 25.4957 10.4
    endloop
  endfacet
  facet normal 0 0 1
    outer loop
      vertex 25.9109 25.5047 10.4
      vertex 25.9109 23.8193 10.4
      vertex 25.9658 23.8283 10.4
    endloop
  endfacet
  facet normal 0 0 1
    outer loop
      vertex 25.8556 25.5102 10.4
      vertex 25.9109 23.8193 10.4
      vertex 25.9109 25.5047 10.4
    endloop
  endfacet
  facet normal 0 0 1
    outer loop
      vertex 25.8556 25.5102 10.4
      vertex 25.8556 23.8138 10.4
      vertex 25.9109 23.8193 10.4
    endloop
  endfacet
  facet normal 0 0 1
    outer loop
      vertex 25.8 25.512 10.4
      vertex 25.8556 23.8138 10.4
      vertex 25.8556 25.5102 10.4
    endloop
  endfacet
  facet normal 0 0 1
    outer loop
      vertex 25.8 25.512 10.4
      vertex 25.8 23.812 10.4
      vertex 25.8556 23.8138 10.4
    endloop
  endfacet
  facet normal -0 0 1
    outer loop
      vertex 25.7444 25.5102 10.4
      vertex 25.8 23.812 10.4
      vertex 25.8 25.512 10.4
    endloop
  endfacet
  facet normal 0 0 1
    outer loop
      vertex 25.7444 25.5102 10.4
      vertex 25.7444 23.8138 10.4
      vertex 25.8 23.812 10.4
    endloop
  endfacet
  facet normal -0 0 1
    outer loop
      vertex 25.6891 25.5047 10.4
      vertex 25.7444 23.8138 10.4
      vertex 25.7444 25.5102 10.4
    endloop
  endfacet
  facet normal 0 0 1
    outer loop
      vertex 25.6891 25.5047 10.4
      vertex 25.6891 23.8193 10.4
      vertex 25.7444 23.8138 10.4
    endloop
  endfacet
  facet normal -0 0 1
    outer loop
      vertex 25.6342 25.4957 10.4
      vertex 25.6891 23.8193 10.4
      vertex 25.6891 25.5047 10.4
    endloop
  endfacet
  facet normal 0 0 1
    outer loop
      vertex 25.6342 25.4957 10.4
      vertex 25.6342 23.8283 10.4
      vertex 25.6891 23.8193 10.4
    endloop
  endfacet
  facet normal -0 0 1
    outer loop
      vertex 25.58 25.483 10.4
      vertex 25.6342 23.8283 10.4
      vertex 25.6342 25.4957 10.4
    endloop
  endfacet
  facet normal 0 0 1
    outer loop
      vertex 25.58 25.483 10.4
      vertex 25.58 23.841 10.4
      vertex 25.6342 23.8283 10.4
    endloop
  endfacet
  facet normal -0 0 1
    outer loop
      vertex 25.5268 25.4669 10.4
      vertex 25.58 23.841 10.4
      vertex 25.58 25.483 10.4
    endloop
  endfacet
  facet normal 0 0 1
    outer loop
      vertex 25.5268 25.4669 10.4
      vertex 25.5268 23.8571 10.4
      vertex 25.58 23.841 10.4
    endloop
  endfacet
  facet normal -0 0 1
    outer loop
      vertex 25.4747 25.4473 10.4
      vertex 25.5268 23.8571 10.4
      vertex 25.5268 25.4669 10.4
    endloop
  endfacet
  facet normal 0 0 1
    outer loop
      vertex 25.4747 25.4473 10.4
      vertex 25.4747 23.8767 10.4
      vertex 25.5268 23.8571 10.4
    endloop
  endfacet
  facet normal -0 0 1
    outer loop
      vertex 25.4241 25.4243 10.4
      vertex 25.4747 23.8767 10.4
      vertex 25.4747 25.4473 10.4
    endloop
  endfacet
  facet normal 0 0 1
    outer loop
      vertex 25.4241 25.4243 10.4
      vertex 25.4241 23.8997 10.4
      vertex 25.4747 23.8767 10.4
    endloop
  endfacet
  facet normal -0 0 1
    outer loop
      vertex 25.375 25.3981 10.4
      vertex 25.4241 23.8997 10.4
      vertex 25.4241 25.4243 10.4
    endloop
  endfacet
  facet normal 0 0 1
    outer loop
      vertex 25.375 25.3981 10.4
      vertex 25.375 23.9259 10.4
      vertex 25.4241 23.8997 10.4
    endloop
  endfacet
  facet normal -0 0 1
    outer loop
      vertex 25.3278 25.3687 10.4
      vertex 25.375 23.9259 10.4
      vertex 25.375 25.3981 10.4
    endloop
  endfacet
  facet normal 0 0 1
    outer loop
      vertex 25.3278 25.3687 10.4
      vertex 25.3278 23.9553 10.4
      vertex 25.375 23.9259 10.4
    endloop
  endfacet
  facet normal -0 0 1
    outer loop
      vertex 25.2826 25.3363 10.4
      vertex 25.3278 23.9553 10.4
      vertex 25.3278 25.3687 10.4
    endloop
  endfacet
  facet normal 0 0 1
    outer loop
      vertex 25.2826 25.3363 10.4
      vertex 25.2826 23.9876 10.4
      vertex 25.3278 23.9553 10.4
    endloop
  endfacet
  facet normal -0 0 1
    outer loop
      vertex 25.2396 25.3011 10.4
      vertex 25.2826 23.9876 10.4
      vertex 25.2826 25.3363 10.4
    endloop
  endfacet
  facet normal 0 0 1
    outer loop
      vertex 25.2396 25.3011 10.4
      vertex 25.2396 24.0229 10.4
      vertex 25.2826 23.9876 10.4
    endloop
  endfacet
  facet normal -0 0 1
    outer loop
      vertex 25.199 25.263 10.4
      vertex 25.2396 24.0229 10.4
      vertex 25.2396 25.3011 10.4
    endloop
  endfacet
  facet normal 0 0 1
    outer loop
      vertex 25.199 25.263 10.4
      vertex 25.199 24.061 10.4
      vertex 25.2396 24.0229 10.4
    endloop
  endfacet
  facet normal -0 0 1
    outer loop
      vertex 25.1609 25.2224 10.4
      vertex 25.199 24.061 10.4
      vertex 25.199 25.263 10.4
    endloop
  endfacet
  facet normal 0 0 1
    outer loop
      vertex 25.1609 25.2224 10.4
      vertex 25.1609 24.1016 10.4
      vertex 25.199 24.061 10.4
    endloop
  endfacet
  facet normal -0 0 1
    outer loop
      vertex 25.1257 25.1794 10.4
      vertex 25.1609 24.1016 10.4
      vertex 25.1609 25.2224 10.4
    endloop
  endfacet
  facet normal 0 0 1
    outer loop
      vertex 25.1257 25.1794 10.4
      vertex 25.1257 24.1446 10.4
      vertex 25.1609 24.1016 10.4
    endloop
  endfacet
  facet normal -0 0 1
    outer loop
      vertex 25.0933 25.1342 10.4
      vertex 25.1257 24.1446 10.4
      vertex 25.1257 25.1794 10.4
    endloop
  endfacet
  facet normal 0 0 1
    outer loop
      vertex 25.0933 25.1342 10.4
      vertex 25.0933 24.1898 10.4
      vertex 25.1257 24.1446 10.4
    endloop
  endfacet
  facet normal -0 0 1
    outer loop
      vertex 25.0639 25.087 10.4
      vertex 25.0933 24.1898 10.4
      vertex 25.0933 25.1342 10.4
    endloop
  endfacet
  facet normal 0 0 1
    outer loop
      vertex 25.0639 25.087 10.4
      vertex 25.0639 24.237 10.4
      vertex 25.0933 24.1898 10.4
    endloop
  endfacet
  facet normal -0 0 1
    outer loop
      vertex 25.0377 25.0379 10.4
      vertex 25.0639 24.237 10.4
      vertex 25.0639 25.087 10.4
    endloop
  endfacet
  facet normal 0 0 1
    outer loop
      vertex 25.0377 25.0379 10.4
      vertex 25.0377 24.2861 10.4
      vertex 25.0639 24.237 10.4
    endloop
  endfacet
  facet normal -0 0 1
    outer loop
      vertex 25.0147 24.9873 10.4
      vertex 25.0377 24.2861 10.4
      vertex 25.0377 25.0379 10.4
    endloop
  endfacet
  facet normal 0 0 1
    outer loop
      vertex 25.0147 24.9873 10.4
      vertex 25.0147 24.3367 10.4
      vertex 25.0377 24.2861 10.4
    endloop
  endfacet
  facet normal -0 0 1
    outer loop
      vertex 24.9951 24.9352 10.4
      vertex 25.0147 24.3367 10.4
      vertex 25.0147 24.9873 10.4
    endloop
  endfacet
  facet normal 0 0 1
    outer loop
      vertex 24.9951 24.9352 10.4
      vertex 24.9951 24.3888 10.4
      vertex 25.0147 24.3367 10.4
    endloop
  endfacet
  facet normal -0 0 1
    outer loop
      vertex 24.979 24.882 10.4
      vertex 24.9951 24.3888 10.4
      vertex 24.9951 24.9352 10.4
    endloop
  endfacet
  facet normal 0 0 1
    outer loop
      vertex 24.979 24.882 10.4
      vertex 24.979 24.442 10.4
      vertex 24.9951 24.3888 10.4
    endloop
  endfacet
  facet normal -0 0 1
    outer loop
      vertex 24.9663 24.8278 10.4
      vertex 24.979 24.442 10.4
      vertex 24.979 24.882 10.4
    endloop
  endfacet
  facet normal 0 0 1
    outer loop
      vertex 24.9663 24.8278 10.4
      vertex 24.9663 24.4962 10.4
      vertex 24.979 24.442 10.4
    endloop
  endfacet
  facet normal -0 0 1
    outer loop
      vertex 24.9573 24.7729 10.4
      vertex 24.9663 24.4962 10.4
      vertex 24.9663 24.8278 10.4
    endloop
  endfacet
  facet normal 0 0 1
    outer loop
      vertex 24.9573 24.7729 10.4
      vertex 24.9573 24.5511 10.4
      vertex 24.9663 24.4962 10.4
    endloop
  endfacet
  facet normal -0 0 1
    outer loop
      vertex 24.9518 24.7176 10.4
      vertex 24.9573 24.5511 10.4
      vertex 24.9573 24.7729 10.4
    endloop
  endfacet
  facet normal 0 0 1
    outer loop
      vertex 24.9518 24.7176 10.4
      vertex 24.9518 24.6064 10.4
      vertex 24.9573 24.5511 10.4
    endloop
  endfacet
  facet normal 0 -0 1
    outer loop
      vertex 24.9518 24.6064 10.4
      vertex 24.9518 24.7176 10.4
      vertex 24.95 24.662 10.4
    endloop
  endfacet
  facet normal -0.582598 0.81276 0
    outer loop
      vertex 25.3278 25.3687 8.4
      vertex 25.2826 25.3363 10.4
      vertex 25.3278 25.3687 10.4
    endloop
  endfacet
  facet normal -0.582598 0.81276 0
    outer loop
      vertex 25.2826 25.3363 10.4
      vertex 25.3278 25.3687 8.4
      vertex 25.2826 25.3363 8.4
    endloop
  endfacet
  facet normal -0.633434 0.773797 0
    outer loop
      vertex 25.2826 25.3363 8.4
      vertex 25.2396 25.3011 10.4
      vertex 25.2826 25.3363 10.4
    endloop
  endfacet
  facet normal -0.633434 0.773797 0
    outer loop
      vertex 25.2396 25.3011 10.4
      vertex 25.2826 25.3363 8.4
      vertex 25.2396 25.3011 8.4
    endloop
  endfacet
  facet normal -0.0989692 0.99509 0
    outer loop
      vertex 25.7444 25.5102 8.4
      vertex 25.6891 25.5047 10.4
      vertex 25.7444 25.5102 10.4
    endloop
  endfacet
  facet normal -0.0989692 0.99509 0
    outer loop
      vertex 25.6891 25.5047 10.4
      vertex 25.7444 25.5102 8.4
      vertex 25.6891 25.5047 8.4
    endloop
  endfacet
  facet normal 0.99509 -0.0989692 0
    outer loop
      vertex 26.6427 24.5511 10.4
      vertex 26.6482 24.6064 8.4
      vertex 26.6482 24.6064 10.4
    endloop
  endfacet
  facet normal 0.99509 -0.0989692 0
    outer loop
      vertex 26.6482 24.6064 8.4
      vertex 26.6427 24.5511 10.4
      vertex 26.6427 24.5511 8.4
    endloop
  endfacet
  facet normal 0.0989692 -0.99509 0
    outer loop
      vertex 25.8556 23.8138 8.4
      vertex 25.9109 23.8193 10.4
      vertex 25.8556 23.8138 10.4
    endloop
  endfacet
  facet normal 0.0989692 -0.99509 0
    outer loop
      vertex 25.9109 23.8193 10.4
      vertex 25.8556 23.8138 8.4
      vertex 25.9109 23.8193 8.4
    endloop
  endfacet
  facet normal 0.986828 0.161775 0
    outer loop
      vertex 26.6427 24.7729 10.4
      vertex 26.6337 24.8278 8.4
      vertex 26.6337 24.8278 10.4
    endloop
  endfacet
  facet normal 0.986828 0.161775 0
    outer loop
      vertex 26.6337 24.8278 8.4
      vertex 26.6427 24.7729 10.4
      vertex 26.6427 24.7729 8.4
    endloop
  endfacet
  facet normal 0.93596 0.352108 0
    outer loop
      vertex 26.6049 24.9352 10.4
      vertex 26.5853 24.9873 8.4
      vertex 26.5853 24.9873 10.4
    endloop
  endfacet
  facet normal 0.93596 0.352108 0
    outer loop
      vertex 26.5853 24.9873 8.4
      vertex 26.6049 24.9352 10.4
      vertex 26.6049 24.9352 8.4
    endloop
  endfacet
  facet normal 0.95713 0.289658 0
    outer loop
      vertex 26.621 24.882 10.4
      vertex 26.6049 24.9352 8.4
      vertex 26.6049 24.9352 10.4
    endloop
  endfacet
  facet normal 0.95713 0.289658 0
    outer loop
      vertex 26.6049 24.9352 8.4
      vertex 26.621 24.882 10.4
      vertex 26.621 24.882 8.4
    endloop
  endfacet
  facet normal 0.729201 0.6843 0
    outer loop
      vertex 26.4391 25.2224 10.4
      vertex 26.401 25.263 8.4
      vertex 26.401 25.263 10.4
    endloop
  endfacet
  facet normal 0.729201 0.6843 0
    outer loop
      vertex 26.401 25.263 8.4
      vertex 26.4391 25.2224 10.4
      vertex 26.4391 25.2224 8.4
    endloop
  endfacet
  facet normal 0.882253 0.470775 0
    outer loop
      vertex 26.5623 25.0379 10.4
      vertex 26.5361 25.087 8.4
      vertex 26.5361 25.087 10.4
    endloop
  endfacet
  facet normal 0.882253 0.470775 0
    outer loop
      vertex 26.5361 25.087 8.4
      vertex 26.5623 25.0379 10.4
      vertex 26.5623 25.0379 8.4
    endloop
  endfacet
  facet normal 0.228138 0.973629 -0
    outer loop
      vertex 26.02 25.483 8.4
      vertex 25.9658 25.4957 10.4
      vertex 26.02 25.483 10.4
    endloop
  endfacet
  facet normal 0.228138 0.973629 0
    outer loop
      vertex 25.9658 25.4957 10.4
      vertex 26.02 25.483 8.4
      vertex 25.9658 25.4957 8.4
    endloop
  endfacet
  facet normal 0.0323571 0.999476 -0
    outer loop
      vertex 25.8556 25.5102 8.4
      vertex 25.8 25.512 10.4
      vertex 25.8556 25.5102 10.4
    endloop
  endfacet
  facet normal 0.0323571 0.999476 0
    outer loop
      vertex 25.8 25.512 10.4
      vertex 25.8556 25.5102 8.4
      vertex 25.8 25.512 8.4
    endloop
  endfacet
  facet normal 0.470775 0.882253 -0
    outer loop
      vertex 26.225 25.3981 8.4
      vertex 26.1759 25.4243 10.4
      vertex 26.225 25.3981 10.4
    endloop
  endfacet
  facet normal 0.470775 0.882253 0
    outer loop
      vertex 26.1759 25.4243 10.4
      vertex 26.225 25.3981 8.4
      vertex 26.1759 25.4243 8.4
    endloop
  endfacet
  facet normal 0.413803 0.910366 -0
    outer loop
      vertex 26.1759 25.4243 8.4
      vertex 26.1253 25.4473 10.4
      vertex 26.1759 25.4243 10.4
    endloop
  endfacet
  facet normal 0.413803 0.910366 0
    outer loop
      vertex 26.1253 25.4473 10.4
      vertex 26.1759 25.4243 8.4
      vertex 26.1253 25.4473 8.4
    endloop
  endfacet
  facet normal 0.633434 0.773797 -0
    outer loop
      vertex 26.3604 25.3011 8.4
      vertex 26.3174 25.3363 10.4
      vertex 26.3604 25.3011 10.4
    endloop
  endfacet
  facet normal 0.633434 0.773797 0
    outer loop
      vertex 26.3174 25.3363 10.4
      vertex 26.3604 25.3011 8.4
      vertex 26.3174 25.3363 8.4
    endloop
  endfacet
  facet normal -0.81276 0.582598 0
    outer loop
      vertex 25.0933 25.1342 8.4
      vertex 25.1257 25.1794 10.4
      vertex 25.1257 25.1794 8.4
    endloop
  endfacet
  facet normal -0.81276 0.582598 0
    outer loop
      vertex 25.1257 25.1794 10.4
      vertex 25.0933 25.1342 8.4
      vertex 25.0933 25.1342 10.4
    endloop
  endfacet
  facet normal -0.773797 0.633434 0
    outer loop
      vertex 25.1257 25.1794 8.4
      vertex 25.1609 25.2224 10.4
      vertex 25.1609 25.2224 8.4
    endloop
  endfacet
  facet normal -0.773797 0.633434 0
    outer loop
      vertex 25.1609 25.2224 10.4
      vertex 25.1257 25.1794 8.4
      vertex 25.1257 25.1794 10.4
    endloop
  endfacet
  facet normal -0.95713 0.289658 0
    outer loop
      vertex 24.979 24.882 8.4
      vertex 24.9951 24.9352 10.4
      vertex 24.9951 24.9352 8.4
    endloop
  endfacet
  facet normal -0.95713 0.289658 0
    outer loop
      vertex 24.9951 24.9352 10.4
      vertex 24.979 24.882 8.4
      vertex 24.979 24.882 10.4
    endloop
  endfacet
  facet normal -0.93596 0.352108 0
    outer loop
      vertex 24.9951 24.9352 8.4
      vertex 25.0147 24.9873 10.4
      vertex 25.0147 24.9873 8.4
    endloop
  endfacet
  facet normal -0.93596 0.352108 0
    outer loop
      vertex 25.0147 24.9873 10.4
      vertex 24.9951 24.9352 8.4
      vertex 24.9951 24.9352 10.4
    endloop
  endfacet
  facet normal -0.986828 0.161775 0
    outer loop
      vertex 24.9573 24.7729 8.4
      vertex 24.9663 24.8278 10.4
      vertex 24.9663 24.8278 8.4
    endloop
  endfacet
  facet normal -0.986828 0.161775 0
    outer loop
      vertex 24.9663 24.8278 10.4
      vertex 24.9573 24.7729 8.4
      vertex 24.9573 24.7729 10.4
    endloop
  endfacet
  facet normal -0.99509 0.0989692 0
    outer loop
      vertex 24.9518 24.7176 8.4
      vertex 24.9573 24.7729 10.4
      vertex 24.9573 24.7729 8.4
    endloop
  endfacet
  facet normal -0.99509 0.0989692 0
    outer loop
      vertex 24.9573 24.7729 10.4
      vertex 24.9518 24.7176 8.4
      vertex 24.9518 24.7176 10.4
    endloop
  endfacet
  facet normal -0.528705 0.848806 0
    outer loop
      vertex 25.375 25.3981 8.4
      vertex 25.3278 25.3687 10.4
      vertex 25.375 25.3981 10.4
    endloop
  endfacet
  facet normal -0.528705 0.848806 0
    outer loop
      vertex 25.3278 25.3687 10.4
      vertex 25.375 25.3981 8.4
      vertex 25.3278 25.3687 8.4
    endloop
  endfacet
  facet normal -0.470775 0.882253 0
    outer loop
      vertex 25.4241 25.4243 8.4
      vertex 25.375 25.3981 10.4
      vertex 25.4241 25.4243 10.4
    endloop
  endfacet
  facet normal -0.470775 0.882253 0
    outer loop
      vertex 25.375 25.3981 10.4
      vertex 25.4241 25.4243 8.4
      vertex 25.375 25.3981 8.4
    endloop
  endfacet
  facet normal -0.6843 0.729201 0
    outer loop
      vertex 25.2396 25.3011 8.4
      vertex 25.199 25.263 10.4
      vertex 25.2396 25.3011 10.4
    endloop
  endfacet
  facet normal -0.6843 0.729201 0
    outer loop
      vertex 25.199 25.263 10.4
      vertex 25.2396 25.3011 8.4
      vertex 25.199 25.263 8.4
    endloop
  endfacet
  facet normal -0.289658 0.95713 0
    outer loop
      vertex 25.58 25.483 8.4
      vertex 25.5268 25.4669 10.4
      vertex 25.58 25.483 10.4
    endloop
  endfacet
  facet normal -0.289658 0.95713 0
    outer loop
      vertex 25.5268 25.4669 10.4
      vertex 25.58 25.483 8.4
      vertex 25.5268 25.4669 8.4
    endloop
  endfacet
  facet normal -0.352108 0.93596 0
    outer loop
      vertex 25.5268 25.4669 8.4
      vertex 25.4747 25.4473 10.4
      vertex 25.5268 25.4669 10.4
    endloop
  endfacet
  facet normal -0.352108 0.93596 0
    outer loop
      vertex 25.4747 25.4473 10.4
      vertex 25.5268 25.4669 8.4
      vertex 25.4747 25.4473 8.4
    endloop
  endfacet
  facet normal -0.161775 0.986828 0
    outer loop
      vertex 25.6891 25.5047 8.4
      vertex 25.6342 25.4957 10.4
      vertex 25.6891 25.5047 10.4
    endloop
  endfacet
  facet normal -0.161775 0.986828 0
    outer loop
      vertex 25.6342 25.4957 10.4
      vertex 25.6891 25.5047 8.4
      vertex 25.6342 25.4957 8.4
    endloop
  endfacet
  facet normal 0.999476 -0.0323571 0
    outer loop
      vertex 26.6482 24.6064 10.4
      vertex 26.65 24.662 8.4
      vertex 26.65 24.662 10.4
    endloop
  endfacet
  facet normal 0.999476 -0.0323571 0
    outer loop
      vertex 26.65 24.662 8.4
      vertex 26.6482 24.6064 10.4
      vertex 26.6482 24.6064 8.4
    endloop
  endfacet
  facet normal 0.882253 -0.470775 0
    outer loop
      vertex 26.5361 24.237 10.4
      vertex 26.5623 24.2861 8.4
      vertex 26.5623 24.2861 10.4
    endloop
  endfacet
  facet normal 0.882253 -0.470775 0
    outer loop
      vertex 26.5623 24.2861 8.4
      vertex 26.5361 24.237 10.4
      vertex 26.5361 24.237 8.4
    endloop
  endfacet
  facet normal 0.93596 -0.352108 0
    outer loop
      vertex 26.5853 24.3367 10.4
      vertex 26.6049 24.3888 8.4
      vertex 26.6049 24.3888 10.4
    endloop
  endfacet
  facet normal 0.93596 -0.352108 0
    outer loop
      vertex 26.6049 24.3888 8.4
      vertex 26.5853 24.3367 10.4
      vertex 26.5853 24.3367 8.4
    endloop
  endfacet
  facet normal -0.289658 -0.95713 0
    outer loop
      vertex 25.5268 23.8571 8.4
      vertex 25.58 23.841 10.4
      vertex 25.5268 23.8571 10.4
    endloop
  endfacet
  facet normal -0.289658 -0.95713 -0
    outer loop
      vertex 25.58 23.841 10.4
      vertex 25.5268 23.8571 8.4
      vertex 25.58 23.841 8.4
    endloop
  endfacet
  facet normal -0.986828 -0.161775 0
    outer loop
      vertex 24.9663 24.4962 8.4
      vertex 24.9573 24.5511 10.4
      vertex 24.9573 24.5511 8.4
    endloop
  endfacet
  facet normal -0.986828 -0.161775 0
    outer loop
      vertex 24.9573 24.5511 10.4
      vertex 24.9663 24.4962 8.4
      vertex 24.9663 24.4962 10.4
    endloop
  endfacet
  facet normal -0.999476 -0.0323571 0
    outer loop
      vertex 24.9518 24.6064 8.4
      vertex 24.95 24.662 10.4
      vertex 24.95 24.662 8.4
    endloop
  endfacet
  facet normal -0.999476 -0.0323571 0
    outer loop
      vertex 24.95 24.662 10.4
      vertex 24.9518 24.6064 8.4
      vertex 24.9518 24.6064 10.4
    endloop
  endfacet
  facet normal 0.289658 -0.95713 0
    outer loop
      vertex 26.02 23.841 8.4
      vertex 26.0732 23.8571 10.4
      vertex 26.02 23.841 10.4
    endloop
  endfacet
  facet normal 0.289658 -0.95713 0
    outer loop
      vertex 26.0732 23.8571 10.4
      vertex 26.02 23.841 8.4
      vertex 26.0732 23.8571 8.4
    endloop
  endfacet
  facet normal 0.413803 -0.910366 0
    outer loop
      vertex 26.1253 23.8767 8.4
      vertex 26.1759 23.8997 10.4
      vertex 26.1253 23.8767 10.4
    endloop
  endfacet
  facet normal 0.413803 -0.910366 0
    outer loop
      vertex 26.1759 23.8997 10.4
      vertex 26.1253 23.8767 8.4
      vertex 26.1759 23.8997 8.4
    endloop
  endfacet
  facet normal 0.973629 -0.228138 0
    outer loop
      vertex 26.621 24.442 10.4
      vertex 26.6337 24.4962 8.4
      vertex 26.6337 24.4962 10.4
    endloop
  endfacet
  facet normal 0.973629 -0.228138 0
    outer loop
      vertex 26.6337 24.4962 8.4
      vertex 26.621 24.442 10.4
      vertex 26.621 24.442 8.4
    endloop
  endfacet
  facet normal 0.6843 -0.729201 0
    outer loop
      vertex 26.3604 24.0229 8.4
      vertex 26.401 24.061 10.4
      vertex 26.3604 24.0229 10.4
    endloop
  endfacet
  facet normal 0.6843 -0.729201 0
    outer loop
      vertex 26.401 24.061 10.4
      vertex 26.3604 24.0229 8.4
      vertex 26.401 24.061 8.4
    endloop
  endfacet
  facet normal 0.729201 -0.6843 0
    outer loop
      vertex 26.401 24.061 10.4
      vertex 26.4391 24.1016 8.4
      vertex 26.4391 24.1016 10.4
    endloop
  endfacet
  facet normal 0.729201 -0.6843 0
    outer loop
      vertex 26.4391 24.1016 8.4
      vertex 26.401 24.061 10.4
      vertex 26.401 24.061 8.4
    endloop
  endfacet
  facet normal 0.581408 -0.813612 0
    outer loop
      vertex 26.2722 23.9553 8.4
      vertex 26.3174 23.9876 10.4
      vertex 26.2722 23.9553 10.4
    endloop
  endfacet
  facet normal 0.581408 -0.813612 0
    outer loop
      vertex 26.3174 23.9876 10.4
      vertex 26.2722 23.9553 8.4
      vertex 26.3174 23.9876 8.4
    endloop
  endfacet
  facet normal 0.634509 -0.772915 0
    outer loop
      vertex 26.3174 23.9876 8.4
      vertex 26.3604 24.0229 10.4
      vertex 26.3174 23.9876 10.4
    endloop
  endfacet
  facet normal 0.634509 -0.772915 0
    outer loop
      vertex 26.3604 24.0229 10.4
      vertex 26.3174 23.9876 8.4
      vertex 26.3604 24.0229 8.4
    endloop
  endfacet
  facet normal 0.848806 -0.528705 0
    outer loop
      vertex 26.5067 24.1898 10.4
      vertex 26.5361 24.237 8.4
      vertex 26.5361 24.237 10.4
    endloop
  endfacet
  facet normal 0.848806 -0.528705 0
    outer loop
      vertex 26.5361 24.237 8.4
      vertex 26.5067 24.1898 10.4
      vertex 26.5067 24.1898 8.4
    endloop
  endfacet
  facet normal 0.773797 -0.633434 0
    outer loop
      vertex 26.4391 24.1016 10.4
      vertex 26.4743 24.1446 8.4
      vertex 26.4743 24.1446 10.4
    endloop
  endfacet
  facet normal 0.773797 -0.633434 0
    outer loop
      vertex 26.4743 24.1446 8.4
      vertex 26.4391 24.1016 10.4
      vertex 26.4391 24.1016 8.4
    endloop
  endfacet
  facet normal -0.352108 -0.93596 0
    outer loop
      vertex 25.4747 23.8767 8.4
      vertex 25.5268 23.8571 10.4
      vertex 25.4747 23.8767 10.4
    endloop
  endfacet
  facet normal -0.352108 -0.93596 -0
    outer loop
      vertex 25.5268 23.8571 10.4
      vertex 25.4747 23.8767 8.4
      vertex 25.5268 23.8571 8.4
    endloop
  endfacet
  facet normal -0.910366 -0.413803 0
    outer loop
      vertex 25.0377 24.2861 8.4
      vertex 25.0147 24.3367 10.4
      vertex 25.0147 24.3367 8.4
    endloop
  endfacet
  facet normal -0.910366 -0.413803 0
    outer loop
      vertex 25.0147 24.3367 10.4
      vertex 25.0377 24.2861 8.4
      vertex 25.0377 24.2861 10.4
    endloop
  endfacet
  facet normal -0.95713 -0.289658 0
    outer loop
      vertex 24.9951 24.3888 8.4
      vertex 24.979 24.442 10.4
      vertex 24.979 24.442 8.4
    endloop
  endfacet
  facet normal -0.95713 -0.289658 0
    outer loop
      vertex 24.979 24.442 10.4
      vertex 24.9951 24.3888 8.4
      vertex 24.9951 24.3888 10.4
    endloop
  endfacet
  facet normal 0.910366 -0.413803 0
    outer loop
      vertex 26.5623 24.2861 10.4
      vertex 26.5853 24.3367 8.4
      vertex 26.5853 24.3367 10.4
    endloop
  endfacet
  facet normal 0.910366 -0.413803 0
    outer loop
      vertex 26.5853 24.3367 8.4
      vertex 26.5623 24.2861 10.4
      vertex 26.5623 24.2861 8.4
    endloop
  endfacet
  facet normal 0.986828 -0.161775 0
    outer loop
      vertex 26.6337 24.4962 10.4
      vertex 26.6427 24.5511 8.4
      vertex 26.6427 24.5511 10.4
    endloop
  endfacet
  facet normal 0.986828 -0.161775 0
    outer loop
      vertex 26.6427 24.5511 8.4
      vertex 26.6337 24.4962 10.4
      vertex 26.6337 24.4962 8.4
    endloop
  endfacet
  facet normal 0.528705 -0.848806 0
    outer loop
      vertex 26.225 23.9259 8.4
      vertex 26.2722 23.9553 10.4
      vertex 26.225 23.9259 10.4
    endloop
  endfacet
  facet normal 0.528705 -0.848806 0
    outer loop
      vertex 26.2722 23.9553 10.4
      vertex 26.225 23.9259 8.4
      vertex 26.2722 23.9553 8.4
    endloop
  endfacet
  facet normal 0.470775 -0.882253 0
    outer loop
      vertex 26.1759 23.8997 8.4
      vertex 26.225 23.9259 10.4
      vertex 26.1759 23.8997 10.4
    endloop
  endfacet
  facet normal 0.470775 -0.882253 0
    outer loop
      vertex 26.225 23.9259 10.4
      vertex 26.1759 23.8997 8.4
      vertex 26.225 23.9259 8.4
    endloop
  endfacet
  facet normal 0.81276 -0.582598 0
    outer loop
      vertex 26.4743 24.1446 10.4
      vertex 26.5067 24.1898 8.4
      vertex 26.5067 24.1898 10.4
    endloop
  endfacet
  facet normal 0.81276 -0.582598 0
    outer loop
      vertex 26.5067 24.1898 8.4
      vertex 26.4743 24.1446 10.4
      vertex 26.4743 24.1446 8.4
    endloop
  endfacet
  facet normal -0.0323571 -0.999476 0
    outer loop
      vertex 25.7444 23.8138 8.4
      vertex 25.8 23.812 10.4
      vertex 25.7444 23.8138 10.4
    endloop
  endfacet
  facet normal -0.0323571 -0.999476 -0
    outer loop
      vertex 25.8 23.812 10.4
      vertex 25.7444 23.8138 8.4
      vertex 25.8 23.812 8.4
    endloop
  endfacet
  facet normal -0.528705 -0.848806 0
    outer loop
      vertex 25.3278 23.9553 8.4
      vertex 25.375 23.9259 10.4
      vertex 25.3278 23.9553 10.4
    endloop
  endfacet
  facet normal -0.528705 -0.848806 -0
    outer loop
      vertex 25.375 23.9259 10.4
      vertex 25.3278 23.9553 8.4
      vertex 25.375 23.9259 8.4
    endloop
  endfacet
  facet normal -0.81276 -0.582598 0
    outer loop
      vertex 25.1257 24.1446 8.4
      vertex 25.0933 24.1898 10.4
      vertex 25.0933 24.1898 8.4
    endloop
  endfacet
  facet normal -0.81276 -0.582598 0
    outer loop
      vertex 25.0933 24.1898 10.4
      vertex 25.1257 24.1446 8.4
      vertex 25.1257 24.1446 10.4
    endloop
  endfacet
  facet normal -0.773797 -0.633434 0
    outer loop
      vertex 25.1609 24.1016 8.4
      vertex 25.1257 24.1446 10.4
      vertex 25.1257 24.1446 8.4
    endloop
  endfacet
  facet normal -0.773797 -0.633434 0
    outer loop
      vertex 25.1257 24.1446 10.4
      vertex 25.1609 24.1016 8.4
      vertex 25.1609 24.1016 10.4
    endloop
  endfacet
  facet normal -0.729201 -0.6843 0
    outer loop
      vertex 25.199 24.061 8.4
      vertex 25.1609 24.1016 10.4
      vertex 25.1609 24.1016 8.4
    endloop
  endfacet
  facet normal -0.729201 -0.6843 0
    outer loop
      vertex 25.1609 24.1016 10.4
      vertex 25.199 24.061 8.4
      vertex 25.199 24.061 10.4
    endloop
  endfacet
  facet normal -0.6843 -0.729201 0
    outer loop
      vertex 25.199 24.061 8.4
      vertex 25.2396 24.0229 10.4
      vertex 25.199 24.061 10.4
    endloop
  endfacet
  facet normal -0.6843 -0.729201 -0
    outer loop
      vertex 25.2396 24.0229 10.4
      vertex 25.199 24.061 8.4
      vertex 25.2396 24.0229 8.4
    endloop
  endfacet
  facet normal -0.973629 -0.228138 0
    outer loop
      vertex 24.979 24.442 8.4
      vertex 24.9663 24.4962 10.4
      vertex 24.9663 24.4962 8.4
    endloop
  endfacet
  facet normal -0.973629 -0.228138 0
    outer loop
      vertex 24.9663 24.4962 10.4
      vertex 24.979 24.442 8.4
      vertex 24.979 24.442 10.4
    endloop
  endfacet
  facet normal -0.99509 -0.0989692 0
    outer loop
      vertex 24.9573 24.5511 8.4
      vertex 24.9518 24.6064 10.4
      vertex 24.9518 24.6064 8.4
    endloop
  endfacet
  facet normal -0.99509 -0.0989692 0
    outer loop
      vertex 24.9518 24.6064 10.4
      vertex 24.9573 24.5511 8.4
      vertex 24.9573 24.5511 10.4
    endloop
  endfacet
  facet normal 0.228138 -0.973629 0
    outer loop
      vertex 25.9658 23.8283 8.4
      vertex 26.02 23.841 10.4
      vertex 25.9658 23.8283 10.4
    endloop
  endfacet
  facet normal 0.228138 -0.973629 0
    outer loop
      vertex 26.02 23.841 10.4
      vertex 25.9658 23.8283 8.4
      vertex 26.02 23.841 8.4
    endloop
  endfacet
  facet normal 0.161775 -0.986828 0
    outer loop
      vertex 25.9109 23.8193 8.4
      vertex 25.9658 23.8283 10.4
      vertex 25.9109 23.8193 10.4
    endloop
  endfacet
  facet normal 0.161775 -0.986828 0
    outer loop
      vertex 25.9658 23.8283 10.4
      vertex 25.9109 23.8193 8.4
      vertex 25.9658 23.8283 8.4
    endloop
  endfacet
  facet normal -0.0989692 -0.99509 0
    outer loop
      vertex 25.6891 23.8193 8.4
      vertex 25.7444 23.8138 10.4
      vertex 25.6891 23.8193 10.4
    endloop
  endfacet
  facet normal -0.0989692 -0.99509 -0
    outer loop
      vertex 25.7444 23.8138 10.4
      vertex 25.6891 23.8193 8.4
      vertex 25.7444 23.8138 8.4
    endloop
  endfacet
  facet normal -0.634509 -0.772915 0
    outer loop
      vertex 25.2396 24.0229 8.4
      vertex 25.2826 23.9876 10.4
      vertex 25.2396 24.0229 10.4
    endloop
  endfacet
  facet normal -0.634509 -0.772915 -0
    outer loop
      vertex 25.2826 23.9876 10.4
      vertex 25.2396 24.0229 8.4
      vertex 25.2826 23.9876 8.4
    endloop
  endfacet
  facet normal -0.470775 -0.882253 0
    outer loop
      vertex 25.375 23.9259 8.4
      vertex 25.4241 23.8997 10.4
      vertex 25.375 23.9259 10.4
    endloop
  endfacet
  facet normal -0.470775 -0.882253 -0
    outer loop
      vertex 25.4241 23.8997 10.4
      vertex 25.375 23.9259 8.4
      vertex 25.4241 23.8997 8.4
    endloop
  endfacet
  facet normal -0.228138 -0.973629 0
    outer loop
      vertex 25.58 23.841 8.4
      vertex 25.6342 23.8283 10.4
      vertex 25.58 23.841 10.4
    endloop
  endfacet
  facet normal -0.228138 -0.973629 -0
    outer loop
      vertex 25.6342 23.8283 10.4
      vertex 25.58 23.841 8.4
      vertex 25.6342 23.8283 8.4
    endloop
  endfacet
  facet normal -0.93596 -0.352108 0
    outer loop
      vertex 25.0147 24.3367 8.4
      vertex 24.9951 24.3888 10.4
      vertex 24.9951 24.3888 8.4
    endloop
  endfacet
  facet normal -0.93596 -0.352108 0
    outer loop
      vertex 24.9951 24.3888 10.4
      vertex 25.0147 24.3367 8.4
      vertex 25.0147 24.3367 10.4
    endloop
  endfacet
  facet normal -0.413803 -0.910366 0
    outer loop
      vertex 25.4241 23.8997 8.4
      vertex 25.4747 23.8767 10.4
      vertex 25.4241 23.8997 10.4
    endloop
  endfacet
  facet normal -0.413803 -0.910366 -0
    outer loop
      vertex 25.4747 23.8767 10.4
      vertex 25.4241 23.8997 8.4
      vertex 25.4747 23.8767 8.4
    endloop
  endfacet
  facet normal -0.581408 -0.813612 0
    outer loop
      vertex 25.2826 23.9876 8.4
      vertex 25.3278 23.9553 10.4
      vertex 25.2826 23.9876 10.4
    endloop
  endfacet
  facet normal -0.581408 -0.813612 -0
    outer loop
      vertex 25.3278 23.9553 10.4
      vertex 25.2826 23.9876 8.4
      vertex 25.3278 23.9553 8.4
    endloop
  endfacet
  facet normal -0.161775 -0.986828 0
    outer loop
      vertex 25.6342 23.8283 8.4
      vertex 25.6891 23.8193 10.4
      vertex 25.6342 23.8283 10.4
    endloop
  endfacet
  facet normal -0.161775 -0.986828 -0
    outer loop
      vertex 25.6891 23.8193 10.4
      vertex 25.6342 23.8283 8.4
      vertex 25.6891 23.8193 8.4
    endloop
  endfacet
  facet normal -0.848806 -0.528705 0
    outer loop
      vertex 25.0933 24.1898 8.4
      vertex 25.0639 24.237 10.4
      vertex 25.0639 24.237 8.4
    endloop
  endfacet
  facet normal -0.848806 -0.528705 0
    outer loop
      vertex 25.0639 24.237 10.4
      vertex 25.0933 24.1898 8.4
      vertex 25.0933 24.1898 10.4
    endloop
  endfacet
  facet normal -0.882253 -0.470775 0
    outer loop
      vertex 25.0639 24.237 8.4
      vertex 25.0377 24.2861 10.4
      vertex 25.0377 24.2861 8.4
    endloop
  endfacet
  facet normal -0.882253 -0.470775 0
    outer loop
      vertex 25.0377 24.2861 10.4
      vertex 25.0639 24.237 8.4
      vertex 25.0639 24.237 10.4
    endloop
  endfacet
  facet normal -0.707107 0 -0.707107
    outer loop
      vertex -6 12.231 4.61863
      vertex -7.13137 17.231 5.75
      vertex -6 17.231 4.61863
    endloop
  endfacet
  facet normal -0.707107 -0 -0.707107
    outer loop
      vertex -7.13137 17.231 5.75
      vertex -6 12.231 4.61863
      vertex -7.13137 12.231 5.75
    endloop
  endfacet
  facet normal 0 -1 -0
    outer loop
      vertex -6 12.231 6.88137
      vertex -7.13137 12.231 5.75
      vertex -6 12.231 4.61863
    endloop
  endfacet
  facet normal -0.707107 0 0.707107
    outer loop
      vertex -7.13137 12.231 5.75
      vertex -6 17.231 6.88137
      vertex -7.13137 17.231 5.75
    endloop
  endfacet
  facet normal -0.707107 0 0.707107
    outer loop
      vertex -6 17.231 6.88137
      vertex -7.13137 12.231 5.75
      vertex -6 12.231 6.88137
    endloop
  endfacet
  facet normal 0 1 -0
    outer loop
      vertex -6 17.231 4.61863
      vertex -7.13137 17.231 5.75
      vertex -6 17.231 6.88137
    endloop
  endfacet
  facet normal 0 1 0
    outer loop
      vertex 37.7314 17.231 5.75
      vertex 36.6 17.231 4.61863
      vertex 36.6 17.231 6.88137
    endloop
  endfacet
  facet normal 0.707097 -0 0.707116
    outer loop
      vertex 36.6 12.231 6.88137
      vertex 37.7314 17.231 5.75
      vertex 36.6 17.231 6.88137
    endloop
  endfacet
  facet normal 0.707097 0 0.707116
    outer loop
      vertex 37.7314 17.231 5.75
      vertex 36.6 12.231 6.88137
      vertex 37.7314 12.231 5.75
    endloop
  endfacet
  facet normal 0.707097 0 -0.707116
    outer loop
      vertex 37.7314 12.231 5.75
      vertex 36.6 17.231 4.61863
      vertex 37.7314 17.231 5.75
    endloop
  endfacet
  facet normal 0.707097 0 -0.707116
    outer loop
      vertex 36.6 17.231 4.61863
      vertex 37.7314 12.231 5.75
      vertex 36.6 12.231 4.61863
    endloop
  endfacet
  facet normal 0 -1 0
    outer loop
      vertex 36.6 12.231 6.88137
      vertex 36.6 12.231 4.61863
      vertex 37.7314 12.231 5.75
    endloop
  endfacet
  facet normal -0 0 1
    outer loop
      vertex 30 0.1 16
      vertex 34 -12.9 16
      vertex 34 0.1 16
    endloop
  endfacet
  facet normal 0 0 1
    outer loop
      vertex 34 -12.9 16
      vertex 30 0.1 16
      vertex 30 -12.9 16
    endloop
  endfacet
  facet normal -1 0 0
    outer loop
      vertex 30 -13.0766 10.6942
      vertex 30 -12.9 15.5
      vertex 30 -12.9 10.7
    endloop
  endfacet
  facet normal -1 0 0
    outer loop
      vertex 30 -13.3905 15.4839
      vertex 30 -13.0766 10.6942
      vertex 30 -13.2524 10.6769
    endloop
  endfacet
  facet normal -1 0 0
    outer loop
      vertex 30 -13.0766 10.6942
      vertex 30 -13.3905 15.4839
      vertex 30 -12.9 15.5
    endloop
  endfacet
  facet normal -1 0 0
    outer loop
      vertex 30 -13.8789 15.4358
      vertex 30 -13.2524 10.6769
      vertex 30 -13.4267 10.6481
    endloop
  endfacet
  facet normal -1 0 0
    outer loop
      vertex 30 -14.3632 15.3559
      vertex 30 -13.4267 10.6481
      vertex 30 -13.5988 10.608
    endloop
  endfacet
  facet normal -1 0 0
    outer loop
      vertex 30 -14.8411 15.2444
      vertex 30 -13.5988 10.608
      vertex 30 -13.7679 10.5567
    endloop
  endfacet
  facet normal -1 0 0
    outer loop
      vertex 30 -13.2524 10.6769
      vertex 30 -13.8789 15.4358
      vertex 30 -13.3905 15.4839
    endloop
  endfacet
  facet normal -1 0 0
    outer loop
      vertex 30 -15.3108 15.102
      vertex 30 -13.7679 10.5567
      vertex 30 -13.9332 10.4945
    endloop
  endfacet
  facet normal -1 0 0
    outer loop
      vertex 30 -15.7701 14.9291
      vertex 30 -13.9332 10.4945
      vertex 30 -14.0942 10.4216
    endloop
  endfacet
  facet normal -1 0 0
    outer loop
      vertex 30 -16.2172 14.7265
      vertex 30 -14.0942 10.4216
      vertex 30 -14.25 10.3383
    endloop
  endfacet
  facet normal -1 0 0
    outer loop
      vertex 30 -13.4267 10.6481
      vertex 30 -14.3632 15.3559
      vertex 30 -13.8789 15.4358
    endloop
  endfacet
  facet normal -1 0 0
    outer loop
      vertex 30 -16.65 14.4952
      vertex 30 -14.25 10.3383
      vertex 30 -14.4 10.245
    endloop
  endfacet
  facet normal -1 0 0
    outer loop
      vertex 30 -17.0668 14.236
      vertex 30 -14.4 10.245
      vertex 30 -14.5437 10.1421
    endloop
  endfacet
  facet normal -1 0 0
    outer loop
      vertex 30 -17.4657 13.9501
      vertex 30 -14.5437 10.1421
      vertex 30 -14.6802 10.03
    endloop
  endfacet
  facet normal -1 0 0
    outer loop
      vertex 30 -17.8451 13.6388
      vertex 30 -14.6802 10.03
      vertex 30 -14.8092 9.90919
    endloop
  endfacet
  facet normal -1 0 0
    outer loop
      vertex 30 -13.5988 10.608
      vertex 30 -14.8411 15.2444
      vertex 30 -14.3632 15.3559
    endloop
  endfacet
  facet normal -1 0 0
    outer loop
      vertex 30 -18.2033 13.3033
      vertex 30 -14.8092 9.90919
      vertex 30 -14.93 9.78023
    endloop
  endfacet
  facet normal -1 0 0
    outer loop
      vertex 30 -18.5388 12.9451
      vertex 30 -14.93 9.78023
      vertex 30 -15.0421 9.64366
    endloop
  endfacet
  facet normal -1 0 0
    outer loop
      vertex 30 -18.8501 12.5657
      vertex 30 -15.0421 9.64366
      vertex 30 -15.145 9.50004
    endloop
  endfacet
  facet normal -1 0 0
    outer loop
      vertex 30 -19.136 12.1668
      vertex 30 -15.145 9.50004
      vertex 30 -15.2383 9.35
    endloop
  endfacet
  facet normal -1 0 0
    outer loop
      vertex 30 -13.7679 10.5567
      vertex 30 -15.3108 15.102
      vertex 30 -14.8411 15.2444
    endloop
  endfacet
  facet normal -1 0 0
    outer loop
      vertex 30 -19.3952 11.75
      vertex 30 -15.2383 9.35
      vertex 30 -15.3216 9.19418
    endloop
  endfacet
  facet normal -1 0 0
    outer loop
      vertex 30 -19.6265 11.3172
      vertex 30 -15.3216 9.19418
      vertex 30 -15.3945 9.03325
    endloop
  endfacet
  facet normal -1 0 0
    outer loop
      vertex 30 -19.8291 10.8701
      vertex 30 -15.3945 9.03325
      vertex 30 -15.4567 8.86789
    endloop
  endfacet
  facet normal -1 0 0
    outer loop
      vertex 30 -20.002 10.4108
      vertex 30 -15.4567 8.86789
      vertex 30 -15.508 8.69881
    endloop
  endfacet
  facet normal -1 0 0
    outer loop
      vertex 30 -20.1444 9.94114
      vertex 30 -15.508 8.69881
      vertex 30 -15.5481 8.52674
    endloop
  endfacet
  facet normal -1 0 0
    outer loop
      vertex 30 -20.2559 9.46318
      vertex 30 -15.5481 8.52674
      vertex 30 -15.5769 8.35242
    endloop
  endfacet
  facet normal -1 0 0
    outer loop
      vertex 30 -20.3358 8.97895
      vertex 30 -15.5769 8.35242
      vertex 30 -15.5942 8.17659
    endloop
  endfacet
  facet normal -1 0 0
    outer loop
      vertex 30 -13.9332 10.4945
      vertex 30 -15.7701 14.9291
      vertex 30 -15.3108 15.102
    endloop
  endfacet
  facet normal -1 0 0
    outer loop
      vertex 30 -20.3839 8.49052
      vertex 30 -15.5942 8.17659
      vertex 30 -15.6 8
    endloop
  endfacet
  facet normal -1 -0 0
    outer loop
      vertex 30 -15.145 6.49996
      vertex 30 -19.136 3.83322
      vertex 30 -15.2383 6.65
    endloop
  endfacet
  facet normal -1 0 0
    outer loop
      vertex 30 -19.3952 4.25
      vertex 30 -15.2383 6.65
      vertex 30 -19.136 3.83322
    endloop
  endfacet
  facet normal -1 0 0
    outer loop
      vertex 30 -14.0942 10.4216
      vertex 30 -16.2172 14.7265
      vertex 30 -15.7701 14.9291
    endloop
  endfacet
  facet normal -1 -0 0
    outer loop
      vertex 30 -15.2383 6.65
      vertex 30 -19.3952 4.25
      vertex 30 -15.3216 6.80582
    endloop
  endfacet
  facet normal -1 0 0
    outer loop
      vertex 30 -14.25 10.3383
      vertex 30 -16.65 14.4952
      vertex 30 -16.2172 14.7265
    endloop
  endfacet
  facet normal -1 0 0
    outer loop
      vertex 30 -19.6265 4.68284
      vertex 30 -15.3216 6.80582
      vertex 30 -19.3952 4.25
    endloop
  endfacet
  facet normal -1 0 0
    outer loop
      vertex 30 -14.4 10.245
      vertex 30 -17.0668 14.236
      vertex 30 -16.65 14.4952
    endloop
  endfacet
  facet normal -1 -0 0
    outer loop
      vertex 30 -15.3216 6.80582
      vertex 30 -19.6265 4.68284
      vertex 30 -15.3945 6.96675
    endloop
  endfacet
  facet normal -1 0 0
    outer loop
      vertex 30 -14.5437 10.1421
      vertex 30 -17.4657 13.9501
      vertex 30 -17.0668 14.236
    endloop
  endfacet
  facet normal -1 0 0
    outer loop
      vertex 30 -19.8291 5.12988
      vertex 30 -15.3945 6.96675
      vertex 30 -19.6265 4.68284
    endloop
  endfacet
  facet normal -1 0 0
    outer loop
      vertex 30 -14.6802 10.03
      vertex 30 -17.8451 13.6388
      vertex 30 -17.4657 13.9501
    endloop
  endfacet
  facet normal -1 -0 0
    outer loop
      vertex 30 -15.3945 6.96675
      vertex 30 -19.8291 5.12988
      vertex 30 -15.4567 7.13211
    endloop
  endfacet
  facet normal -1 0 0
    outer loop
      vertex 30 -14.8092 9.90919
      vertex 30 -18.2033 13.3033
      vertex 30 -17.8451 13.6388
    endloop
  endfacet
  facet normal -1 0 0
    outer loop
      vertex 30 -20.002 5.5892
      vertex 30 -15.4567 7.13211
      vertex 30 -19.8291 5.12988
    endloop
  endfacet
  facet normal -1 0 0
    outer loop
      vertex 30 -14.93 9.78023
      vertex 30 -18.5388 12.9451
      vertex 30 -18.2033 13.3033
    endloop
  endfacet
  facet normal -1 -0 0
    outer loop
      vertex 30 -15.4567 7.13211
      vertex 30 -20.002 5.5892
      vertex 30 -15.508 7.30119
    endloop
  endfacet
  facet normal -1 0 0
    outer loop
      vertex 30 -15.0421 9.64366
      vertex 30 -18.8501 12.5657
      vertex 30 -18.5388 12.9451
    endloop
  endfacet
  facet normal -1 0 0
    outer loop
      vertex 30 -20.1444 6.05886
      vertex 30 -15.508 7.30119
      vertex 30 -20.002 5.5892
    endloop
  endfacet
  facet normal -1 0 0
    outer loop
      vertex 30 -15.145 9.50004
      vertex 30 -19.136 12.1668
      vertex 30 -18.8501 12.5657
    endloop
  endfacet
  facet normal -1 -0 0
    outer loop
      vertex 30 -15.508 7.30119
      vertex 30 -20.1444 6.05886
      vertex 30 -15.5481 7.47326
    endloop
  endfacet
  facet normal -1 0 0
    outer loop
      vertex 30 -15.2383 9.35
      vertex 30 -19.3952 11.75
      vertex 30 -19.136 12.1668
    endloop
  endfacet
  facet normal -1 0 0
    outer loop
      vertex 30 -20.2559 6.53682
      vertex 30 -15.5481 7.47326
      vertex 30 -20.1444 6.05886
    endloop
  endfacet
  facet normal -1 0 0
    outer loop
      vertex 30 -15.3216 9.19418
      vertex 30 -19.6265 11.3172
      vertex 30 -19.3952 11.75
    endloop
  endfacet
  facet normal -1 -0 0
    outer loop
      vertex 30 -15.5481 7.47326
      vertex 30 -20.2559 6.53682
      vertex 30 -15.5769 7.64758
    endloop
  endfacet
  facet normal -1 0 0
    outer loop
      vertex 30 -15.3945 9.03325
      vertex 30 -19.8291 10.8701
      vertex 30 -19.6265 11.3172
    endloop
  endfacet
  facet normal -1 0 0
    outer loop
      vertex 30 -20.3358 7.02105
      vertex 30 -15.5769 7.64758
      vertex 30 -20.2559 6.53682
    endloop
  endfacet
  facet normal -1 0 0
    outer loop
      vertex 30 -15.4567 8.86789
      vertex 30 -20.002 10.4108
      vertex 30 -19.8291 10.8701
    endloop
  endfacet
  facet normal -1 -0 0
    outer loop
      vertex 30 -15.5769 7.64758
      vertex 30 -20.3358 7.02105
      vertex 30 -15.5942 7.82341
    endloop
  endfacet
  facet normal -1 0 0
    outer loop
      vertex 30 -15.508 8.69881
      vertex 30 -20.1444 9.94114
      vertex 30 -20.002 10.4108
    endloop
  endfacet
  facet normal -1 0 0
    outer loop
      vertex 30 -20.3839 7.50948
      vertex 30 -15.5942 7.82341
      vertex 30 -20.3358 7.02105
    endloop
  endfacet
  facet normal -1 0 0
    outer loop
      vertex 30 -15.5481 8.52674
      vertex 30 -20.2559 9.46318
      vertex 30 -20.1444 9.94114
    endloop
  endfacet
  facet normal -1 -0 0
    outer loop
      vertex 30 -15.5942 7.82341
      vertex 30 -20.3839 7.50948
      vertex 30 -15.6 8
    endloop
  endfacet
  facet normal -1 0 0
    outer loop
      vertex 30 -15.5769 8.35242
      vertex 30 -20.3358 8.97895
      vertex 30 -20.2559 9.46318
    endloop
  endfacet
  facet normal -1 0 0
    outer loop
      vertex 30 -20.4 8
      vertex 30 -15.6 8
      vertex 30 -20.3839 7.50948
    endloop
  endfacet
  facet normal -1 0 0
    outer loop
      vertex 30 -15.5942 8.17659
      vertex 30 -20.3839 8.49052
      vertex 30 -20.3358 8.97895
    endloop
  endfacet
  facet normal -1 0 0
    outer loop
      vertex 30 -15.6 8
      vertex 30 -20.4 8
      vertex 30 -20.3839 8.49052
    endloop
  endfacet
  facet normal -1 0 0
    outer loop
      vertex 30 -10.4784 6.80582
      vertex 30 0 8.4
      vertex 30 0 0
    endloop
  endfacet
  facet normal -1 0 0
    outer loop
      vertex 30 0 8.4
      vertex 30 -10.2058 7.82341
      vertex 30 -10.2 8
    endloop
  endfacet
  facet normal -1 0 0
    outer loop
      vertex 30 0 8.4
      vertex 30 -10.2231 7.64758
      vertex 30 -10.2058 7.82341
    endloop
  endfacet
  facet normal -1 0 0
    outer loop
      vertex 30 0 8.4
      vertex 30 -10.2519 7.47326
      vertex 30 -10.2231 7.64758
    endloop
  endfacet
  facet normal -1 0 0
    outer loop
      vertex 30 0 8.4
      vertex 30 -10.292 7.30119
      vertex 30 -10.2519 7.47326
    endloop
  endfacet
  facet normal -1 0 0
    outer loop
      vertex 30 0 8.4
      vertex 30 -10.3433 7.13211
      vertex 30 -10.292 7.30119
    endloop
  endfacet
  facet normal -1 0 0
    outer loop
      vertex 30 0 8.4
      vertex 30 -10.4055 6.96675
      vertex 30 -10.3433 7.13211
    endloop
  endfacet
  facet normal -1 0 0
    outer loop
      vertex 30 0 8.4
      vertex 30 -10.4784 6.80582
      vertex 30 -10.4055 6.96675
    endloop
  endfacet
  facet normal -1 0 0
    outer loop
      vertex 30 0 0
      vertex 30 -10.5617 6.65
      vertex 30 -10.4784 6.80582
    endloop
  endfacet
  facet normal -1 0 0
    outer loop
      vertex 30 0 0
      vertex 30 -10.655 6.49996
      vertex 30 -10.5617 6.65
    endloop
  endfacet
  facet normal -1 0 0
    outer loop
      vertex 30 0 0
      vertex 30 -10.7579 6.35634
      vertex 30 -10.655 6.49996
    endloop
  endfacet
  facet normal -1 0 0
    outer loop
      vertex 30 0 0
      vertex 30 -10.87 6.21977
      vertex 30 -10.7579 6.35634
    endloop
  endfacet
  facet normal -1 0 0
    outer loop
      vertex 30 0 0
      vertex 30 -10.9908 6.09081
      vertex 30 -10.87 6.21977
    endloop
  endfacet
  facet normal -1 0 0
    outer loop
      vertex 30 -12.9 0.5
      vertex 30 -10.9908 6.09081
      vertex 30 0 0
    endloop
  endfacet
  facet normal -1 0 0
    outer loop
      vertex 30 -10.9908 6.09081
      vertex 30 -12.9 0.5
      vertex 30 -11.1198 5.97003
    endloop
  endfacet
  facet normal -1 0 0
    outer loop
      vertex 30 -11.1198 5.97003
      vertex 30 -12.9 0.5
      vertex 30 -11.2563 5.85795
    endloop
  endfacet
  facet normal -1 0 0
    outer loop
      vertex 30 -11.2563 5.85795
      vertex 30 -12.9 0.5
      vertex 30 -11.4 5.75503
    endloop
  endfacet
  facet normal -1 0 0
    outer loop
      vertex 30 -11.4 5.75503
      vertex 30 -12.9 0.5
      vertex 30 -11.55 5.66173
    endloop
  endfacet
  facet normal -1 0 0
    outer loop
      vertex 30 -11.55 5.66173
      vertex 30 -12.9 0.5
      vertex 30 -11.7058 5.57844
    endloop
  endfacet
  facet normal -1 0 0
    outer loop
      vertex 30 -11.7058 5.57844
      vertex 30 -12.9 0.5
      vertex 30 -11.8668 5.50553
    endloop
  endfacet
  facet normal -1 0 0
    outer loop
      vertex 30 -11.8668 5.50553
      vertex 30 -12.9 0.5
      vertex 30 -12.0321 5.44329
    endloop
  endfacet
  facet normal -1 0 0
    outer loop
      vertex 30 -12.0321 5.44329
      vertex 30 -12.9 0.5
      vertex 30 -12.2012 5.392
    endloop
  endfacet
  facet normal -1 0 0
    outer loop
      vertex 30 -12.2012 5.392
      vertex 30 -12.9 0.5
      vertex 30 -12.3733 5.35188
    endloop
  endfacet
  facet normal -1 0 0
    outer loop
      vertex 30 -12.3733 5.35188
      vertex 30 -12.9 0.5
      vertex 30 -12.5476 5.3231
    endloop
  endfacet
  facet normal -1 0 0
    outer loop
      vertex 30 -12.9 0.5
      vertex 30 0 0
      vertex 30 -12.9 0
    endloop
  endfacet
  facet normal -1 0 0
    outer loop
      vertex 30 -12.5476 5.3231
      vertex 30 -12.9 0.5
      vertex 30 -12.7234 5.30578
    endloop
  endfacet
  facet normal -1 0 0
    outer loop
      vertex 30 -12.9 0.5
      vertex 30 -12.9 5.3
      vertex 30 -12.7234 5.30578
    endloop
  endfacet
  facet normal -1 0 0
    outer loop
      vertex 30 -12.9 0.5
      vertex 30 -13.0766 5.30578
      vertex 30 -12.9 5.3
    endloop
  endfacet
  facet normal -1 0 0
    outer loop
      vertex 30 -13.3905 0.516059
      vertex 30 -13.0766 5.30578
      vertex 30 -12.9 0.5
    endloop
  endfacet
  facet normal -1 -0 0
    outer loop
      vertex 30 -13.0766 5.30578
      vertex 30 -13.3905 0.516059
      vertex 30 -13.2524 5.3231
    endloop
  endfacet
  facet normal -1 0 0
    outer loop
      vertex 30 -13.8789 0.564164
      vertex 30 -13.2524 5.3231
      vertex 30 -13.3905 0.516059
    endloop
  endfacet
  facet normal -1 -0 0
    outer loop
      vertex 30 -13.2524 5.3231
      vertex 30 -13.8789 0.564164
      vertex 30 -13.4267 5.35188
    endloop
  endfacet
  facet normal -1 0 0
    outer loop
      vertex 30 -14.3632 0.644111
      vertex 30 -13.4267 5.35188
      vertex 30 -13.8789 0.564164
    endloop
  endfacet
  facet normal -1 -0 0
    outer loop
      vertex 30 -13.4267 5.35188
      vertex 30 -14.3632 0.644111
      vertex 30 -13.5988 5.392
    endloop
  endfacet
  facet normal -1 0 0
    outer loop
      vertex 30 -14.8411 0.755557
      vertex 30 -13.5988 5.392
      vertex 30 -14.3632 0.644111
    endloop
  endfacet
  facet normal -1 -0 0
    outer loop
      vertex 30 -13.5988 5.392
      vertex 30 -14.8411 0.755557
      vertex 30 -13.7679 5.44329
    endloop
  endfacet
  facet normal -1 0 0
    outer loop
      vertex 30 -15.3108 0.898025
      vertex 30 -13.7679 5.44329
      vertex 30 -14.8411 0.755557
    endloop
  endfacet
  facet normal -1 -0 0
    outer loop
      vertex 30 -13.7679 5.44329
      vertex 30 -15.3108 0.898025
      vertex 30 -13.9332 5.50553
    endloop
  endfacet
  facet normal -1 0 0
    outer loop
      vertex 30 -15.7701 1.0709
      vertex 30 -13.9332 5.50553
      vertex 30 -15.3108 0.898025
    endloop
  endfacet
  facet normal -1 -0 0
    outer loop
      vertex 30 -13.9332 5.50553
      vertex 30 -15.7701 1.0709
      vertex 30 -14.0942 5.57844
    endloop
  endfacet
  facet normal -1 0 0
    outer loop
      vertex 30 -16.2172 1.27345
      vertex 30 -14.0942 5.57844
      vertex 30 -15.7701 1.0709
    endloop
  endfacet
  facet normal -1 -0 0
    outer loop
      vertex 30 -14.0942 5.57844
      vertex 30 -16.2172 1.27345
      vertex 30 -14.25 5.66173
    endloop
  endfacet
  facet normal -1 0 0
    outer loop
      vertex 30 -16.65 1.50481
      vertex 30 -14.25 5.66173
      vertex 30 -16.2172 1.27345
    endloop
  endfacet
  facet normal -1 -0 0
    outer loop
      vertex 30 -14.25 5.66173
      vertex 30 -16.65 1.50481
      vertex 30 -14.4 5.75503
    endloop
  endfacet
  facet normal -1 0 0
    outer loop
      vertex 30 -17.0668 1.76398
      vertex 30 -14.4 5.75503
      vertex 30 -16.65 1.50481
    endloop
  endfacet
  facet normal -1 -0 0
    outer loop
      vertex 30 -14.4 5.75503
      vertex 30 -17.0668 1.76398
      vertex 30 -14.5437 5.85795
    endloop
  endfacet
  facet normal -1 0 0
    outer loop
      vertex 30 -17.4657 2.04985
      vertex 30 -14.5437 5.85795
      vertex 30 -17.0668 1.76398
    endloop
  endfacet
  facet normal -1 -0 0
    outer loop
      vertex 30 -14.5437 5.85795
      vertex 30 -17.4657 2.04985
      vertex 30 -14.6802 5.97003
    endloop
  endfacet
  facet normal -1 0 0
    outer loop
      vertex 30 -17.8451 2.3612
      vertex 30 -14.6802 5.97003
      vertex 30 -17.4657 2.04985
    endloop
  endfacet
  facet normal -1 -0 0
    outer loop
      vertex 30 -14.6802 5.97003
      vertex 30 -17.8451 2.3612
      vertex 30 -14.8092 6.09081
    endloop
  endfacet
  facet normal -1 0 0
    outer loop
      vertex 30 -18.2033 2.6967
      vertex 30 -14.8092 6.09081
      vertex 30 -17.8451 2.3612
    endloop
  endfacet
  facet normal -1 -0 0
    outer loop
      vertex 30 -14.8092 6.09081
      vertex 30 -18.2033 2.6967
      vertex 30 -14.93 6.21977
    endloop
  endfacet
  facet normal -1 0 0
    outer loop
      vertex 30 -18.5388 3.05491
      vertex 30 -14.93 6.21977
      vertex 30 -18.2033 2.6967
    endloop
  endfacet
  facet normal -1 -0 0
    outer loop
      vertex 30 -14.93 6.21977
      vertex 30 -18.5388 3.05491
      vertex 30 -15.0421 6.35634
    endloop
  endfacet
  facet normal -1 0 0
    outer loop
      vertex 30 -18.8501 3.43429
      vertex 30 -15.0421 6.35634
      vertex 30 -18.5388 3.05491
    endloop
  endfacet
  facet normal -1 0 0
    outer loop
      vertex 30 -19.136 3.83322
      vertex 30 -15.145 6.49996
      vertex 30 -18.8501 3.43429
    endloop
  endfacet
  facet normal -1 -0 0
    outer loop
      vertex 30 -15.0421 6.35634
      vertex 30 -18.8501 3.43429
      vertex 30 -15.145 6.49996
    endloop
  endfacet
  facet normal -1 0 0
    outer loop
      vertex 30 0 8.4
      vertex 30 0.1 16
      vertex 30 0.1 8.4
    endloop
  endfacet
  facet normal -1 0 0
    outer loop
      vertex 30 -10.2058 8.17659
      vertex 30 0 8.4
      vertex 30 -10.2 8
    endloop
  endfacet
  facet normal -1 0 0
    outer loop
      vertex 30 -10.2231 8.35242
      vertex 30 0 8.4
      vertex 30 -10.2058 8.17659
    endloop
  endfacet
  facet normal -1 0 0
    outer loop
      vertex 30 -10.2519 8.52674
      vertex 30 0 8.4
      vertex 30 -10.2231 8.35242
    endloop
  endfacet
  facet normal -1 0 0
    outer loop
      vertex 30 -10.292 8.69881
      vertex 30 0 8.4
      vertex 30 -10.2519 8.52674
    endloop
  endfacet
  facet normal -1 0 0
    outer loop
      vertex 30 -10.3433 8.86789
      vertex 30 0 8.4
      vertex 30 -10.292 8.69881
    endloop
  endfacet
  facet normal -1 0 0
    outer loop
      vertex 30 -10.4055 9.03325
      vertex 30 0 8.4
      vertex 30 -10.3433 8.86789
    endloop
  endfacet
  facet normal -1 0 0
    outer loop
      vertex 30 -10.4784 9.19418
      vertex 30 0 8.4
      vertex 30 -10.4055 9.03325
    endloop
  endfacet
  facet normal -1 0 0
    outer loop
      vertex 30 0 8.4
      vertex 30 -10.4784 9.19418
      vertex 30 0.1 16
    endloop
  endfacet
  facet normal -1 0 0
    outer loop
      vertex 30 -10.5617 9.35
      vertex 30 0.1 16
      vertex 30 -10.4784 9.19418
    endloop
  endfacet
  facet normal -1 0 0
    outer loop
      vertex 30 -10.655 9.50004
      vertex 30 0.1 16
      vertex 30 -10.5617 9.35
    endloop
  endfacet
  facet normal -1 0 0
    outer loop
      vertex 30 -10.7579 9.64366
      vertex 30 0.1 16
      vertex 30 -10.655 9.50004
    endloop
  endfacet
  facet normal -1 0 0
    outer loop
      vertex 30 -10.87 9.78023
      vertex 30 0.1 16
      vertex 30 -10.7579 9.64366
    endloop
  endfacet
  facet normal -1 0 0
    outer loop
      vertex 30 -10.9908 9.90919
      vertex 30 0.1 16
      vertex 30 -10.87 9.78023
    endloop
  endfacet
  facet normal -1 0 0
    outer loop
      vertex 30 -12.9 15.5
      vertex 30 -10.9908 9.90919
      vertex 30 -11.1198 10.03
    endloop
  endfacet
  facet normal -1 0 0
    outer loop
      vertex 30 -12.9 15.5
      vertex 30 -11.1198 10.03
      vertex 30 -11.2563 10.1421
    endloop
  endfacet
  facet normal -1 0 0
    outer loop
      vertex 30 -12.9 15.5
      vertex 30 -11.2563 10.1421
      vertex 30 -11.4 10.245
    endloop
  endfacet
  facet normal -1 0 0
    outer loop
      vertex 30 -12.9 15.5
      vertex 30 -11.4 10.245
      vertex 30 -11.55 10.3383
    endloop
  endfacet
  facet normal -1 0 0
    outer loop
      vertex 30 -12.9 15.5
      vertex 30 -11.55 10.3383
      vertex 30 -11.7058 10.4216
    endloop
  endfacet
  facet normal -1 0 0
    outer loop
      vertex 30 -12.9 15.5
      vertex 30 -11.7058 10.4216
      vertex 30 -11.8668 10.4945
    endloop
  endfacet
  facet normal -1 0 0
    outer loop
      vertex 30 -12.9 15.5
      vertex 30 -11.8668 10.4945
      vertex 30 -12.0321 10.5567
    endloop
  endfacet
  facet normal -1 0 0
    outer loop
      vertex 30 -12.9 15.5
      vertex 30 -12.0321 10.5567
      vertex 30 -12.2012 10.608
    endloop
  endfacet
  facet normal -1 0 0
    outer loop
      vertex 30 -12.9 15.5
      vertex 30 -12.2012 10.608
      vertex 30 -12.3733 10.6481
    endloop
  endfacet
  facet normal -1 0 0
    outer loop
      vertex 30 -12.9 15.5
      vertex 30 -12.3733 10.6481
      vertex 30 -12.5476 10.6769
    endloop
  endfacet
  facet normal -1 0 0
    outer loop
      vertex 30 -12.9 15.5
      vertex 30 -12.5476 10.6769
      vertex 30 -12.7234 10.6942
    endloop
  endfacet
  facet normal -1 0 0
    outer loop
      vertex 30 -12.9 15.5
      vertex 30 -12.7234 10.6942
      vertex 30 -12.9 10.7
    endloop
  endfacet
  facet normal -1 0 0
    outer loop
      vertex 30 -10.9908 9.90919
      vertex 30 -12.9 15.5
      vertex 30 0.1 16
    endloop
  endfacet
  facet normal -1 -0 0
    outer loop
      vertex 30 0.1 16
      vertex 30 -12.9 15.5
      vertex 30 -12.9 16
    endloop
  endfacet
  facet normal 1 0 0
    outer loop
      vertex 34 -13.0766 5.30578
      vertex 34 -12.9 0.5
      vertex 34 -12.9 5.3
    endloop
  endfacet
  facet normal 1 0 0
    outer loop
      vertex 34 -13.3905 0.516059
      vertex 34 -13.0766 5.30578
      vertex 34 -13.2524 5.3231
    endloop
  endfacet
  facet normal 1 0 0
    outer loop
      vertex 34 -13.0766 5.30578
      vertex 34 -13.3905 0.516059
      vertex 34 -12.9 0.5
    endloop
  endfacet
  facet normal 1 0 0
    outer loop
      vertex 34 -13.8789 0.564164
      vertex 34 -13.2524 5.3231
      vertex 34 -13.4267 5.35188
    endloop
  endfacet
  facet normal 1 0 0
    outer loop
      vertex 34 -14.3632 0.644111
      vertex 34 -13.4267 5.35188
      vertex 34 -13.5988 5.392
    endloop
  endfacet
  facet normal 1 0 0
    outer loop
      vertex 34 -14.8411 0.755557
      vertex 34 -13.5988 5.392
      vertex 34 -13.7679 5.44329
    endloop
  endfacet
  facet normal 1 0 0
    outer loop
      vertex 34 -13.2524 5.3231
      vertex 34 -13.8789 0.564164
      vertex 34 -13.3905 0.516059
    endloop
  endfacet
  facet normal 1 0 0
    outer loop
      vertex 34 -15.3108 0.898025
      vertex 34 -13.7679 5.44329
      vertex 34 -13.9332 5.50553
    endloop
  endfacet
  facet normal 1 0 0
    outer loop
      vertex 34 -15.7701 1.0709
      vertex 34 -13.9332 5.50553
      vertex 34 -14.0942 5.57844
    endloop
  endfacet
  facet normal 1 0 0
    outer loop
      vertex 34 -16.2172 1.27345
      vertex 34 -14.0942 5.57844
      vertex 34 -14.25 5.66173
    endloop
  endfacet
  facet normal 1 0 0
    outer loop
      vertex 34 -13.4267 5.35188
      vertex 34 -14.3632 0.644111
      vertex 34 -13.8789 0.564164
    endloop
  endfacet
  facet normal 1 0 0
    outer loop
      vertex 34 -16.65 1.50481
      vertex 34 -14.25 5.66173
      vertex 34 -14.4 5.75503
    endloop
  endfacet
  facet normal 1 0 0
    outer loop
      vertex 34 -17.0668 1.76398
      vertex 34 -14.4 5.75503
      vertex 34 -14.5437 5.85795
    endloop
  endfacet
  facet normal 1 0 0
    outer loop
      vertex 34 -17.4657 2.04985
      vertex 34 -14.5437 5.85795
      vertex 34 -14.6802 5.97003
    endloop
  endfacet
  facet normal 1 0 0
    outer loop
      vertex 34 -17.8451 2.3612
      vertex 34 -14.6802 5.97003
      vertex 34 -14.8092 6.09081
    endloop
  endfacet
  facet normal 1 0 0
    outer loop
      vertex 34 -13.5988 5.392
      vertex 34 -14.8411 0.755557
      vertex 34 -14.3632 0.644111
    endloop
  endfacet
  facet normal 1 0 0
    outer loop
      vertex 34 -18.2033 2.6967
      vertex 34 -14.8092 6.09081
      vertex 34 -14.93 6.21977
    endloop
  endfacet
  facet normal 1 0 0
    outer loop
      vertex 34 -18.5388 3.05491
      vertex 34 -14.93 6.21977
      vertex 34 -15.0421 6.35634
    endloop
  endfacet
  facet normal 1 0 0
    outer loop
      vertex 34 -18.8501 3.43429
      vertex 34 -15.0421 6.35634
      vertex 34 -15.145 6.49996
    endloop
  endfacet
  facet normal 1 0 0
    outer loop
      vertex 34 -19.136 3.83322
      vertex 34 -15.145 6.49996
      vertex 34 -15.2383 6.65
    endloop
  endfacet
  facet normal 1 0 0
    outer loop
      vertex 34 -13.7679 5.44329
      vertex 34 -15.3108 0.898025
      vertex 34 -14.8411 0.755557
    endloop
  endfacet
  facet normal 1 0 0
    outer loop
      vertex 34 -19.3952 4.25
      vertex 34 -15.2383 6.65
      vertex 34 -15.3216 6.80582
    endloop
  endfacet
  facet normal 1 0 0
    outer loop
      vertex 34 -19.6265 4.68284
      vertex 34 -15.3216 6.80582
      vertex 34 -15.3945 6.96675
    endloop
  endfacet
  facet normal 1 0 0
    outer loop
      vertex 34 -19.8291 5.12988
      vertex 34 -15.3945 6.96675
      vertex 34 -15.4567 7.13211
    endloop
  endfacet
  facet normal 1 0 0
    outer loop
      vertex 34 -20.002 5.5892
      vertex 34 -15.4567 7.13211
      vertex 34 -15.508 7.30119
    endloop
  endfacet
  facet normal 1 0 0
    outer loop
      vertex 34 -20.1444 6.05886
      vertex 34 -15.508 7.30119
      vertex 34 -15.5481 7.47326
    endloop
  endfacet
  facet normal 1 0 0
    outer loop
      vertex 34 -20.2559 6.53682
      vertex 34 -15.5481 7.47326
      vertex 34 -15.5769 7.64758
    endloop
  endfacet
  facet normal 1 0 0
    outer loop
      vertex 34 -20.3358 7.02105
      vertex 34 -15.5769 7.64758
      vertex 34 -15.5942 7.82341
    endloop
  endfacet
  facet normal 1 0 0
    outer loop
      vertex 34 -13.9332 5.50553
      vertex 34 -15.7701 1.0709
      vertex 34 -15.3108 0.898025
    endloop
  endfacet
  facet normal 1 0 0
    outer loop
      vertex 34 -20.3839 7.50948
      vertex 34 -15.5942 7.82341
      vertex 34 -15.6 8
    endloop
  endfacet
  facet normal 1 0 0
    outer loop
      vertex 34 -15.145 9.50004
      vertex 34 -19.136 12.1668
      vertex 34 -15.2383 9.35
    endloop
  endfacet
  facet normal 1 -0 0
    outer loop
      vertex 34 -19.3952 11.75
      vertex 34 -15.2383 9.35
      vertex 34 -19.136 12.1668
    endloop
  endfacet
  facet normal 1 0 0
    outer loop
      vertex 34 -14.0942 5.57844
      vertex 34 -16.2172 1.27345
      vertex 34 -15.7701 1.0709
    endloop
  endfacet
  facet normal 1 0 0
    outer loop
      vertex 34 -15.2383 9.35
      vertex 34 -19.3952 11.75
      vertex 34 -15.3216 9.19418
    endloop
  endfacet
  facet normal 1 0 0
    outer loop
      vertex 34 -14.25 5.66173
      vertex 34 -16.65 1.50481
      vertex 34 -16.2172 1.27345
    endloop
  endfacet
  facet normal 1 -0 0
    outer loop
      vertex 34 -19.6265 11.3172
      vertex 34 -15.3216 9.19418
      vertex 34 -19.3952 11.75
    endloop
  endfacet
  facet normal 1 0 0
    outer loop
      vertex 34 -14.4 5.75503
      vertex 34 -17.0668 1.76398
      vertex 34 -16.65 1.50481
    endloop
  endfacet
  facet normal 1 0 0
    outer loop
      vertex 34 -15.3216 9.19418
      vertex 34 -19.6265 11.3172
      vertex 34 -15.3945 9.03325
    endloop
  endfacet
  facet normal 1 0 0
    outer loop
      vertex 34 -14.5437 5.85795
      vertex 34 -17.4657 2.04985
      vertex 34 -17.0668 1.76398
    endloop
  endfacet
  facet normal 1 -0 0
    outer loop
      vertex 34 -19.8291 10.8701
      vertex 34 -15.3945 9.03325
      vertex 34 -19.6265 11.3172
    endloop
  endfacet
  facet normal 1 0 0
    outer loop
      vertex 34 -14.6802 5.97003
      vertex 34 -17.8451 2.3612
      vertex 34 -17.4657 2.04985
    endloop
  endfacet
  facet normal 1 0 0
    outer loop
      vertex 34 -15.3945 9.03325
      vertex 34 -19.8291 10.8701
      vertex 34 -15.4567 8.86789
    endloop
  endfacet
  facet normal 1 0 0
    outer loop
      vertex 34 -14.8092 6.09081
      vertex 34 -18.2033 2.6967
      vertex 34 -17.8451 2.3612
    endloop
  endfacet
  facet normal 1 -0 0
    outer loop
      vertex 34 -20.002 10.4108
      vertex 34 -15.4567 8.86789
      vertex 34 -19.8291 10.8701
    endloop
  endfacet
  facet normal 1 0 0
    outer loop
      vertex 34 -14.93 6.21977
      vertex 34 -18.5388 3.05491
      vertex 34 -18.2033 2.6967
    endloop
  endfacet
  facet normal 1 0 0
    outer loop
      vertex 34 -15.4567 8.86789
      vertex 34 -20.002 10.4108
      vertex 34 -15.508 8.69881
    endloop
  endfacet
  facet normal 1 0 0
    outer loop
      vertex 34 -15.0421 6.35634
      vertex 34 -18.8501 3.43429
      vertex 34 -18.5388 3.05491
    endloop
  endfacet
  facet normal 1 -0 0
    outer loop
      vertex 34 -20.1444 9.94114
      vertex 34 -15.508 8.69881
      vertex 34 -20.002 10.4108
    endloop
  endfacet
  facet normal 1 0 0
    outer loop
      vertex 34 -15.145 6.49996
      vertex 34 -19.136 3.83322
      vertex 34 -18.8501 3.43429
    endloop
  endfacet
  facet normal 1 0 0
    outer loop
      vertex 34 -15.508 8.69881
      vertex 34 -20.1444 9.94114
      vertex 34 -15.5481 8.52674
    endloop
  endfacet
  facet normal 1 0 0
    outer loop
      vertex 34 -15.2383 6.65
      vertex 34 -19.3952 4.25
      vertex 34 -19.136 3.83322
    endloop
  endfacet
  facet normal 1 -0 0
    outer loop
      vertex 34 -20.2559 9.46318
      vertex 34 -15.5481 8.52674
      vertex 34 -20.1444 9.94114
    endloop
  endfacet
  facet normal 1 0 0
    outer loop
      vertex 34 -15.3216 6.80582
      vertex 34 -19.6265 4.68284
      vertex 34 -19.3952 4.25
    endloop
  endfacet
  facet normal 1 0 0
    outer loop
      vertex 34 -15.5481 8.52674
      vertex 34 -20.2559 9.46318
      vertex 34 -15.5769 8.35242
    endloop
  endfacet
  facet normal 1 0 0
    outer loop
      vertex 34 -15.3945 6.96675
      vertex 34 -19.8291 5.12988
      vertex 34 -19.6265 4.68284
    endloop
  endfacet
  facet normal 1 -0 0
    outer loop
      vertex 34 -20.3358 8.97895
      vertex 34 -15.5769 8.35242
      vertex 34 -20.2559 9.46318
    endloop
  endfacet
  facet normal 1 0 0
    outer loop
      vertex 34 -15.4567 7.13211
      vertex 34 -20.002 5.5892
      vertex 34 -19.8291 5.12988
    endloop
  endfacet
  facet normal 1 0 0
    outer loop
      vertex 34 -15.5769 8.35242
      vertex 34 -20.3358 8.97895
      vertex 34 -15.5942 8.17659
    endloop
  endfacet
  facet normal 1 0 0
    outer loop
      vertex 34 -15.508 7.30119
      vertex 34 -20.1444 6.05886
      vertex 34 -20.002 5.5892
    endloop
  endfacet
  facet normal 1 -0 0
    outer loop
      vertex 34 -20.3839 8.49052
      vertex 34 -15.5942 8.17659
      vertex 34 -20.3358 8.97895
    endloop
  endfacet
  facet normal 1 0 0
    outer loop
      vertex 34 -15.5481 7.47326
      vertex 34 -20.2559 6.53682
      vertex 34 -20.1444 6.05886
    endloop
  endfacet
  facet normal 1 0 0
    outer loop
      vertex 34 -15.5942 8.17659
      vertex 34 -20.3839 8.49052
      vertex 34 -15.6 8
    endloop
  endfacet
  facet normal 1 0 0
    outer loop
      vertex 34 -15.5769 7.64758
      vertex 34 -20.3358 7.02105
      vertex 34 -20.2559 6.53682
    endloop
  endfacet
  facet normal 1 0 0
    outer loop
      vertex 34 -20.4 8
      vertex 34 -15.6 8
      vertex 34 -20.3839 8.49052
    endloop
  endfacet
  facet normal 1 0 0
    outer loop
      vertex 34 -15.5942 7.82341
      vertex 34 -20.3839 7.50948
      vertex 34 -20.3358 7.02105
    endloop
  endfacet
  facet normal 1 0 0
    outer loop
      vertex 34 -15.6 8
      vertex 34 -20.4 8
      vertex 34 -20.3839 7.50948
    endloop
  endfacet
  facet normal 1 0 0
    outer loop
      vertex 34 0.1 16
      vertex 34 0 8.4
      vertex 34 0.1 8.4
    endloop
  endfacet
  facet normal 1 0 0
    outer loop
      vertex 34 -10.2058 7.82341
      vertex 34 0 8.4
      vertex 34 -10.2 8
    endloop
  endfacet
  facet normal 1 -0 0
    outer loop
      vertex 34 -10.4784 9.19418
      vertex 34 0 8.4
      vertex 34 0.1 16
    endloop
  endfacet
  facet normal 1 0 0
    outer loop
      vertex 34 0 8.4
      vertex 34 -10.2058 8.17659
      vertex 34 -10.2 8
    endloop
  endfacet
  facet normal 1 0 0
    outer loop
      vertex 34 0 8.4
      vertex 34 -10.2231 8.35242
      vertex 34 -10.2058 8.17659
    endloop
  endfacet
  facet normal 1 0 0
    outer loop
      vertex 34 0 8.4
      vertex 34 -10.2519 8.52674
      vertex 34 -10.2231 8.35242
    endloop
  endfacet
  facet normal 1 0 0
    outer loop
      vertex 34 0 8.4
      vertex 34 -10.292 8.69881
      vertex 34 -10.2519 8.52674
    endloop
  endfacet
  facet normal 1 0 0
    outer loop
      vertex 34 0 8.4
      vertex 34 -10.3433 8.86789
      vertex 34 -10.292 8.69881
    endloop
  endfacet
  facet normal 1 0 0
    outer loop
      vertex 34 0 8.4
      vertex 34 -10.4055 9.03325
      vertex 34 -10.3433 8.86789
    endloop
  endfacet
  facet normal 1 0 0
    outer loop
      vertex 34 0 8.4
      vertex 34 -10.4784 9.19418
      vertex 34 -10.4055 9.03325
    endloop
  endfacet
  facet normal 1 0 0
    outer loop
      vertex 34 0.1 16
      vertex 34 -10.5617 9.35
      vertex 34 -10.4784 9.19418
    endloop
  endfacet
  facet normal 1 0 0
    outer loop
      vertex 34 0.1 16
      vertex 34 -10.655 9.50004
      vertex 34 -10.5617 9.35
    endloop
  endfacet
  facet normal 1 0 0
    outer loop
      vertex 34 0.1 16
      vertex 34 -10.7579 9.64366
      vertex 34 -10.655 9.50004
    endloop
  endfacet
  facet normal 1 0 0
    outer loop
      vertex 34 0.1 16
      vertex 34 -10.87 9.78023
      vertex 34 -10.7579 9.64366
    endloop
  endfacet
  facet normal 1 0 0
    outer loop
      vertex 34 0.1 16
      vertex 34 -10.9908 9.90919
      vertex 34 -10.87 9.78023
    endloop
  endfacet
  facet normal 1 -0 0
    outer loop
      vertex 34 -12.9 15.5
      vertex 34 -10.9908 9.90919
      vertex 34 0.1 16
    endloop
  endfacet
  facet normal 1 0 0
    outer loop
      vertex 34 -10.9908 9.90919
      vertex 34 -12.9 15.5
      vertex 34 -11.1198 10.03
    endloop
  endfacet
  facet normal 1 0 0
    outer loop
      vertex 34 -11.1198 10.03
      vertex 34 -12.9 15.5
      vertex 34 -11.2563 10.1421
    endloop
  endfacet
  facet normal 1 0 0
    outer loop
      vertex 34 -11.2563 10.1421
      vertex 34 -12.9 15.5
      vertex 34 -11.4 10.245
    endloop
  endfacet
  facet normal 1 0 0
    outer loop
      vertex 34 -11.4 10.245
      vertex 34 -12.9 15.5
      vertex 34 -11.55 10.3383
    endloop
  endfacet
  facet normal 1 0 0
    outer loop
      vertex 34 -11.55 10.3383
      vertex 34 -12.9 15.5
      vertex 34 -11.7058 10.4216
    endloop
  endfacet
  facet normal 1 0 0
    outer loop
      vertex 34 -11.7058 10.4216
      vertex 34 -12.9 15.5
      vertex 34 -11.8668 10.4945
    endloop
  endfacet
  facet normal 1 0 0
    outer loop
      vertex 34 -11.8668 10.4945
      vertex 34 -12.9 15.5
      vertex 34 -12.0321 10.5567
    endloop
  endfacet
  facet normal 1 0 0
    outer loop
      vertex 34 -12.0321 10.5567
      vertex 34 -12.9 15.5
      vertex 34 -12.2012 10.608
    endloop
  endfacet
  facet normal 1 0 0
    outer loop
      vertex 34 -12.2012 10.608
      vertex 34 -12.9 15.5
      vertex 34 -12.3733 10.6481
    endloop
  endfacet
  facet normal 1 0 0
    outer loop
      vertex 34 -12.3733 10.6481
      vertex 34 -12.9 15.5
      vertex 34 -12.5476 10.6769
    endloop
  endfacet
  facet normal 1 0 0
    outer loop
      vertex 34 -12.9 15.5
      vertex 34 0.1 16
      vertex 34 -12.9 16
    endloop
  endfacet
  facet normal 1 0 0
    outer loop
      vertex 34 -12.5476 10.6769
      vertex 34 -12.9 15.5
      vertex 34 -12.7234 10.6942
    endloop
  endfacet
  facet normal 1 0 0
    outer loop
      vertex 34 -12.9 15.5
      vertex 34 -12.9 10.7
      vertex 34 -12.7234 10.6942
    endloop
  endfacet
  facet normal 1 0 0
    outer loop
      vertex 34 -12.9 15.5
      vertex 34 -13.0766 10.6942
      vertex 34 -12.9 10.7
    endloop
  endfacet
  facet normal 1 -0 0
    outer loop
      vertex 34 -13.3905 15.4839
      vertex 34 -13.0766 10.6942
      vertex 34 -12.9 15.5
    endloop
  endfacet
  facet normal 1 0 0
    outer loop
      vertex 34 -13.0766 10.6942
      vertex 34 -13.3905 15.4839
      vertex 34 -13.2524 10.6769
    endloop
  endfacet
  facet normal 1 -0 0
    outer loop
      vertex 34 -13.8789 15.4358
      vertex 34 -13.2524 10.6769
      vertex 34 -13.3905 15.4839
    endloop
  endfacet
  facet normal 1 0 0
    outer loop
      vertex 34 -13.2524 10.6769
      vertex 34 -13.8789 15.4358
      vertex 34 -13.4267 10.6481
    endloop
  endfacet
  facet normal 1 -0 0
    outer loop
      vertex 34 -14.3632 15.3559
      vertex 34 -13.4267 10.6481
      vertex 34 -13.8789 15.4358
    endloop
  endfacet
  facet normal 1 0 0
    outer loop
      vertex 34 -13.4267 10.6481
      vertex 34 -14.3632 15.3559
      vertex 34 -13.5988 10.608
    endloop
  endfacet
  facet normal 1 -0 0
    outer loop
      vertex 34 -14.8411 15.2444
      vertex 34 -13.5988 10.608
      vertex 34 -14.3632 15.3559
    endloop
  endfacet
  facet normal 1 0 0
    outer loop
      vertex 34 -13.5988 10.608
      vertex 34 -14.8411 15.2444
      vertex 34 -13.7679 10.5567
    endloop
  endfacet
  facet normal 1 -0 0
    outer loop
      vertex 34 -15.3108 15.102
      vertex 34 -13.7679 10.5567
      vertex 34 -14.8411 15.2444
    endloop
  endfacet
  facet normal 1 0 0
    outer loop
      vertex 34 -13.7679 10.5567
      vertex 34 -15.3108 15.102
      vertex 34 -13.9332 10.4945
    endloop
  endfacet
  facet normal 1 -0 0
    outer loop
      vertex 34 -15.7701 14.9291
      vertex 34 -13.9332 10.4945
      vertex 34 -15.3108 15.102
    endloop
  endfacet
  facet normal 1 0 0
    outer loop
      vertex 34 -13.9332 10.4945
      vertex 34 -15.7701 14.9291
      vertex 34 -14.0942 10.4216
    endloop
  endfacet
  facet normal 1 -0 0
    outer loop
      vertex 34 -16.2172 14.7265
      vertex 34 -14.0942 10.4216
      vertex 34 -15.7701 14.9291
    endloop
  endfacet
  facet normal 1 0 0
    outer loop
      vertex 34 -14.0942 10.4216
      vertex 34 -16.2172 14.7265
      vertex 34 -14.25 10.3383
    endloop
  endfacet
  facet normal 1 -0 0
    outer loop
      vertex 34 -16.65 14.4952
      vertex 34 -14.25 10.3383
      vertex 34 -16.2172 14.7265
    endloop
  endfacet
  facet normal 1 0 0
    outer loop
      vertex 34 -14.25 10.3383
      vertex 34 -16.65 14.4952
      vertex 34 -14.4 10.245
    endloop
  endfacet
  facet normal 1 -0 0
    outer loop
      vertex 34 -17.0668 14.236
      vertex 34 -14.4 10.245
      vertex 34 -16.65 14.4952
    endloop
  endfacet
  facet normal 1 0 0
    outer loop
      vertex 34 -14.4 10.245
      vertex 34 -17.0668 14.236
      vertex 34 -14.5437 10.1421
    endloop
  endfacet
  facet normal 1 -0 0
    outer loop
      vertex 34 -17.4657 13.9501
      vertex 34 -14.5437 10.1421
      vertex 34 -17.0668 14.236
    endloop
  endfacet
  facet normal 1 0 0
    outer loop
      vertex 34 -14.5437 10.1421
      vertex 34 -17.4657 13.9501
      vertex 34 -14.6802 10.03
    endloop
  endfacet
  facet normal 1 -0 0
    outer loop
      vertex 34 -17.8451 13.6388
      vertex 34 -14.6802 10.03
      vertex 34 -17.4657 13.9501
    endloop
  endfacet
  facet normal 1 0 0
    outer loop
      vertex 34 -14.6802 10.03
      vertex 34 -17.8451 13.6388
      vertex 34 -14.8092 9.90919
    endloop
  endfacet
  facet normal 1 -0 0
    outer loop
      vertex 34 -18.2033 13.3033
      vertex 34 -14.8092 9.90919
      vertex 34 -17.8451 13.6388
    endloop
  endfacet
  facet normal 1 0 0
    outer loop
      vertex 34 -14.8092 9.90919
      vertex 34 -18.2033 13.3033
      vertex 34 -14.93 9.78023
    endloop
  endfacet
  facet normal 1 -0 0
    outer loop
      vertex 34 -18.5388 12.9451
      vertex 34 -14.93 9.78023
      vertex 34 -18.2033 13.3033
    endloop
  endfacet
  facet normal 1 0 0
    outer loop
      vertex 34 -14.93 9.78023
      vertex 34 -18.5388 12.9451
      vertex 34 -15.0421 9.64366
    endloop
  endfacet
  facet normal 1 -0 0
    outer loop
      vertex 34 -18.8501 12.5657
      vertex 34 -15.0421 9.64366
      vertex 34 -18.5388 12.9451
    endloop
  endfacet
  facet normal 1 -0 0
    outer loop
      vertex 34 -19.136 12.1668
      vertex 34 -15.145 9.50004
      vertex 34 -18.8501 12.5657
    endloop
  endfacet
  facet normal 1 0 0
    outer loop
      vertex 34 -15.0421 9.64366
      vertex 34 -18.8501 12.5657
      vertex 34 -15.145 9.50004
    endloop
  endfacet
  facet normal 1 0 0
    outer loop
      vertex 34 -10.2231 7.64758
      vertex 34 0 8.4
      vertex 34 -10.2058 7.82341
    endloop
  endfacet
  facet normal 1 0 0
    outer loop
      vertex 34 -10.2519 7.47326
      vertex 34 0 8.4
      vertex 34 -10.2231 7.64758
    endloop
  endfacet
  facet normal 1 0 0
    outer loop
      vertex 34 -10.292 7.30119
      vertex 34 0 8.4
      vertex 34 -10.2519 7.47326
    endloop
  endfacet
  facet normal 1 0 0
    outer loop
      vertex 34 -10.3433 7.13211
      vertex 34 0 8.4
      vertex 34 -10.292 7.30119
    endloop
  endfacet
  facet normal 1 0 0
    outer loop
      vertex 34 -10.4055 6.96675
      vertex 34 0 8.4
      vertex 34 -10.3433 7.13211
    endloop
  endfacet
  facet normal 1 0 0
    outer loop
      vertex 34 -10.4784 6.80582
      vertex 34 0 8.4
      vertex 34 -10.4055 6.96675
    endloop
  endfacet
  facet normal 1 0 0
    outer loop
      vertex 34 0 8.4
      vertex 34 -10.4784 6.80582
      vertex 34 0 0
    endloop
  endfacet
  facet normal 1 -0 0
    outer loop
      vertex 34 -10.5617 6.65
      vertex 34 0 0
      vertex 34 -10.4784 6.80582
    endloop
  endfacet
  facet normal 1 -0 0
    outer loop
      vertex 34 -10.655 6.49996
      vertex 34 0 0
      vertex 34 -10.5617 6.65
    endloop
  endfacet
  facet normal 1 -0 0
    outer loop
      vertex 34 -10.7579 6.35634
      vertex 34 0 0
      vertex 34 -10.655 6.49996
    endloop
  endfacet
  facet normal 1 -0 0
    outer loop
      vertex 34 -10.87 6.21977
      vertex 34 0 0
      vertex 34 -10.7579 6.35634
    endloop
  endfacet
  facet normal 1 -0 0
    outer loop
      vertex 34 -10.9908 6.09081
      vertex 34 0 0
      vertex 34 -10.87 6.21977
    endloop
  endfacet
  facet normal 1 0 0
    outer loop
      vertex 34 -12.9 0.5
      vertex 34 -10.9908 6.09081
      vertex 34 -11.1198 5.97003
    endloop
  endfacet
  facet normal 1 0 0
    outer loop
      vertex 34 -12.9 0.5
      vertex 34 -11.1198 5.97003
      vertex 34 -11.2563 5.85795
    endloop
  endfacet
  facet normal 1 0 0
    outer loop
      vertex 34 -12.9 0.5
      vertex 34 -11.2563 5.85795
      vertex 34 -11.4 5.75503
    endloop
  endfacet
  facet normal 1 0 0
    outer loop
      vertex 34 -12.9 0.5
      vertex 34 -11.4 5.75503
      vertex 34 -11.55 5.66173
    endloop
  endfacet
  facet normal 1 0 0
    outer loop
      vertex 34 -12.9 0.5
      vertex 34 -11.55 5.66173
      vertex 34 -11.7058 5.57844
    endloop
  endfacet
  facet normal 1 0 0
    outer loop
      vertex 34 -12.9 0.5
      vertex 34 -11.7058 5.57844
      vertex 34 -11.8668 5.50553
    endloop
  endfacet
  facet normal 1 0 0
    outer loop
      vertex 34 -12.9 0.5
      vertex 34 -11.8668 5.50553
      vertex 34 -12.0321 5.44329
    endloop
  endfacet
  facet normal 1 0 0
    outer loop
      vertex 34 -12.9 0.5
      vertex 34 -12.0321 5.44329
      vertex 34 -12.2012 5.392
    endloop
  endfacet
  facet normal 1 0 0
    outer loop
      vertex 34 -12.9 0.5
      vertex 34 -12.2012 5.392
      vertex 34 -12.3733 5.35188
    endloop
  endfacet
  facet normal 1 0 0
    outer loop
      vertex 34 -12.9 0.5
      vertex 34 -12.3733 5.35188
      vertex 34 -12.5476 5.3231
    endloop
  endfacet
  facet normal 1 0 0
    outer loop
      vertex 34 -12.9 0.5
      vertex 34 -12.5476 5.3231
      vertex 34 -12.7234 5.30578
    endloop
  endfacet
  facet normal 1 0 0
    outer loop
      vertex 34 -12.9 0.5
      vertex 34 -12.7234 5.30578
      vertex 34 -12.9 5.3
    endloop
  endfacet
  facet normal 1 0 0
    outer loop
      vertex 34 -10.9908 6.09081
      vertex 34 -12.9 0.5
      vertex 34 0 0
    endloop
  endfacet
  facet normal 1 0 0
    outer loop
      vertex 34 0 0
      vertex 34 -12.9 0.5
      vertex 34 -12.9 0
    endloop
  endfacet
  facet normal 0 1 -0
    outer loop
      vertex 34 0.1 8.4
      vertex 30 0.1 16
      vertex 34 0.1 16
    endloop
  endfacet
  facet normal 0 1 0
    outer loop
      vertex 30 0.1 16
      vertex 34 0.1 8.4
      vertex 30 0.1 8.4
    endloop
  endfacet
  facet normal 0 -1 0
    outer loop
      vertex 30 -12.9 0
      vertex 34 -12.9 0.5
      vertex 30 -12.9 0.5
    endloop
  endfacet
  facet normal 0 -1 -0
    outer loop
      vertex 34 -12.9 0.5
      vertex 30 -12.9 0
      vertex 34 -12.9 0
    endloop
  endfacet
  facet normal 0 -1 0
    outer loop
      vertex 30 -12.9 15.5
      vertex 34 -12.9 16
      vertex 30 -12.9 16
    endloop
  endfacet
  facet normal 0 -1 -0
    outer loop
      vertex 34 -12.9 16
      vertex 30 -12.9 15.5
      vertex 34 -12.9 15.5
    endloop
  endfacet
  facet normal 0 -0.0327225 -0.999464
    outer loop
      vertex 30 -13.3905 0.516059
      vertex 34 -12.9 0.5
      vertex 34 -13.3905 0.516059
    endloop
  endfacet
  facet normal -0 -0.0327225 -0.999464
    outer loop
      vertex 34 -12.9 0.5
      vertex 30 -13.3905 0.516059
      vertex 30 -12.9 0.5
    endloop
  endfacet
  facet normal 0 -0.999462 0.0328046
    outer loop
      vertex 30 -20.4 8
      vertex 34 -20.3839 8.49052
      vertex 30 -20.3839 8.49052
    endloop
  endfacet
  facet normal 0 -0.999462 0.0328046
    outer loop
      vertex 34 -20.3839 8.49052
      vertex 30 -20.4 8
      vertex 34 -20.4 8
    endloop
  endfacet
  facet normal 0 -0.729864 -0.683592
    outer loop
      vertex 30 -18.2033 2.6967
      vertex 34 -18.5388 3.05491
      vertex 30 -18.5388 3.05491
    endloop
  endfacet
  facet normal 0 -0.729864 -0.683592
    outer loop
      vertex 34 -18.5388 3.05491
      vertex 30 -18.2033 2.6967
      vertex 34 -18.2033 2.6967
    endloop
  endfacet
  facet normal 0 -0.683602 0.729855
    outer loop
      vertex 30 -17.8451 13.6388
      vertex 34 -18.2033 13.3033
      vertex 34 -17.8451 13.6388
    endloop
  endfacet
  facet normal 0 -0.683602 0.729855
    outer loop
      vertex 34 -18.2033 13.3033
      vertex 30 -17.8451 13.6388
      vertex 30 -18.2033 13.3033
    endloop
  endfacet
  facet normal 0 -0.910847 0.412744
    outer loop
      vertex 30 -19.8291 10.8701
      vertex 34 -19.6265 11.3172
      vertex 30 -19.6265 11.3172
    endloop
  endfacet
  facet normal 0 -0.910847 0.412744
    outer loop
      vertex 34 -19.6265 11.3172
      vertex 30 -19.8291 10.8701
      vertex 34 -19.8291 10.8701
    endloop
  endfacet
  facet normal 0 -0.412659 -0.910886
    outer loop
      vertex 30 -16.2172 1.27345
      vertex 34 -15.7701 1.0709
      vertex 34 -16.2172 1.27345
    endloop
  endfacet
  facet normal -0 -0.412659 -0.910886
    outer loop
      vertex 34 -15.7701 1.0709
      vertex 30 -16.2172 1.27345
      vertex 30 -15.7701 1.0709
    endloop
  endfacet
  facet normal 0 -0.93589 -0.352293
    outer loop
      vertex 30 -19.8291 5.12988
      vertex 34 -20.002 5.5892
      vertex 30 -20.002 5.5892
    endloop
  endfacet
  facet normal 0 -0.93589 -0.352293
    outer loop
      vertex 34 -20.002 5.5892
      vertex 30 -19.8291 5.12988
      vertex 34 -19.8291 5.12988
    endloop
  endfacet
  facet normal 0 -0.849175 -0.528111
    outer loop
      vertex 30 -19.136 3.83322
      vertex 34 -19.3952 4.25
      vertex 30 -19.3952 4.25
    endloop
  endfacet
  facet normal 0 -0.849175 -0.528111
    outer loop
      vertex 34 -19.3952 4.25
      vertex 30 -19.136 3.83322
      vertex 34 -19.136 3.83322
    endloop
  endfacet
  facet normal 0 -0.352307 0.935885
    outer loop
      vertex 30 -15.3108 15.102
      vertex 34 -15.7701 14.9291
      vertex 34 -15.3108 15.102
    endloop
  endfacet
  facet normal 0 -0.352307 0.935885
    outer loop
      vertex 34 -15.7701 14.9291
      vertex 30 -15.3108 15.102
      vertex 30 -15.7701 14.9291
    endloop
  endfacet
  facet normal 0 -0.973852 0.227183
    outer loop
      vertex 30 -20.2559 9.46318
      vertex 34 -20.1444 9.94114
      vertex 30 -20.1444 9.94114
    endloop
  endfacet
  facet normal 0 -0.973852 0.227183
    outer loop
      vertex 34 -20.1444 9.94114
      vertex 30 -20.2559 9.46318
      vertex 34 -20.2559 9.46318
    endloop
  endfacet
  facet normal 0 -0.227106 -0.97387
    outer loop
      vertex 30 -14.8411 0.755557
      vertex 34 -14.3632 0.644111
      vertex 34 -14.8411 0.755557
    endloop
  endfacet
  facet normal -0 -0.227106 -0.97387
    outer loop
      vertex 34 -14.3632 0.644111
      vertex 30 -14.8411 0.755557
      vertex 30 -14.3632 0.644111
    endloop
  endfacet
  facet normal 0 -0.582508 -0.812825
    outer loop
      vertex 30 -17.4657 2.04985
      vertex 34 -17.0668 1.76398
      vertex 34 -17.4657 2.04985
    endloop
  endfacet
  facet normal -0 -0.582508 -0.812825
    outer loop
      vertex 34 -17.0668 1.76398
      vertex 30 -17.4657 2.04985
      vertex 30 -17.0668 1.76398
    endloop
  endfacet
  facet normal 0 -0.528049 -0.849214
    outer loop
      vertex 30 -17.0668 1.76398
      vertex 34 -16.65 1.50481
      vertex 34 -17.0668 1.76398
    endloop
  endfacet
  facet normal -0 -0.528049 -0.849214
    outer loop
      vertex 34 -16.65 1.50481
      vertex 30 -17.0668 1.76398
      vertex 30 -16.65 1.50481
    endloop
  endfacet
  facet normal 0 -0.986659 -0.162803
    outer loop
      vertex 30 -20.2559 6.53682
      vertex 34 -20.3358 7.02105
      vertex 30 -20.3358 7.02105
    endloop
  endfacet
  facet normal 0 -0.986659 -0.162803
    outer loop
      vertex 34 -20.3358 7.02105
      vertex 30 -20.2559 6.53682
      vertex 34 -20.2559 6.53682
    endloop
  endfacet
  facet normal 0 -0.88197 -0.471305
    outer loop
      vertex 30 -19.3952 4.25
      vertex 34 -19.6265 4.68284
      vertex 30 -19.6265 4.68284
    endloop
  endfacet
  facet normal 0 -0.88197 -0.471305
    outer loop
      vertex 34 -19.6265 4.68284
      vertex 30 -19.3952 4.25
      vertex 34 -19.3952 4.25
    endloop
  endfacet
  facet normal 0 -0.812817 -0.582519
    outer loop
      vertex 30 -18.8501 3.43429
      vertex 34 -19.136 3.83322
      vertex 30 -19.136 3.83322
    endloop
  endfacet
  facet normal 0 -0.812817 -0.582519
    outer loop
      vertex 34 -19.136 3.83322
      vertex 30 -18.8501 3.43429
      vertex 34 -18.8501 3.43429
    endloop
  endfacet
  facet normal 0 -0.16278 0.986662
    outer loop
      vertex 30 -13.8789 15.4358
      vertex 34 -14.3632 15.3559
      vertex 34 -13.8789 15.4358
    endloop
  endfacet
  facet normal 0 -0.16278 0.986662
    outer loop
      vertex 34 -14.3632 15.3559
      vertex 30 -13.8789 15.4358
      vertex 30 -14.3632 15.3559
    endloop
  endfacet
  facet normal 0 -0.528093 0.849187
    outer loop
      vertex 30 -16.65 14.4952
      vertex 34 -17.0668 14.236
      vertex 34 -16.65 14.4952
    endloop
  endfacet
  facet normal 0 -0.528093 0.849187
    outer loop
      vertex 34 -17.0668 14.236
      vertex 30 -16.65 14.4952
      vertex 30 -17.0668 14.236
    endloop
  endfacet
  facet normal 0 -0.471339 0.881952
    outer loop
      vertex 30 -16.2172 14.7265
      vertex 34 -16.65 14.4952
      vertex 34 -16.2172 14.7265
    endloop
  endfacet
  facet normal 0 -0.471339 0.881952
    outer loop
      vertex 34 -16.65 14.4952
      vertex 30 -16.2172 14.7265
      vertex 30 -16.65 14.4952
    endloop
  endfacet
  facet normal 0 -0.812796 0.582548
    outer loop
      vertex 30 -19.136 12.1668
      vertex 34 -18.8501 12.5657
      vertex 30 -18.8501 12.5657
    endloop
  endfacet
  facet normal 0 -0.812796 0.582548
    outer loop
      vertex 34 -18.8501 12.5657
      vertex 30 -19.136 12.1668
      vertex 34 -19.136 12.1668
    endloop
  endfacet
  facet normal 0 -0.986659 0.162803
    outer loop
      vertex 30 -20.3358 8.97895
      vertex 34 -20.2559 9.46318
      vertex 30 -20.2559 9.46318
    endloop
  endfacet
  facet normal 0 -0.986659 0.162803
    outer loop
      vertex 34 -20.2559 9.46318
      vertex 30 -20.3358 8.97895
      vertex 34 -20.3358 8.97895
    endloop
  endfacet
  facet normal 0 -0.162873 -0.986647
    outer loop
      vertex 30 -14.3632 0.644111
      vertex 34 -13.8789 0.564164
      vertex 34 -14.3632 0.644111
    endloop
  endfacet
  facet normal -0 -0.162873 -0.986647
    outer loop
      vertex 34 -13.8789 0.564164
      vertex 30 -14.3632 0.644111
      vertex 30 -13.8789 0.564164
    endloop
  endfacet
  facet normal 0 -0.0980208 -0.995184
    outer loop
      vertex 30 -13.8789 0.564164
      vertex 34 -13.3905 0.516059
      vertex 34 -13.8789 0.564164
    endloop
  endfacet
  facet normal -0 -0.0980208 -0.995184
    outer loop
      vertex 34 -13.3905 0.516059
      vertex 30 -13.8789 0.564164
      vertex 30 -13.3905 0.516059
    endloop
  endfacet
  facet normal 0 -0.352262 -0.935901
    outer loop
      vertex 30 -15.7701 1.0709
      vertex 34 -15.3108 0.898025
      vertex 34 -15.7701 1.0709
    endloop
  endfacet
  facet normal -0 -0.352262 -0.935901
    outer loop
      vertex 34 -15.3108 0.898025
      vertex 30 -15.7701 1.0709
      vertex 30 -15.3108 0.898025
    endloop
  endfacet
  facet normal 0 -0.290259 -0.956948
    outer loop
      vertex 30 -15.3108 0.898025
      vertex 34 -14.8411 0.755557
      vertex 34 -15.3108 0.898025
    endloop
  endfacet
  facet normal -0 -0.290259 -0.956948
    outer loop
      vertex 34 -14.8411 0.755557
      vertex 30 -15.3108 0.898025
      vertex 30 -14.8411 0.755557
    endloop
  endfacet
  facet normal 0 -0.634374 -0.773026
    outer loop
      vertex 30 -17.8451 2.3612
      vertex 34 -17.4657 2.04985
      vertex 34 -17.8451 2.3612
    endloop
  endfacet
  facet normal -0 -0.634374 -0.773026
    outer loop
      vertex 34 -17.4657 2.04985
      vertex 30 -17.8451 2.3612
      vertex 30 -17.4657 2.04985
    endloop
  endfacet
  facet normal 0 -0.683602 -0.729855
    outer loop
      vertex 30 -18.2033 2.6967
      vertex 34 -17.8451 2.3612
      vertex 34 -18.2033 2.6967
    endloop
  endfacet
  facet normal -0 -0.683602 -0.729855
    outer loop
      vertex 34 -17.8451 2.3612
      vertex 30 -18.2033 2.6967
      vertex 30 -17.8451 2.3612
    endloop
  endfacet
  facet normal 0 -0.471434 -0.881901
    outer loop
      vertex 30 -16.65 1.50481
      vertex 34 -16.2172 1.27345
      vertex 34 -16.65 1.50481
    endloop
  endfacet
  facet normal -0 -0.471434 -0.881901
    outer loop
      vertex 34 -16.2172 1.27345
      vertex 30 -16.65 1.50481
      vertex 30 -16.2172 1.27345
    endloop
  endfacet
  facet normal 0 -0.973852 -0.227183
    outer loop
      vertex 30 -20.1444 6.05886
      vertex 34 -20.2559 6.53682
      vertex 30 -20.2559 6.53682
    endloop
  endfacet
  facet normal 0 -0.973852 -0.227183
    outer loop
      vertex 34 -20.2559 6.53682
      vertex 30 -20.1444 6.05886
      vertex 34 -20.1444 6.05886
    endloop
  endfacet
  facet normal 0 -0.95698 -0.290154
    outer loop
      vertex 30 -20.002 5.5892
      vertex 34 -20.1444 6.05886
      vertex 30 -20.1444 6.05886
    endloop
  endfacet
  facet normal 0 -0.95698 -0.290154
    outer loop
      vertex 34 -20.1444 6.05886
      vertex 30 -20.002 5.5892
      vertex 34 -20.002 5.5892
    endloop
  endfacet
  facet normal 0 -0.995186 -0.0980047
    outer loop
      vertex 30 -20.3358 7.02105
      vertex 34 -20.3839 7.50948
      vertex 30 -20.3839 7.50948
    endloop
  endfacet
  facet normal 0 -0.995186 -0.0980047
    outer loop
      vertex 34 -20.3839 7.50948
      vertex 30 -20.3358 7.02105
      vertex 34 -20.3358 7.02105
    endloop
  endfacet
  facet normal 0 -0.999462 -0.0328046
    outer loop
      vertex 30 -20.3839 7.50948
      vertex 34 -20.4 8
      vertex 30 -20.4 8
    endloop
  endfacet
  facet normal 0 -0.999462 -0.0328046
    outer loop
      vertex 34 -20.4 8
      vertex 30 -20.3839 7.50948
      vertex 34 -20.3839 7.50948
    endloop
  endfacet
  facet normal 0 -0.910826 -0.41279
    outer loop
      vertex 30 -19.6265 4.68284
      vertex 34 -19.8291 5.12988
      vertex 30 -19.8291 5.12988
    endloop
  endfacet
  facet normal 0 -0.910826 -0.41279
    outer loop
      vertex 34 -19.8291 5.12988
      vertex 30 -19.6265 4.68284
      vertex 34 -19.6265 4.68284
    endloop
  endfacet
  facet normal 0 -0.77306 -0.634333
    outer loop
      vertex 30 -18.5388 3.05491
      vertex 34 -18.8501 3.43429
      vertex 30 -18.8501 3.43429
    endloop
  endfacet
  facet normal 0 -0.77306 -0.634333
    outer loop
      vertex 34 -18.8501 3.43429
      vertex 30 -18.5388 3.05491
      vertex 34 -18.5388 3.05491
    endloop
  endfacet
  facet normal 0 -0.582548 0.812796
    outer loop
      vertex 30 -17.0668 14.236
      vertex 34 -17.4657 13.9501
      vertex 34 -17.0668 14.236
    endloop
  endfacet
  facet normal 0 -0.582548 0.812796
    outer loop
      vertex 34 -17.4657 13.9501
      vertex 30 -17.0668 14.236
      vertex 30 -17.4657 13.9501
    endloop
  endfacet
  facet normal 0 -0.634313 0.773076
    outer loop
      vertex 30 -17.4657 13.9501
      vertex 34 -17.8451 13.6388
      vertex 34 -17.4657 13.9501
    endloop
  endfacet
  facet normal 0 -0.634313 0.773076
    outer loop
      vertex 34 -17.8451 13.6388
      vertex 30 -17.4657 13.9501
      vertex 30 -17.8451 13.6388
    endloop
  endfacet
  facet normal 0 -0.412744 0.910847
    outer loop
      vertex 30 -15.7701 14.9291
      vertex 34 -16.2172 14.7265
      vertex 34 -15.7701 14.9291
    endloop
  endfacet
  facet normal 0 -0.412744 0.910847
    outer loop
      vertex 34 -16.2172 14.7265
      vertex 30 -15.7701 14.9291
      vertex 30 -16.2172 14.7265
    endloop
  endfacet
  facet normal 0 -0.22721 0.973846
    outer loop
      vertex 30 -14.3632 15.3559
      vertex 34 -14.8411 15.2444
      vertex 34 -14.3632 15.3559
    endloop
  endfacet
  facet normal 0 -0.22721 0.973846
    outer loop
      vertex 34 -14.8411 15.2444
      vertex 30 -14.3632 15.3559
      vertex 30 -14.8411 15.2444
    endloop
  endfacet
  facet normal 0 -0.290132 0.956987
    outer loop
      vertex 30 -14.8411 15.2444
      vertex 34 -15.3108 15.102
      vertex 34 -14.8411 15.2444
    endloop
  endfacet
  facet normal 0 -0.290132 0.956987
    outer loop
      vertex 34 -15.3108 15.102
      vertex 30 -14.8411 15.2444
      vertex 30 -15.3108 15.102
    endloop
  endfacet
  facet normal 0 -0.032806 0.999462
    outer loop
      vertex 30 -12.9 15.5
      vertex 34 -13.3905 15.4839
      vertex 34 -12.9 15.5
    endloop
  endfacet
  facet normal 0 -0.032806 0.999462
    outer loop
      vertex 34 -13.3905 15.4839
      vertex 30 -12.9 15.5
      vertex 30 -13.3905 15.4839
    endloop
  endfacet
  facet normal 0 -0.849187 0.528093
    outer loop
      vertex 30 -19.3952 11.75
      vertex 34 -19.136 12.1668
      vertex 30 -19.136 12.1668
    endloop
  endfacet
  facet normal 0 -0.849187 0.528093
    outer loop
      vertex 34 -19.136 12.1668
      vertex 30 -19.3952 11.75
      vertex 34 -19.3952 11.75
    endloop
  endfacet
  facet normal 0 -0.881952 0.471339
    outer loop
      vertex 30 -19.6265 11.3172
      vertex 34 -19.3952 11.75
      vertex 30 -19.3952 11.75
    endloop
  endfacet
  facet normal 0 -0.881952 0.471339
    outer loop
      vertex 34 -19.3952 11.75
      vertex 30 -19.6265 11.3172
      vertex 34 -19.6265 11.3172
    endloop
  endfacet
  facet normal 0 -0.729855 0.683602
    outer loop
      vertex 30 -18.5388 12.9451
      vertex 34 -18.2033 13.3033
      vertex 30 -18.2033 13.3033
    endloop
  endfacet
  facet normal 0 -0.729855 0.683602
    outer loop
      vertex 34 -18.2033 13.3033
      vertex 30 -18.5388 12.9451
      vertex 34 -18.5388 12.9451
    endloop
  endfacet
  facet normal 0 -0.935885 0.352307
    outer loop
      vertex 30 -20.002 10.4108
      vertex 34 -19.8291 10.8701
      vertex 30 -19.8291 10.8701
    endloop
  endfacet
  facet normal 0 -0.935885 0.352307
    outer loop
      vertex 34 -19.8291 10.8701
      vertex 30 -20.002 10.4108
      vertex 34 -20.002 10.4108
    endloop
  endfacet
  facet normal 0 -0.995186 0.0980047
    outer loop
      vertex 30 -20.3839 8.49052
      vertex 34 -20.3358 8.97895
      vertex 30 -20.3358 8.97895
    endloop
  endfacet
  facet normal 0 -0.995186 0.0980047
    outer loop
      vertex 34 -20.3358 8.97895
      vertex 30 -20.3839 8.49052
      vertex 34 -20.3839 8.49052
    endloop
  endfacet
  facet normal 0 -0.0980107 0.995185
    outer loop
      vertex 30 -13.3905 15.4839
      vertex 34 -13.8789 15.4358
      vertex 34 -13.3905 15.4839
    endloop
  endfacet
  facet normal 0 -0.0980107 0.995185
    outer loop
      vertex 34 -13.8789 15.4358
      vertex 30 -13.3905 15.4839
      vertex 30 -13.8789 15.4358
    endloop
  endfacet
  facet normal 0 -0.773076 0.634313
    outer loop
      vertex 30 -18.8501 12.5657
      vertex 34 -18.5388 12.9451
      vertex 30 -18.5388 12.9451
    endloop
  endfacet
  facet normal 0 -0.773076 0.634313
    outer loop
      vertex 34 -18.5388 12.9451
      vertex 30 -18.8501 12.5657
      vertex 34 -18.8501 12.5657
    endloop
  endfacet
  facet normal 0 -0.95698 0.290154
    outer loop
      vertex 30 -20.1444 9.94114
      vertex 34 -20.002 10.4108
      vertex 30 -20.002 10.4108
    endloop
  endfacet
  facet normal 0 -0.95698 0.290154
    outer loop
      vertex 34 -20.002 10.4108
      vertex 30 -20.1444 9.94114
      vertex 34 -20.1444 9.94114
    endloop
  endfacet
  facet normal -0 0.0327118 0.999465
    outer loop
      vertex 30 -12.9 5.3
      vertex 34 -13.0766 5.30578
      vertex 34 -12.9 5.3
    endloop
  endfacet
  facet normal 0 0.0327118 0.999465
    outer loop
      vertex 34 -13.0766 5.30578
      vertex 30 -12.9 5.3
      vertex 30 -13.0766 5.30578
    endloop
  endfacet
  facet normal 0 0.999461 -0.0328267
    outer loop
      vertex 34 -15.6 8
      vertex 30 -15.5942 8.17659
      vertex 34 -15.5942 8.17659
    endloop
  endfacet
  facet normal 0 0.999461 -0.0328267
    outer loop
      vertex 30 -15.5942 8.17659
      vertex 34 -15.6 8
      vertex 30 -15.6 8
    endloop
  endfacet
  facet normal 0 -0.999461 0.0328267
    outer loop
      vertex 30 -10.2058 7.82341
      vertex 34 -10.2 8
      vertex 30 -10.2 8
    endloop
  endfacet
  facet normal 0 -0.999461 0.0328267
    outer loop
      vertex 34 -10.2 8
      vertex 30 -10.2058 7.82341
      vertex 34 -10.2058 7.82341
    endloop
  endfacet
  facet normal 0 0.72982 0.68364
    outer loop
      vertex 34 -14.8092 6.09081
      vertex 30 -14.93 6.21977
      vertex 34 -14.93 6.21977
    endloop
  endfacet
  facet normal 0 0.72982 0.68364
    outer loop
      vertex 30 -14.93 6.21977
      vertex 34 -14.8092 6.09081
      vertex 30 -14.8092 6.09081
    endloop
  endfacet
  facet normal 0 0.683557 -0.729897
    outer loop
      vertex 30 -14.8092 9.90919
      vertex 34 -14.6802 10.03
      vertex 34 -14.8092 9.90919
    endloop
  endfacet
  facet normal 0 0.683557 -0.729897
    outer loop
      vertex 34 -14.6802 10.03
      vertex 30 -14.8092 9.90919
      vertex 30 -14.6802 10.03
    endloop
  endfacet
  facet normal 0 0.910899 -0.41263
    outer loop
      vertex 34 -15.3945 9.03325
      vertex 30 -15.3216 9.19418
      vertex 34 -15.3216 9.19418
    endloop
  endfacet
  facet normal 0 0.910899 -0.41263
    outer loop
      vertex 30 -15.3216 9.19418
      vertex 34 -15.3945 9.03325
      vertex 30 -15.3945 9.03325
    endloop
  endfacet
  facet normal -0 0.412528 0.910945
    outer loop
      vertex 30 -13.9332 5.50553
      vertex 34 -14.0942 5.57844
      vertex 34 -13.9332 5.50553
    endloop
  endfacet
  facet normal 0 0.412528 0.910945
    outer loop
      vertex 34 -14.0942 5.57844
      vertex 30 -13.9332 5.50553
      vertex 30 -14.0942 5.57844
    endloop
  endfacet
  facet normal 0 0.935975 0.352066
    outer loop
      vertex 34 -15.3945 6.96675
      vertex 30 -15.4567 7.13211
      vertex 34 -15.4567 7.13211
    endloop
  endfacet
  facet normal 0 0.935975 0.352066
    outer loop
      vertex 30 -15.4567 7.13211
      vertex 34 -15.3945 6.96675
      vertex 30 -15.3945 6.96675
    endloop
  endfacet
  facet normal 0 0.849204 0.528064
    outer loop
      vertex 34 -15.145 6.49996
      vertex 30 -15.2383 6.65
      vertex 34 -15.2383 6.65
    endloop
  endfacet
  facet normal 0 0.849204 0.528064
    outer loop
      vertex 30 -15.2383 6.65
      vertex 34 -15.145 6.49996
      vertex 30 -15.145 6.49996
    endloop
  endfacet
  facet normal 0 0.352178 -0.935933
    outer loop
      vertex 30 -13.9332 10.4945
      vertex 34 -13.7679 10.5567
      vertex 34 -13.9332 10.4945
    endloop
  endfacet
  facet normal 0 0.352178 -0.935933
    outer loop
      vertex 34 -13.7679 10.5567
      vertex 30 -13.9332 10.4945
      vertex 30 -13.7679 10.5567
    endloop
  endfacet
  facet normal 0 0.973903 -0.226963
    outer loop
      vertex 34 -15.5481 8.52674
      vertex 30 -15.508 8.69881
      vertex 34 -15.508 8.69881
    endloop
  endfacet
  facet normal 0 0.973903 -0.226963
    outer loop
      vertex 30 -15.508 8.69881
      vertex 34 -15.5481 8.52674
      vertex 30 -15.5481 8.52674
    endloop
  endfacet
  facet normal 0 -0.290254 0.95695
    outer loop
      vertex 30 -12.0321 5.44329
      vertex 34 -12.2012 5.392
      vertex 34 -12.0321 5.44329
    endloop
  endfacet
  facet normal 0 -0.290254 0.95695
    outer loop
      vertex 34 -12.2012 5.392
      vertex 30 -12.0321 5.44329
      vertex 30 -12.2012 5.392
    endloop
  endfacet
  facet normal 0 -0.973903 0.226963
    outer loop
      vertex 30 -10.292 7.30119
      vertex 34 -10.2519 7.47326
      vertex 30 -10.2519 7.47326
    endloop
  endfacet
  facet normal 0 -0.973903 0.226963
    outer loop
      vertex 34 -10.2519 7.47326
      vertex 30 -10.292 7.30119
      vertex 34 -10.292 7.30119
    endloop
  endfacet
  facet normal -0 0.227033 0.973887
    outer loop
      vertex 30 -13.4267 5.35188
      vertex 34 -13.5988 5.392
      vertex 34 -13.4267 5.35188
    endloop
  endfacet
  facet normal 0 0.227033 0.973887
    outer loop
      vertex 34 -13.5988 5.392
      vertex 30 -13.4267 5.35188
      vertex 30 -13.5988 5.392
    endloop
  endfacet
  facet normal -0 0.290254 0.95695
    outer loop
      vertex 30 -13.5988 5.392
      vertex 34 -13.7679 5.44329
      vertex 34 -13.5988 5.392
    endloop
  endfacet
  facet normal 0 0.290254 0.95695
    outer loop
      vertex 34 -13.7679 5.44329
      vertex 30 -13.5988 5.392
      vertex 30 -13.7679 5.44329
    endloop
  endfacet
  facet normal -0 0.582276 0.812991
    outer loop
      vertex 30 -14.4 5.75503
      vertex 34 -14.5437 5.85795
      vertex 34 -14.4 5.75503
    endloop
  endfacet
  facet normal 0 0.582276 0.812991
    outer loop
      vertex 34 -14.5437 5.85795
      vertex 30 -14.4 5.75503
      vertex 30 -14.5437 5.85795
    endloop
  endfacet
  facet normal -0 0.471455 0.88189
    outer loop
      vertex 30 -14.0942 5.57844
      vertex 34 -14.25 5.66173
      vertex 34 -14.0942 5.57844
    endloop
  endfacet
  facet normal 0 0.471455 0.88189
    outer loop
      vertex 34 -14.25 5.66173
      vertex 30 -14.0942 5.57844
      vertex 30 -14.25 5.66173
    endloop
  endfacet
  facet normal 0 0.986625 0.163004
    outer loop
      vertex 34 -15.5481 7.47326
      vertex 30 -15.5769 7.64758
      vertex 34 -15.5769 7.64758
    endloop
  endfacet
  facet normal 0 0.986625 0.163004
    outer loop
      vertex 30 -15.5769 7.64758
      vertex 34 -15.5481 7.47326
      vertex 30 -15.5481 7.47326
    endloop
  endfacet
  facet normal 0 0.772955 0.634461
    outer loop
      vertex 34 -14.93 6.21977
      vertex 30 -15.0421 6.35634
      vertex 34 -15.0421 6.35634
    endloop
  endfacet
  facet normal 0 0.772955 0.634461
    outer loop
      vertex 30 -15.0421 6.35634
      vertex 34 -14.93 6.21977
      vertex 30 -14.93 6.21977
    endloop
  endfacet
  facet normal 0 0.163022 -0.986622
    outer loop
      vertex 30 -13.4267 10.6481
      vertex 34 -13.2524 10.6769
      vertex 34 -13.4267 10.6481
    endloop
  endfacet
  facet normal 0 0.163022 -0.986622
    outer loop
      vertex 34 -13.2524 10.6769
      vertex 30 -13.4267 10.6481
      vertex 30 -13.2524 10.6769
    endloop
  endfacet
  facet normal 0 0.528166 -0.849141
    outer loop
      vertex 30 -14.4 10.245
      vertex 34 -14.25 10.3383
      vertex 34 -14.4 10.245
    endloop
  endfacet
  facet normal 0 0.528166 -0.849141
    outer loop
      vertex 34 -14.25 10.3383
      vertex 30 -14.4 10.245
      vertex 30 -14.25 10.3383
    endloop
  endfacet
  facet normal 0 0.634655 -0.772796
    outer loop
      vertex 30 -14.6802 10.03
      vertex 34 -14.5437 10.1421
      vertex 34 -14.6802 10.03
    endloop
  endfacet
  facet normal 0 0.634655 -0.772796
    outer loop
      vertex 34 -14.5437 10.1421
      vertex 30 -14.6802 10.03
      vertex 30 -14.5437 10.1421
    endloop
  endfacet
  facet normal 0 0.226925 -0.973912
    outer loop
      vertex 30 -13.5988 10.608
      vertex 34 -13.4267 10.6481
      vertex 34 -13.5988 10.608
    endloop
  endfacet
  facet normal 0 0.226925 -0.973912
    outer loop
      vertex 34 -13.4267 10.6481
      vertex 30 -13.5988 10.608
      vertex 30 -13.4267 10.6481
    endloop
  endfacet
  facet normal 0 0.849204 -0.528064
    outer loop
      vertex 34 -15.2383 9.35
      vertex 30 -15.145 9.50004
      vertex 34 -15.145 9.50004
    endloop
  endfacet
  facet normal 0 0.849204 -0.528064
    outer loop
      vertex 30 -15.145 9.50004
      vertex 34 -15.2383 9.35
      vertex 30 -15.2383 9.35
    endloop
  endfacet
  facet normal 0 0.881892 -0.471452
    outer loop
      vertex 34 -15.3216 9.19418
      vertex 30 -15.2383 9.35
      vertex 34 -15.2383 9.35
    endloop
  endfacet
  facet normal 0 0.881892 -0.471452
    outer loop
      vertex 30 -15.2383 9.35
      vertex 34 -15.3216 9.19418
      vertex 30 -15.3216 9.19418
    endloop
  endfacet
  facet normal 0 0.72982 -0.68364
    outer loop
      vertex 34 -14.93 9.78023
      vertex 30 -14.8092 9.90919
      vertex 34 -14.8092 9.90919
    endloop
  endfacet
  facet normal 0 0.72982 -0.68364
    outer loop
      vertex 30 -14.8092 9.90919
      vertex 34 -14.93 9.78023
      vertex 30 -14.93 9.78023
    endloop
  endfacet
  facet normal 0 0.956924 -0.290337
    outer loop
      vertex 34 -15.508 8.69881
      vertex 30 -15.4567 8.86789
      vertex 34 -15.4567 8.86789
    endloop
  endfacet
  facet normal 0 0.956924 -0.290337
    outer loop
      vertex 30 -15.4567 8.86789
      vertex 34 -15.508 8.69881
      vertex 30 -15.508 8.69881
    endloop
  endfacet
  facet normal 0 0.986625 -0.163004
    outer loop
      vertex 34 -15.5769 8.35242
      vertex 30 -15.5481 8.52674
      vertex 34 -15.5481 8.52674
    endloop
  endfacet
  facet normal 0 0.986625 -0.163004
    outer loop
      vertex 30 -15.5481 8.52674
      vertex 34 -15.5769 8.35242
      vertex 30 -15.5769 8.35242
    endloop
  endfacet
  facet normal 0 -0.683467 0.729982
    outer loop
      vertex 30 -10.9908 6.09081
      vertex 34 -11.1198 5.97003
      vertex 34 -10.9908 6.09081
    endloop
  endfacet
  facet normal 0 -0.683467 0.729982
    outer loop
      vertex 34 -11.1198 5.97003
      vertex 30 -10.9908 6.09081
      vertex 30 -11.1198 5.97003
    endloop
  endfacet
  facet normal 0 -0.582276 0.812991
    outer loop
      vertex 30 -11.2563 5.85795
      vertex 34 -11.4 5.75503
      vertex 34 -11.2563 5.85795
    endloop
  endfacet
  facet normal 0 -0.582276 0.812991
    outer loop
      vertex 34 -11.4 5.75503
      vertex 30 -11.2563 5.85795
      vertex 30 -11.4 5.75503
    endloop
  endfacet
  facet normal 0 -0.226925 -0.973912
    outer loop
      vertex 30 -12.3733 10.6481
      vertex 34 -12.2012 10.608
      vertex 34 -12.3733 10.6481
    endloop
  endfacet
  facet normal -0 -0.226925 -0.973912
    outer loop
      vertex 34 -12.2012 10.608
      vertex 30 -12.3733 10.6481
      vertex 30 -12.2012 10.608
    endloop
  endfacet
  facet normal 0 -0.910899 0.41263
    outer loop
      vertex 30 -10.4784 6.80582
      vertex 34 -10.4055 6.96675
      vertex 30 -10.4055 6.96675
    endloop
  endfacet
  facet normal 0 -0.910899 0.41263
    outer loop
      vertex 34 -10.4055 6.96675
      vertex 30 -10.4784 6.80582
      vertex 34 -10.4784 6.80582
    endloop
  endfacet
  facet normal -0 0.162912 0.986641
    outer loop
      vertex 30 -13.2524 5.3231
      vertex 34 -13.4267 5.35188
      vertex 34 -13.2524 5.3231
    endloop
  endfacet
  facet normal 0 0.162912 0.986641
    outer loop
      vertex 34 -13.4267 5.35188
      vertex 30 -13.2524 5.3231
      vertex 30 -13.4267 5.35188
    endloop
  endfacet
  facet normal -0 0.0980464 0.995182
    outer loop
      vertex 30 -13.0766 5.30578
      vertex 34 -13.2524 5.3231
      vertex 34 -13.0766 5.30578
    endloop
  endfacet
  facet normal 0 0.0980464 0.995182
    outer loop
      vertex 34 -13.2524 5.3231
      vertex 30 -13.0766 5.30578
      vertex 30 -13.2524 5.3231
    endloop
  endfacet
  facet normal -0 0.352376 0.935858
    outer loop
      vertex 30 -13.7679 5.44329
      vertex 34 -13.9332 5.50553
      vertex 34 -13.7679 5.44329
    endloop
  endfacet
  facet normal 0 0.352376 0.935858
    outer loop
      vertex 34 -13.9332 5.50553
      vertex 30 -13.7679 5.44329
      vertex 30 -13.9332 5.50553
    endloop
  endfacet
  facet normal -0 0.634587 0.772851
    outer loop
      vertex 30 -14.5437 5.85795
      vertex 34 -14.6802 5.97003
      vertex 34 -14.5437 5.85795
    endloop
  endfacet
  facet normal 0 0.634587 0.772851
    outer loop
      vertex 34 -14.6802 5.97003
      vertex 30 -14.5437 5.85795
      vertex 30 -14.6802 5.97003
    endloop
  endfacet
  facet normal -0 0.683467 0.729982
    outer loop
      vertex 30 -14.6802 5.97003
      vertex 34 -14.8092 6.09081
      vertex 34 -14.6802 5.97003
    endloop
  endfacet
  facet normal 0 0.683467 0.729982
    outer loop
      vertex 34 -14.8092 6.09081
      vertex 30 -14.6802 5.97003
      vertex 30 -14.8092 6.09081
    endloop
  endfacet
  facet normal -0 0.528166 0.849141
    outer loop
      vertex 30 -14.25 5.66173
      vertex 34 -14.4 5.75503
      vertex 34 -14.25 5.66173
    endloop
  endfacet
  facet normal 0 0.528166 0.849141
    outer loop
      vertex 34 -14.4 5.75503
      vertex 30 -14.25 5.66173
      vertex 30 -14.4 5.75503
    endloop
  endfacet
  facet normal 0 0.973903 0.226963
    outer loop
      vertex 34 -15.508 7.30119
      vertex 30 -15.5481 7.47326
      vertex 34 -15.5481 7.47326
    endloop
  endfacet
  facet normal 0 0.973903 0.226963
    outer loop
      vertex 30 -15.5481 7.47326
      vertex 34 -15.508 7.30119
      vertex 30 -15.508 7.30119
    endloop
  endfacet
  facet normal 0 0.956924 0.290337
    outer loop
      vertex 34 -15.4567 7.13211
      vertex 30 -15.508 7.30119
      vertex 34 -15.508 7.30119
    endloop
  endfacet
  facet normal 0 0.956924 0.290337
    outer loop
      vertex 30 -15.508 7.30119
      vertex 34 -15.4567 7.13211
      vertex 30 -15.4567 7.13211
    endloop
  endfacet
  facet normal 0 0.995195 0.0979177
    outer loop
      vertex 34 -15.5769 7.64758
      vertex 30 -15.5942 7.82341
      vertex 34 -15.5942 7.82341
    endloop
  endfacet
  facet normal 0 0.995195 0.0979177
    outer loop
      vertex 30 -15.5942 7.82341
      vertex 34 -15.5769 7.64758
      vertex 30 -15.5769 7.64758
    endloop
  endfacet
  facet normal 0 0.999461 0.0328267
    outer loop
      vertex 34 -15.5942 7.82341
      vertex 30 -15.6 8
      vertex 34 -15.6 8
    endloop
  endfacet
  facet normal 0 0.999461 0.0328267
    outer loop
      vertex 30 -15.6 8
      vertex 34 -15.5942 7.82341
      vertex 30 -15.5942 7.82341
    endloop
  endfacet
  facet normal 0 0.881892 0.471452
    outer loop
      vertex 34 -15.2383 6.65
      vertex 30 -15.3216 6.80582
      vertex 34 -15.3216 6.80582
    endloop
  endfacet
  facet normal 0 0.881892 0.471452
    outer loop
      vertex 30 -15.3216 6.80582
      vertex 34 -15.2383 6.65
      vertex 30 -15.2383 6.65
    endloop
  endfacet
  facet normal 0 0.910899 0.41263
    outer loop
      vertex 34 -15.3216 6.80582
      vertex 30 -15.3945 6.96675
      vertex 34 -15.3945 6.96675
    endloop
  endfacet
  facet normal 0 0.910899 0.41263
    outer loop
      vertex 30 -15.3945 6.96675
      vertex 34 -15.3216 6.80582
      vertex 30 -15.3216 6.80582
    endloop
  endfacet
  facet normal 0 0.812891 0.582415
    outer loop
      vertex 34 -15.0421 6.35634
      vertex 30 -15.145 6.49996
      vertex 34 -15.145 6.49996
    endloop
  endfacet
  facet normal 0 0.812891 0.582415
    outer loop
      vertex 30 -15.145 6.49996
      vertex 34 -15.0421 6.35634
      vertex 30 -15.0421 6.35634
    endloop
  endfacet
  facet normal 0 0.582201 -0.813045
    outer loop
      vertex 30 -14.5437 10.1421
      vertex 34 -14.4 10.245
      vertex 34 -14.5437 10.1421
    endloop
  endfacet
  facet normal 0 0.582201 -0.813045
    outer loop
      vertex 34 -14.4 10.245
      vertex 30 -14.5437 10.1421
      vertex 30 -14.4 10.245
    endloop
  endfacet
  facet normal 0 0.471499 -0.881867
    outer loop
      vertex 30 -14.25 10.3383
      vertex 34 -14.0942 10.4216
      vertex 34 -14.25 10.3383
    endloop
  endfacet
  facet normal 0 0.471499 -0.881867
    outer loop
      vertex 34 -14.0942 10.4216
      vertex 30 -14.25 10.3383
      vertex 30 -14.0942 10.4216
    endloop
  endfacet
  facet normal 0 0.412481 -0.910966
    outer loop
      vertex 30 -14.0942 10.4216
      vertex 34 -13.9332 10.4945
      vertex 34 -14.0942 10.4216
    endloop
  endfacet
  facet normal 0 0.412481 -0.910966
    outer loop
      vertex 34 -13.9332 10.4945
      vertex 30 -14.0942 10.4216
      vertex 30 -13.9332 10.4945
    endloop
  endfacet
  facet normal 0 0.0328249 -0.999461
    outer loop
      vertex 30 -13.0766 10.6942
      vertex 34 -12.9 10.7
      vertex 34 -13.0766 10.6942
    endloop
  endfacet
  facet normal 0 0.0328249 -0.999461
    outer loop
      vertex 34 -12.9 10.7
      vertex 30 -13.0766 10.6942
      vertex 30 -12.9 10.7
    endloop
  endfacet
  facet normal 0 -0.0328249 -0.999461
    outer loop
      vertex 30 -12.9 10.7
      vertex 34 -12.7234 10.6942
      vertex 34 -12.9 10.7
    endloop
  endfacet
  facet normal -0 -0.0328249 -0.999461
    outer loop
      vertex 34 -12.7234 10.6942
      vertex 30 -12.9 10.7
      vertex 30 -12.7234 10.6942
    endloop
  endfacet
  facet normal 0 0.812891 -0.582415
    outer loop
      vertex 34 -15.145 9.50004
      vertex 30 -15.0421 9.64366
      vertex 34 -15.0421 9.64366
    endloop
  endfacet
  facet normal 0 0.812891 -0.582415
    outer loop
      vertex 30 -15.0421 9.64366
      vertex 34 -15.145 9.50004
      vertex 30 -15.145 9.50004
    endloop
  endfacet
  facet normal 0 0.935975 -0.352066
    outer loop
      vertex 34 -15.4567 8.86789
      vertex 30 -15.3945 9.03325
      vertex 34 -15.3945 9.03325
    endloop
  endfacet
  facet normal 0 0.935975 -0.352066
    outer loop
      vertex 30 -15.3945 9.03325
      vertex 34 -15.4567 8.86789
      vertex 30 -15.4567 8.86789
    endloop
  endfacet
  facet normal 0 0.995195 -0.0979177
    outer loop
      vertex 34 -15.5942 8.17659
      vertex 30 -15.5769 8.35242
      vertex 34 -15.5769 8.35242
    endloop
  endfacet
  facet normal 0 0.995195 -0.0979177
    outer loop
      vertex 30 -15.5769 8.35242
      vertex 34 -15.5942 8.17659
      vertex 30 -15.5942 8.17659
    endloop
  endfacet
  facet normal 0 -0.0327118 0.999465
    outer loop
      vertex 30 -12.7234 5.30578
      vertex 34 -12.9 5.3
      vertex 34 -12.7234 5.30578
    endloop
  endfacet
  facet normal 0 -0.0327118 0.999465
    outer loop
      vertex 34 -12.9 5.3
      vertex 30 -12.7234 5.30578
      vertex 30 -12.9 5.3
    endloop
  endfacet
  facet normal 0 -0.412528 0.910945
    outer loop
      vertex 30 -11.7058 5.57844
      vertex 34 -11.8668 5.50553
      vertex 34 -11.7058 5.57844
    endloop
  endfacet
  facet normal 0 -0.412528 0.910945
    outer loop
      vertex 34 -11.8668 5.50553
      vertex 30 -11.7058 5.57844
      vertex 30 -11.8668 5.50553
    endloop
  endfacet
  facet normal 0 -0.162912 0.986641
    outer loop
      vertex 30 -12.3733 5.35188
      vertex 34 -12.5476 5.3231
      vertex 34 -12.3733 5.35188
    endloop
  endfacet
  facet normal 0 -0.162912 0.986641
    outer loop
      vertex 34 -12.5476 5.3231
      vertex 30 -12.3733 5.35188
      vertex 30 -12.5476 5.3231
    endloop
  endfacet
  facet normal 0 -0.227033 0.973887
    outer loop
      vertex 30 -12.2012 5.392
      vertex 34 -12.3733 5.35188
      vertex 34 -12.2012 5.392
    endloop
  endfacet
  facet normal 0 -0.227033 0.973887
    outer loop
      vertex 34 -12.3733 5.35188
      vertex 30 -12.2012 5.392
      vertex 30 -12.3733 5.35188
    endloop
  endfacet
  facet normal 0 -0.0980464 0.995182
    outer loop
      vertex 30 -12.5476 5.3231
      vertex 34 -12.7234 5.30578
      vertex 34 -12.5476 5.3231
    endloop
  endfacet
  facet normal 0 -0.0980464 0.995182
    outer loop
      vertex 34 -12.7234 5.30578
      vertex 30 -12.5476 5.3231
      vertex 30 -12.7234 5.30578
    endloop
  endfacet
  facet normal 0 -0.634587 0.772851
    outer loop
      vertex 30 -11.1198 5.97003
      vertex 34 -11.2563 5.85795
      vertex 34 -11.1198 5.97003
    endloop
  endfacet
  facet normal 0 -0.634587 0.772851
    outer loop
      vertex 34 -11.2563 5.85795
      vertex 30 -11.1198 5.97003
      vertex 30 -11.2563 5.85795
    endloop
  endfacet
  facet normal 0 -0.352376 0.935858
    outer loop
      vertex 30 -11.8668 5.50553
      vertex 34 -12.0321 5.44329
      vertex 34 -11.8668 5.50553
    endloop
  endfacet
  facet normal 0 -0.352376 0.935858
    outer loop
      vertex 34 -12.0321 5.44329
      vertex 30 -11.8668 5.50553
      vertex 30 -12.0321 5.44329
    endloop
  endfacet
  facet normal 0 -0.0979342 -0.995193
    outer loop
      vertex 30 -12.7234 10.6942
      vertex 34 -12.5476 10.6769
      vertex 34 -12.7234 10.6942
    endloop
  endfacet
  facet normal -0 -0.0979342 -0.995193
    outer loop
      vertex 34 -12.5476 10.6769
      vertex 30 -12.7234 10.6942
      vertex 30 -12.5476 10.6769
    endloop
  endfacet
  facet normal 0 -0.935975 0.352066
    outer loop
      vertex 30 -10.4055 6.96675
      vertex 34 -10.3433 7.13211
      vertex 30 -10.3433 7.13211
    endloop
  endfacet
  facet normal 0 -0.935975 0.352066
    outer loop
      vertex 34 -10.3433 7.13211
      vertex 30 -10.4055 6.96675
      vertex 34 -10.4055 6.96675
    endloop
  endfacet
  facet normal 0 0.290306 -0.956934
    outer loop
      vertex 30 -13.7679 10.5567
      vertex 34 -13.5988 10.608
      vertex 34 -13.7679 10.5567
    endloop
  endfacet
  facet normal 0 0.290306 -0.956934
    outer loop
      vertex 34 -13.5988 10.608
      vertex 30 -13.7679 10.5567
      vertex 30 -13.5988 10.608
    endloop
  endfacet
  facet normal 0 0.0979342 -0.995193
    outer loop
      vertex 30 -13.2524 10.6769
      vertex 34 -13.0766 10.6942
      vertex 34 -13.2524 10.6769
    endloop
  endfacet
  facet normal 0 0.0979342 -0.995193
    outer loop
      vertex 34 -13.0766 10.6942
      vertex 30 -13.2524 10.6769
      vertex 30 -13.0766 10.6942
    endloop
  endfacet
  facet normal 0 0.772955 -0.634461
    outer loop
      vertex 34 -15.0421 9.64366
      vertex 30 -14.93 9.78023
      vertex 34 -14.93 9.78023
    endloop
  endfacet
  facet normal 0 0.772955 -0.634461
    outer loop
      vertex 30 -14.93 9.78023
      vertex 34 -15.0421 9.64366
      vertex 30 -15.0421 9.64366
    endloop
  endfacet
  facet normal 0 -0.881892 0.471452
    outer loop
      vertex 30 -10.5617 6.65
      vertex 34 -10.4784 6.80582
      vertex 30 -10.4784 6.80582
    endloop
  endfacet
  facet normal 0 -0.881892 0.471452
    outer loop
      vertex 34 -10.4784 6.80582
      vertex 30 -10.5617 6.65
      vertex 34 -10.5617 6.65
    endloop
  endfacet
  facet normal 0 -0.812891 0.582415
    outer loop
      vertex 30 -10.7579 6.35634
      vertex 34 -10.655 6.49996
      vertex 30 -10.655 6.49996
    endloop
  endfacet
  facet normal 0 -0.812891 0.582415
    outer loop
      vertex 34 -10.655 6.49996
      vertex 30 -10.7579 6.35634
      vertex 34 -10.7579 6.35634
    endloop
  endfacet
  facet normal 0 -0.849204 0.528064
    outer loop
      vertex 30 -10.655 6.49996
      vertex 34 -10.5617 6.65
      vertex 30 -10.5617 6.65
    endloop
  endfacet
  facet normal 0 -0.849204 0.528064
    outer loop
      vertex 34 -10.5617 6.65
      vertex 30 -10.655 6.49996
      vertex 34 -10.655 6.49996
    endloop
  endfacet
  facet normal 0 -0.471455 0.88189
    outer loop
      vertex 30 -11.55 5.66173
      vertex 34 -11.7058 5.57844
      vertex 34 -11.55 5.66173
    endloop
  endfacet
  facet normal 0 -0.471455 0.88189
    outer loop
      vertex 34 -11.7058 5.57844
      vertex 30 -11.55 5.66173
      vertex 30 -11.7058 5.57844
    endloop
  endfacet
  facet normal 0 -0.986625 -0.163004
    outer loop
      vertex 30 -10.2231 8.35242
      vertex 34 -10.2519 8.52674
      vertex 30 -10.2519 8.52674
    endloop
  endfacet
  facet normal 0 -0.986625 -0.163004
    outer loop
      vertex 34 -10.2519 8.52674
      vertex 30 -10.2231 8.35242
      vertex 34 -10.2231 8.35242
    endloop
  endfacet
  facet normal 0 -0.72982 -0.68364
    outer loop
      vertex 30 -10.87 9.78023
      vertex 34 -10.9908 9.90919
      vertex 30 -10.9908 9.90919
    endloop
  endfacet
  facet normal 0 -0.72982 -0.68364
    outer loop
      vertex 34 -10.9908 9.90919
      vertex 30 -10.87 9.78023
      vertex 34 -10.87 9.78023
    endloop
  endfacet
  facet normal 0 -0.634655 -0.772796
    outer loop
      vertex 30 -11.2563 10.1421
      vertex 34 -11.1198 10.03
      vertex 34 -11.2563 10.1421
    endloop
  endfacet
  facet normal -0 -0.634655 -0.772796
    outer loop
      vertex 34 -11.1198 10.03
      vertex 30 -11.2563 10.1421
      vertex 30 -11.1198 10.03
    endloop
  endfacet
  facet normal 0 -0.986625 0.163004
    outer loop
      vertex 30 -10.2519 7.47326
      vertex 34 -10.2231 7.64758
      vertex 30 -10.2231 7.64758
    endloop
  endfacet
  facet normal 0 -0.986625 0.163004
    outer loop
      vertex 34 -10.2231 7.64758
      vertex 30 -10.2519 7.47326
      vertex 34 -10.2519 7.47326
    endloop
  endfacet
  facet normal 0 -0.995195 0.0979177
    outer loop
      vertex 30 -10.2231 7.64758
      vertex 34 -10.2058 7.82341
      vertex 30 -10.2058 7.82341
    endloop
  endfacet
  facet normal 0 -0.995195 0.0979177
    outer loop
      vertex 34 -10.2058 7.82341
      vertex 30 -10.2231 7.64758
      vertex 34 -10.2231 7.64758
    endloop
  endfacet
  facet normal 0 -0.528166 0.849141
    outer loop
      vertex 30 -11.4 5.75503
      vertex 34 -11.55 5.66173
      vertex 34 -11.4 5.75503
    endloop
  endfacet
  facet normal 0 -0.528166 0.849141
    outer loop
      vertex 34 -11.55 5.66173
      vertex 30 -11.4 5.75503
      vertex 30 -11.55 5.66173
    endloop
  endfacet
  facet normal 0 -0.72982 0.68364
    outer loop
      vertex 30 -10.9908 6.09081
      vertex 34 -10.87 6.21977
      vertex 30 -10.87 6.21977
    endloop
  endfacet
  facet normal 0 -0.72982 0.68364
    outer loop
      vertex 34 -10.87 6.21977
      vertex 30 -10.9908 6.09081
      vertex 34 -10.9908 6.09081
    endloop
  endfacet
  facet normal 0 -0.999461 -0.0328267
    outer loop
      vertex 30 -10.2 8
      vertex 34 -10.2058 8.17659
      vertex 30 -10.2058 8.17659
    endloop
  endfacet
  facet normal 0 -0.999461 -0.0328267
    outer loop
      vertex 34 -10.2058 8.17659
      vertex 30 -10.2 8
      vertex 34 -10.2 8
    endloop
  endfacet
  facet normal 0 -0.956924 -0.290337
    outer loop
      vertex 30 -10.292 8.69881
      vertex 34 -10.3433 8.86789
      vertex 30 -10.3433 8.86789
    endloop
  endfacet
  facet normal 0 -0.956924 -0.290337
    outer loop
      vertex 34 -10.3433 8.86789
      vertex 30 -10.292 8.69881
      vertex 34 -10.292 8.69881
    endloop
  endfacet
  facet normal 0 -0.973903 -0.226963
    outer loop
      vertex 30 -10.2519 8.52674
      vertex 34 -10.292 8.69881
      vertex 30 -10.292 8.69881
    endloop
  endfacet
  facet normal 0 -0.973903 -0.226963
    outer loop
      vertex 34 -10.292 8.69881
      vertex 30 -10.2519 8.52674
      vertex 34 -10.2519 8.52674
    endloop
  endfacet
  facet normal 0 -0.995195 -0.0979177
    outer loop
      vertex 30 -10.2058 8.17659
      vertex 34 -10.2231 8.35242
      vertex 30 -10.2231 8.35242
    endloop
  endfacet
  facet normal 0 -0.995195 -0.0979177
    outer loop
      vertex 34 -10.2231 8.35242
      vertex 30 -10.2058 8.17659
      vertex 34 -10.2058 8.17659
    endloop
  endfacet
  facet normal 0 -0.412481 -0.910966
    outer loop
      vertex 30 -11.8668 10.4945
      vertex 34 -11.7058 10.4216
      vertex 34 -11.8668 10.4945
    endloop
  endfacet
  facet normal -0 -0.412481 -0.910966
    outer loop
      vertex 34 -11.7058 10.4216
      vertex 30 -11.8668 10.4945
      vertex 30 -11.7058 10.4216
    endloop
  endfacet
  facet normal 0 -0.352178 -0.935933
    outer loop
      vertex 30 -12.0321 10.5567
      vertex 34 -11.8668 10.4945
      vertex 34 -12.0321 10.5567
    endloop
  endfacet
  facet normal -0 -0.352178 -0.935933
    outer loop
      vertex 34 -11.8668 10.4945
      vertex 30 -12.0321 10.5567
      vertex 30 -11.8668 10.4945
    endloop
  endfacet
  facet normal 0 -0.163022 -0.986622
    outer loop
      vertex 30 -12.5476 10.6769
      vertex 34 -12.3733 10.6481
      vertex 34 -12.5476 10.6769
    endloop
  endfacet
  facet normal -0 -0.163022 -0.986622
    outer loop
      vertex 34 -12.3733 10.6481
      vertex 30 -12.5476 10.6769
      vertex 30 -12.3733 10.6481
    endloop
  endfacet
  facet normal 0 -0.956924 0.290337
    outer loop
      vertex 30 -10.3433 7.13211
      vertex 34 -10.292 7.30119
      vertex 30 -10.292 7.30119
    endloop
  endfacet
  facet normal 0 -0.956924 0.290337
    outer loop
      vertex 34 -10.292 7.30119
      vertex 30 -10.3433 7.13211
      vertex 34 -10.3433 7.13211
    endloop
  endfacet
  facet normal 0 -0.772955 0.634461
    outer loop
      vertex 30 -10.87 6.21977
      vertex 34 -10.7579 6.35634
      vertex 30 -10.7579 6.35634
    endloop
  endfacet
  facet normal 0 -0.772955 0.634461
    outer loop
      vertex 34 -10.7579 6.35634
      vertex 30 -10.87 6.21977
      vertex 34 -10.87 6.21977
    endloop
  endfacet
  facet normal 0 -0.772955 -0.634461
    outer loop
      vertex 30 -10.7579 9.64366
      vertex 34 -10.87 9.78023
      vertex 30 -10.87 9.78023
    endloop
  endfacet
  facet normal 0 -0.772955 -0.634461
    outer loop
      vertex 34 -10.87 9.78023
      vertex 30 -10.7579 9.64366
      vertex 34 -10.7579 9.64366
    endloop
  endfacet
  facet normal 0 -0.849204 -0.528064
    outer loop
      vertex 30 -10.5617 9.35
      vertex 34 -10.655 9.50004
      vertex 30 -10.655 9.50004
    endloop
  endfacet
  facet normal 0 -0.849204 -0.528064
    outer loop
      vertex 34 -10.655 9.50004
      vertex 30 -10.5617 9.35
      vertex 34 -10.5617 9.35
    endloop
  endfacet
  facet normal 0 -0.812891 -0.582415
    outer loop
      vertex 30 -10.655 9.50004
      vertex 34 -10.7579 9.64366
      vertex 30 -10.7579 9.64366
    endloop
  endfacet
  facet normal 0 -0.812891 -0.582415
    outer loop
      vertex 34 -10.7579 9.64366
      vertex 30 -10.655 9.50004
      vertex 34 -10.655 9.50004
    endloop
  endfacet
  facet normal 0 -0.935975 -0.352066
    outer loop
      vertex 30 -10.3433 8.86789
      vertex 34 -10.4055 9.03325
      vertex 30 -10.4055 9.03325
    endloop
  endfacet
  facet normal 0 -0.935975 -0.352066
    outer loop
      vertex 34 -10.4055 9.03325
      vertex 30 -10.3433 8.86789
      vertex 34 -10.3433 8.86789
    endloop
  endfacet
  facet normal 0 -0.471499 -0.881867
    outer loop
      vertex 30 -11.7058 10.4216
      vertex 34 -11.55 10.3383
      vertex 34 -11.7058 10.4216
    endloop
  endfacet
  facet normal -0 -0.471499 -0.881867
    outer loop
      vertex 34 -11.55 10.3383
      vertex 30 -11.7058 10.4216
      vertex 30 -11.55 10.3383
    endloop
  endfacet
  facet normal 0 -0.683557 -0.729897
    outer loop
      vertex 30 -11.1198 10.03
      vertex 34 -10.9908 9.90919
      vertex 34 -11.1198 10.03
    endloop
  endfacet
  facet normal -0 -0.683557 -0.729897
    outer loop
      vertex 34 -10.9908 9.90919
      vertex 30 -11.1198 10.03
      vertex 30 -10.9908 9.90919
    endloop
  endfacet
  facet normal 0 -0.290306 -0.956934
    outer loop
      vertex 30 -12.2012 10.608
      vertex 34 -12.0321 10.5567
      vertex 34 -12.2012 10.608
    endloop
  endfacet
  facet normal -0 -0.290306 -0.956934
    outer loop
      vertex 34 -12.0321 10.5567
      vertex 30 -12.2012 10.608
      vertex 30 -12.0321 10.5567
    endloop
  endfacet
  facet normal 0 -0.881892 -0.471452
    outer loop
      vertex 30 -10.4784 9.19418
      vertex 34 -10.5617 9.35
      vertex 30 -10.5617 9.35
    endloop
  endfacet
  facet normal 0 -0.881892 -0.471452
    outer loop
      vertex 34 -10.5617 9.35
      vertex 30 -10.4784 9.19418
      vertex 34 -10.4784 9.19418
    endloop
  endfacet
  facet normal 0 -0.582201 -0.813045
    outer loop
      vertex 30 -11.4 10.245
      vertex 34 -11.2563 10.1421
      vertex 34 -11.4 10.245
    endloop
  endfacet
  facet normal -0 -0.582201 -0.813045
    outer loop
      vertex 34 -11.2563 10.1421
      vertex 30 -11.4 10.245
      vertex 30 -11.2563 10.1421
    endloop
  endfacet
  facet normal 0 -0.528166 -0.849141
    outer loop
      vertex 30 -11.55 10.3383
      vertex 34 -11.4 10.245
      vertex 34 -11.55 10.3383
    endloop
  endfacet
  facet normal -0 -0.528166 -0.849141
    outer loop
      vertex 34 -11.4 10.245
      vertex 30 -11.55 10.3383
      vertex 30 -11.4 10.245
    endloop
  endfacet
  facet normal 0 -0.910899 -0.41263
    outer loop
      vertex 30 -10.4055 9.03325
      vertex 34 -10.4784 9.19418
      vertex 30 -10.4784 9.19418
    endloop
  endfacet
  facet normal 0 -0.910899 -0.41263
    outer loop
      vertex 34 -10.4784 9.19418
      vertex 30 -10.4055 9.03325
      vertex 34 -10.4055 9.03325
    endloop
  endfacet
  facet normal 1 0 0
    outer loop
      vertex 17.8 29.462 6.88137
      vertex 17.8 29.462 4.61863
      vertex 17.8 30.5934 5.75
    endloop
  endfacet
  facet normal -1 -0 0
    outer loop
      vertex 12.8 30.5934 5.75
      vertex 12.8 29.462 4.61863
      vertex 12.8 29.462 6.88137
    endloop
  endfacet
  facet normal 0 0.707097 0.707116
    outer loop
      vertex 17.8 30.5934 5.75
      vertex 12.8 29.462 6.88137
      vertex 17.8 29.462 6.88137
    endloop
  endfacet
  facet normal 0 0.707097 0.707116
    outer loop
      vertex 12.8 29.462 6.88137
      vertex 17.8 30.5934 5.75
      vertex 12.8 30.5934 5.75
    endloop
  endfacet
  facet normal 0 0.707097 -0.707116
    outer loop
      vertex 17.8 29.462 4.61863
      vertex 12.8 30.5934 5.75
      vertex 17.8 30.5934 5.75
    endloop
  endfacet
  facet normal 0 0.707097 -0.707116
    outer loop
      vertex 12.8 30.5934 5.75
      vertex 17.8 29.462 4.61863
      vertex 12.8 29.462 4.61863
    endloop
  endfacet
endsolid OpenSCAD_Model
