solid OpenSCAD_Model
  facet normal 0.999465 0.0327217 0
    outer loop
      vertex 8 0 6
      vertex 7.98287 0.523225 0
      vertex 7.98287 0.523225 6
    endloop
  endfacet
  facet normal 0.999465 0.0327217 0
    outer loop
      vertex 7.98287 0.523225 0
      vertex 8 0 6
      vertex 8 0 0
    endloop
  endfacet
  facet normal -0.999465 0.0327217 0
    outer loop
      vertex -8 0 0
      vertex -7.98287 0.523225 6
      vertex -7.98287 0.523225 0
    endloop
  endfacet
  facet normal -0.999465 0.0327217 0
    outer loop
      vertex -7.98287 0.523225 6
      vertex -8 0 0
      vertex -8 0 6
    endloop
  endfacet
  facet normal 0.0327217 0.999465 0
    outer loop
      vertex 0 8 0
      vertex 0.523225 7.98287 2.98287
      vertex 0.523225 7.98287 0
    endloop
  endfacet
  facet normal 0.0327217 0.999465 0
    outer loop
      vertex 0.523225 7.98287 2.98287
      vertex 0 8 0
      vertex 0 8 3
    endloop
  endfacet
  facet normal 0.683601 0.729855 -0
    outer loop
      vertex 5.65685 5.65685 0
      vertex 5.47239 5.82962 4.92605
      vertex 5.65685 5.65685 5.34314
    endloop
  endfacet
  facet normal 0.683609 0.729849 5.1052e-07
    outer loop
      vertex 5.65685 5.65685 0
      vertex 5.27477 6.01472 4.47918
      vertex 5.47239 5.82962 4.92605
    endloop
  endfacet
  facet normal 0.683606 0.729852 0
    outer loop
      vertex 5.27477 6.01472 4.47918
      vertex 5.65685 5.65685 0
      vertex 5.27477 6.01472 0
    endloop
  endfacet
  facet normal -0.683606 0.729852 0
    outer loop
      vertex -5.65685 5.65685 0
      vertex -5.27477 6.01472 4.47918
      vertex -5.27477 6.01472 0
    endloop
  endfacet
  facet normal -0.683609 0.729849 5.1052e-07
    outer loop
      vertex -5.27477 6.01472 4.47918
      vertex -5.65685 5.65685 0
      vertex -5.47239 5.82962 4.92605
    endloop
  endfacet
  facet normal -0.683601 0.729855 0
    outer loop
      vertex -5.47239 5.82962 4.92605
      vertex -5.65685 5.65685 0
      vertex -5.65685 5.65685 5.34314
    endloop
  endfacet
  facet normal -0.352243 0.935909 0
    outer loop
      vertex -2.57152 7.57544 0
      vertex -3.06147 7.39104 2.39104
      vertex -2.57152 7.57544 2.57544
    endloop
  endfacet
  facet normal -0.352243 0.935909 0
    outer loop
      vertex -3.06147 7.39104 2.39104
      vertex -2.57152 7.57544 0
      vertex -3.06147 7.39104 0
    endloop
  endfacet
  facet normal 0.910859 0.412718 0
    outer loop
      vertex 7.39104 3.06147 6
      vertex 7.17498 3.53831 0
      vertex 7.17498 3.53831 6
    endloop
  endfacet
  facet normal 0.910859 0.412718 0
    outer loop
      vertex 7.17498 3.53831 0
      vertex 7.39104 3.06147 6
      vertex 7.39104 3.06147 0
    endloop
  endfacet
  facet normal 0.412718 0.910859 0
    outer loop
      vertex 3.06147 7.39104 0
      vertex 3.53831 7.17498 2.17498
      vertex 3.53831 7.17498 0
    endloop
  endfacet
  facet normal 0.412718 0.910859 0
    outer loop
      vertex 3.53831 7.17498 2.17498
      vertex 3.06147 7.39104 0
      vertex 3.06147 7.39104 2.39104
    endloop
  endfacet
  facet normal 0.528061 0.849207 -0
    outer loop
      vertex 4.44456 6.65176 0
      vertex 4 6.9282 2.27384
      vertex 4.44456 6.65176 2.94124
    endloop
  endfacet
  facet normal 0.528061 0.849207 0
    outer loop
      vertex 4 6.9282 2.27384
      vertex 4.44456 6.65176 0
      vertex 4 6.9282 0
    endloop
  endfacet
  facet normal -0.910859 0.412718 0
    outer loop
      vertex -7.39104 3.06147 0
      vertex -7.17498 3.53831 6
      vertex -7.17498 3.53831 0
    endloop
  endfacet
  facet normal -0.910859 0.412718 0
    outer loop
      vertex -7.17498 3.53831 6
      vertex -7.39104 3.06147 0
      vertex -7.39104 3.06147 6
    endloop
  endfacet
  facet normal -0.162903 0.986642 0
    outer loop
      vertex -1.04421 7.93156 0
      vertex -1.56072 7.84628 2.84628
      vertex -1.04421 7.93156 2.93156
    endloop
  endfacet
  facet normal -0.162903 0.986642 0
    outer loop
      vertex -1.56072 7.84628 2.84628
      vertex -1.04421 7.93156 0
      vertex -1.56072 7.84628 0
    endloop
  endfacet
  facet normal 0.973879 0.227066 0
    outer loop
      vertex 7.84628 1.56072 6
      vertex 7.72741 2.07055 0
      vertex 7.72741 2.07055 6
    endloop
  endfacet
  facet normal 0.973879 0.227066 0
    outer loop
      vertex 7.72741 2.07055 0
      vertex 7.84628 1.56072 6
      vertex 7.84628 1.56072 0
    endloop
  endfacet
  facet normal 0.995185 0.0980123 0
    outer loop
      vertex 7.98287 0.523225 6
      vertex 7.93156 1.04421 0
      vertex 7.93156 1.04421 6
    endloop
  endfacet
  facet normal 0.995185 0.0980123 0
    outer loop
      vertex 7.93156 1.04421 0
      vertex 7.98287 0.523225 6
      vertex 7.98287 0.523225 0
    endloop
  endfacet
  facet normal 0.812847 0.582477 0
    outer loop
      vertex 6.65176 4.44456 6
      vertex 6.34683 4.87009 0
      vertex 6.34683 4.87009 6
    endloop
  endfacet
  facet normal 0.812847 0.582477 0
    outer loop
      vertex 6.34683 4.87009 0
      vertex 6.65176 4.44456 6
      vertex 6.65176 4.44456 0
    endloop
  endfacet
  facet normal 0.773013 0.634391 0
    outer loop
      vertex 6.34683 4.87009 6
      vertex 6.01472 5.27477 0
      vertex 6.01472 5.27477 6
    endloop
  endfacet
  facet normal 0.773013 0.634391 0
    outer loop
      vertex 6.01472 5.27477 0
      vertex 6.34683 4.87009 6
      vertex 6.34683 4.87009 0
    endloop
  endfacet
  facet normal 0.88192 0.471399 0
    outer loop
      vertex 7.17498 3.53831 6
      vertex 6.9282 4 0
      vertex 6.9282 4 6
    endloop
  endfacet
  facet normal 0.88192 0.471399 0
    outer loop
      vertex 6.9282 4 0
      vertex 7.17498 3.53831 6
      vertex 7.17498 3.53831 0
    endloop
  endfacet
  facet normal 0.227066 0.973879 0
    outer loop
      vertex 1.56072 7.84628 0
      vertex 2.07055 7.72741 2.72741
      vertex 2.07055 7.72741 0
    endloop
  endfacet
  facet normal 0.227066 0.973879 0
    outer loop
      vertex 2.07055 7.72741 2.72741
      vertex 1.56072 7.84628 0
      vertex 1.56072 7.84628 2.84628
    endloop
  endfacet
  facet normal 0.162903 0.986642 0
    outer loop
      vertex 1.04421 7.93156 0
      vertex 1.56072 7.84628 2.84628
      vertex 1.56072 7.84628 0
    endloop
  endfacet
  facet normal 0.162903 0.986642 0
    outer loop
      vertex 1.56072 7.84628 2.84628
      vertex 1.04421 7.93156 0
      vertex 1.04421 7.93156 2.93156
    endloop
  endfacet
  facet normal 0.47141 0.881914 0
    outer loop
      vertex 4 6.9282 2.27384
      vertex 4 6.9282 0
      vertex 3.8106 7.02944 2.02944
    endloop
  endfacet
  facet normal 0.471399 0.88192 -1.28348e-06
    outer loop
      vertex 3.53831 7.17498 0
      vertex 3.8106 7.02944 2.02944
      vertex 4 6.9282 0
    endloop
  endfacet
  facet normal 0.471392 0.881924 0
    outer loop
      vertex 3.8106 7.02944 2.02944
      vertex 3.53831 7.17498 0
      vertex 3.53831 7.17498 2.17498
    endloop
  endfacet
  facet normal 0.634391 0.773013 -0
    outer loop
      vertex 5.27477 6.01472 0
      vertex 4.87009 6.34683 3.6774
      vertex 5.27477 6.01472 4.47918
    endloop
  endfacet
  facet normal 0.634391 0.773013 0
    outer loop
      vertex 4.87009 6.34683 3.6774
      vertex 5.27477 6.01472 0
      vertex 4.87009 6.34683 0
    endloop
  endfacet
  facet normal -0.973879 0.227066 0
    outer loop
      vertex -7.84628 1.56072 0
      vertex -7.72741 2.07055 6
      vertex -7.72741 2.07055 0
    endloop
  endfacet
  facet normal -0.973879 0.227066 0
    outer loop
      vertex -7.72741 2.07055 6
      vertex -7.84628 1.56072 0
      vertex -7.84628 1.56072 6
    endloop
  endfacet
  facet normal -0.812847 0.582477 0
    outer loop
      vertex -6.65176 4.44456 0
      vertex -6.34683 4.87009 6
      vertex -6.34683 4.87009 0
    endloop
  endfacet
  facet normal -0.812847 0.582477 0
    outer loop
      vertex -6.34683 4.87009 6
      vertex -6.65176 4.44456 0
      vertex -6.65176 4.44456 6
    endloop
  endfacet
  facet normal -0.849207 0.528061 0
    outer loop
      vertex -6.9282 4 0
      vertex -6.65176 4.44456 6
      vertex -6.65176 4.44456 0
    endloop
  endfacet
  facet normal -0.849207 0.528061 0
    outer loop
      vertex -6.65176 4.44456 6
      vertex -6.9282 4 0
      vertex -6.9282 4 6
    endloop
  endfacet
  facet normal -0.986642 0.162903 0
    outer loop
      vertex -7.93156 1.04421 0
      vertex -7.84628 1.56072 6
      vertex -7.84628 1.56072 0
    endloop
  endfacet
  facet normal -0.986642 0.162903 0
    outer loop
      vertex -7.84628 1.56072 6
      vertex -7.93156 1.04421 0
      vertex -7.93156 1.04421 6
    endloop
  endfacet
  facet normal -0.528061 0.849207 0
    outer loop
      vertex -4.44456 6.65176 0
      vertex -4 6.9282 2.27384
      vertex -4 6.9282 0
    endloop
  endfacet
  facet normal -0.528061 0.849207 0
    outer loop
      vertex -4 6.9282 2.27384
      vertex -4.44456 6.65176 0
      vertex -4.44456 6.65176 2.94124
    endloop
  endfacet
  facet normal -0.582477 0.812847 0
    outer loop
      vertex -4.87009 6.34683 0
      vertex -4.44456 6.65176 2.94124
      vertex -4.44456 6.65176 0
    endloop
  endfacet
  facet normal -0.582477 0.812847 0
    outer loop
      vertex -4.44456 6.65176 2.94124
      vertex -4.87009 6.34683 0
      vertex -4.87009 6.34683 3.6774
    endloop
  endfacet
  facet normal -0.227066 0.973879 0
    outer loop
      vertex -1.56072 7.84628 0
      vertex -2.07055 7.72741 2.72741
      vertex -1.56072 7.84628 2.84628
    endloop
  endfacet
  facet normal -0.227066 0.973879 0
    outer loop
      vertex -2.07055 7.72741 2.72741
      vertex -1.56072 7.84628 0
      vertex -2.07055 7.72741 0
    endloop
  endfacet
  facet normal -0.0980123 0.995185 0
    outer loop
      vertex -0.523225 7.98287 0
      vertex -1.04421 7.93156 2.93156
      vertex -0.523225 7.98287 2.98287
    endloop
  endfacet
  facet normal -0.0980123 0.995185 0
    outer loop
      vertex -1.04421 7.93156 2.93156
      vertex -0.523225 7.98287 0
      vertex -1.04421 7.93156 0
    endloop
  endfacet
  facet normal 0.227066 -0.973879 0
    outer loop
      vertex 1.56072 -7.84628 0
      vertex 2.07055 -7.72741 6
      vertex 1.56072 -7.84628 6
    endloop
  endfacet
  facet normal 0.227066 -0.973879 0
    outer loop
      vertex 2.07055 -7.72741 6
      vertex 1.56072 -7.84628 0
      vertex 2.07055 -7.72741 0
    endloop
  endfacet
  facet normal 0.634391 -0.773013 0
    outer loop
      vertex 4.87009 -6.34683 0
      vertex 5.27477 -6.01472 6
      vertex 4.87009 -6.34683 6
    endloop
  endfacet
  facet normal 0.634391 -0.773013 0
    outer loop
      vertex 5.27477 -6.01472 6
      vertex 4.87009 -6.34683 0
      vertex 5.27477 -6.01472 0
    endloop
  endfacet
  facet normal 0.773013 -0.634391 0
    outer loop
      vertex 6.01472 -5.27477 6
      vertex 6.34683 -4.87009 0
      vertex 6.34683 -4.87009 6
    endloop
  endfacet
  facet normal 0.773013 -0.634391 0
    outer loop
      vertex 6.34683 -4.87009 0
      vertex 6.01472 -5.27477 6
      vertex 6.01472 -5.27477 0
    endloop
  endfacet
  facet normal 0.956939 -0.290289 0
    outer loop
      vertex 7.57544 -2.57152 6
      vertex 7.72741 -2.07055 0
      vertex 7.72741 -2.07055 6
    endloop
  endfacet
  facet normal 0.956939 -0.290289 0
    outer loop
      vertex 7.72741 -2.07055 0
      vertex 7.57544 -2.57152 6
      vertex 7.57544 -2.57152 0
    endloop
  endfacet
  facet normal 0.995185 -0.0980123 0
    outer loop
      vertex 7.93156 -1.04421 6
      vertex 7.98287 -0.523225 0
      vertex 7.98287 -0.523225 6
    endloop
  endfacet
  facet normal 0.995185 -0.0980123 0
    outer loop
      vertex 7.98287 -0.523225 0
      vertex 7.93156 -1.04421 6
      vertex 7.93156 -1.04421 0
    endloop
  endfacet
  facet normal -0.528061 -0.849207 0
    outer loop
      vertex -4.44456 -6.65176 0
      vertex -4 -6.9282 6
      vertex -4.44456 -6.65176 6
    endloop
  endfacet
  facet normal -0.528061 -0.849207 -0
    outer loop
      vertex -4 -6.9282 6
      vertex -4.44456 -6.65176 0
      vertex -4 -6.9282 0
    endloop
  endfacet
  facet normal -0.162903 -0.986642 0
    outer loop
      vertex -1.56072 -7.84628 0
      vertex -1.04421 -7.93156 6
      vertex -1.56072 -7.84628 6
    endloop
  endfacet
  facet normal -0.162903 -0.986642 -0
    outer loop
      vertex -1.04421 -7.93156 6
      vertex -1.56072 -7.84628 0
      vertex -1.04421 -7.93156 0
    endloop
  endfacet
  facet normal -0.812847 -0.582477 0
    outer loop
      vertex -6.34683 -4.87009 0
      vertex -6.65176 -4.44456 6
      vertex -6.65176 -4.44456 0
    endloop
  endfacet
  facet normal -0.812847 -0.582477 0
    outer loop
      vertex -6.65176 -4.44456 6
      vertex -6.34683 -4.87009 0
      vertex -6.34683 -4.87009 6
    endloop
  endfacet
  facet normal -0.973879 -0.227066 0
    outer loop
      vertex -7.72741 -2.07055 0
      vertex -7.84628 -1.56072 6
      vertex -7.84628 -1.56072 0
    endloop
  endfacet
  facet normal -0.973879 -0.227066 0
    outer loop
      vertex -7.84628 -1.56072 6
      vertex -7.72741 -2.07055 0
      vertex -7.72741 -2.07055 6
    endloop
  endfacet
  facet normal 0 0 -1
    outer loop
      vertex 2.7 0 0
      vertex 8 0 0
      vertex 7.98287 -0.523225 0
    endloop
  endfacet
  facet normal 0 0 -1
    outer loop
      vertex 2.69422 -0.176588 0
      vertex 7.98287 -0.523225 0
      vertex 7.93156 -1.04421 0
    endloop
  endfacet
  facet normal 0 0 -1
    outer loop
      vertex 8 0 0
      vertex 2.7 0 0
      vertex 7.98287 0.523225 0
    endloop
  endfacet
  facet normal 0 0 -1
    outer loop
      vertex 2.6769 -0.35242 0
      vertex 7.93156 -1.04421 0
      vertex 7.84628 -1.56072 0
    endloop
  endfacet
  facet normal 0 0 -1
    outer loop
      vertex 2.69422 0.176588 0
      vertex 7.98287 0.523225 0
      vertex 2.7 0 0
    endloop
  endfacet
  facet normal 0 0 -1
    outer loop
      vertex 2.64812 -0.526743 0
      vertex 7.84628 -1.56072 0
      vertex 7.72741 -2.07055 0
    endloop
  endfacet
  facet normal -0 0 -1
    outer loop
      vertex 7.98287 0.523225 0
      vertex 2.69422 0.176588 0
      vertex 7.93156 1.04421 0
    endloop
  endfacet
  facet normal 0 0 -1
    outer loop
      vertex 2.608 -0.698811 0
      vertex 7.72741 -2.07055 0
      vertex 7.57544 -2.57152 0
    endloop
  endfacet
  facet normal 0 0 -1
    outer loop
      vertex 2.6769 0.35242 0
      vertex 7.93156 1.04421 0
      vertex 2.69422 0.176588 0
    endloop
  endfacet
  facet normal 0 0 -1
    outer loop
      vertex 2.55671 -0.867887 0
      vertex 7.57544 -2.57152 0
      vertex 7.39104 -3.06147 0
    endloop
  endfacet
  facet normal -0 0 -1
    outer loop
      vertex 7.93156 1.04421 0
      vertex 2.6769 0.35242 0
      vertex 7.84628 1.56072 0
    endloop
  endfacet
  facet normal 0 0 -1
    outer loop
      vertex 2.49447 -1.03325 0
      vertex 7.39104 -3.06147 0
      vertex 7.17498 -3.53831 0
    endloop
  endfacet
  facet normal 0 0 -1
    outer loop
      vertex 2.64812 0.526743 0
      vertex 7.84628 1.56072 0
      vertex 2.6769 0.35242 0
    endloop
  endfacet
  facet normal 0 0 -1
    outer loop
      vertex 2.42156 -1.19418 0
      vertex 7.17498 -3.53831 0
      vertex 6.9282 -4 0
    endloop
  endfacet
  facet normal -0 0 -1
    outer loop
      vertex 7.84628 1.56072 0
      vertex 2.64812 0.526743 0
      vertex 7.72741 2.07055 0
    endloop
  endfacet
  facet normal 0 0 -1
    outer loop
      vertex 2.33827 -1.35 0
      vertex 6.9282 -4 0
      vertex 6.65176 -4.44456 0
    endloop
  endfacet
  facet normal 0 0 -1
    outer loop
      vertex 2.608 0.698811 0
      vertex 7.72741 2.07055 0
      vertex 2.64812 0.526743 0
    endloop
  endfacet
  facet normal 0 0 -1
    outer loop
      vertex 2.24497 -1.50004 0
      vertex 6.65176 -4.44456 0
      vertex 6.34683 -4.87009 0
    endloop
  endfacet
  facet normal -0 0 -1
    outer loop
      vertex 7.72741 2.07055 0
      vertex 2.608 0.698811 0
      vertex 7.57544 2.57152 0
    endloop
  endfacet
  facet normal 0 0 -1
    outer loop
      vertex 2.14205 -1.64366 0
      vertex 6.34683 -4.87009 0
      vertex 6.01472 -5.27477 0
    endloop
  endfacet
  facet normal 0 0 -1
    outer loop
      vertex 2.55671 0.867887 0
      vertex 7.57544 2.57152 0
      vertex 2.608 0.698811 0
    endloop
  endfacet
  facet normal 0 0 -1
    outer loop
      vertex 2.02997 -1.78023 0
      vertex 6.01472 -5.27477 0
      vertex 5.65685 -5.65685 0
    endloop
  endfacet
  facet normal -0 0 -1
    outer loop
      vertex 7.57544 2.57152 0
      vertex 2.55671 0.867887 0
      vertex 7.39104 3.06147 0
    endloop
  endfacet
  facet normal 0 0 -1
    outer loop
      vertex 1.90919 -1.90919 0
      vertex 5.65685 -5.65685 0
      vertex 5.27477 -6.01472 0
    endloop
  endfacet
  facet normal 0 0 -1
    outer loop
      vertex 2.49447 1.03325 0
      vertex 7.39104 3.06147 0
      vertex 2.55671 0.867887 0
    endloop
  endfacet
  facet normal 0 0 -1
    outer loop
      vertex 1.78023 -2.02997 0
      vertex 5.27477 -6.01472 0
      vertex 4.87009 -6.34683 0
    endloop
  endfacet
  facet normal -0 0 -1
    outer loop
      vertex 7.39104 3.06147 0
      vertex 2.49447 1.03325 0
      vertex 7.17498 3.53831 0
    endloop
  endfacet
  facet normal 0 0 -1
    outer loop
      vertex 1.64366 -2.14205 0
      vertex 4.87009 -6.34683 0
      vertex 4.44456 -6.65176 0
    endloop
  endfacet
  facet normal 0 0 -1
    outer loop
      vertex 2.42156 1.19418 0
      vertex 7.17498 3.53831 0
      vertex 2.49447 1.03325 0
    endloop
  endfacet
  facet normal 0 0 -1
    outer loop
      vertex 1.50004 -2.24497 0
      vertex 4.44456 -6.65176 0
      vertex 4 -6.9282 0
    endloop
  endfacet
  facet normal -0 0 -1
    outer loop
      vertex 7.17498 3.53831 0
      vertex 2.42156 1.19418 0
      vertex 6.9282 4 0
    endloop
  endfacet
  facet normal 0 0 -1
    outer loop
      vertex 1.35 -2.33827 0
      vertex 4 -6.9282 0
      vertex 3.53831 -7.17498 0
    endloop
  endfacet
  facet normal 0 0 -1
    outer loop
      vertex 2.33827 1.35 0
      vertex 6.9282 4 0
      vertex 2.42156 1.19418 0
    endloop
  endfacet
  facet normal 0 0 -1
    outer loop
      vertex 1.19418 -2.42156 0
      vertex 3.53831 -7.17498 0
      vertex 3.06147 -7.39104 0
    endloop
  endfacet
  facet normal -0 0 -1
    outer loop
      vertex 6.9282 4 0
      vertex 2.33827 1.35 0
      vertex 6.65176 4.44456 0
    endloop
  endfacet
  facet normal 0 0 -1
    outer loop
      vertex 2.24497 1.50004 0
      vertex 6.65176 4.44456 0
      vertex 2.33827 1.35 0
    endloop
  endfacet
  facet normal 0 0 -1
    outer loop
      vertex 7.98287 -0.523225 0
      vertex 2.69422 -0.176588 0
      vertex 2.7 0 0
    endloop
  endfacet
  facet normal 0 0 -1
    outer loop
      vertex 7.93156 -1.04421 0
      vertex 2.6769 -0.35242 0
      vertex 2.69422 -0.176588 0
    endloop
  endfacet
  facet normal 0 0 -1
    outer loop
      vertex 7.84628 -1.56072 0
      vertex 2.64812 -0.526743 0
      vertex 2.6769 -0.35242 0
    endloop
  endfacet
  facet normal 0 0 -1
    outer loop
      vertex 7.72741 -2.07055 0
      vertex 2.608 -0.698811 0
      vertex 2.64812 -0.526743 0
    endloop
  endfacet
  facet normal 0 0 -1
    outer loop
      vertex 1.03325 -2.49447 0
      vertex 3.06147 -7.39104 0
      vertex 2.57152 -7.57544 0
    endloop
  endfacet
  facet normal 0 0 -1
    outer loop
      vertex 7.57544 -2.57152 0
      vertex 2.55671 -0.867887 0
      vertex 2.608 -0.698811 0
    endloop
  endfacet
  facet normal 0 0 -1
    outer loop
      vertex 7.39104 -3.06147 0
      vertex 2.49447 -1.03325 0
      vertex 2.55671 -0.867887 0
    endloop
  endfacet
  facet normal 0 0 -1
    outer loop
      vertex 7.17498 -3.53831 0
      vertex 2.42156 -1.19418 0
      vertex 2.49447 -1.03325 0
    endloop
  endfacet
  facet normal 0 0 -1
    outer loop
      vertex 6.9282 -4 0
      vertex 2.33827 -1.35 0
      vertex 2.42156 -1.19418 0
    endloop
  endfacet
  facet normal 0 0 -1
    outer loop
      vertex 6.65176 -4.44456 0
      vertex 2.24497 -1.50004 0
      vertex 2.33827 -1.35 0
    endloop
  endfacet
  facet normal 0 0 -1
    outer loop
      vertex 6.34683 -4.87009 0
      vertex 2.14205 -1.64366 0
      vertex 2.24497 -1.50004 0
    endloop
  endfacet
  facet normal 0 0 -1
    outer loop
      vertex 0.867887 -2.55671 0
      vertex 2.57152 -7.57544 0
      vertex 2.07055 -7.72741 0
    endloop
  endfacet
  facet normal 0 0 -1
    outer loop
      vertex 6.01472 -5.27477 0
      vertex 2.02997 -1.78023 0
      vertex 2.14205 -1.64366 0
    endloop
  endfacet
  facet normal 0 0 -1
    outer loop
      vertex 5.65685 -5.65685 0
      vertex 1.90919 -1.90919 0
      vertex 2.02997 -1.78023 0
    endloop
  endfacet
  facet normal 0 0 -1
    outer loop
      vertex 5.27477 -6.01472 0
      vertex 1.78023 -2.02997 0
      vertex 1.90919 -1.90919 0
    endloop
  endfacet
  facet normal 0 0 -1
    outer loop
      vertex 4.87009 -6.34683 0
      vertex 1.64366 -2.14205 0
      vertex 1.78023 -2.02997 0
    endloop
  endfacet
  facet normal 0 0 -1
    outer loop
      vertex 0.698811 -2.608 0
      vertex 2.07055 -7.72741 0
      vertex 1.56072 -7.84628 0
    endloop
  endfacet
  facet normal 0 0 -1
    outer loop
      vertex 4.44456 -6.65176 0
      vertex 1.50004 -2.24497 0
      vertex 1.64366 -2.14205 0
    endloop
  endfacet
  facet normal 0 0 -1
    outer loop
      vertex 4 -6.9282 0
      vertex 1.35 -2.33827 0
      vertex 1.50004 -2.24497 0
    endloop
  endfacet
  facet normal 0 0 -1
    outer loop
      vertex 3.53831 -7.17498 0
      vertex 1.19418 -2.42156 0
      vertex 1.35 -2.33827 0
    endloop
  endfacet
  facet normal 0 0 -1
    outer loop
      vertex 0.526743 -2.64812 0
      vertex 1.56072 -7.84628 0
      vertex 1.04421 -7.93156 0
    endloop
  endfacet
  facet normal 0 0 -1
    outer loop
      vertex 3.06147 -7.39104 0
      vertex 1.03325 -2.49447 0
      vertex 1.19418 -2.42156 0
    endloop
  endfacet
  facet normal 0 0 -1
    outer loop
      vertex 2.57152 -7.57544 0
      vertex 0.867887 -2.55671 0
      vertex 1.03325 -2.49447 0
    endloop
  endfacet
  facet normal 0 0 -1
    outer loop
      vertex 2.07055 -7.72741 0
      vertex 0.698811 -2.608 0
      vertex 0.867887 -2.55671 0
    endloop
  endfacet
  facet normal 0 0 -1
    outer loop
      vertex 1.56072 -7.84628 0
      vertex 0.526743 -2.64812 0
      vertex 0.698811 -2.608 0
    endloop
  endfacet
  facet normal 0 0 -1
    outer loop
      vertex 0.35242 -2.6769 0
      vertex 1.04421 -7.93156 0
      vertex 0.523225 -7.98287 0
    endloop
  endfacet
  facet normal 0 0 -1
    outer loop
      vertex 1.04421 -7.93156 0
      vertex 0.35242 -2.6769 0
      vertex 0.526743 -2.64812 0
    endloop
  endfacet
  facet normal 0 0 -1
    outer loop
      vertex 0.523225 -7.98287 0
      vertex 0.176588 -2.69422 0
      vertex 0.35242 -2.6769 0
    endloop
  endfacet
  facet normal 0 0 -1
    outer loop
      vertex 0 -8 0
      vertex 0.176588 -2.69422 0
      vertex 0.523225 -7.98287 0
    endloop
  endfacet
  facet normal 0 0 -1
    outer loop
      vertex 0 -8 0
      vertex 0 -2.7 0
      vertex 0.176588 -2.69422 0
    endloop
  endfacet
  facet normal 0 0 -1
    outer loop
      vertex 0 -8 0
      vertex -0.176588 -2.69422 0
      vertex 0 -2.7 0
    endloop
  endfacet
  facet normal 0 0 -1
    outer loop
      vertex -0.523225 -7.98287 0
      vertex -0.176588 -2.69422 0
      vertex 0 -8 0
    endloop
  endfacet
  facet normal -0 0 -1
    outer loop
      vertex -0.176588 -2.69422 0
      vertex -0.523225 -7.98287 0
      vertex -0.35242 -2.6769 0
    endloop
  endfacet
  facet normal 0 0 -1
    outer loop
      vertex -1.04421 -7.93156 0
      vertex -0.35242 -2.6769 0
      vertex -0.523225 -7.98287 0
    endloop
  endfacet
  facet normal -0 0 -1
    outer loop
      vertex -0.35242 -2.6769 0
      vertex -1.04421 -7.93156 0
      vertex -0.526743 -2.64812 0
    endloop
  endfacet
  facet normal 0 0 -1
    outer loop
      vertex -1.56072 -7.84628 0
      vertex -0.526743 -2.64812 0
      vertex -1.04421 -7.93156 0
    endloop
  endfacet
  facet normal -0 0 -1
    outer loop
      vertex -0.526743 -2.64812 0
      vertex -1.56072 -7.84628 0
      vertex -0.698811 -2.608 0
    endloop
  endfacet
  facet normal 0 0 -1
    outer loop
      vertex -2.07055 -7.72741 0
      vertex -0.698811 -2.608 0
      vertex -1.56072 -7.84628 0
    endloop
  endfacet
  facet normal -0 0 -1
    outer loop
      vertex -0.698811 -2.608 0
      vertex -2.07055 -7.72741 0
      vertex -0.867887 -2.55671 0
    endloop
  endfacet
  facet normal 0 0 -1
    outer loop
      vertex -2.57152 -7.57544 0
      vertex -0.867887 -2.55671 0
      vertex -2.07055 -7.72741 0
    endloop
  endfacet
  facet normal -0 0 -1
    outer loop
      vertex -0.867887 -2.55671 0
      vertex -2.57152 -7.57544 0
      vertex -1.03325 -2.49447 0
    endloop
  endfacet
  facet normal 0 0 -1
    outer loop
      vertex -3.06147 -7.39104 0
      vertex -1.03325 -2.49447 0
      vertex -2.57152 -7.57544 0
    endloop
  endfacet
  facet normal -0 0 -1
    outer loop
      vertex -1.03325 -2.49447 0
      vertex -3.06147 -7.39104 0
      vertex -1.19418 -2.42156 0
    endloop
  endfacet
  facet normal 0 0 -1
    outer loop
      vertex -3.53831 -7.17498 0
      vertex -1.19418 -2.42156 0
      vertex -3.06147 -7.39104 0
    endloop
  endfacet
  facet normal -0 0 -1
    outer loop
      vertex -1.19418 -2.42156 0
      vertex -3.53831 -7.17498 0
      vertex -1.35 -2.33827 0
    endloop
  endfacet
  facet normal 0 0 -1
    outer loop
      vertex -4 -6.9282 0
      vertex -1.35 -2.33827 0
      vertex -3.53831 -7.17498 0
    endloop
  endfacet
  facet normal -0 0 -1
    outer loop
      vertex -1.35 -2.33827 0
      vertex -4 -6.9282 0
      vertex -1.50004 -2.24497 0
    endloop
  endfacet
  facet normal 0 0 -1
    outer loop
      vertex -4.44456 -6.65176 0
      vertex -1.50004 -2.24497 0
      vertex -4 -6.9282 0
    endloop
  endfacet
  facet normal -0 0 -1
    outer loop
      vertex -1.50004 -2.24497 0
      vertex -4.44456 -6.65176 0
      vertex -1.64366 -2.14205 0
    endloop
  endfacet
  facet normal 0 0 -1
    outer loop
      vertex -4.87009 -6.34683 0
      vertex -1.64366 -2.14205 0
      vertex -4.44456 -6.65176 0
    endloop
  endfacet
  facet normal -0 0 -1
    outer loop
      vertex -1.64366 -2.14205 0
      vertex -4.87009 -6.34683 0
      vertex -1.78023 -2.02997 0
    endloop
  endfacet
  facet normal 0 0 -1
    outer loop
      vertex -5.27477 -6.01472 0
      vertex -1.78023 -2.02997 0
      vertex -4.87009 -6.34683 0
    endloop
  endfacet
  facet normal -0 0 -1
    outer loop
      vertex -1.78023 -2.02997 0
      vertex -5.27477 -6.01472 0
      vertex -1.90919 -1.90919 0
    endloop
  endfacet
  facet normal 0 0 -1
    outer loop
      vertex -5.65685 -5.65685 0
      vertex -1.90919 -1.90919 0
      vertex -5.27477 -6.01472 0
    endloop
  endfacet
  facet normal -0 0 -1
    outer loop
      vertex -1.90919 -1.90919 0
      vertex -5.65685 -5.65685 0
      vertex -2.02997 -1.78023 0
    endloop
  endfacet
  facet normal 0 0 -1
    outer loop
      vertex -6.01472 -5.27477 0
      vertex -2.02997 -1.78023 0
      vertex -5.65685 -5.65685 0
    endloop
  endfacet
  facet normal -0 0 -1
    outer loop
      vertex -2.02997 -1.78023 0
      vertex -6.01472 -5.27477 0
      vertex -2.14205 -1.64366 0
    endloop
  endfacet
  facet normal 0 0 -1
    outer loop
      vertex -6.34683 -4.87009 0
      vertex -2.14205 -1.64366 0
      vertex -6.01472 -5.27477 0
    endloop
  endfacet
  facet normal -0 0 -1
    outer loop
      vertex -2.14205 -1.64366 0
      vertex -6.34683 -4.87009 0
      vertex -2.24497 -1.50004 0
    endloop
  endfacet
  facet normal 0 0 -1
    outer loop
      vertex -6.65176 -4.44456 0
      vertex -2.24497 -1.50004 0
      vertex -6.34683 -4.87009 0
    endloop
  endfacet
  facet normal -0 0 -1
    outer loop
      vertex 6.65176 4.44456 0
      vertex 2.24497 1.50004 0
      vertex 6.34683 4.87009 0
    endloop
  endfacet
  facet normal 0 0 -1
    outer loop
      vertex 2.14205 1.64366 0
      vertex 6.34683 4.87009 0
      vertex 2.24497 1.50004 0
    endloop
  endfacet
  facet normal -0 0 -1
    outer loop
      vertex 6.34683 4.87009 0
      vertex 2.14205 1.64366 0
      vertex 6.01472 5.27477 0
    endloop
  endfacet
  facet normal 0 0 -1
    outer loop
      vertex 2.02997 1.78023 0
      vertex 6.01472 5.27477 0
      vertex 2.14205 1.64366 0
    endloop
  endfacet
  facet normal -0 0 -1
    outer loop
      vertex 6.01472 5.27477 0
      vertex 2.02997 1.78023 0
      vertex 5.65685 5.65685 0
    endloop
  endfacet
  facet normal 0 0 -1
    outer loop
      vertex 1.90919 1.90919 0
      vertex 5.65685 5.65685 0
      vertex 2.02997 1.78023 0
    endloop
  endfacet
  facet normal -0 0 -1
    outer loop
      vertex 5.65685 5.65685 0
      vertex 1.90919 1.90919 0
      vertex 5.27477 6.01472 0
    endloop
  endfacet
  facet normal 0 0 -1
    outer loop
      vertex 1.78023 2.02997 0
      vertex 5.27477 6.01472 0
      vertex 1.90919 1.90919 0
    endloop
  endfacet
  facet normal -0 0 -1
    outer loop
      vertex 5.27477 6.01472 0
      vertex 1.78023 2.02997 0
      vertex 4.87009 6.34683 0
    endloop
  endfacet
  facet normal 0 0 -1
    outer loop
      vertex 1.64366 2.14205 0
      vertex 4.87009 6.34683 0
      vertex 1.78023 2.02997 0
    endloop
  endfacet
  facet normal -0 0 -1
    outer loop
      vertex 4.87009 6.34683 0
      vertex 1.64366 2.14205 0
      vertex 4.44456 6.65176 0
    endloop
  endfacet
  facet normal 0 0 -1
    outer loop
      vertex 1.50004 2.24497 0
      vertex 4.44456 6.65176 0
      vertex 1.64366 2.14205 0
    endloop
  endfacet
  facet normal -0 0 -1
    outer loop
      vertex 4.44456 6.65176 0
      vertex 1.50004 2.24497 0
      vertex 4 6.9282 0
    endloop
  endfacet
  facet normal 0 0 -1
    outer loop
      vertex 1.35 2.33827 0
      vertex 4 6.9282 0
      vertex 1.50004 2.24497 0
    endloop
  endfacet
  facet normal -0 0 -1
    outer loop
      vertex 4 6.9282 0
      vertex 1.35 2.33827 0
      vertex 3.53831 7.17498 0
    endloop
  endfacet
  facet normal 0 0 -1
    outer loop
      vertex 1.19418 2.42156 0
      vertex 3.53831 7.17498 0
      vertex 1.35 2.33827 0
    endloop
  endfacet
  facet normal -0 0 -1
    outer loop
      vertex 3.53831 7.17498 0
      vertex 1.19418 2.42156 0
      vertex 3.06147 7.39104 0
    endloop
  endfacet
  facet normal 0 0 -1
    outer loop
      vertex 1.03325 2.49447 0
      vertex 3.06147 7.39104 0
      vertex 1.19418 2.42156 0
    endloop
  endfacet
  facet normal -0 0 -1
    outer loop
      vertex 3.06147 7.39104 0
      vertex 1.03325 2.49447 0
      vertex 2.57152 7.57544 0
    endloop
  endfacet
  facet normal 0 0 -1
    outer loop
      vertex 0.867887 2.55671 0
      vertex 2.57152 7.57544 0
      vertex 1.03325 2.49447 0
    endloop
  endfacet
  facet normal -0 0 -1
    outer loop
      vertex 2.57152 7.57544 0
      vertex 0.867887 2.55671 0
      vertex 2.07055 7.72741 0
    endloop
  endfacet
  facet normal 0 0 -1
    outer loop
      vertex 0.698811 2.608 0
      vertex 2.07055 7.72741 0
      vertex 0.867887 2.55671 0
    endloop
  endfacet
  facet normal -0 0 -1
    outer loop
      vertex 2.07055 7.72741 0
      vertex 0.698811 2.608 0
      vertex 1.56072 7.84628 0
    endloop
  endfacet
  facet normal 0 0 -1
    outer loop
      vertex 0.526743 2.64812 0
      vertex 1.56072 7.84628 0
      vertex 0.698811 2.608 0
    endloop
  endfacet
  facet normal -0 0 -1
    outer loop
      vertex 1.56072 7.84628 0
      vertex 0.526743 2.64812 0
      vertex 1.04421 7.93156 0
    endloop
  endfacet
  facet normal 0 0 -1
    outer loop
      vertex 0.35242 2.6769 0
      vertex 1.04421 7.93156 0
      vertex 0.526743 2.64812 0
    endloop
  endfacet
  facet normal -0 0 -1
    outer loop
      vertex 1.04421 7.93156 0
      vertex 0.35242 2.6769 0
      vertex 0.523225 7.98287 0
    endloop
  endfacet
  facet normal 0 0 -1
    outer loop
      vertex 0.176588 2.69422 0
      vertex 0.523225 7.98287 0
      vertex 0.35242 2.6769 0
    endloop
  endfacet
  facet normal 0 0 -1
    outer loop
      vertex 0 2.7 0
      vertex 0.523225 7.98287 0
      vertex 0.176588 2.69422 0
    endloop
  endfacet
  facet normal 0 0 -1
    outer loop
      vertex 0 2.7 0
      vertex 0 8 0
      vertex 0.523225 7.98287 0
    endloop
  endfacet
  facet normal 0 0 -1
    outer loop
      vertex -0.176588 2.69422 0
      vertex 0 8 0
      vertex 0 2.7 0
    endloop
  endfacet
  facet normal 0 0 -1
    outer loop
      vertex -0.523225 7.98287 0
      vertex -0.176588 2.69422 0
      vertex -0.35242 2.6769 0
    endloop
  endfacet
  facet normal 0 0 -1
    outer loop
      vertex -0.176588 2.69422 0
      vertex -0.523225 7.98287 0
      vertex 0 8 0
    endloop
  endfacet
  facet normal 0 0 -1
    outer loop
      vertex -1.04421 7.93156 0
      vertex -0.35242 2.6769 0
      vertex -0.526743 2.64812 0
    endloop
  endfacet
  facet normal 0 0 -1
    outer loop
      vertex -1.56072 7.84628 0
      vertex -0.526743 2.64812 0
      vertex -0.698811 2.608 0
    endloop
  endfacet
  facet normal 0 0 -1
    outer loop
      vertex -2.07055 7.72741 0
      vertex -0.698811 2.608 0
      vertex -0.867887 2.55671 0
    endloop
  endfacet
  facet normal 0 0 -1
    outer loop
      vertex -2.57152 7.57544 0
      vertex -0.867887 2.55671 0
      vertex -1.03325 2.49447 0
    endloop
  endfacet
  facet normal 0 0 -1
    outer loop
      vertex -0.35242 2.6769 0
      vertex -1.04421 7.93156 0
      vertex -0.523225 7.98287 0
    endloop
  endfacet
  facet normal 0 0 -1
    outer loop
      vertex -3.06147 7.39104 0
      vertex -1.03325 2.49447 0
      vertex -1.19418 2.42156 0
    endloop
  endfacet
  facet normal 0 0 -1
    outer loop
      vertex -3.53831 7.17498 0
      vertex -1.19418 2.42156 0
      vertex -1.35 2.33827 0
    endloop
  endfacet
  facet normal 0 0 -1
    outer loop
      vertex -4 6.9282 0
      vertex -1.35 2.33827 0
      vertex -1.50004 2.24497 0
    endloop
  endfacet
  facet normal 0 0 -1
    outer loop
      vertex -0.526743 2.64812 0
      vertex -1.56072 7.84628 0
      vertex -1.04421 7.93156 0
    endloop
  endfacet
  facet normal 0 0 -1
    outer loop
      vertex -4.44456 6.65176 0
      vertex -1.50004 2.24497 0
      vertex -1.64366 2.14205 0
    endloop
  endfacet
  facet normal 0 0 -1
    outer loop
      vertex -4.87009 6.34683 0
      vertex -1.64366 2.14205 0
      vertex -1.78023 2.02997 0
    endloop
  endfacet
  facet normal 0 0 -1
    outer loop
      vertex -5.27477 6.01472 0
      vertex -1.78023 2.02997 0
      vertex -1.90919 1.90919 0
    endloop
  endfacet
  facet normal 0 0 -1
    outer loop
      vertex -5.65685 5.65685 0
      vertex -1.90919 1.90919 0
      vertex -2.02997 1.78023 0
    endloop
  endfacet
  facet normal 0 0 -1
    outer loop
      vertex -0.698811 2.608 0
      vertex -2.07055 7.72741 0
      vertex -1.56072 7.84628 0
    endloop
  endfacet
  facet normal 0 0 -1
    outer loop
      vertex -6.01472 5.27477 0
      vertex -2.02997 1.78023 0
      vertex -2.14205 1.64366 0
    endloop
  endfacet
  facet normal 0 0 -1
    outer loop
      vertex -6.34683 4.87009 0
      vertex -2.14205 1.64366 0
      vertex -2.24497 1.50004 0
    endloop
  endfacet
  facet normal 0 0 -1
    outer loop
      vertex -6.65176 4.44456 0
      vertex -2.24497 1.50004 0
      vertex -2.33827 1.35 0
    endloop
  endfacet
  facet normal 0 0 -1
    outer loop
      vertex -6.9282 4 0
      vertex -2.33827 1.35 0
      vertex -2.42156 1.19418 0
    endloop
  endfacet
  facet normal 0 0 -1
    outer loop
      vertex -7.17498 3.53831 0
      vertex -2.42156 1.19418 0
      vertex -2.49447 1.03325 0
    endloop
  endfacet
  facet normal 0 0 -1
    outer loop
      vertex -7.39104 3.06147 0
      vertex -2.49447 1.03325 0
      vertex -2.55671 0.867887 0
    endloop
  endfacet
  facet normal 0 0 -1
    outer loop
      vertex -0.867887 2.55671 0
      vertex -2.57152 7.57544 0
      vertex -2.07055 7.72741 0
    endloop
  endfacet
  facet normal 0 0 -1
    outer loop
      vertex -7.57544 2.57152 0
      vertex -2.55671 0.867887 0
      vertex -2.608 0.698811 0
    endloop
  endfacet
  facet normal 0 0 -1
    outer loop
      vertex -7.72741 2.07055 0
      vertex -2.608 0.698811 0
      vertex -2.64812 0.526743 0
    endloop
  endfacet
  facet normal 0 0 -1
    outer loop
      vertex -7.84628 1.56072 0
      vertex -2.64812 0.526743 0
      vertex -2.6769 0.35242 0
    endloop
  endfacet
  facet normal 0 0 -1
    outer loop
      vertex -7.93156 1.04421 0
      vertex -2.6769 0.35242 0
      vertex -2.69422 0.176588 0
    endloop
  endfacet
  facet normal 0 0 -1
    outer loop
      vertex -7.98287 0.523225 0
      vertex -2.69422 0.176588 0
      vertex -2.7 0 0
    endloop
  endfacet
  facet normal -0 0 -1
    outer loop
      vertex -2.24497 -1.50004 0
      vertex -6.65176 -4.44456 0
      vertex -2.33827 -1.35 0
    endloop
  endfacet
  facet normal 0 0 -1
    outer loop
      vertex -1.03325 2.49447 0
      vertex -3.06147 7.39104 0
      vertex -2.57152 7.57544 0
    endloop
  endfacet
  facet normal 0 0 -1
    outer loop
      vertex -6.9282 -4 0
      vertex -2.33827 -1.35 0
      vertex -6.65176 -4.44456 0
    endloop
  endfacet
  facet normal 0 0 -1
    outer loop
      vertex -1.19418 2.42156 0
      vertex -3.53831 7.17498 0
      vertex -3.06147 7.39104 0
    endloop
  endfacet
  facet normal -0 0 -1
    outer loop
      vertex -2.33827 -1.35 0
      vertex -6.9282 -4 0
      vertex -2.42156 -1.19418 0
    endloop
  endfacet
  facet normal 0 0 -1
    outer loop
      vertex -1.35 2.33827 0
      vertex -4 6.9282 0
      vertex -3.53831 7.17498 0
    endloop
  endfacet
  facet normal 0 0 -1
    outer loop
      vertex -7.17498 -3.53831 0
      vertex -2.42156 -1.19418 0
      vertex -6.9282 -4 0
    endloop
  endfacet
  facet normal 0 0 -1
    outer loop
      vertex -1.50004 2.24497 0
      vertex -4.44456 6.65176 0
      vertex -4 6.9282 0
    endloop
  endfacet
  facet normal -0 0 -1
    outer loop
      vertex -2.42156 -1.19418 0
      vertex -7.17498 -3.53831 0
      vertex -2.49447 -1.03325 0
    endloop
  endfacet
  facet normal 0 0 -1
    outer loop
      vertex -1.64366 2.14205 0
      vertex -4.87009 6.34683 0
      vertex -4.44456 6.65176 0
    endloop
  endfacet
  facet normal 0 0 -1
    outer loop
      vertex -7.39104 -3.06147 0
      vertex -2.49447 -1.03325 0
      vertex -7.17498 -3.53831 0
    endloop
  endfacet
  facet normal 0 0 -1
    outer loop
      vertex -1.78023 2.02997 0
      vertex -5.27477 6.01472 0
      vertex -4.87009 6.34683 0
    endloop
  endfacet
  facet normal -0 0 -1
    outer loop
      vertex -2.49447 -1.03325 0
      vertex -7.39104 -3.06147 0
      vertex -2.55671 -0.867887 0
    endloop
  endfacet
  facet normal 0 0 -1
    outer loop
      vertex -1.90919 1.90919 0
      vertex -5.65685 5.65685 0
      vertex -5.27477 6.01472 0
    endloop
  endfacet
  facet normal 0 0 -1
    outer loop
      vertex -7.57544 -2.57152 0
      vertex -2.55671 -0.867887 0
      vertex -7.39104 -3.06147 0
    endloop
  endfacet
  facet normal 0 0 -1
    outer loop
      vertex -2.02997 1.78023 0
      vertex -6.01472 5.27477 0
      vertex -5.65685 5.65685 0
    endloop
  endfacet
  facet normal -0 0 -1
    outer loop
      vertex -2.55671 -0.867887 0
      vertex -7.57544 -2.57152 0
      vertex -2.608 -0.698811 0
    endloop
  endfacet
  facet normal 0 0 -1
    outer loop
      vertex -2.14205 1.64366 0
      vertex -6.34683 4.87009 0
      vertex -6.01472 5.27477 0
    endloop
  endfacet
  facet normal 0 0 -1
    outer loop
      vertex -7.72741 -2.07055 0
      vertex -2.608 -0.698811 0
      vertex -7.57544 -2.57152 0
    endloop
  endfacet
  facet normal 0 0 -1
    outer loop
      vertex -2.24497 1.50004 0
      vertex -6.65176 4.44456 0
      vertex -6.34683 4.87009 0
    endloop
  endfacet
  facet normal -0 0 -1
    outer loop
      vertex -2.608 -0.698811 0
      vertex -7.72741 -2.07055 0
      vertex -2.64812 -0.526743 0
    endloop
  endfacet
  facet normal 0 0 -1
    outer loop
      vertex -2.33827 1.35 0
      vertex -6.9282 4 0
      vertex -6.65176 4.44456 0
    endloop
  endfacet
  facet normal 0 0 -1
    outer loop
      vertex -7.84628 -1.56072 0
      vertex -2.64812 -0.526743 0
      vertex -7.72741 -2.07055 0
    endloop
  endfacet
  facet normal 0 0 -1
    outer loop
      vertex -2.42156 1.19418 0
      vertex -7.17498 3.53831 0
      vertex -6.9282 4 0
    endloop
  endfacet
  facet normal -0 0 -1
    outer loop
      vertex -2.64812 -0.526743 0
      vertex -7.84628 -1.56072 0
      vertex -2.6769 -0.35242 0
    endloop
  endfacet
  facet normal 0 0 -1
    outer loop
      vertex -2.49447 1.03325 0
      vertex -7.39104 3.06147 0
      vertex -7.17498 3.53831 0
    endloop
  endfacet
  facet normal 0 0 -1
    outer loop
      vertex -7.93156 -1.04421 0
      vertex -2.6769 -0.35242 0
      vertex -7.84628 -1.56072 0
    endloop
  endfacet
  facet normal 0 0 -1
    outer loop
      vertex -2.55671 0.867887 0
      vertex -7.57544 2.57152 0
      vertex -7.39104 3.06147 0
    endloop
  endfacet
  facet normal -0 0 -1
    outer loop
      vertex -2.6769 -0.35242 0
      vertex -7.93156 -1.04421 0
      vertex -2.69422 -0.176588 0
    endloop
  endfacet
  facet normal 0 0 -1
    outer loop
      vertex -2.608 0.698811 0
      vertex -7.72741 2.07055 0
      vertex -7.57544 2.57152 0
    endloop
  endfacet
  facet normal 0 0 -1
    outer loop
      vertex -7.98287 -0.523225 0
      vertex -2.69422 -0.176588 0
      vertex -7.93156 -1.04421 0
    endloop
  endfacet
  facet normal 0 0 -1
    outer loop
      vertex -2.64812 0.526743 0
      vertex -7.84628 1.56072 0
      vertex -7.72741 2.07055 0
    endloop
  endfacet
  facet normal -0 0 -1
    outer loop
      vertex -2.69422 -0.176588 0
      vertex -7.98287 -0.523225 0
      vertex -2.7 0 0
    endloop
  endfacet
  facet normal 0 0 -1
    outer loop
      vertex -2.6769 0.35242 0
      vertex -7.93156 1.04421 0
      vertex -7.84628 1.56072 0
    endloop
  endfacet
  facet normal 0 0 -1
    outer loop
      vertex -8 0 0
      vertex -2.7 0 0
      vertex -7.98287 -0.523225 0
    endloop
  endfacet
  facet normal 0 0 -1
    outer loop
      vertex -2.69422 0.176588 0
      vertex -7.98287 0.523225 0
      vertex -7.93156 1.04421 0
    endloop
  endfacet
  facet normal 0 0 -1
    outer loop
      vertex -2.7 0 0
      vertex -8 0 0
      vertex -7.98287 0.523225 0
    endloop
  endfacet
  facet normal 0.986642 0.162903 0
    outer loop
      vertex 7.93156 1.04421 6
      vertex 7.84628 1.56072 0
      vertex 7.84628 1.56072 6
    endloop
  endfacet
  facet normal 0.986642 0.162903 0
    outer loop
      vertex 7.84628 1.56072 0
      vertex 7.93156 1.04421 6
      vertex 7.93156 1.04421 0
    endloop
  endfacet
  facet normal 0.935909 0.352243 0
    outer loop
      vertex 7.57544 2.57152 6
      vertex 7.39104 3.06147 0
      vertex 7.39104 3.06147 6
    endloop
  endfacet
  facet normal 0.935909 0.352243 0
    outer loop
      vertex 7.39104 3.06147 0
      vertex 7.57544 2.57152 6
      vertex 7.57544 2.57152 0
    endloop
  endfacet
  facet normal 0.956939 0.290289 0
    outer loop
      vertex 7.72741 2.07055 6
      vertex 7.57544 2.57152 0
      vertex 7.57544 2.57152 6
    endloop
  endfacet
  facet normal 0.956939 0.290289 0
    outer loop
      vertex 7.57544 2.57152 0
      vertex 7.72741 2.07055 6
      vertex 7.72741 2.07055 0
    endloop
  endfacet
  facet normal 0.72985 0.683608 2.46949e-06
    outer loop
      vertex 6.01472 5.27477 6
      vertex 5.65685 5.65685 5.34314
      vertex 5.91168 5.38478 6
    endloop
  endfacet
  facet normal 0.729852 0.683606 0
    outer loop
      vertex 5.65685 5.65685 5.34314
      vertex 6.01472 5.27477 6
      vertex 6.01472 5.27477 0
    endloop
  endfacet
  facet normal 0.729852 0.683606 0
    outer loop
      vertex 5.65685 5.65685 5.34314
      vertex 6.01472 5.27477 0
      vertex 5.65685 5.65685 0
    endloop
  endfacet
  facet normal 0.849207 0.528061 0
    outer loop
      vertex 6.9282 4 6
      vertex 6.65176 4.44456 0
      vertex 6.65176 4.44456 6
    endloop
  endfacet
  facet normal 0.849207 0.528061 0
    outer loop
      vertex 6.65176 4.44456 0
      vertex 6.9282 4 6
      vertex 6.9282 4 0
    endloop
  endfacet
  facet normal 0.290289 0.956939 0
    outer loop
      vertex 2.07055 7.72741 0
      vertex 2.57152 7.57544 2.57544
      vertex 2.57152 7.57544 0
    endloop
  endfacet
  facet normal 0.290289 0.956939 0
    outer loop
      vertex 2.57152 7.57544 2.57544
      vertex 2.07055 7.72741 0
      vertex 2.07055 7.72741 2.72741
    endloop
  endfacet
  facet normal 0.352243 0.935909 0
    outer loop
      vertex 2.57152 7.57544 0
      vertex 3.06147 7.39104 2.39104
      vertex 3.06147 7.39104 0
    endloop
  endfacet
  facet normal 0.352243 0.935909 0
    outer loop
      vertex 3.06147 7.39104 2.39104
      vertex 2.57152 7.57544 0
      vertex 2.57152 7.57544 2.57544
    endloop
  endfacet
  facet normal 0.0980123 0.995185 0
    outer loop
      vertex 0.523225 7.98287 0
      vertex 1.04421 7.93156 2.93156
      vertex 1.04421 7.93156 0
    endloop
  endfacet
  facet normal 0.0980123 0.995185 0
    outer loop
      vertex 1.04421 7.93156 2.93156
      vertex 0.523225 7.98287 0
      vertex 0.523225 7.98287 2.98287
    endloop
  endfacet
  facet normal 0.582477 0.812847 -0
    outer loop
      vertex 4.87009 6.34683 0
      vertex 4.44456 6.65176 2.94124
      vertex 4.87009 6.34683 3.6774
    endloop
  endfacet
  facet normal 0.582477 0.812847 0
    outer loop
      vertex 4.44456 6.65176 2.94124
      vertex 4.87009 6.34683 0
      vertex 4.44456 6.65176 0
    endloop
  endfacet
  facet normal -0.773013 0.634391 0
    outer loop
      vertex -6.34683 4.87009 0
      vertex -6.01472 5.27477 6
      vertex -6.01472 5.27477 0
    endloop
  endfacet
  facet normal -0.773013 0.634391 0
    outer loop
      vertex -6.01472 5.27477 6
      vertex -6.34683 4.87009 0
      vertex -6.34683 4.87009 6
    endloop
  endfacet
  facet normal -0.729852 0.683606 0
    outer loop
      vertex -6.01472 5.27477 0
      vertex -5.65685 5.65685 5.34314
      vertex -5.65685 5.65685 0
    endloop
  endfacet
  facet normal -0.729852 0.683606 0
    outer loop
      vertex -6.01472 5.27477 6
      vertex -5.65685 5.65685 5.34314
      vertex -6.01472 5.27477 0
    endloop
  endfacet
  facet normal -0.72985 0.683608 2.46949e-06
    outer loop
      vertex -5.65685 5.65685 5.34314
      vertex -6.01472 5.27477 6
      vertex -5.91168 5.38478 6
    endloop
  endfacet
  facet normal -0.88192 0.471399 0
    outer loop
      vertex -7.17498 3.53831 0
      vertex -6.9282 4 6
      vertex -6.9282 4 0
    endloop
  endfacet
  facet normal -0.88192 0.471399 0
    outer loop
      vertex -6.9282 4 6
      vertex -7.17498 3.53831 0
      vertex -7.17498 3.53831 6
    endloop
  endfacet
  facet normal -0.956939 0.290289 0
    outer loop
      vertex -7.72741 2.07055 0
      vertex -7.57544 2.57152 6
      vertex -7.57544 2.57152 0
    endloop
  endfacet
  facet normal -0.956939 0.290289 0
    outer loop
      vertex -7.57544 2.57152 6
      vertex -7.72741 2.07055 0
      vertex -7.72741 2.07055 6
    endloop
  endfacet
  facet normal -0.935909 0.352243 0
    outer loop
      vertex -7.57544 2.57152 0
      vertex -7.39104 3.06147 6
      vertex -7.39104 3.06147 0
    endloop
  endfacet
  facet normal -0.935909 0.352243 0
    outer loop
      vertex -7.39104 3.06147 6
      vertex -7.57544 2.57152 0
      vertex -7.57544 2.57152 6
    endloop
  endfacet
  facet normal -0.995185 0.0980123 0
    outer loop
      vertex -7.98287 0.523225 0
      vertex -7.93156 1.04421 6
      vertex -7.93156 1.04421 0
    endloop
  endfacet
  facet normal -0.995185 0.0980123 0
    outer loop
      vertex -7.93156 1.04421 6
      vertex -7.98287 0.523225 0
      vertex -7.98287 0.523225 6
    endloop
  endfacet
  facet normal 0 0 1
    outer loop
      vertex -3.53831 2.85304 6
      vertex -4.96521 0 6
      vertex -3.3775 2.75 6
    endloop
  endfacet
  facet normal 0 0 1
    outer loop
      vertex -4 3.20204 6
      vertex -4.96521 0 6
      vertex -3.53831 2.85304 6
    endloop
  endfacet
  facet normal 0 0 1
    outer loop
      vertex -4.44456 3.59299 6
      vertex -4.96521 0 6
      vertex -4 3.20204 6
    endloop
  endfacet
  facet normal 0 0 1
    outer loop
      vertex -7.17498 3.53831 6
      vertex -4.44456 3.59299 6
      vertex -4.87009 4.02423 6
    endloop
  endfacet
  facet normal 0 0 1
    outer loop
      vertex -6.9282 4 6
      vertex -4.87009 4.02423 6
      vertex -5.27477 4.4939 6
    endloop
  endfacet
  facet normal 0 0 1
    outer loop
      vertex 4.96521 0 6
      vertex 8 0 6
      vertex 7.98287 0.523225 6
    endloop
  endfacet
  facet normal 0 0 1
    outer loop
      vertex 4.96521 0 6
      vertex 7.98287 0.523225 6
      vertex 7.93156 1.04421 6
    endloop
  endfacet
  facet normal 0 0 1
    outer loop
      vertex 8 0 6
      vertex 4.96521 0 6
      vertex 7.98287 -0.523225 6
    endloop
  endfacet
  facet normal 0 0 1
    outer loop
      vertex 4.96521 0 6
      vertex 7.93156 1.04421 6
      vertex 7.84628 1.56072 6
    endloop
  endfacet
  facet normal 0 0 1
    outer loop
      vertex 7.98287 -0.523225 6
      vertex 4.96521 0 6
      vertex 7.93156 -1.04421 6
    endloop
  endfacet
  facet normal 0 0 1
    outer loop
      vertex 4.96521 0 6
      vertex 7.84628 1.56072 6
      vertex 7.72741 2.07055 6
    endloop
  endfacet
  facet normal 0 0 1
    outer loop
      vertex 7.93156 -1.04421 6
      vertex 4.96521 0 6
      vertex 7.84628 -1.56072 6
    endloop
  endfacet
  facet normal 0 0 1
    outer loop
      vertex 4.96521 0 6
      vertex 7.72741 2.07055 6
      vertex 7.57544 2.57152 6
    endloop
  endfacet
  facet normal 0 0 1
    outer loop
      vertex 7.84628 -1.56072 6
      vertex 4.96521 0 6
      vertex 7.72741 -2.07055 6
    endloop
  endfacet
  facet normal 0 0 1
    outer loop
      vertex 4.44456 3.59299 6
      vertex 7.57544 2.57152 6
      vertex 7.39104 3.06147 6
    endloop
  endfacet
  facet normal 0 0 1
    outer loop
      vertex 7.72741 -2.07055 6
      vertex 4.96521 0 6
      vertex 7.57544 -2.57152 6
    endloop
  endfacet
  facet normal 0 0 1
    outer loop
      vertex 4.44456 3.59299 6
      vertex 7.39104 3.06147 6
      vertex 7.17498 3.53831 6
    endloop
  endfacet
  facet normal 0 0 1
    outer loop
      vertex 7.57544 -2.57152 6
      vertex 4.96521 0 6
      vertex 7.39104 -3.06147 6
    endloop
  endfacet
  facet normal 0 0 1
    outer loop
      vertex 4.87009 4.02423 6
      vertex 7.17498 3.53831 6
      vertex 6.9282 4 6
    endloop
  endfacet
  facet normal 0 0 1
    outer loop
      vertex 7.39104 -3.06147 6
      vertex 4.96521 0 6
      vertex 7.17498 -3.53831 6
    endloop
  endfacet
  facet normal 0 0 1
    outer loop
      vertex 5.27477 4.4939 6
      vertex 6.9282 4 6
      vertex 6.65176 4.44456 6
    endloop
  endfacet
  facet normal 0 0 1
    outer loop
      vertex 7.17498 -3.53831 6
      vertex 4.96521 0 6
      vertex 6.9282 -4 6
    endloop
  endfacet
  facet normal -0 0 1
    outer loop
      vertex 5.36954 4.61944 6
      vertex 6.65176 4.44456 6
      vertex 6.34683 4.87009 6
    endloop
  endfacet
  facet normal 0 0 1
    outer loop
      vertex 2.48261 -4.3 6
      vertex 6.9282 -4 6
      vertex 4.96521 0 6
    endloop
  endfacet
  facet normal -0 0 1
    outer loop
      vertex 5.65685 5 6
      vertex 6.34683 4.87009 6
      vertex 6.01472 5.27477 6
    endloop
  endfacet
  facet normal 0 0 1
    outer loop
      vertex 6.9282 -4 6
      vertex 2.48261 -4.3 6
      vertex 6.65176 -4.44456 6
    endloop
  endfacet
  facet normal 0 0 1
    outer loop
      vertex 5.65685 5 6
      vertex 6.01472 5.27477 6
      vertex 5.91168 5.38478 6
    endloop
  endfacet
  facet normal 0 0 1
    outer loop
      vertex 6.34683 4.87009 6
      vertex 5.65685 5 6
      vertex 5.36954 4.61944 6
    endloop
  endfacet
  facet normal 0 0 1
    outer loop
      vertex 6.65176 -4.44456 6
      vertex 2.48261 -4.3 6
      vertex 6.34683 -4.87009 6
    endloop
  endfacet
  facet normal 0 0 1
    outer loop
      vertex 6.65176 4.44456 6
      vertex 5.36954 4.61944 6
      vertex 5.27477 4.4939 6
    endloop
  endfacet
  facet normal 0 0 1
    outer loop
      vertex 6.9282 4 6
      vertex 5.27477 4.4939 6
      vertex 4.87009 4.02423 6
    endloop
  endfacet
  facet normal 0 0 1
    outer loop
      vertex 6.34683 -4.87009 6
      vertex 2.48261 -4.3 6
      vertex 6.01472 -5.27477 6
    endloop
  endfacet
  facet normal 0 0 1
    outer loop
      vertex 6.01472 -5.27477 6
      vertex 2.48261 -4.3 6
      vertex 5.65685 -5.65685 6
    endloop
  endfacet
  facet normal 0 0 1
    outer loop
      vertex 7.17498 3.53831 6
      vertex 4.87009 4.02423 6
      vertex 4.44456 3.59299 6
    endloop
  endfacet
  facet normal 0 0 1
    outer loop
      vertex 7.57544 2.57152 6
      vertex 4.44456 3.59299 6
      vertex 4.96521 0 6
    endloop
  endfacet
  facet normal -0 0 1
    outer loop
      vertex 4 3.20204 6
      vertex 4.96521 0 6
      vertex 4.44456 3.59299 6
    endloop
  endfacet
  facet normal -0 0 1
    outer loop
      vertex 3.53831 2.85304 6
      vertex 4.96521 0 6
      vertex 4 3.20204 6
    endloop
  endfacet
  facet normal 0 0 1
    outer loop
      vertex 4.96521 0 6
      vertex 3.53831 2.85304 6
      vertex 3.3775 2.75 6
    endloop
  endfacet
  facet normal 0 0 1
    outer loop
      vertex 5.65685 -5.65685 6
      vertex 2.48261 -4.3 6
      vertex 5.27477 -6.01472 6
    endloop
  endfacet
  facet normal 0 0 1
    outer loop
      vertex 5.27477 -6.01472 6
      vertex 2.48261 -4.3 6
      vertex 4.87009 -6.34683 6
    endloop
  endfacet
  facet normal 0 0 1
    outer loop
      vertex 4.87009 -6.34683 6
      vertex 2.48261 -4.3 6
      vertex 4.44456 -6.65176 6
    endloop
  endfacet
  facet normal 0 0 1
    outer loop
      vertex 4.44456 -6.65176 6
      vertex 2.48261 -4.3 6
      vertex 4 -6.9282 6
    endloop
  endfacet
  facet normal 0 0 1
    outer loop
      vertex 4 -6.9282 6
      vertex 2.48261 -4.3 6
      vertex 3.53831 -7.17498 6
    endloop
  endfacet
  facet normal 0 0 1
    outer loop
      vertex 3.53831 -7.17498 6
      vertex 2.48261 -4.3 6
      vertex 3.06147 -7.39104 6
    endloop
  endfacet
  facet normal 0 0 1
    outer loop
      vertex 3.06147 -7.39104 6
      vertex 2.48261 -4.3 6
      vertex 2.57152 -7.57544 6
    endloop
  endfacet
  facet normal 0 0 1
    outer loop
      vertex 2.48261 -4.3 6
      vertex 2.07055 -7.72741 6
      vertex 2.57152 -7.57544 6
    endloop
  endfacet
  facet normal 0 0 1
    outer loop
      vertex 2.48261 -4.3 6
      vertex 1.56072 -7.84628 6
      vertex 2.07055 -7.72741 6
    endloop
  endfacet
  facet normal 0 0 1
    outer loop
      vertex 2.48261 -4.3 6
      vertex 1.04421 -7.93156 6
      vertex 1.56072 -7.84628 6
    endloop
  endfacet
  facet normal 0 0 1
    outer loop
      vertex 2.48261 -4.3 6
      vertex 0.523225 -7.98287 6
      vertex 1.04421 -7.93156 6
    endloop
  endfacet
  facet normal 0 0 1
    outer loop
      vertex 2.48261 -4.3 6
      vertex 0 -8 6
      vertex 0.523225 -7.98287 6
    endloop
  endfacet
  facet normal -0 0 1
    outer loop
      vertex -2.48261 -4.3 6
      vertex 0 -8 6
      vertex 2.48261 -4.3 6
    endloop
  endfacet
  facet normal 0 0 1
    outer loop
      vertex 0 -8 6
      vertex -2.48261 -4.3 6
      vertex -0.523225 -7.98287 6
    endloop
  endfacet
  facet normal 0 0 1
    outer loop
      vertex -0.523225 -7.98287 6
      vertex -2.48261 -4.3 6
      vertex -1.04421 -7.93156 6
    endloop
  endfacet
  facet normal 0 0 1
    outer loop
      vertex -1.04421 -7.93156 6
      vertex -2.48261 -4.3 6
      vertex -1.56072 -7.84628 6
    endloop
  endfacet
  facet normal 0 0 1
    outer loop
      vertex -1.56072 -7.84628 6
      vertex -2.48261 -4.3 6
      vertex -2.07055 -7.72741 6
    endloop
  endfacet
  facet normal 0 0 1
    outer loop
      vertex -2.48261 -4.3 6
      vertex -2.57152 -7.57544 6
      vertex -2.07055 -7.72741 6
    endloop
  endfacet
  facet normal 0 0 1
    outer loop
      vertex -2.48261 -4.3 6
      vertex -3.06147 -7.39104 6
      vertex -2.57152 -7.57544 6
    endloop
  endfacet
  facet normal 0 0 1
    outer loop
      vertex -2.48261 -4.3 6
      vertex -3.53831 -7.17498 6
      vertex -3.06147 -7.39104 6
    endloop
  endfacet
  facet normal 0 0 1
    outer loop
      vertex -2.48261 -4.3 6
      vertex -4 -6.9282 6
      vertex -3.53831 -7.17498 6
    endloop
  endfacet
  facet normal 0 0 1
    outer loop
      vertex -2.48261 -4.3 6
      vertex -4.44456 -6.65176 6
      vertex -4 -6.9282 6
    endloop
  endfacet
  facet normal 0 0 1
    outer loop
      vertex -2.48261 -4.3 6
      vertex -4.87009 -6.34683 6
      vertex -4.44456 -6.65176 6
    endloop
  endfacet
  facet normal -0 0 1
    outer loop
      vertex -6.9282 -4 6
      vertex -2.48261 -4.3 6
      vertex -4.96521 0 6
    endloop
  endfacet
  facet normal 0 0 1
    outer loop
      vertex -4.44456 3.59299 6
      vertex -7.39104 3.06147 6
      vertex -7.57544 2.57152 6
    endloop
  endfacet
  facet normal 0 0 1
    outer loop
      vertex -2.48261 -4.3 6
      vertex -5.27477 -6.01472 6
      vertex -4.87009 -6.34683 6
    endloop
  endfacet
  facet normal 0 0 1
    outer loop
      vertex -6.65176 4.44456 6
      vertex -5.27477 4.4939 6
      vertex -5.36954 4.61944 6
    endloop
  endfacet
  facet normal -0 0 1
    outer loop
      vertex -6.34683 4.87009 6
      vertex -5.36954 4.61944 6
      vertex -5.65685 5 6
    endloop
  endfacet
  facet normal 0 0 1
    outer loop
      vertex -2.48261 -4.3 6
      vertex -5.65685 -5.65685 6
      vertex -5.27477 -6.01472 6
    endloop
  endfacet
  facet normal -0 0 1
    outer loop
      vertex -6.01472 5.27477 6
      vertex -5.65685 5 6
      vertex -5.91168 5.38478 6
    endloop
  endfacet
  facet normal 0 0 1
    outer loop
      vertex -5.65685 5 6
      vertex -6.01472 5.27477 6
      vertex -6.34683 4.87009 6
    endloop
  endfacet
  facet normal 0 0 1
    outer loop
      vertex -2.48261 -4.3 6
      vertex -6.01472 -5.27477 6
      vertex -5.65685 -5.65685 6
    endloop
  endfacet
  facet normal 0 0 1
    outer loop
      vertex -5.36954 4.61944 6
      vertex -6.34683 4.87009 6
      vertex -6.65176 4.44456 6
    endloop
  endfacet
  facet normal 0 0 1
    outer loop
      vertex -2.48261 -4.3 6
      vertex -6.34683 -4.87009 6
      vertex -6.01472 -5.27477 6
    endloop
  endfacet
  facet normal 0 0 1
    outer loop
      vertex -5.27477 4.4939 6
      vertex -6.65176 4.44456 6
      vertex -6.9282 4 6
    endloop
  endfacet
  facet normal 0 0 1
    outer loop
      vertex -2.48261 -4.3 6
      vertex -6.65176 -4.44456 6
      vertex -6.34683 -4.87009 6
    endloop
  endfacet
  facet normal 0 0 1
    outer loop
      vertex -4.87009 4.02423 6
      vertex -6.9282 4 6
      vertex -7.17498 3.53831 6
    endloop
  endfacet
  facet normal 0 0 1
    outer loop
      vertex -2.48261 -4.3 6
      vertex -6.9282 -4 6
      vertex -6.65176 -4.44456 6
    endloop
  endfacet
  facet normal 0 0 1
    outer loop
      vertex -4.44456 3.59299 6
      vertex -7.17498 3.53831 6
      vertex -7.39104 3.06147 6
    endloop
  endfacet
  facet normal 0 0 1
    outer loop
      vertex -4.96521 0 6
      vertex -7.17498 -3.53831 6
      vertex -6.9282 -4 6
    endloop
  endfacet
  facet normal 0 0 1
    outer loop
      vertex -4.44456 3.59299 6
      vertex -7.57544 2.57152 6
      vertex -4.96521 0 6
    endloop
  endfacet
  facet normal 0 0 1
    outer loop
      vertex -4.96521 0 6
      vertex -7.39104 -3.06147 6
      vertex -7.17498 -3.53831 6
    endloop
  endfacet
  facet normal 0 0 1
    outer loop
      vertex -4.96521 0 6
      vertex -7.57544 2.57152 6
      vertex -7.72741 2.07055 6
    endloop
  endfacet
  facet normal 0 0 1
    outer loop
      vertex -4.96521 0 6
      vertex -7.57544 -2.57152 6
      vertex -7.39104 -3.06147 6
    endloop
  endfacet
  facet normal 0 0 1
    outer loop
      vertex -4.96521 0 6
      vertex -7.72741 2.07055 6
      vertex -7.84628 1.56072 6
    endloop
  endfacet
  facet normal 0 0 1
    outer loop
      vertex -4.96521 0 6
      vertex -7.72741 -2.07055 6
      vertex -7.57544 -2.57152 6
    endloop
  endfacet
  facet normal 0 0 1
    outer loop
      vertex -4.96521 0 6
      vertex -7.84628 1.56072 6
      vertex -7.93156 1.04421 6
    endloop
  endfacet
  facet normal 0 0 1
    outer loop
      vertex -4.96521 0 6
      vertex -7.84628 -1.56072 6
      vertex -7.72741 -2.07055 6
    endloop
  endfacet
  facet normal 0 0 1
    outer loop
      vertex -4.96521 0 6
      vertex -7.93156 1.04421 6
      vertex -7.98287 0.523225 6
    endloop
  endfacet
  facet normal 0 0 1
    outer loop
      vertex -4.96521 0 6
      vertex -7.93156 -1.04421 6
      vertex -7.84628 -1.56072 6
    endloop
  endfacet
  facet normal 0 0 1
    outer loop
      vertex -4.96521 0 6
      vertex -7.98287 0.523225 6
      vertex -8 0 6
    endloop
  endfacet
  facet normal 0 0 1
    outer loop
      vertex -4.96521 0 6
      vertex -7.98287 -0.523225 6
      vertex -7.93156 -1.04421 6
    endloop
  endfacet
  facet normal 0 0 1
    outer loop
      vertex -4.96521 0 6
      vertex -8 0 6
      vertex -7.98287 -0.523225 6
    endloop
  endfacet
  facet normal -0.471392 0.881924 0
    outer loop
      vertex -3.53831 7.17498 2.17498
      vertex -3.53831 7.17498 0
      vertex -3.8106 7.02944 2.02944
    endloop
  endfacet
  facet normal -0.471399 0.88192 -1.28348e-06
    outer loop
      vertex -4 6.9282 0
      vertex -3.8106 7.02944 2.02944
      vertex -3.53831 7.17498 0
    endloop
  endfacet
  facet normal -0.47141 0.881914 0
    outer loop
      vertex -3.8106 7.02944 2.02944
      vertex -4 6.9282 0
      vertex -4 6.9282 2.27384
    endloop
  endfacet
  facet normal -0.412718 0.910859 0
    outer loop
      vertex -3.06147 7.39104 0
      vertex -3.53831 7.17498 2.17498
      vertex -3.06147 7.39104 2.39104
    endloop
  endfacet
  facet normal -0.412718 0.910859 0
    outer loop
      vertex -3.53831 7.17498 2.17498
      vertex -3.06147 7.39104 0
      vertex -3.53831 7.17498 0
    endloop
  endfacet
  facet normal -0.634391 0.773013 0
    outer loop
      vertex -5.27477 6.01472 0
      vertex -4.87009 6.34683 3.6774
      vertex -4.87009 6.34683 0
    endloop
  endfacet
  facet normal -0.634391 0.773013 0
    outer loop
      vertex -4.87009 6.34683 3.6774
      vertex -5.27477 6.01472 0
      vertex -5.27477 6.01472 4.47918
    endloop
  endfacet
  facet normal -0.290289 0.956939 0
    outer loop
      vertex -2.07055 7.72741 0
      vertex -2.57152 7.57544 2.57544
      vertex -2.07055 7.72741 2.72741
    endloop
  endfacet
  facet normal -0.290289 0.956939 0
    outer loop
      vertex -2.57152 7.57544 2.57544
      vertex -2.07055 7.72741 0
      vertex -2.57152 7.57544 0
    endloop
  endfacet
  facet normal -0.0327217 0.999465 0
    outer loop
      vertex 0 8 0
      vertex -0.523225 7.98287 2.98287
      vertex 0 8 3
    endloop
  endfacet
  facet normal -0.0327217 0.999465 0
    outer loop
      vertex -0.523225 7.98287 2.98287
      vertex 0 8 0
      vertex -0.523225 7.98287 0
    endloop
  endfacet
  facet normal 0.999465 -0.0327217 0
    outer loop
      vertex 7.98287 -0.523225 6
      vertex 8 0 0
      vertex 8 0 6
    endloop
  endfacet
  facet normal 0.999465 -0.0327217 0
    outer loop
      vertex 8 0 0
      vertex 7.98287 -0.523225 6
      vertex 7.98287 -0.523225 0
    endloop
  endfacet
  facet normal 0.0327217 -0.999465 0
    outer loop
      vertex 0 -8 0
      vertex 0.523225 -7.98287 6
      vertex 0 -8 6
    endloop
  endfacet
  facet normal 0.0327217 -0.999465 0
    outer loop
      vertex 0.523225 -7.98287 6
      vertex 0 -8 0
      vertex 0.523225 -7.98287 0
    endloop
  endfacet
  facet normal 0.162903 -0.986642 0
    outer loop
      vertex 1.04421 -7.93156 0
      vertex 1.56072 -7.84628 6
      vertex 1.04421 -7.93156 6
    endloop
  endfacet
  facet normal 0.162903 -0.986642 0
    outer loop
      vertex 1.56072 -7.84628 6
      vertex 1.04421 -7.93156 0
      vertex 1.56072 -7.84628 0
    endloop
  endfacet
  facet normal 0.290289 -0.956939 0
    outer loop
      vertex 2.07055 -7.72741 0
      vertex 2.57152 -7.57544 6
      vertex 2.07055 -7.72741 6
    endloop
  endfacet
  facet normal 0.290289 -0.956939 0
    outer loop
      vertex 2.57152 -7.57544 6
      vertex 2.07055 -7.72741 0
      vertex 2.57152 -7.57544 0
    endloop
  endfacet
  facet normal 0.683606 -0.729852 0
    outer loop
      vertex 5.27477 -6.01472 0
      vertex 5.65685 -5.65685 6
      vertex 5.27477 -6.01472 6
    endloop
  endfacet
  facet normal 0.683606 -0.729852 0
    outer loop
      vertex 5.65685 -5.65685 6
      vertex 5.27477 -6.01472 0
      vertex 5.65685 -5.65685 0
    endloop
  endfacet
  facet normal 0.528061 -0.849207 0
    outer loop
      vertex 4 -6.9282 0
      vertex 4.44456 -6.65176 6
      vertex 4 -6.9282 6
    endloop
  endfacet
  facet normal 0.528061 -0.849207 0
    outer loop
      vertex 4.44456 -6.65176 6
      vertex 4 -6.9282 0
      vertex 4.44456 -6.65176 0
    endloop
  endfacet
  facet normal 0.412718 -0.910859 0
    outer loop
      vertex 3.06147 -7.39104 0
      vertex 3.53831 -7.17498 6
      vertex 3.06147 -7.39104 6
    endloop
  endfacet
  facet normal 0.412718 -0.910859 0
    outer loop
      vertex 3.53831 -7.17498 6
      vertex 3.06147 -7.39104 0
      vertex 3.53831 -7.17498 0
    endloop
  endfacet
  facet normal 0.812847 -0.582477 0
    outer loop
      vertex 6.34683 -4.87009 6
      vertex 6.65176 -4.44456 0
      vertex 6.65176 -4.44456 6
    endloop
  endfacet
  facet normal 0.812847 -0.582477 0
    outer loop
      vertex 6.65176 -4.44456 0
      vertex 6.34683 -4.87009 6
      vertex 6.34683 -4.87009 0
    endloop
  endfacet
  facet normal 0.935909 -0.352243 0
    outer loop
      vertex 7.39104 -3.06147 6
      vertex 7.57544 -2.57152 0
      vertex 7.57544 -2.57152 6
    endloop
  endfacet
  facet normal 0.935909 -0.352243 0
    outer loop
      vertex 7.57544 -2.57152 0
      vertex 7.39104 -3.06147 6
      vertex 7.39104 -3.06147 0
    endloop
  endfacet
  facet normal 0.88192 -0.471399 0
    outer loop
      vertex 6.9282 -4 6
      vertex 7.17498 -3.53831 0
      vertex 7.17498 -3.53831 6
    endloop
  endfacet
  facet normal 0.88192 -0.471399 0
    outer loop
      vertex 7.17498 -3.53831 0
      vertex 6.9282 -4 6
      vertex 6.9282 -4 0
    endloop
  endfacet
  facet normal 0.973879 -0.227066 0
    outer loop
      vertex 7.72741 -2.07055 6
      vertex 7.84628 -1.56072 0
      vertex 7.84628 -1.56072 6
    endloop
  endfacet
  facet normal 0.973879 -0.227066 0
    outer loop
      vertex 7.84628 -1.56072 0
      vertex 7.72741 -2.07055 6
      vertex 7.72741 -2.07055 0
    endloop
  endfacet
  facet normal -0.683606 -0.729852 0
    outer loop
      vertex -5.65685 -5.65685 0
      vertex -5.27477 -6.01472 6
      vertex -5.65685 -5.65685 6
    endloop
  endfacet
  facet normal -0.683606 -0.729852 -0
    outer loop
      vertex -5.27477 -6.01472 6
      vertex -5.65685 -5.65685 0
      vertex -5.27477 -6.01472 0
    endloop
  endfacet
  facet normal -0.582477 -0.812847 0
    outer loop
      vertex -4.87009 -6.34683 0
      vertex -4.44456 -6.65176 6
      vertex -4.87009 -6.34683 6
    endloop
  endfacet
  facet normal -0.582477 -0.812847 -0
    outer loop
      vertex -4.44456 -6.65176 6
      vertex -4.87009 -6.34683 0
      vertex -4.44456 -6.65176 0
    endloop
  endfacet
  facet normal -0.471399 -0.88192 0
    outer loop
      vertex -4 -6.9282 0
      vertex -3.53831 -7.17498 6
      vertex -4 -6.9282 6
    endloop
  endfacet
  facet normal -0.471399 -0.88192 -0
    outer loop
      vertex -3.53831 -7.17498 6
      vertex -4 -6.9282 0
      vertex -3.53831 -7.17498 0
    endloop
  endfacet
  facet normal -0.352243 -0.935909 0
    outer loop
      vertex -3.06147 -7.39104 0
      vertex -2.57152 -7.57544 6
      vertex -3.06147 -7.39104 6
    endloop
  endfacet
  facet normal -0.352243 -0.935909 -0
    outer loop
      vertex -2.57152 -7.57544 6
      vertex -3.06147 -7.39104 0
      vertex -2.57152 -7.57544 0
    endloop
  endfacet
  facet normal -0.227066 -0.973879 0
    outer loop
      vertex -2.07055 -7.72741 0
      vertex -1.56072 -7.84628 6
      vertex -2.07055 -7.72741 6
    endloop
  endfacet
  facet normal -0.227066 -0.973879 -0
    outer loop
      vertex -1.56072 -7.84628 6
      vertex -2.07055 -7.72741 0
      vertex -1.56072 -7.84628 0
    endloop
  endfacet
  facet normal -0.0980123 -0.995185 0
    outer loop
      vertex -1.04421 -7.93156 0
      vertex -0.523225 -7.98287 6
      vertex -1.04421 -7.93156 6
    endloop
  endfacet
  facet normal -0.0980123 -0.995185 -0
    outer loop
      vertex -0.523225 -7.98287 6
      vertex -1.04421 -7.93156 0
      vertex -0.523225 -7.98287 0
    endloop
  endfacet
  facet normal -0.910859 -0.412718 0
    outer loop
      vertex -7.17498 -3.53831 0
      vertex -7.39104 -3.06147 6
      vertex -7.39104 -3.06147 0
    endloop
  endfacet
  facet normal -0.910859 -0.412718 0
    outer loop
      vertex -7.39104 -3.06147 6
      vertex -7.17498 -3.53831 0
      vertex -7.17498 -3.53831 6
    endloop
  endfacet
  facet normal -0.849207 -0.528061 0
    outer loop
      vertex -6.65176 -4.44456 0
      vertex -6.9282 -4 6
      vertex -6.9282 -4 0
    endloop
  endfacet
  facet normal -0.849207 -0.528061 0
    outer loop
      vertex -6.9282 -4 6
      vertex -6.65176 -4.44456 0
      vertex -6.65176 -4.44456 6
    endloop
  endfacet
  facet normal -0.773013 -0.634391 0
    outer loop
      vertex -6.01472 -5.27477 0
      vertex -6.34683 -4.87009 6
      vertex -6.34683 -4.87009 0
    endloop
  endfacet
  facet normal -0.773013 -0.634391 0
    outer loop
      vertex -6.34683 -4.87009 6
      vertex -6.01472 -5.27477 0
      vertex -6.01472 -5.27477 6
    endloop
  endfacet
  facet normal -0.956939 -0.290289 0
    outer loop
      vertex -7.57544 -2.57152 0
      vertex -7.72741 -2.07055 6
      vertex -7.72741 -2.07055 0
    endloop
  endfacet
  facet normal -0.956939 -0.290289 0
    outer loop
      vertex -7.72741 -2.07055 6
      vertex -7.57544 -2.57152 0
      vertex -7.57544 -2.57152 6
    endloop
  endfacet
  facet normal -0.986642 -0.162903 0
    outer loop
      vertex -7.84628 -1.56072 0
      vertex -7.93156 -1.04421 6
      vertex -7.93156 -1.04421 0
    endloop
  endfacet
  facet normal -0.986642 -0.162903 0
    outer loop
      vertex -7.93156 -1.04421 6
      vertex -7.84628 -1.56072 0
      vertex -7.84628 -1.56072 6
    endloop
  endfacet
  facet normal -0.999465 -0.0327217 0
    outer loop
      vertex -7.98287 -0.523225 0
      vertex -8 0 6
      vertex -8 0 0
    endloop
  endfacet
  facet normal -0.999465 -0.0327217 0
    outer loop
      vertex -8 0 6
      vertex -7.98287 -0.523225 0
      vertex -7.98287 -0.523225 6
    endloop
  endfacet
  facet normal 0.0980123 -0.995185 0
    outer loop
      vertex 0.523225 -7.98287 0
      vertex 1.04421 -7.93156 6
      vertex 0.523225 -7.98287 6
    endloop
  endfacet
  facet normal 0.0980123 -0.995185 0
    outer loop
      vertex 1.04421 -7.93156 6
      vertex 0.523225 -7.98287 0
      vertex 1.04421 -7.93156 0
    endloop
  endfacet
  facet normal 0.352243 -0.935909 0
    outer loop
      vertex 2.57152 -7.57544 0
      vertex 3.06147 -7.39104 6
      vertex 2.57152 -7.57544 6
    endloop
  endfacet
  facet normal 0.352243 -0.935909 0
    outer loop
      vertex 3.06147 -7.39104 6
      vertex 2.57152 -7.57544 0
      vertex 3.06147 -7.39104 0
    endloop
  endfacet
  facet normal 0.729852 -0.683606 0
    outer loop
      vertex 5.65685 -5.65685 6
      vertex 6.01472 -5.27477 0
      vertex 6.01472 -5.27477 6
    endloop
  endfacet
  facet normal 0.729852 -0.683606 0
    outer loop
      vertex 6.01472 -5.27477 0
      vertex 5.65685 -5.65685 6
      vertex 5.65685 -5.65685 0
    endloop
  endfacet
  facet normal 0.582477 -0.812847 0
    outer loop
      vertex 4.44456 -6.65176 0
      vertex 4.87009 -6.34683 6
      vertex 4.44456 -6.65176 6
    endloop
  endfacet
  facet normal 0.582477 -0.812847 0
    outer loop
      vertex 4.87009 -6.34683 6
      vertex 4.44456 -6.65176 0
      vertex 4.87009 -6.34683 0
    endloop
  endfacet
  facet normal 0.471399 -0.88192 0
    outer loop
      vertex 3.53831 -7.17498 0
      vertex 4 -6.9282 6
      vertex 3.53831 -7.17498 6
    endloop
  endfacet
  facet normal 0.471399 -0.88192 0
    outer loop
      vertex 4 -6.9282 6
      vertex 3.53831 -7.17498 0
      vertex 4 -6.9282 0
    endloop
  endfacet
  facet normal 0.849207 -0.528061 0
    outer loop
      vertex 6.65176 -4.44456 6
      vertex 6.9282 -4 0
      vertex 6.9282 -4 6
    endloop
  endfacet
  facet normal 0.849207 -0.528061 0
    outer loop
      vertex 6.9282 -4 0
      vertex 6.65176 -4.44456 6
      vertex 6.65176 -4.44456 0
    endloop
  endfacet
  facet normal 0.910859 -0.412718 0
    outer loop
      vertex 7.17498 -3.53831 6
      vertex 7.39104 -3.06147 0
      vertex 7.39104 -3.06147 6
    endloop
  endfacet
  facet normal 0.910859 -0.412718 0
    outer loop
      vertex 7.39104 -3.06147 0
      vertex 7.17498 -3.53831 6
      vertex 7.17498 -3.53831 0
    endloop
  endfacet
  facet normal 0.986642 -0.162903 0
    outer loop
      vertex 7.84628 -1.56072 6
      vertex 7.93156 -1.04421 0
      vertex 7.93156 -1.04421 6
    endloop
  endfacet
  facet normal 0.986642 -0.162903 0
    outer loop
      vertex 7.93156 -1.04421 0
      vertex 7.84628 -1.56072 6
      vertex 7.84628 -1.56072 0
    endloop
  endfacet
  facet normal -0.634391 -0.773013 0
    outer loop
      vertex -5.27477 -6.01472 0
      vertex -4.87009 -6.34683 6
      vertex -5.27477 -6.01472 6
    endloop
  endfacet
  facet normal -0.634391 -0.773013 -0
    outer loop
      vertex -4.87009 -6.34683 6
      vertex -5.27477 -6.01472 0
      vertex -4.87009 -6.34683 0
    endloop
  endfacet
  facet normal -0.412718 -0.910859 0
    outer loop
      vertex -3.53831 -7.17498 0
      vertex -3.06147 -7.39104 6
      vertex -3.53831 -7.17498 6
    endloop
  endfacet
  facet normal -0.412718 -0.910859 -0
    outer loop
      vertex -3.06147 -7.39104 6
      vertex -3.53831 -7.17498 0
      vertex -3.06147 -7.39104 0
    endloop
  endfacet
  facet normal -0.290289 -0.956939 0
    outer loop
      vertex -2.57152 -7.57544 0
      vertex -2.07055 -7.72741 6
      vertex -2.57152 -7.57544 6
    endloop
  endfacet
  facet normal -0.290289 -0.956939 -0
    outer loop
      vertex -2.07055 -7.72741 6
      vertex -2.57152 -7.57544 0
      vertex -2.07055 -7.72741 0
    endloop
  endfacet
  facet normal -0.0327217 -0.999465 0
    outer loop
      vertex -0.523225 -7.98287 0
      vertex 0 -8 6
      vertex -0.523225 -7.98287 6
    endloop
  endfacet
  facet normal -0.0327217 -0.999465 -0
    outer loop
      vertex 0 -8 6
      vertex -0.523225 -7.98287 0
      vertex 0 -8 0
    endloop
  endfacet
  facet normal -0.88192 -0.471399 0
    outer loop
      vertex -6.9282 -4 0
      vertex -7.17498 -3.53831 6
      vertex -7.17498 -3.53831 0
    endloop
  endfacet
  facet normal -0.88192 -0.471399 0
    outer loop
      vertex -7.17498 -3.53831 6
      vertex -6.9282 -4 0
      vertex -6.9282 -4 6
    endloop
  endfacet
  facet normal -0.729852 -0.683606 0
    outer loop
      vertex -5.65685 -5.65685 0
      vertex -6.01472 -5.27477 6
      vertex -6.01472 -5.27477 0
    endloop
  endfacet
  facet normal -0.729852 -0.683606 0
    outer loop
      vertex -6.01472 -5.27477 6
      vertex -5.65685 -5.65685 0
      vertex -5.65685 -5.65685 6
    endloop
  endfacet
  facet normal -0.935909 -0.352243 0
    outer loop
      vertex -7.39104 -3.06147 0
      vertex -7.57544 -2.57152 6
      vertex -7.57544 -2.57152 0
    endloop
  endfacet
  facet normal -0.935909 -0.352243 0
    outer loop
      vertex -7.57544 -2.57152 6
      vertex -7.39104 -3.06147 0
      vertex -7.39104 -3.06147 6
    endloop
  endfacet
  facet normal -0.995185 -0.0980123 0
    outer loop
      vertex -7.93156 -1.04421 0
      vertex -7.98287 -0.523225 6
      vertex -7.98287 -0.523225 0
    endloop
  endfacet
  facet normal -0.995185 -0.0980123 0
    outer loop
      vertex -7.98287 -0.523225 6
      vertex -7.93156 -1.04421 0
      vertex -7.93156 -1.04421 6
    endloop
  endfacet
  facet normal 0.999465 0.0231367 0.023137
    outer loop
      vertex 7.98287 12.37 7.36998
      vertex 7.98287 8.12733 11.6126
      vertex 8 12 7
    endloop
  endfacet
  facet normal 0.999465 0.0231371 0.0231373
    outer loop
      vertex 8 12 7
      vertex 7.98287 8.12733 11.6126
      vertex 8 7.75736 11.2426
    endloop
  endfacet
  facet normal -0.772956 0.448625 0.448636
    outer loop
      vertex -6.34683 15.4437 10.4437
      vertex -6.34683 11.201 14.6863
      vertex -6.01472 15.7298 10.7298
    endloop
  endfacet
  facet normal -0.729888 0.483355 0.483355
    outer loop
      vertex -6.01472 15.7298 10.7298
      vertex -5.65685 11.7574 15.2426
      vertex -5.65685 16 11
    endloop
  endfacet
  facet normal -0.729825 0.483408 0.483397
    outer loop
      vertex -5.65685 11.7574 15.2426
      vertex -6.01472 15.7298 10.7298
      vertex -6.01472 11.4872 14.9725
    endloop
  endfacet
  facet normal 0.683583 -0.516097 -0.516099
    outer loop
      vertex 5.65685 5.65685 5.34314
      vertex 5.47239 5.82962 4.92605
      vertex 5.65685 8 3
    endloop
  endfacet
  facet normal 0.683594 -0.516091 -0.516091
    outer loop
      vertex 5.65685 3.75736 7.24264
      vertex 5.36954 4.61944 6
      vertex 5.65685 5 6
    endloop
  endfacet
  facet normal 0.683602 -0.516083 -0.516087
    outer loop
      vertex 5.36954 4.61944 6
      vertex 5.65685 3.75736 7.24264
      vertex 5.27477 3.50431 6.98959
    endloop
  endfacet
  facet normal 0.772956 0.448625 0.448636
    outer loop
      vertex 6.34683 15.4437 10.4437
      vertex 6.01472 15.7298 10.7298
      vertex 6.34683 11.201 14.6863
    endloop
  endfacet
  facet normal 0.729863 -0.483373 -0.483375
    outer loop
      vertex 6.01472 8.27018 3.27018
      vertex 5.65685 5.65685 5.34314
      vertex 5.65685 8 3
    endloop
  endfacet
  facet normal 0.729873 -0.483366 -0.483365
    outer loop
      vertex 6.01472 8.27018 3.27018
      vertex 5.91168 5.38478 6
      vertex 5.65685 5.65685 5.34314
    endloop
  endfacet
  facet normal 0.729855 -0.48338 -0.48338
    outer loop
      vertex 6.01472 4.02754 7.51282
      vertex 5.91168 5.38478 6
      vertex 6.01472 8.27018 3.27018
    endloop
  endfacet
  facet normal 0.729865 -0.483371 -0.483373
    outer loop
      vertex 6.01472 4.02754 7.51282
      vertex 5.65685 5 6
      vertex 5.91168 5.38478 6
    endloop
  endfacet
  facet normal 0.729863 -0.483374 -0.483374
    outer loop
      vertex 5.65685 5 6
      vertex 6.01472 4.02754 7.51282
      vertex 5.65685 3.75736 7.24264
    endloop
  endfacet
  facet normal 0.849206 -0.373397 -0.373397
    outer loop
      vertex 6.9282 4.92893 8.41421
      vertex 6.65176 8.85722 3.85722
      vertex 6.9282 9.17157 4.17157
    endloop
  endfacet
  facet normal 0.683602 0.516085 0.516085
    outer loop
      vertex 5.65685 16 11
      vertex 5.27477 12.0104 15.4957
      vertex 5.65685 11.7574 15.2426
    endloop
  endfacet
  facet normal 0.352266 0.661789 0.661773
    outer loop
      vertex 2.57152 17.3566 12.3566
      vertex 2.57152 13.114 16.5993
      vertex 3.06147 12.9836 16.4689
    endloop
  endfacet
  facet normal 1.12879e-05 -0.707351 0.706863
    outer loop
      vertex -0.523225 13.4021 16.8874
      vertex -2.07055 13.2215 16.7067
      vertex 0 13.4142 16.8995
    endloop
  endfacet
  facet normal 0.0977939 0.703726 0.703709
    outer loop
      vertex 0.523225 13.4021 16.8874
      vertex 1.04421 17.6085 12.6085
      vertex 0.523225 17.6447 12.6447
    endloop
  endfacet
  facet normal 0.0980614 0.70369 0.703707
    outer loop
      vertex 1.04421 17.6085 12.6085
      vertex 0.523225 13.4021 16.8874
      vertex 1.04421 13.3658 16.8511
    endloop
  endfacet
  facet normal -0.290267 0.676671 0.676655
    outer loop
      vertex -2.57152 17.3566 12.3566
      vertex -2.57152 13.114 16.5993
      vertex -2.07055 13.2215 16.7067
    endloop
  endfacet
  facet normal 0.935913 -0.249065 -0.249066
    outer loop
      vertex 7.57544 10.1817 5.18166
      vertex 7.39104 5.59257 9.07786
      vertex 7.39104 9.83522 4.83522
    endloop
  endfacet
  facet normal 0.881924 -0.333325 -0.333325
    outer loop
      vertex 7.17498 5.2554 8.74068
      vertex 6.9282 9.17157 4.17157
      vertex 7.17498 9.49804 4.49804
    endloop
  endfacet
  facet normal 0.881924 -0.333325 -0.333325
    outer loop
      vertex 6.9282 9.17157 4.17157
      vertex 7.17498 5.2554 8.74068
      vertex 6.9282 4.92893 8.41421
    endloop
  endfacet
  facet normal 0.956935 -0.205275 -0.205275
    outer loop
      vertex 7.72741 6.29326 9.77854
      vertex 7.57544 10.1817 5.18166
      vertex 7.72741 10.5359 5.5359
    endloop
  endfacet
  facet normal 0.162897 0.697654 0.69767
    outer loop
      vertex 1.04421 13.3658 16.8511
      vertex 1.56072 17.5482 12.5482
      vertex 1.04421 17.6085 12.6085
    endloop
  endfacet
  facet normal 0.162897 0.697654 0.69767
    outer loop
      vertex 1.56072 17.5482 12.5482
      vertex 1.04421 13.3658 16.8511
      vertex 1.56072 13.3055 16.7908
    endloop
  endfacet
  facet normal -6.76398e-05 -0.707592 0.706621
    outer loop
      vertex 1.04421 13.3658 16.8511
      vertex 0.523225 13.4021 16.8874
      vertex 2.07055 13.2215 16.7067
    endloop
  endfacet
  facet normal 0.634492 0.546537 0.54655
    outer loop
      vertex 4.87009 12.2452 15.7305
      vertex 5.27477 16.253 11.253
      vertex 4.87009 16.4879 11.4879
    endloop
  endfacet
  facet normal 0.634331 0.546644 0.546631
    outer loop
      vertex 5.27477 16.253 11.253
      vertex 4.87009 12.2452 15.7305
      vertex 5.27477 12.0104 15.4957
    endloop
  endfacet
  facet normal 0.528114 0.600449 0.600463
    outer loop
      vertex 4 12.6563 16.1416
      vertex 4.44456 16.7035 11.7035
      vertex 4 16.899 11.899
    endloop
  endfacet
  facet normal 0.528017 0.600499 0.600499
    outer loop
      vertex 4.44456 16.7035 11.7035
      vertex 4 12.6563 16.1416
      vertex 4.44456 12.4609 15.9461
    endloop
  endfacet
  facet normal 0.729888 0.483355 0.483355
    outer loop
      vertex 5.65685 11.7574 15.2426
      vertex 6.01472 15.7298 10.7298
      vertex 5.65685 16 11
    endloop
  endfacet
  facet normal 0.729825 0.483408 0.483397
    outer loop
      vertex 6.01472 15.7298 10.7298
      vertex 5.65685 11.7574 15.2426
      vertex 6.01472 11.4872 14.9725
    endloop
  endfacet
  facet normal -0.00194904 -0.707583 0.706627
    outer loop
      vertex 7.57544 9.5757 13.061
      vertex 7.39104 9.92214 13.4074
      vertex 7.72741 9.22146 12.7067
    endloop
  endfacet
  facet normal 0.000167851 -0.707022 0.707192
    outer loop
      vertex -6.01472 4.02754 7.51282
      vertex -6.9282 4.92893 8.41421
      vertex -6.34683 4.31368 7.79897
    endloop
  endfacet
  facet normal -0.986645 -0.115179 -0.115177
    outer loop
      vertex -7.84628 6.65376 10.139
      vertex -7.93156 7.01899 10.5043
      vertex -7.93156 11.2616 6.26163
    endloop
  endfacet
  facet normal 0 -0.707107 0.707107
    outer loop
      vertex -3.05821 2.61472 6.1
      vertex -4 2.85838 6.34366
      vertex -3.23948 2.61472 6.1
    endloop
  endfacet
  facet normal 6.64629e-16 -0.707107 0.707107
    outer loop
      vertex -4 2.85838 6.34366
      vertex -3.05821 2.61472 6.1
      vertex -5.65685 3.75736 7.24264
    endloop
  endfacet
  facet normal 0 -0.707135 0.707078
    outer loop
      vertex 2.7 7.75736 11.2426
      vertex 8 7.75736 11.2426
      vertex 7.98287 8.12733 11.6126
    endloop
  endfacet
  facet normal -1.32863e-06 -0.707092 0.707121
    outer loop
      vertex 2.69422 7.88223 11.3675
      vertex 7.98287 8.12733 11.6126
      vertex 7.84628 8.86096 12.3462
    endloop
  endfacet
  facet normal 0 -0.70703 0.707183
    outer loop
      vertex 8 7.75736 11.2426
      vertex 2.7 7.75736 11.2426
      vertex 7.98287 7.38738 10.8727
    endloop
  endfacet
  facet normal 3.87471e-06 -0.707106 0.707107
    outer loop
      vertex 2.69422 7.88223 11.3675
      vertex 7.84628 8.86096 12.3462
      vertex 7.72741 9.22146 12.7067
    endloop
  endfacet
  facet normal 1.70026e-05 -0.706909 0.707305
    outer loop
      vertex 2.69422 7.63249 11.1178
      vertex 7.98287 7.38738 10.8727
      vertex 2.7 7.75736 11.2426
    endloop
  endfacet
  facet normal 4.35245e-06 -0.707116 0.707098
    outer loop
      vertex 2.6769 8.00656 11.4918
      vertex 7.72741 9.22146 12.7067
      vertex 7.39104 9.92214 13.4074
    endloop
  endfacet
  facet normal -4.86847e-06 -0.707145 0.707069
    outer loop
      vertex 7.98287 7.38738 10.8727
      vertex 2.69422 7.63249 11.1178
      vertex 7.84628 6.65376 10.139
    endloop
  endfacet
  facet normal 2.79203e-05 -0.70714 0.707074
    outer loop
      vertex 2.64812 8.12982 11.6151
      vertex 7.39104 9.92214 13.4074
      vertex 7.17498 10.2593 13.7446
    endloop
  endfacet
  facet normal 2.30682e-05 -0.707071 0.707142
    outer loop
      vertex 7.84628 6.65376 10.139
      vertex 2.69422 7.63249 11.1178
      vertex 7.72741 6.29326 9.77854
    endloop
  endfacet
  facet normal -2.30463e-06 -0.707108 0.707106
    outer loop
      vertex 2.64812 8.12982 11.6151
      vertex 7.17498 10.2593 13.7446
      vertex 6.9282 10.5858 14.0711
    endloop
  endfacet
  facet normal -9.80532e-05 -0.707299 0.706915
    outer loop
      vertex 2.6769 7.50816 10.9934
      vertex 7.72741 6.29326 9.77854
      vertex 2.69422 7.63249 11.1178
    endloop
  endfacet
  facet normal -5.34396e-06 -0.707109 0.707104
    outer loop
      vertex 2.55671 8.37105 11.8563
      vertex 6.9282 10.5858 14.0711
      vertex 6.01472 11.4872 14.9725
    endloop
  endfacet
  facet normal 7.85532e-06 -0.707192 0.707022
    outer loop
      vertex 7.98287 8.12733 11.6126
      vertex 2.69422 7.88223 11.3675
      vertex 2.7 7.75736 11.2426
    endloop
  endfacet
  facet normal -0.000101933 -0.707043 0.70717
    outer loop
      vertex 2.49447 8.48797 11.9733
      vertex 6.01472 11.4872 14.9725
      vertex 5.65685 11.7574 15.2426
    endloop
  endfacet
  facet normal 0.000120923 -0.706949 0.707265
    outer loop
      vertex 2.64812 7.3849 10.8702
      vertex 7.39104 5.59257 9.07786
      vertex 2.6769 7.50816 10.9934
    endloop
  endfacet
  facet normal -5.17987e-06 -0.707116 0.707098
    outer loop
      vertex 7.39104 5.59257 9.07786
      vertex 2.64812 7.3849 10.8702
      vertex 7.17498 5.2554 8.74068
    endloop
  endfacet
  facet normal 2.30457e-06 -0.707108 0.707106
    outer loop
      vertex 7.17498 5.2554 8.74068
      vertex 2.64812 7.3849 10.8702
      vertex 6.9282 4.92893 8.41421
    endloop
  endfacet
  facet normal -2.84432e-06 -0.707101 0.707113
    outer loop
      vertex 7.72741 6.29326 9.77854
      vertex 2.6769 7.50816 10.9934
      vertex 7.39104 5.59257 9.07786
    endloop
  endfacet
  facet normal -3.97166e-05 -0.707024 0.707189
    outer loop
      vertex 7.72741 9.22146 12.7067
      vertex 2.6769 8.00656 11.4918
      vertex 2.69422 7.88223 11.3675
    endloop
  endfacet
  facet normal 8.24115e-05 -0.707212 0.707002
    outer loop
      vertex 7.39104 9.92214 13.4074
      vertex 2.64812 8.12982 11.6151
      vertex 2.6769 8.00656 11.4918
    endloop
  endfacet
  facet normal 8.13402e-05 -0.707181 0.707033
    outer loop
      vertex 6.9282 10.5858 14.0711
      vertex 2.608 8.25149 11.7368
      vertex 2.64812 8.12982 11.6151
    endloop
  endfacet
  facet normal 2.38109e-05 -0.707106 0.707108
    outer loop
      vertex 2.02997 9.01617 12.5015
      vertex 5.65685 11.7574 15.2426
      vertex 2.57152 13.114 16.5993
    endloop
  endfacet
  facet normal -0.000154359 -0.706962 0.707251
    outer loop
      vertex 6.9282 10.5858 14.0711
      vertex 2.55671 8.37105 11.8563
      vertex 2.608 8.25149 11.7368
    endloop
  endfacet
  facet normal 0.000287671 -0.707272 0.706941
    outer loop
      vertex 6.01472 11.4872 14.9725
      vertex 2.49447 8.48797 11.9733
      vertex 2.55671 8.37105 11.8563
    endloop
  endfacet
  facet normal 1.74859e-05 -0.707101 0.707112
    outer loop
      vertex 5.65685 11.7574 15.2426
      vertex 2.42156 8.60177 12.0871
      vertex 2.49447 8.48797 11.9733
    endloop
  endfacet
  facet normal -0.00027195 -0.706953 0.707261
    outer loop
      vertex 5.65685 11.7574 15.2426
      vertex 2.33827 8.71195 12.1972
      vertex 2.42156 8.60177 12.0871
    endloop
  endfacet
  facet normal 5.8959e-06 -0.707104 0.707109
    outer loop
      vertex 5.65685 11.7574 15.2426
      vertex 2.24497 8.81805 12.3033
      vertex 2.33827 8.71195 12.1972
    endloop
  endfacet
  facet normal 0.000165638 -0.707197 0.707017
    outer loop
      vertex 5.65685 11.7574 15.2426
      vertex 2.14205 8.9196 12.4049
      vertex 2.24497 8.81805 12.3033
    endloop
  endfacet
  facet normal -0.000132874 -0.707087 0.707126
    outer loop
      vertex 1.19418 9.46966 12.9549
      vertex 2.57152 13.114 16.5993
      vertex 2.07055 13.2215 16.7067
    endloop
  endfacet
  facet normal 0.000101938 -0.707157 0.707056
    outer loop
      vertex 5.65685 11.7574 15.2426
      vertex 2.02997 9.01617 12.5015
      vertex 2.14205 8.9196 12.4049
    endloop
  endfacet
  facet normal -0.00047557 -0.707073 0.707141
    outer loop
      vertex 2.57152 13.114 16.5993
      vertex 1.90919 9.10736 12.5926
      vertex 2.02997 9.01617 12.5015
    endloop
  endfacet
  facet normal -6.32034e-06 -0.707112 0.707102
    outer loop
      vertex 2.57152 13.114 16.5993
      vertex 1.78023 9.19276 12.678
      vertex 1.90919 9.10736 12.5926
    endloop
  endfacet
  facet normal 0.000179765 -0.70713 0.707083
    outer loop
      vertex 2.57152 13.114 16.5993
      vertex 1.64366 9.27202 12.7573
      vertex 1.78023 9.19276 12.678
    endloop
  endfacet
  facet normal 0.000129935 -0.707124 0.707089
    outer loop
      vertex 2.57152 13.114 16.5993
      vertex 1.50004 9.34479 12.8301
      vertex 1.64366 9.27202 12.7573
    endloop
  endfacet
  facet normal -0.000292527 -0.707064 0.707149
    outer loop
      vertex 2.57152 13.114 16.5993
      vertex 1.35 9.41076 12.896
      vertex 1.50004 9.34479 12.8301
    endloop
  endfacet
  facet normal -3.85046e-06 -0.707112 0.707102
    outer loop
      vertex 2.57152 13.114 16.5993
      vertex 1.19418 9.46966 12.9549
      vertex 1.35 9.41076 12.896
    endloop
  endfacet
  facet normal 0.000165761 -0.707122 0.707091
    outer loop
      vertex 2.07055 13.2215 16.7067
      vertex 1.03325 9.52122 13.0065
      vertex 1.19418 9.46966 12.9549
    endloop
  endfacet
  facet normal -3.60065e-05 -0.707094 0.707119
    outer loop
      vertex 2.07055 13.2215 16.7067
      vertex 0.867887 9.56523 13.0505
      vertex 1.03325 9.52122 13.0065
    endloop
  endfacet
  facet normal 0.000158972 -0.707126 0.707087
    outer loop
      vertex 2.07055 13.2215 16.7067
      vertex 0.698811 9.60149 13.0868
      vertex 0.867887 9.56523 13.0505
    endloop
  endfacet
  facet normal -0.000267436 -0.707045 0.707168
    outer loop
      vertex 2.07055 13.2215 16.7067
      vertex 0.526743 9.62986 13.1151
      vertex 0.698811 9.60149 13.0868
    endloop
  endfacet
  facet normal 0.00019399 -0.707145 0.707069
    outer loop
      vertex 2.07055 13.2215 16.7067
      vertex 0.35242 9.65021 13.1355
      vertex 0.526743 9.62986 13.1151
    endloop
  endfacet
  facet normal -0.000193368 -0.707051 0.707162
    outer loop
      vertex 2.07055 13.2215 16.7067
      vertex 0.176588 9.66246 13.1477
      vertex 0.35242 9.65021 13.1355
    endloop
  endfacet
  facet normal 3.97367e-05 -0.707113 0.7071
    outer loop
      vertex 2.07055 13.2215 16.7067
      vertex 0 9.66655 13.1518
      vertex 0.176588 9.66246 13.1477
    endloop
  endfacet
  facet normal 0 -0.707102 0.707112
    outer loop
      vertex -2.07055 13.2215 16.7067
      vertex 0 9.66655 13.1518
      vertex 2.07055 13.2215 16.7067
    endloop
  endfacet
  facet normal -3.97367e-05 -0.707113 0.7071
    outer loop
      vertex 0 9.66655 13.1518
      vertex -2.07055 13.2215 16.7067
      vertex -0.176588 9.66246 13.1477
    endloop
  endfacet
  facet normal 0.000193368 -0.707051 0.707162
    outer loop
      vertex -0.176588 9.66246 13.1477
      vertex -2.07055 13.2215 16.7067
      vertex -0.35242 9.65021 13.1355
    endloop
  endfacet
  facet normal -0.00019399 -0.707145 0.707069
    outer loop
      vertex -0.35242 9.65021 13.1355
      vertex -2.07055 13.2215 16.7067
      vertex -0.526743 9.62986 13.1151
    endloop
  endfacet
  facet normal 0.000267436 -0.707045 0.707168
    outer loop
      vertex -0.526743 9.62986 13.1151
      vertex -2.07055 13.2215 16.7067
      vertex -0.698811 9.60149 13.0868
    endloop
  endfacet
  facet normal -0.000158972 -0.707126 0.707087
    outer loop
      vertex -0.698811 9.60149 13.0868
      vertex -2.07055 13.2215 16.7067
      vertex -0.867887 9.56523 13.0505
    endloop
  endfacet
  facet normal 3.60065e-05 -0.707094 0.707119
    outer loop
      vertex -0.867887 9.56523 13.0505
      vertex -2.07055 13.2215 16.7067
      vertex -1.03325 9.52122 13.0065
    endloop
  endfacet
  facet normal -0.000165761 -0.707122 0.707091
    outer loop
      vertex -1.03325 9.52122 13.0065
      vertex -2.07055 13.2215 16.7067
      vertex -1.19418 9.46966 12.9549
    endloop
  endfacet
  facet normal 0.000132874 -0.707087 0.707126
    outer loop
      vertex -2.57152 13.114 16.5993
      vertex -1.19418 9.46966 12.9549
      vertex -2.07055 13.2215 16.7067
    endloop
  endfacet
  facet normal 3.85046e-06 -0.707112 0.707102
    outer loop
      vertex -1.19418 9.46966 12.9549
      vertex -2.57152 13.114 16.5993
      vertex -1.35 9.41076 12.896
    endloop
  endfacet
  facet normal 0.000292527 -0.707064 0.707149
    outer loop
      vertex -1.35 9.41076 12.896
      vertex -2.57152 13.114 16.5993
      vertex -1.50004 9.34479 12.8301
    endloop
  endfacet
  facet normal -0.000129935 -0.707124 0.707089
    outer loop
      vertex -1.50004 9.34479 12.8301
      vertex -2.57152 13.114 16.5993
      vertex -1.64366 9.27202 12.7573
    endloop
  endfacet
  facet normal -0.000179765 -0.70713 0.707083
    outer loop
      vertex -1.64366 9.27202 12.7573
      vertex -2.57152 13.114 16.5993
      vertex -1.78023 9.19276 12.678
    endloop
  endfacet
  facet normal 6.32034e-06 -0.707112 0.707102
    outer loop
      vertex -1.78023 9.19276 12.678
      vertex -2.57152 13.114 16.5993
      vertex -1.90919 9.10736 12.5926
    endloop
  endfacet
  facet normal 0.00047557 -0.707073 0.707141
    outer loop
      vertex -1.90919 9.10736 12.5926
      vertex -2.57152 13.114 16.5993
      vertex -2.02997 9.01617 12.5015
    endloop
  endfacet
  facet normal -2.38109e-05 -0.707106 0.707108
    outer loop
      vertex -5.65685 11.7574 15.2426
      vertex -2.02997 9.01617 12.5015
      vertex -2.57152 13.114 16.5993
    endloop
  endfacet
  facet normal -0.000101938 -0.707157 0.707056
    outer loop
      vertex -2.02997 9.01617 12.5015
      vertex -5.65685 11.7574 15.2426
      vertex -2.14205 8.9196 12.4049
    endloop
  endfacet
  facet normal -0.000165638 -0.707197 0.707017
    outer loop
      vertex -2.14205 8.9196 12.4049
      vertex -5.65685 11.7574 15.2426
      vertex -2.24497 8.81805 12.3033
    endloop
  endfacet
  facet normal -5.8959e-06 -0.707104 0.707109
    outer loop
      vertex -2.24497 8.81805 12.3033
      vertex -5.65685 11.7574 15.2426
      vertex -2.33827 8.71195 12.1972
    endloop
  endfacet
  facet normal 0.00027195 -0.706953 0.707261
    outer loop
      vertex -2.33827 8.71195 12.1972
      vertex -5.65685 11.7574 15.2426
      vertex -2.42156 8.60177 12.0871
    endloop
  endfacet
  facet normal -1.74859e-05 -0.707101 0.707112
    outer loop
      vertex -2.42156 8.60177 12.0871
      vertex -5.65685 11.7574 15.2426
      vertex -2.49447 8.48797 11.9733
    endloop
  endfacet
  facet normal 0.000101933 -0.707043 0.70717
    outer loop
      vertex -6.01472 11.4872 14.9725
      vertex -2.49447 8.48797 11.9733
      vertex -5.65685 11.7574 15.2426
    endloop
  endfacet
  facet normal -0.000287671 -0.707272 0.706941
    outer loop
      vertex -2.49447 8.48797 11.9733
      vertex -6.01472 11.4872 14.9725
      vertex -2.55671 8.37105 11.8563
    endloop
  endfacet
  facet normal 5.34396e-06 -0.707109 0.707104
    outer loop
      vertex -6.9282 10.5858 14.0711
      vertex -2.55671 8.37105 11.8563
      vertex -6.01472 11.4872 14.9725
    endloop
  endfacet
  facet normal 0.000154359 -0.706962 0.707251
    outer loop
      vertex -2.55671 8.37105 11.8563
      vertex -6.9282 10.5858 14.0711
      vertex -2.608 8.25149 11.7368
    endloop
  endfacet
  facet normal -8.13402e-05 -0.707181 0.707033
    outer loop
      vertex -2.608 8.25149 11.7368
      vertex -6.9282 10.5858 14.0711
      vertex -2.64812 8.12982 11.6151
    endloop
  endfacet
  facet normal 2.30463e-06 -0.707108 0.707106
    outer loop
      vertex -7.17498 10.2593 13.7446
      vertex -2.64812 8.12982 11.6151
      vertex -6.9282 10.5858 14.0711
    endloop
  endfacet
  facet normal -2.79203e-05 -0.70714 0.707074
    outer loop
      vertex -7.39104 9.92214 13.4074
      vertex -2.64812 8.12982 11.6151
      vertex -7.17498 10.2593 13.7446
    endloop
  endfacet
  facet normal 2.34651e-06 -0.707104 0.707109
    outer loop
      vertex -2.7 7.75736 11.2426
      vertex -5.65685 3.75736 7.24264
      vertex -3.05821 2.61472 6.1
    endloop
  endfacet
  facet normal -8.24115e-05 -0.707212 0.707002
    outer loop
      vertex -2.64812 8.12982 11.6151
      vertex -7.39104 9.92214 13.4074
      vertex -2.6769 8.00656 11.4918
    endloop
  endfacet
  facet normal 3.42629e-06 -0.707105 0.707109
    outer loop
      vertex -2.7 7.75736 11.2426
      vertex -6.01472 4.02754 7.51282
      vertex -5.65685 3.75736 7.24264
    endloop
  endfacet
  facet normal -4.35245e-06 -0.707116 0.707098
    outer loop
      vertex -7.72741 9.22146 12.7067
      vertex -2.6769 8.00656 11.4918
      vertex -7.39104 9.92214 13.4074
    endloop
  endfacet
  facet normal 3.98676e-06 -0.707105 0.707109
    outer loop
      vertex -2.7 7.75736 11.2426
      vertex -6.9282 4.92893 8.41421
      vertex -6.01472 4.02754 7.51282
    endloop
  endfacet
  facet normal 3.97166e-05 -0.707024 0.707189
    outer loop
      vertex -2.6769 8.00656 11.4918
      vertex -7.72741 9.22146 12.7067
      vertex -2.69422 7.88223 11.3675
    endloop
  endfacet
  facet normal 4.44288e-06 -0.707105 0.707108
    outer loop
      vertex -2.7 7.75736 11.2426
      vertex -7.17498 5.2554 8.74068
      vertex -6.9282 4.92893 8.41421
    endloop
  endfacet
  facet normal -3.87471e-06 -0.707106 0.707107
    outer loop
      vertex -7.84628 8.86096 12.3462
      vertex -2.69422 7.88223 11.3675
      vertex -7.72741 9.22146 12.7067
    endloop
  endfacet
  facet normal 1.32858e-05 -0.707113 0.707101
    outer loop
      vertex -2.7 7.75736 11.2426
      vertex -7.39104 5.59257 9.07786
      vertex -7.17498 5.2554 8.74068
    endloop
  endfacet
  facet normal 1.32863e-06 -0.707092 0.707121
    outer loop
      vertex -7.98287 8.12733 11.6126
      vertex -2.69422 7.88223 11.3675
      vertex -7.84628 8.86096 12.3462
    endloop
  endfacet
  facet normal 2.35754e-06 -0.707101 0.707112
    outer loop
      vertex -2.7 7.75736 11.2426
      vertex -7.72741 6.29326 9.77854
      vertex -7.39104 5.59257 9.07786
    endloop
  endfacet
  facet normal -7.85532e-06 -0.707192 0.707022
    outer loop
      vertex -2.69422 7.88223 11.3675
      vertex -7.98287 8.12733 11.6126
      vertex -2.7 7.75736 11.2426
    endloop
  endfacet
  facet normal -1.57148e-05 -0.70707 0.707143
    outer loop
      vertex -2.7 7.75736 11.2426
      vertex -7.84628 6.65376 10.139
      vertex -7.72741 6.29326 9.77854
    endloop
  endfacet
  facet normal 0 -0.707135 0.707078
    outer loop
      vertex -8 7.75736 11.2426
      vertex -2.7 7.75736 11.2426
      vertex -7.98287 8.12733 11.6126
    endloop
  endfacet
  facet normal 1.59e-05 -0.707144 0.70707
    outer loop
      vertex -2.7 7.75736 11.2426
      vertex -7.98287 7.38738 10.8727
      vertex -7.84628 6.65376 10.139
    endloop
  endfacet
  facet normal 0 -0.70703 0.707183
    outer loop
      vertex -2.7 7.75736 11.2426
      vertex -8 7.75736 11.2426
      vertex -7.98287 7.38738 10.8727
    endloop
  endfacet
  facet normal -5.32985e-05 -0.707156 0.707057
    outer loop
      vertex 2.608 7.26322 10.7485
      vertex 6.9282 4.92893 8.41421
      vertex 2.64812 7.3849 10.8702
    endloop
  endfacet
  facet normal 0.000129744 -0.706987 0.707227
    outer loop
      vertex 2.55671 7.14367 10.629
      vertex 6.9282 4.92893 8.41421
      vertex 2.608 7.26322 10.7485
    endloop
  endfacet
  facet normal 5.34395e-06 -0.707109 0.707104
    outer loop
      vertex 6.9282 4.92893 8.41421
      vertex 2.55671 7.14367 10.629
      vertex 6.01472 4.02754 7.51282
    endloop
  endfacet
  facet normal -0.00025084 -0.707252 0.706962
    outer loop
      vertex 2.49447 7.02674 10.512
      vertex 6.01472 4.02754 7.51282
      vertex 2.55671 7.14367 10.629
    endloop
  endfacet
  facet normal -1.88741e-06 -0.707106 0.707108
    outer loop
      vertex 6.01472 4.02754 7.51282
      vertex 2.49447 7.02674 10.512
      vertex 5.65685 3.75736 7.24264
    endloop
  endfacet
  facet normal -4.13338e-05 -0.707125 0.707089
    outer loop
      vertex 2.42156 6.91295 10.3982
      vertex 5.65685 3.75736 7.24264
      vertex 2.49447 7.02674 10.512
    endloop
  endfacet
  facet normal -3.98018e-05 -0.707124 0.70709
    outer loop
      vertex 2.33827 6.80276 10.288
      vertex 5.65685 3.75736 7.24264
      vertex 2.42156 6.91295 10.3982
    endloop
  endfacet
  facet normal 0.000299987 -0.706939 0.707275
    outer loop
      vertex 2.24497 6.69667 10.182
      vertex 5.65685 3.75736 7.24264
      vertex 2.33827 6.80276 10.288
    endloop
  endfacet
  facet normal -0.000154573 -0.707202 0.707011
    outer loop
      vertex 2.14205 6.59512 10.0804
      vertex 5.65685 3.75736 7.24264
      vertex 2.24497 6.69667 10.182
    endloop
  endfacet
  facet normal -1.10274e-16 -0.707107 0.707107
    outer loop
      vertex 5.65685 3.75736 7.24264
      vertex 2.14205 6.59512 10.0804
      vertex 3.05821 2.61472 6.1
    endloop
  endfacet
  facet normal 5.2648e-05 -0.707101 0.707113
    outer loop
      vertex 2.02997 6.49854 9.98383
      vertex 3.05821 2.61472 6.1
      vertex 2.14205 6.59512 10.0804
    endloop
  endfacet
  facet normal -4.7647e-05 -0.707114 0.7071
    outer loop
      vertex 1.90919 6.40736 9.89264
      vertex 3.05821 2.61472 6.1
      vertex 2.02997 6.49854 9.98383
    endloop
  endfacet
  facet normal 6.68437e-17 -0.707107 0.707107
    outer loop
      vertex 1.78023 6.32196 9.80724
      vertex 3.05821 2.61472 6.1
      vertex 1.90919 6.40736 9.89264
    endloop
  endfacet
  facet normal 1.29206e-16 -0.707107 0.707107
    outer loop
      vertex 1.64366 6.2427 9.72798
      vertex 3.05821 2.61472 6.1
      vertex 1.78023 6.32196 9.80724
    endloop
  endfacet
  facet normal 1.25811e-16 -0.707107 0.707107
    outer loop
      vertex 1.50004 6.16993 9.65521
      vertex 3.05821 2.61472 6.1
      vertex 1.64366 6.2427 9.72798
    endloop
  endfacet
  facet normal 3.9513e-05 -0.707098 0.707115
    outer loop
      vertex 1.35 6.10395 9.58924
      vertex 3.05821 2.61472 6.1
      vertex 1.50004 6.16993 9.65521
    endloop
  endfacet
  facet normal -3.76475e-05 -0.707117 0.707097
    outer loop
      vertex 1.19418 6.04506 9.53034
      vertex 3.05821 2.61472 6.1
      vertex 1.35 6.10395 9.58924
    endloop
  endfacet
  facet normal 0 -0.707107 0.707107
    outer loop
      vertex 0.669996 2.61472 6.1
      vertex 1.19418 6.04506 9.53034
      vertex 1.03325 5.9935 9.47878
    endloop
  endfacet
  facet normal 0 -0.707107 0.707107
    outer loop
      vertex 0.669996 2.61472 6.1
      vertex 1.03325 5.9935 9.47878
      vertex 0.867887 5.94949 9.43477
    endloop
  endfacet
  facet normal -4.51294e-15 -0.707107 0.707107
    outer loop
      vertex 0.669996 2.61472 6.1
      vertex 0.867887 5.94949 9.43477
      vertex 0.698811 5.91323 9.39851
    endloop
  endfacet
  facet normal 0 -0.707107 0.707107
    outer loop
      vertex 1.19418 6.04506 9.53034
      vertex 0.669996 2.61472 6.1
      vertex 3.05821 2.61472 6.1
    endloop
  endfacet
  facet normal -2.25532e-15 -0.707107 0.707107
    outer loop
      vertex 0.526743 2.64812 6.1334
      vertex 0.698811 5.91323 9.39851
      vertex 0.526743 5.88486 9.37014
    endloop
  endfacet
  facet normal 2.65283e-15 -0.707107 0.707107
    outer loop
      vertex 0.698811 5.91323 9.39851
      vertex 0.526743 2.64812 6.1334
      vertex 0.669996 2.61472 6.1
    endloop
  endfacet
  facet normal 4.0822e-05 -0.707108 0.707106
    outer loop
      vertex 0.35242 2.6769 6.16218
      vertex 0.526743 5.88486 9.37014
      vertex 0.35242 5.8645 9.34979
    endloop
  endfacet
  facet normal 2.22614e-15 -0.707107 0.707107
    outer loop
      vertex 0.526743 5.88486 9.37014
      vertex 0.35242 2.6769 6.16218
      vertex 0.526743 2.64812 6.1334
    endloop
  endfacet
  facet normal -4.02149e-05 -0.707107 0.707107
    outer loop
      vertex 0.176588 2.69422 6.1795
      vertex 0.35242 5.8645 9.34979
      vertex 0.176588 5.85226 9.33754
    endloop
  endfacet
  facet normal -2.1851e-07 -0.707108 0.707106
    outer loop
      vertex 0.35242 5.8645 9.34979
      vertex 0.176588 2.69422 6.1795
      vertex 0.35242 2.6769 6.16218
    endloop
  endfacet
  facet normal -3.55449e-15 -0.707107 0.707107
    outer loop
      vertex 0 5.84817 9.33345
      vertex 0.176588 2.69422 6.1795
      vertex 0.176588 5.85226 9.33754
    endloop
  endfacet
  facet normal -2.25941e-15 -0.707107 0.707107
    outer loop
      vertex 0 5.84817 9.33345
      vertex 0 2.7 6.18528
      vertex 0.176588 2.69422 6.1795
    endloop
  endfacet
  facet normal 3.55681e-15 -0.707107 0.707107
    outer loop
      vertex -0.176588 5.85226 9.33754
      vertex 0 2.7 6.18528
      vertex 0 5.84817 9.33345
    endloop
  endfacet
  facet normal 0 -0.707107 0.707107
    outer loop
      vertex -0.176588 5.85226 9.33754
      vertex -0.176588 2.69422 6.1795
      vertex 0 2.7 6.18528
    endloop
  endfacet
  facet normal 4.02149e-05 -0.707107 0.707107
    outer loop
      vertex -0.35242 5.8645 9.34979
      vertex -0.176588 2.69422 6.1795
      vertex -0.176588 5.85226 9.33754
    endloop
  endfacet
  facet normal 2.1851e-07 -0.707108 0.707106
    outer loop
      vertex -0.35242 5.8645 9.34979
      vertex -0.35242 2.6769 6.16218
      vertex -0.176588 2.69422 6.1795
    endloop
  endfacet
  facet normal -4.0822e-05 -0.707108 0.707106
    outer loop
      vertex -0.526743 5.88486 9.37014
      vertex -0.35242 2.6769 6.16218
      vertex -0.35242 5.8645 9.34979
    endloop
  endfacet
  facet normal -2.22614e-15 -0.707107 0.707107
    outer loop
      vertex -0.526743 5.88486 9.37014
      vertex -0.526743 2.64812 6.1334
      vertex -0.35242 2.6769 6.16218
    endloop
  endfacet
  facet normal 1.76197e-17 -0.707107 0.707107
    outer loop
      vertex -0.698811 5.91323 9.39851
      vertex -0.526743 2.64812 6.1334
      vertex -0.526743 5.88486 9.37014
    endloop
  endfacet
  facet normal -2.19688e-15 -0.707107 0.707107
    outer loop
      vertex -0.526743 2.64812 6.1334
      vertex -0.698811 5.91323 9.39851
      vertex -0.669996 2.61472 6.1
    endloop
  endfacet
  facet normal 3.71965e-15 -0.707107 0.707107
    outer loop
      vertex -0.867887 5.94949 9.43477
      vertex -0.669996 2.61472 6.1
      vertex -0.698811 5.91323 9.39851
    endloop
  endfacet
  facet normal -7.23227e-17 -0.707107 0.707107
    outer loop
      vertex -1.03325 5.9935 9.47878
      vertex -0.669996 2.61472 6.1
      vertex -0.867887 5.94949 9.43477
    endloop
  endfacet
  facet normal -7.47638e-17 -0.707107 0.707107
    outer loop
      vertex -1.19418 6.04506 9.53034
      vertex -0.669996 2.61472 6.1
      vertex -1.03325 5.9935 9.47878
    endloop
  endfacet
  facet normal 3.76475e-05 -0.707117 0.707097
    outer loop
      vertex -3.05821 2.61472 6.1
      vertex -1.19418 6.04506 9.53034
      vertex -1.35 6.10395 9.58924
    endloop
  endfacet
  facet normal -3.9513e-05 -0.707098 0.707115
    outer loop
      vertex -3.05821 2.61472 6.1
      vertex -1.35 6.10395 9.58924
      vertex -1.50004 6.16993 9.65521
    endloop
  endfacet
  facet normal 0 -0.707107 0.707107
    outer loop
      vertex -3.05821 2.61472 6.1
      vertex -1.50004 6.16993 9.65521
      vertex -1.64366 6.2427 9.72798
    endloop
  endfacet
  facet normal 0 -0.707107 0.707107
    outer loop
      vertex -3.05821 2.61472 6.1
      vertex -1.64366 6.2427 9.72798
      vertex -1.78023 6.32196 9.80724
    endloop
  endfacet
  facet normal 0 -0.707107 0.707107
    outer loop
      vertex -3.05821 2.61472 6.1
      vertex -1.78023 6.32196 9.80724
      vertex -1.90919 6.40736 9.89264
    endloop
  endfacet
  facet normal 4.7647e-05 -0.707114 0.7071
    outer loop
      vertex -3.05821 2.61472 6.1
      vertex -1.90919 6.40736 9.89264
      vertex -2.02997 6.49854 9.98383
    endloop
  endfacet
  facet normal -5.2648e-05 -0.707101 0.707113
    outer loop
      vertex -3.05821 2.61472 6.1
      vertex -2.02997 6.49854 9.98383
      vertex -2.14205 6.59512 10.0804
    endloop
  endfacet
  facet normal 0.000279933 -0.707139 0.707075
    outer loop
      vertex -3.05821 2.61472 6.1
      vertex -2.14205 6.59512 10.0804
      vertex -2.24497 6.69667 10.182
    endloop
  endfacet
  facet normal -0.000564186 -0.707055 0.707159
    outer loop
      vertex -3.05821 2.61472 6.1
      vertex -2.24497 6.69667 10.182
      vertex -2.33827 6.80276 10.288
    endloop
  endfacet
  facet normal 7.64458e-05 -0.70711 0.707104
    outer loop
      vertex -3.05821 2.61472 6.1
      vertex -2.33827 6.80276 10.288
      vertex -2.42156 6.91295 10.3982
    endloop
  endfacet
  facet normal 8.50294e-05 -0.707111 0.707103
    outer loop
      vertex -3.05821 2.61472 6.1
      vertex -2.42156 6.91295 10.3982
      vertex -2.49447 7.02674 10.512
    endloop
  endfacet
  facet normal 0.00064614 -0.707146 0.707067
    outer loop
      vertex -3.05821 2.61472 6.1
      vertex -2.49447 7.02674 10.512
      vertex -2.55671 7.14367 10.629
    endloop
  endfacet
  facet normal -0.000562391 -0.707079 0.707134
    outer loop
      vertex -3.05821 2.61472 6.1
      vertex -2.55671 7.14367 10.629
      vertex -2.608 7.26322 10.7485
    endloop
  endfacet
  facet normal 0 -0.707107 0.707107
    outer loop
      vertex -1.19418 6.04506 9.53034
      vertex -3.05821 2.61472 6.1
      vertex -0.669996 2.61472 6.1
    endloop
  endfacet
  facet normal 0.000272458 -0.70712 0.707094
    outer loop
      vertex -2.64812 7.3849 10.8702
      vertex -3.05821 2.61472 6.1
      vertex -2.608 7.26322 10.7485
    endloop
  endfacet
  facet normal -0.0010868 -0.707061 0.707152
    outer loop
      vertex -2.6769 7.50816 10.9934
      vertex -3.05821 2.61472 6.1
      vertex -2.64812 7.3849 10.8702
    endloop
  endfacet
  facet normal 0.00185911 -0.707175 0.707036
    outer loop
      vertex -2.69422 7.63249 11.1178
      vertex -3.05821 2.61472 6.1
      vertex -2.6769 7.50816 10.9934
    endloop
  endfacet
  facet normal -0.00337197 -0.706983 0.707223
    outer loop
      vertex -3.05821 2.61472 6.1
      vertex -2.69422 7.63249 11.1178
      vertex -2.7 7.75736 11.2426
    endloop
  endfacet
  facet normal 0.986645 -0.115179 -0.115177
    outer loop
      vertex 7.93156 7.01899 10.5043
      vertex 7.84628 6.65376 10.139
      vertex 7.93156 11.2616 6.26163
    endloop
  endfacet
  facet normal 0.986641 -0.115193 -0.115194
    outer loop
      vertex 7.93156 11.2616 6.26163
      vertex 7.84628 6.65376 10.139
      vertex 7.84628 10.8964 5.8964
    endloop
  endfacet
  facet normal -0.0326874 0.706721 0.706737
    outer loop
      vertex 0 17.6569 12.6569
      vertex -0.523225 13.4021 16.8874
      vertex 0 13.4142 16.8995
    endloop
  endfacet
  facet normal -0.0329572 0.706731 0.706714
    outer loop
      vertex -0.523225 13.4021 16.8874
      vertex 0 17.6569 12.6569
      vertex -0.523225 17.6447 12.6447
    endloop
  endfacet
  facet normal 0 -0.70729 0.706923
    outer loop
      vertex 0 13.4142 16.8995
      vertex -2.07055 13.2215 16.7067
      vertex 2.07055 13.2215 16.7067
    endloop
  endfacet
  facet normal -0.000336533 -0.708547 0.705664
    outer loop
      vertex 1.56072 13.3055 16.7908
      vertex 1.04421 13.3658 16.8511
      vertex 2.07055 13.2215 16.7067
    endloop
  endfacet
  facet normal -1.12879e-05 -0.707351 0.706863
    outer loop
      vertex 0.523225 13.4021 16.8874
      vertex 0 13.4142 16.8995
      vertex 2.07055 13.2215 16.7067
    endloop
  endfacet
  facet normal 0.412768 0.644051 0.644066
    outer loop
      vertex 3.06147 12.9836 16.4689
      vertex 3.53831 17.0735 12.0735
      vertex 3.06147 17.2263 12.2263
    endloop
  endfacet
  facet normal 0.412768 0.644051 0.644066
    outer loop
      vertex 3.53831 17.0735 12.0735
      vertex 3.06147 12.9836 16.4689
      vertex 3.53831 12.8308 16.3161
    endloop
  endfacet
  facet normal -0.00130814 -0.708233 0.705978
    outer loop
      vertex 5.27477 12.0104 15.4957
      vertex 4.87009 12.2452 15.7305
      vertex 5.65685 11.7574 15.2426
    endloop
  endfacet
  facet normal 0.582445 0.574786 0.574786
    outer loop
      vertex 4.44456 12.4609 15.9461
      vertex 4.87009 16.4879 11.4879
      vertex 4.44456 16.7035 11.7035
    endloop
  endfacet
  facet normal 0.582534 0.574734 0.574748
    outer loop
      vertex 4.87009 16.4879 11.4879
      vertex 4.44456 12.4609 15.9461
      vertex 4.87009 12.2452 15.7305
    endloop
  endfacet
  facet normal 0.68353 0.516139 0.516127
    outer loop
      vertex 5.27477 16.253 11.253
      vertex 5.27477 12.0104 15.4957
      vertex 5.65685 16 11
    endloop
  endfacet
  facet normal 0.812852 0.411864 0.411874
    outer loop
      vertex 6.34683 11.201 14.6863
      vertex 6.65176 15.1428 10.1428
      vertex 6.34683 15.4437 10.4437
    endloop
  endfacet
  facet normal 0.812852 0.411864 0.411874
    outer loop
      vertex 6.65176 15.1428 10.1428
      vertex 6.34683 11.201 14.6863
      vertex 6.65176 10.9001 14.3854
    endloop
  endfacet
  facet normal 0.881903 0.333355 0.33335
    outer loop
      vertex 6.9282 10.5858 14.0711
      vertex 7.17498 14.502 9.50196
      vertex 6.9282 14.8284 9.82843
    endloop
  endfacet
  facet normal 0.881942 0.333299 0.333303
    outer loop
      vertex 7.17498 14.502 9.50196
      vertex 6.9282 10.5858 14.0711
      vertex 7.17498 10.2593 13.7446
    endloop
  endfacet
  facet normal 0.849168 0.373435 0.373444
    outer loop
      vertex 6.65176 15.1428 10.1428
      vertex 6.65176 10.9001 14.3854
      vertex 6.9282 10.5858 14.0711
    endloop
  endfacet
  facet normal 0.910865 0.291824 0.291828
    outer loop
      vertex 7.17498 10.2593 13.7446
      vertex 7.39104 14.1648 9.16478
      vertex 7.17498 14.502 9.50196
    endloop
  endfacet
  facet normal 0.910861 0.291832 0.291834
    outer loop
      vertex 7.39104 14.1648 9.16478
      vertex 7.17498 10.2593 13.7446
      vertex 7.39104 9.92214 13.4074
    endloop
  endfacet
  facet normal 0.995185 0.0693042 0.069305
    outer loop
      vertex 7.98287 12.37 7.36998
      vertex 7.93156 12.7384 7.73837
      vertex 7.98287 8.12733 11.6126
    endloop
  endfacet
  facet normal 0.973879 0.160561 0.160562
    outer loop
      vertex 7.72741 9.22146 12.7067
      vertex 7.84628 13.1036 8.1036
      vertex 7.72741 13.4641 8.4641
    endloop
  endfacet
  facet normal 0.973879 0.160561 0.160562
    outer loop
      vertex 7.84628 13.1036 8.1036
      vertex 7.72741 9.22146 12.7067
      vertex 7.84628 8.86096 12.3462
    endloop
  endfacet
  facet normal -0.729863 -0.483373 -0.483375
    outer loop
      vertex -5.65685 5.65685 5.34314
      vertex -6.01472 8.27018 3.27018
      vertex -5.65685 8 3
    endloop
  endfacet
  facet normal -0.729873 -0.483366 -0.483365
    outer loop
      vertex -5.91168 5.38478 6
      vertex -6.01472 8.27018 3.27018
      vertex -5.65685 5.65685 5.34314
    endloop
  endfacet
  facet normal -0.729855 -0.48338 -0.48338
    outer loop
      vertex -5.91168 5.38478 6
      vertex -6.01472 4.02754 7.51282
      vertex -6.01472 8.27018 3.27018
    endloop
  endfacet
  facet normal -0.729865 -0.483371 -0.483373
    outer loop
      vertex -5.65685 5 6
      vertex -6.01472 4.02754 7.51282
      vertex -5.91168 5.38478 6
    endloop
  endfacet
  facet normal -0.729863 -0.483374 -0.483374
    outer loop
      vertex -6.01472 4.02754 7.51282
      vertex -5.65685 5 6
      vertex -5.65685 3.75736 7.24264
    endloop
  endfacet
  facet normal -0.956939 -0.205264 -0.205266
    outer loop
      vertex -7.57544 5.93902 9.4243
      vertex -7.72741 6.29326 9.77854
      vertex -7.57544 10.1817 5.18166
    endloop
  endfacet
  facet normal 1.18137e-06 0.707108 -0.707106
    outer loop
      vertex -4.95812 11.9913 6.99131
      vertex -5.65685 8 3
      vertex -6.01472 8.27018 3.27018
    endloop
  endfacet
  facet normal 5.63679e-17 0.707107 -0.707107
    outer loop
      vertex -1.04421 7.93156 2.93156
      vertex -2.48261 8.95944 3.95944
      vertex -0.523225 7.98287 2.98287
    endloop
  endfacet
  facet normal 7.50721e-17 0.707107 -0.707107
    outer loop
      vertex -1.56072 7.84628 2.84628
      vertex -2.48261 8.95944 3.95944
      vertex -1.04421 7.93156 2.93156
    endloop
  endfacet
  facet normal 8.69559e-17 0.707107 -0.707107
    outer loop
      vertex -2.07055 7.72741 2.72741
      vertex -2.48261 8.95944 3.95944
      vertex -1.56072 7.84628 2.84628
    endloop
  endfacet
  facet normal 6.9286e-16 0.707107 -0.707107
    outer loop
      vertex -2.57152 7.57544 2.57544
      vertex -2.48261 8.95944 3.95944
      vertex -2.07055 7.72741 2.72741
    endloop
  endfacet
  facet normal 1.18642e-16 0.707107 -0.707107
    outer loop
      vertex -3.06147 7.39104 2.39104
      vertex -2.48261 8.95944 3.95944
      vertex -2.57152 7.57544 2.57544
    endloop
  endfacet
  facet normal -1.34216e-16 0.707107 -0.707107
    outer loop
      vertex -2.48261 8.95944 3.95944
      vertex -5.27477 7.74695 2.74695
      vertex -5.65685 8 3
    endloop
  endfacet
  facet normal -2.22759e-16 0.707107 -0.707107
    outer loop
      vertex -4.44456 7.2965 2.2965
      vertex -2.48261 8.95944 3.95944
      vertex -3.06147 7.39104 2.39104
    endloop
  endfacet
  facet normal -4.10892e-16 0.707107 -0.707107
    outer loop
      vertex -2.48261 8.95944 3.95944
      vertex -4.87009 7.51212 2.51212
      vertex -5.27477 7.74695 2.74695
    endloop
  endfacet
  facet normal 2.77729e-16 0.707107 -0.707107
    outer loop
      vertex -2.48261 8.95944 3.95944
      vertex -4.44456 7.2965 2.2965
      vertex -4.87009 7.51212 2.51212
    endloop
  endfacet
  facet normal -3.86722e-17 0.707107 -0.707107
    outer loop
      vertex -3.53831 7.17498 2.17498
      vertex -4.44456 7.2965 2.2965
      vertex -3.06147 7.39104 2.39104
    endloop
  endfacet
  facet normal 5.08064e-16 0.707107 -0.707107
    outer loop
      vertex -3.53831 7.17498 2.17498
      vertex -4 7.10102 2.10102
      vertex -4.44456 7.2965 2.2965
    endloop
  endfacet
  facet normal 4.82252e-16 0.707107 -0.707107
    outer loop
      vertex -4 7.10102 2.10102
      vertex -3.53831 7.17498 2.17498
      vertex -3.8106 7.02944 2.02944
    endloop
  endfacet
  facet normal 0 0.707107 -0.707107
    outer loop
      vertex 2.48261 15.0406 10.0406
      vertex 0 17.6569 12.6569
      vertex 0.523225 17.6447 12.6447
    endloop
  endfacet
  facet normal 0 0.707107 -0.707107
    outer loop
      vertex 2.48261 15.0406 10.0406
      vertex 0.523225 17.6447 12.6447
      vertex 1.04421 17.6085 12.6085
    endloop
  endfacet
  facet normal 0 0.707107 -0.707107
    outer loop
      vertex -2.48261 15.0406 10.0406
      vertex 0 17.6569 12.6569
      vertex 2.48261 15.0406 10.0406
    endloop
  endfacet
  facet normal -2.5332e-15 0.707107 -0.707107
    outer loop
      vertex 2.48261 15.0406 10.0406
      vertex 1.04421 17.6085 12.6085
      vertex 1.56072 17.5482 12.5482
    endloop
  endfacet
  facet normal 0 0.707107 -0.707107
    outer loop
      vertex 0 17.6569 12.6569
      vertex -2.48261 15.0406 10.0406
      vertex -0.523225 17.6447 12.6447
    endloop
  endfacet
  facet normal 5.22964e-15 0.707107 -0.707107
    outer loop
      vertex 2.48261 15.0406 10.0406
      vertex 1.56072 17.5482 12.5482
      vertex 2.07055 17.4641 12.4641
    endloop
  endfacet
  facet normal 0 0.707107 -0.707107
    outer loop
      vertex -0.523225 17.6447 12.6447
      vertex -2.48261 15.0406 10.0406
      vertex -1.04421 17.6085 12.6085
    endloop
  endfacet
  facet normal -2.68437e-15 0.707107 -0.707107
    outer loop
      vertex 2.48261 15.0406 10.0406
      vertex 2.07055 17.4641 12.4641
      vertex 2.57152 17.3566 12.3566
    endloop
  endfacet
  facet normal 2.61237e-15 0.707107 -0.707107
    outer loop
      vertex -1.04421 17.6085 12.6085
      vertex -2.48261 15.0406 10.0406
      vertex -1.56072 17.5482 12.5482
    endloop
  endfacet
  facet normal 2.73939e-15 0.707107 -0.707107
    outer loop
      vertex 2.48261 15.0406 10.0406
      vertex 2.57152 17.3566 12.3566
      vertex 3.06147 17.2263 12.2263
    endloop
  endfacet
  facet normal -5.16427e-15 0.707107 -0.707107
    outer loop
      vertex -1.56072 17.5482 12.5482
      vertex -2.48261 15.0406 10.0406
      vertex -2.07055 17.4641 12.4641
    endloop
  endfacet
  facet normal -2.2218e-15 0.707107 -0.707107
    outer loop
      vertex 2.48261 15.0406 10.0406
      vertex 3.06147 17.2263 12.2263
      vertex 3.53831 17.0735 12.0735
    endloop
  endfacet
  facet normal 2.48304e-15 0.707107 -0.707107
    outer loop
      vertex -2.07055 17.4641 12.4641
      vertex -2.48261 15.0406 10.0406
      vertex -2.57152 17.3566 12.3566
    endloop
  endfacet
  facet normal -2.51709e-15 0.707107 -0.707107
    outer loop
      vertex 2.48261 15.0406 10.0406
      vertex 3.53831 17.0735 12.0735
      vertex 4 16.899 11.899
    endloop
  endfacet
  facet normal -2.53393e-15 0.707107 -0.707107
    outer loop
      vertex -2.57152 17.3566 12.3566
      vertex -2.48261 15.0406 10.0406
      vertex -3.06147 17.2263 12.2263
    endloop
  endfacet
  facet normal 3.91537e-15 0.707107 -0.707107
    outer loop
      vertex 2.48261 15.0406 10.0406
      vertex 4 16.899 11.899
      vertex 4.44456 16.7035 11.7035
    endloop
  endfacet
  facet normal 2.25652e-15 0.707107 -0.707107
    outer loop
      vertex -3.06147 17.2263 12.2263
      vertex -2.48261 15.0406 10.0406
      vertex -3.53831 17.0735 12.0735
    endloop
  endfacet
  facet normal -1.66645e-15 0.707107 -0.707107
    outer loop
      vertex 2.48261 15.0406 10.0406
      vertex 4.44456 16.7035 11.7035
      vertex 4.87009 16.4879 11.4879
    endloop
  endfacet
  facet normal 2.27238e-15 0.707107 -0.707107
    outer loop
      vertex -3.53831 17.0735 12.0735
      vertex -2.48261 15.0406 10.0406
      vertex -4 16.899 11.899
    endloop
  endfacet
  facet normal 0 0.707107 -0.707107
    outer loop
      vertex 2.48261 15.0406 10.0406
      vertex 4.87009 16.4879 11.4879
      vertex 5.27477 16.253 11.253
    endloop
  endfacet
  facet normal -3.95033e-15 0.707107 -0.707107
    outer loop
      vertex -4 16.899 11.899
      vertex -2.48261 15.0406 10.0406
      vertex -4.44456 16.7035 11.7035
    endloop
  endfacet
  facet normal 0 0.707107 -0.707107
    outer loop
      vertex 2.48261 15.0406 10.0406
      vertex 5.27477 16.253 11.253
      vertex 5.65685 16 11
    endloop
  endfacet
  facet normal 1.63174e-15 0.707107 -0.707107
    outer loop
      vertex -4.44456 16.7035 11.7035
      vertex -2.48261 15.0406 10.0406
      vertex -4.87009 16.4879 11.4879
    endloop
  endfacet
  facet normal 1.18145e-06 0.707108 -0.707106
    outer loop
      vertex 4.95812 12.0087 7.00869
      vertex 5.65685 16 11
      vertex 6.01472 15.7298 10.7298
    endloop
  endfacet
  facet normal 0 0.707107 -0.707107
    outer loop
      vertex -4.87009 16.4879 11.4879
      vertex -2.48261 15.0406 10.0406
      vertex -5.27477 16.253 11.253
    endloop
  endfacet
  facet normal 1.31527e-06 0.707108 -0.707106
    outer loop
      vertex 4.95812 12.0087 7.00869
      vertex 6.01472 15.7298 10.7298
      vertex 6.34683 15.4437 10.4437
    endloop
  endfacet
  facet normal 0 0.707107 -0.707107
    outer loop
      vertex -5.27477 16.253 11.253
      vertex -2.48261 15.0406 10.0406
      vertex -5.65685 16 11
    endloop
  endfacet
  facet normal 1.45205e-06 0.707108 -0.707106
    outer loop
      vertex 4.95812 12.0087 7.00869
      vertex 6.34683 15.4437 10.4437
      vertex 6.65176 15.1428 10.1428
    endloop
  endfacet
  facet normal 5.65379e-07 0.707108 -0.707106
    outer loop
      vertex -4.95812 12.0087 7.00869
      vertex -5.65685 16 11
      vertex -2.48261 15.0406 10.0406
    endloop
  endfacet
  facet normal -1.18145e-06 0.707108 -0.707106
    outer loop
      vertex -5.65685 16 11
      vertex -4.95812 12.0087 7.00869
      vertex -6.01472 15.7298 10.7298
    endloop
  endfacet
  facet normal 4.91172e-05 0.707095 -0.707119
    outer loop
      vertex 4.95812 12.0087 7.00869
      vertex 6.65176 15.1428 10.1428
      vertex 6.9282 14.8284 9.82843
    endloop
  endfacet
  facet normal -9.73417e-05 0.707146 -0.707068
    outer loop
      vertex 4.95812 12.0087 7.00869
      vertex 6.9282 14.8284 9.82843
      vertex 7.17498 14.502 9.50196
    endloop
  endfacet
  facet normal 2.18531e-05 0.707093 -0.707121
    outer loop
      vertex 4.95812 12.0087 7.00869
      vertex 7.17498 14.502 9.50196
      vertex 7.39104 14.1648 9.16478
    endloop
  endfacet
  facet normal 7.17648e-05 0.707065 -0.707149
    outer loop
      vertex 4.95812 12.0087 7.00869
      vertex 7.39104 14.1648 9.16478
      vertex 7.57544 13.8183 8.81834
    endloop
  endfacet
  facet normal -3.21603e-05 0.70714 -0.707074
    outer loop
      vertex 4.95812 12.0087 7.00869
      vertex 7.57544 13.8183 8.81834
      vertex 7.72741 13.4641 8.4641
    endloop
  endfacet
  facet normal 0 0.707107 -0.707107
    outer loop
      vertex 4.96521 12 7
      vertex 7.72741 13.4641 8.4641
      vertex 7.84628 13.1036 8.1036
    endloop
  endfacet
  facet normal -2.04226e-05 0.707133 -0.70708
    outer loop
      vertex 4.96521 12 7
      vertex 7.84628 13.1036 8.1036
      vertex 7.93156 12.7384 7.73837
    endloop
  endfacet
  facet normal -2.29391e-06 0.707097 -0.707117
    outer loop
      vertex 4.96521 12 7
      vertex 7.93156 12.7384 7.73837
      vertex 7.98287 12.37 7.36998
    endloop
  endfacet
  facet normal -5.65379e-07 0.707108 -0.707106
    outer loop
      vertex 5.65685 16 11
      vertex 4.95812 12.0087 7.00869
      vertex 2.48261 15.0406 10.0406
    endloop
  endfacet
  facet normal 0 0.707088 -0.707126
    outer loop
      vertex 4.96521 12 7
      vertex 7.98287 12.37 7.36998
      vertex 8 12 7
    endloop
  endfacet
  facet normal 0.000300971 0.706823 -0.707391
    outer loop
      vertex 7.72741 13.4641 8.4641
      vertex 4.96521 12 7
      vertex 4.95812 12.0087 7.00869
    endloop
  endfacet
  facet normal 0 0.707088 -0.707126
    outer loop
      vertex 7.98287 11.63 6.63002
      vertex 4.96521 12 7
      vertex 8 12 7
    endloop
  endfacet
  facet normal 2.29391e-06 0.707097 -0.707117
    outer loop
      vertex 7.93156 11.2616 6.26163
      vertex 4.96521 12 7
      vertex 7.98287 11.63 6.63002
    endloop
  endfacet
  facet normal 2.04226e-05 0.707133 -0.70708
    outer loop
      vertex 7.84628 10.8964 5.8964
      vertex 4.96521 12 7
      vertex 7.93156 11.2616 6.26163
    endloop
  endfacet
  facet normal 0 0.707107 -0.707107
    outer loop
      vertex 7.72741 10.5359 5.5359
      vertex 4.96521 12 7
      vertex 7.84628 10.8964 5.8964
    endloop
  endfacet
  facet normal -0.000300971 0.706823 -0.707391
    outer loop
      vertex 4.96521 12 7
      vertex 7.72741 10.5359 5.5359
      vertex 4.95812 11.9913 6.99131
    endloop
  endfacet
  facet normal 3.21603e-05 0.70714 -0.707074
    outer loop
      vertex 7.57544 10.1817 5.18166
      vertex 4.95812 11.9913 6.99131
      vertex 7.72741 10.5359 5.5359
    endloop
  endfacet
  facet normal -5.11355e-05 0.70708 -0.707134
    outer loop
      vertex 7.39104 9.83522 4.83522
      vertex 4.95812 11.9913 6.99131
      vertex 7.57544 10.1817 5.18166
    endloop
  endfacet
  facet normal -1.85373e-06 0.707107 -0.707106
    outer loop
      vertex 7.17498 9.49804 4.49804
      vertex 4.95812 11.9913 6.99131
      vertex 7.39104 9.83522 4.83522
    endloop
  endfacet
  facet normal -1.72401e-06 0.707107 -0.707106
    outer loop
      vertex 6.9282 9.17157 4.17157
      vertex 4.95812 11.9913 6.99131
      vertex 7.17498 9.49804 4.49804
    endloop
  endfacet
  facet normal -1.58909e-06 0.707107 -0.707106
    outer loop
      vertex 6.65176 8.85722 3.85722
      vertex 4.95812 11.9913 6.99131
      vertex 6.9282 9.17157 4.17157
    endloop
  endfacet
  facet normal -1.31541e-06 0.707108 -0.707106
    outer loop
      vertex 6.01472 8.27018 3.27018
      vertex 4.95812 11.9913 6.99131
      vertex 6.34683 8.55632 3.55632
    endloop
  endfacet
  facet normal -1.45205e-06 0.707108 -0.707106
    outer loop
      vertex 6.34683 8.55632 3.55632
      vertex 4.95812 11.9913 6.99131
      vertex 6.65176 8.85722 3.85722
    endloop
  endfacet
  facet normal -1.31527e-06 0.707108 -0.707106
    outer loop
      vertex -6.01472 15.7298 10.7298
      vertex -4.95812 12.0087 7.00869
      vertex -6.34683 15.4437 10.4437
    endloop
  endfacet
  facet normal -1.45205e-06 0.707108 -0.707106
    outer loop
      vertex -6.34683 15.4437 10.4437
      vertex -4.95812 12.0087 7.00869
      vertex -6.65176 15.1428 10.1428
    endloop
  endfacet
  facet normal -4.91172e-05 0.707095 -0.707119
    outer loop
      vertex -6.65176 15.1428 10.1428
      vertex -4.95812 12.0087 7.00869
      vertex -6.9282 14.8284 9.82843
    endloop
  endfacet
  facet normal 9.73417e-05 0.707146 -0.707068
    outer loop
      vertex -6.9282 14.8284 9.82843
      vertex -4.95812 12.0087 7.00869
      vertex -7.17498 14.502 9.50196
    endloop
  endfacet
  facet normal -2.18531e-05 0.707093 -0.707121
    outer loop
      vertex -7.17498 14.502 9.50196
      vertex -4.95812 12.0087 7.00869
      vertex -7.39104 14.1648 9.16478
    endloop
  endfacet
  facet normal -7.17648e-05 0.707065 -0.707149
    outer loop
      vertex -7.39104 14.1648 9.16478
      vertex -4.95812 12.0087 7.00869
      vertex -7.57544 13.8183 8.81834
    endloop
  endfacet
  facet normal 3.21603e-05 0.70714 -0.707074
    outer loop
      vertex -7.57544 13.8183 8.81834
      vertex -4.95812 12.0087 7.00869
      vertex -7.72741 13.4641 8.4641
    endloop
  endfacet
  facet normal -0.000300971 0.706823 -0.707391
    outer loop
      vertex -4.96521 12 7
      vertex -7.72741 13.4641 8.4641
      vertex -4.95812 12.0087 7.00869
    endloop
  endfacet
  facet normal 0 0.707107 -0.707107
    outer loop
      vertex -7.72741 13.4641 8.4641
      vertex -4.96521 12 7
      vertex -7.84628 13.1036 8.1036
    endloop
  endfacet
  facet normal 2.04226e-05 0.707133 -0.70708
    outer loop
      vertex -7.84628 13.1036 8.1036
      vertex -4.96521 12 7
      vertex -7.93156 12.7384 7.73837
    endloop
  endfacet
  facet normal 2.29391e-06 0.707097 -0.707117
    outer loop
      vertex -7.93156 12.7384 7.73837
      vertex -4.96521 12 7
      vertex -7.98287 12.37 7.36998
    endloop
  endfacet
  facet normal 0 0.707088 -0.707126
    outer loop
      vertex -7.98287 12.37 7.36998
      vertex -4.96521 12 7
      vertex -8 12 7
    endloop
  endfacet
  facet normal 0.000300971 0.706823 -0.707391
    outer loop
      vertex -7.72741 10.5359 5.5359
      vertex -4.96521 12 7
      vertex -4.95812 11.9913 6.99131
    endloop
  endfacet
  facet normal 0 0.707088 -0.707126
    outer loop
      vertex -4.96521 12 7
      vertex -7.98287 11.63 6.63002
      vertex -8 12 7
    endloop
  endfacet
  facet normal -2.29391e-06 0.707097 -0.707117
    outer loop
      vertex -4.96521 12 7
      vertex -7.93156 11.2616 6.26163
      vertex -7.98287 11.63 6.63002
    endloop
  endfacet
  facet normal -2.04226e-05 0.707133 -0.70708
    outer loop
      vertex -4.96521 12 7
      vertex -7.84628 10.8964 5.8964
      vertex -7.93156 11.2616 6.26163
    endloop
  endfacet
  facet normal 0 0.707107 -0.707107
    outer loop
      vertex -4.96521 12 7
      vertex -7.72741 10.5359 5.5359
      vertex -7.84628 10.8964 5.8964
    endloop
  endfacet
  facet normal -3.21603e-05 0.70714 -0.707074
    outer loop
      vertex -4.95812 11.9913 6.99131
      vertex -7.57544 10.1817 5.18166
      vertex -7.72741 10.5359 5.5359
    endloop
  endfacet
  facet normal 5.11355e-05 0.70708 -0.707134
    outer loop
      vertex -4.95812 11.9913 6.99131
      vertex -7.39104 9.83522 4.83522
      vertex -7.57544 10.1817 5.18166
    endloop
  endfacet
  facet normal 1.85373e-06 0.707107 -0.707106
    outer loop
      vertex -4.95812 11.9913 6.99131
      vertex -7.17498 9.49804 4.49804
      vertex -7.39104 9.83522 4.83522
    endloop
  endfacet
  facet normal 1.72401e-06 0.707107 -0.707106
    outer loop
      vertex -4.95812 11.9913 6.99131
      vertex -6.9282 9.17157 4.17157
      vertex -7.17498 9.49804 4.49804
    endloop
  endfacet
  facet normal -5.65404e-07 0.707108 -0.707106
    outer loop
      vertex -5.65685 8 3
      vertex -4.95812 11.9913 6.99131
      vertex -2.48261 8.95944 3.95944
    endloop
  endfacet
  facet normal 1.58909e-06 0.707107 -0.707106
    outer loop
      vertex -4.95812 11.9913 6.99131
      vertex -6.65176 8.85722 3.85722
      vertex -6.9282 9.17157 4.17157
    endloop
  endfacet
  facet normal -5.63679e-17 0.707107 -0.707107
    outer loop
      vertex 0.523225 7.98287 2.98287
      vertex 2.48261 8.95944 3.95944
      vertex 1.04421 7.93156 2.93156
    endloop
  endfacet
  facet normal -1.18137e-06 0.707108 -0.707106
    outer loop
      vertex 5.65685 8 3
      vertex 4.95812 11.9913 6.99131
      vertex 6.01472 8.27018 3.27018
    endloop
  endfacet
  facet normal 1.80212e-17 0.707107 -0.707107
    outer loop
      vertex -0.523225 7.98287 2.98287
      vertex -2.48261 8.95944 3.95944
      vertex 0 8 3
    endloop
  endfacet
  facet normal 5.65404e-07 0.707108 -0.707106
    outer loop
      vertex 4.95812 11.9913 6.99131
      vertex 5.65685 8 3
      vertex 2.48261 8.95944 3.95944
    endloop
  endfacet
  facet normal 1.45205e-06 0.707108 -0.707106
    outer loop
      vertex -4.95812 11.9913 6.99131
      vertex -6.34683 8.55632 3.55632
      vertex -6.65176 8.85722 3.85722
    endloop
  endfacet
  facet normal 1.31541e-06 0.707108 -0.707106
    outer loop
      vertex -4.95812 11.9913 6.99131
      vertex -6.01472 8.27018 3.27018
      vertex -6.34683 8.55632 3.55632
    endloop
  endfacet
  facet normal 1.6777e-16 0.707107 -0.707107
    outer loop
      vertex 5.27477 7.74695 2.74695
      vertex 2.48261 8.95944 3.95944
      vertex 5.65685 8 3
    endloop
  endfacet
  facet normal 0 0.707107 -0.707107
    outer loop
      vertex 2.48261 8.95944 3.95944
      vertex 0 8 3
      vertex -2.48261 8.95944 3.95944
    endloop
  endfacet
  facet normal -1.80212e-17 0.707107 -0.707107
    outer loop
      vertex 0 8 3
      vertex 2.48261 8.95944 3.95944
      vertex 0.523225 7.98287 2.98287
    endloop
  endfacet
  facet normal 0 0.707107 -0.707107
    outer loop
      vertex 2.48261 8.95944 3.95944
      vertex 1.56072 7.84628 2.84628
      vertex 1.04421 7.93156 2.93156
    endloop
  endfacet
  facet normal 4.45133e-16 0.707107 -0.707107
    outer loop
      vertex 4.87009 7.51212 2.51212
      vertex 2.48261 8.95944 3.95944
      vertex 5.27477 7.74695 2.74695
    endloop
  endfacet
  facet normal -2.31882e-16 0.707107 -0.707107
    outer loop
      vertex 2.48261 8.95944 3.95944
      vertex 2.07055 7.72741 2.72741
      vertex 1.56072 7.84628 2.84628
    endloop
  endfacet
  facet normal -6.9286e-16 0.707107 -0.707107
    outer loop
      vertex 2.48261 8.95944 3.95944
      vertex 2.57152 7.57544 2.57544
      vertex 2.07055 7.72741 2.72741
    endloop
  endfacet
  facet normal -3.47161e-16 0.707107 -0.707107
    outer loop
      vertex 4.44456 7.2965 2.2965
      vertex 2.48261 8.95944 3.95944
      vertex 4.87009 7.51212 2.51212
    endloop
  endfacet
  facet normal 0 0.707107 -0.707107
    outer loop
      vertex 2.48261 8.95944 3.95944
      vertex 3.06147 7.39104 2.39104
      vertex 2.57152 7.57544 2.57544
    endloop
  endfacet
  facet normal 2.97013e-16 0.707107 -0.707107
    outer loop
      vertex 2.48261 8.95944 3.95944
      vertex 4.44456 7.2965 2.2965
      vertex 3.06147 7.39104 2.39104
    endloop
  endfacet
  facet normal 3.38382e-17 0.707107 -0.707107
    outer loop
      vertex 4.44456 7.2965 2.2965
      vertex 3.53831 7.17498 2.17498
      vertex 3.06147 7.39104 2.39104
    endloop
  endfacet
  facet normal -4.98102e-16 0.707107 -0.707107
    outer loop
      vertex 4 7.10102 2.10102
      vertex 3.53831 7.17498 2.17498
      vertex 4.44456 7.2965 2.2965
    endloop
  endfacet
  facet normal -4.95286e-16 0.707107 -0.707107
    outer loop
      vertex 3.53831 7.17498 2.17498
      vertex 4 7.10102 2.10102
      vertex 3.8106 7.02944 2.02944
    endloop
  endfacet
  facet normal 6.76398e-05 -0.707592 0.706621
    outer loop
      vertex -1.04421 13.3658 16.8511
      vertex -2.07055 13.2215 16.7067
      vertex -0.523225 13.4021 16.8874
    endloop
  endfacet
  facet normal -0.227184 0.688617 0.688617
    outer loop
      vertex -2.07055 17.4641 12.4641
      vertex -2.07055 13.2215 16.7067
      vertex -1.56072 17.5482 12.5482
    endloop
  endfacet
  facet normal 6.15534e-05 -0.707203 0.707011
    outer loop
      vertex -4 12.6563 16.1416
      vertex -5.65685 11.7574 15.2426
      vertex -2.57152 13.114 16.5993
    endloop
  endfacet
  facet normal 0.00130814 -0.708233 0.705978
    outer loop
      vertex -5.27477 12.0104 15.4957
      vertex -5.65685 11.7574 15.2426
      vertex -4.87009 12.2452 15.7305
    endloop
  endfacet
  facet normal -9.43708e-15 -0.707107 0.707107
    outer loop
      vertex -3.53831 12.8308 16.3161
      vertex -4 12.6563 16.1416
      vertex -2.57152 13.114 16.5993
    endloop
  endfacet
  facet normal -0.999465 0.0231367 0.023137
    outer loop
      vertex -7.98287 12.37 7.36998
      vertex -8 12 7
      vertex -7.98287 8.12733 11.6126
    endloop
  endfacet
  facet normal -0.995185 0.0693034 0.069304
    outer loop
      vertex -7.93156 12.7384 7.73837
      vertex -7.98287 8.12733 11.6126
      vertex -7.93156 8.49573 11.981
    endloop
  endfacet
  facet normal 0.000616419 -0.70715 0.707064
    outer loop
      vertex -7.93156 8.49573 11.981
      vertex -7.98287 8.12733 11.6126
      vertex -7.84628 8.86096 12.3462
    endloop
  endfacet
  facet normal -0.812852 0.411864 0.411874
    outer loop
      vertex -6.65176 15.1428 10.1428
      vertex -6.34683 11.201 14.6863
      vertex -6.34683 15.4437 10.4437
    endloop
  endfacet
  facet normal -0.812852 0.411864 0.411874
    outer loop
      vertex -6.34683 11.201 14.6863
      vertex -6.65176 15.1428 10.1428
      vertex -6.65176 10.9001 14.3854
    endloop
  endfacet
  facet normal 0.528065 -0.600478 -0.600478
    outer loop
      vertex 4.44456 3.59299 6
      vertex 4 2.85838 6.34366
      vertex 4 3.20204 6
    endloop
  endfacet
  facet normal 0.528075 -0.600479 -0.600468
    outer loop
      vertex 4 2.85838 6.34366
      vertex 4.44456 3.59299 6
      vertex 4.44456 3.05386 6.53914
    endloop
  endfacet
  facet normal 0.528075 -0.600473 -0.600473
    outer loop
      vertex 4 6.9282 2.27384
      vertex 4.44456 7.2965 2.2965
      vertex 4.44456 6.65176 2.94124
    endloop
  endfacet
  facet normal 0.528075 -0.600473 -0.600473
    outer loop
      vertex 4.44456 7.2965 2.2965
      vertex 4 6.9282 2.27384
      vertex 4 7.10102 2.10102
    endloop
  endfacet
  facet normal -6.2032e-16 -0.707107 0.707107
    outer loop
      vertex 3.05821 2.61472 6.1
      vertex 4 2.85838 6.34366
      vertex 5.65685 3.75736 7.24264
    endloop
  endfacet
  facet normal 0 -0.707107 0.707107
    outer loop
      vertex 4 2.85838 6.34366
      vertex 3.05821 2.61472 6.1
      vertex 3.23948 2.61472 6.1
    endloop
  endfacet
  facet normal 0.000141131 -0.707213 0.707
    outer loop
      vertex 5.65685 3.75736 7.24264
      vertex 4.87009 3.26947 6.75476
      vertex 5.27477 3.50431 6.98959
    endloop
  endfacet
  facet normal 0.935908 -0.249074 -0.249076
    outer loop
      vertex 7.57544 5.93902 9.4243
      vertex 7.39104 5.59257 9.07786
      vertex 7.57544 10.1817 5.18166
    endloop
  endfacet
  facet normal 0.290267 0.676671 0.676655
    outer loop
      vertex 2.57152 17.3566 12.3566
      vertex 2.07055 13.2215 16.7067
      vertex 2.57152 13.114 16.5993
    endloop
  endfacet
  facet normal 0.227056 0.68863 0.688646
    outer loop
      vertex 1.56072 17.5482 12.5482
      vertex 1.56072 13.3055 16.7908
      vertex 2.07055 13.2215 16.7067
    endloop
  endfacet
  facet normal 0.0326874 0.706721 0.706737
    outer loop
      vertex 0.523225 13.4021 16.8874
      vertex 0 17.6569 12.6569
      vertex 0 13.4142 16.8995
    endloop
  endfacet
  facet normal 0.0329572 0.706731 0.706714
    outer loop
      vertex 0 17.6569 12.6569
      vertex 0.523225 13.4021 16.8874
      vertex 0.523225 17.6447 12.6447
    endloop
  endfacet
  facet normal 0.352029 0.661836 0.661852
    outer loop
      vertex 3.06147 17.2263 12.2263
      vertex 2.57152 17.3566 12.3566
      vertex 3.06147 12.9836 16.4689
    endloop
  endfacet
  facet normal -5.60883e-14 -0.707107 0.707107
    outer loop
      vertex 3.06147 12.9836 16.4689
      vertex 2.57152 13.114 16.5993
      vertex 3.53831 12.8308 16.3161
    endloop
  endfacet
  facet normal 9.43708e-15 -0.707107 0.707107
    outer loop
      vertex 3.53831 12.8308 16.3161
      vertex 2.57152 13.114 16.5993
      vertex 4 12.6563 16.1416
    endloop
  endfacet
  facet normal -0.00131149 -0.708235 0.705975
    outer loop
      vertex 4.87009 12.2452 15.7305
      vertex 4.44456 12.4609 15.9461
      vertex 5.65685 11.7574 15.2426
    endloop
  endfacet
  facet normal 0.000656215 -0.706541 0.707672
    outer loop
      vertex 4.44456 12.4609 15.9461
      vertex 4 12.6563 16.1416
      vertex 5.65685 11.7574 15.2426
    endloop
  endfacet
  facet normal -6.15534e-05 -0.707203 0.707011
    outer loop
      vertex 4 12.6563 16.1416
      vertex 2.57152 13.114 16.5993
      vertex 5.65685 11.7574 15.2426
    endloop
  endfacet
  facet normal 0.849232 0.37337 0.373363
    outer loop
      vertex 6.9282 14.8284 9.82843
      vertex 6.65176 15.1428 10.1428
      vertex 6.9282 10.5858 14.0711
    endloop
  endfacet
  facet normal 0.935916 0.249058 0.24906
    outer loop
      vertex 7.39104 14.1648 9.16478
      vertex 7.39104 9.92214 13.4074
      vertex 7.57544 13.8183 8.81834
    endloop
  endfacet
  facet normal 0.956946 0.20525 0.205247
    outer loop
      vertex 7.57544 13.8183 8.81834
      vertex 7.57544 9.5757 13.061
      vertex 7.72741 9.22146 12.7067
    endloop
  endfacet
  facet normal 0.935899 0.249092 0.249089
    outer loop
      vertex 7.57544 13.8183 8.81834
      vertex 7.39104 9.92214 13.4074
      vertex 7.57544 9.5757 13.061
    endloop
  endfacet
  facet normal 0.995185 0.0693034 0.069304
    outer loop
      vertex 7.93156 12.7384 7.73837
      vertex 7.93156 8.49573 11.981
      vertex 7.98287 8.12733 11.6126
    endloop
  endfacet
  facet normal 0.956935 0.205275 0.205276
    outer loop
      vertex 7.72741 13.4641 8.4641
      vertex 7.57544 13.8183 8.81834
      vertex 7.72741 9.22146 12.7067
    endloop
  endfacet
  facet normal -0.773005 -0.448588 -0.448588
    outer loop
      vertex -6.01472 4.02754 7.51282
      vertex -6.34683 4.31368 7.79897
      vertex -6.01472 8.27018 3.27018
    endloop
  endfacet
  facet normal -0.773 -0.448594 -0.448593
    outer loop
      vertex -6.01472 8.27018 3.27018
      vertex -6.34683 4.31368 7.79897
      vertex -6.34683 8.55632 3.55632
    endloop
  endfacet
  facet normal -0.471399 -0.623611 -0.623611
    outer loop
      vertex -4 3.20204 6
      vertex -3.53831 2.68388 6.16916
      vertex -4 2.85838 6.34366
    endloop
  endfacet
  facet normal -0.471399 -0.623611 -0.623611
    outer loop
      vertex -3.53831 2.68388 6.16916
      vertex -4 3.20204 6
      vertex -3.53831 2.85304 6
    endloop
  endfacet
  facet normal -0.471371 -0.623622 -0.623622
    outer loop
      vertex -3.8106 7.02944 2.02944
      vertex -4 6.9282 2.27384
      vertex -4 7.10102 2.10102
    endloop
  endfacet
  facet normal -0.412705 -0.644079 -0.644079
    outer loop
      vertex -3.53831 2.85304 6
      vertex -3.41964 2.677 6.1
      vertex -3.53831 2.68388 6.16916
    endloop
  endfacet
  facet normal -0.412696 -0.644077 -0.644086
    outer loop
      vertex -3.41964 2.677 6.1
      vertex -3.53831 2.85304 6
      vertex -3.3775 2.75 6
    endloop
  endfacet
  facet normal -0.412699 -0.644096 -0.644065
    outer loop
      vertex -3.53831 2.68388 6.16916
      vertex -3.41964 2.677 6.1
      vertex -3.32244 2.61472 6.1
    endloop
  endfacet
  facet normal -0.849206 -0.373397 -0.373397
    outer loop
      vertex -6.65176 8.85722 3.85722
      vertex -6.9282 4.92893 8.41421
      vertex -6.9282 9.17157 4.17157
    endloop
  endfacet
  facet normal -0.000175363 -0.707184 0.70703
    outer loop
      vertex -6.34683 4.31368 7.79897
      vertex -6.9282 4.92893 8.41421
      vertex -6.65176 4.61458 8.09986
    endloop
  endfacet
  facet normal -0.999465 -0.0231368 -0.023137
    outer loop
      vertex -7.98287 11.63 6.63002
      vertex -8 7.75736 11.2426
      vertex -8 12 7
    endloop
  endfacet
  facet normal -0.999464 -0.0231402 -0.0231398
    outer loop
      vertex -8 7.75736 11.2426
      vertex -7.98287 11.63 6.63002
      vertex -7.98287 7.38738 10.8727
    endloop
  endfacet
  facet normal -0.935913 -0.249065 -0.249066
    outer loop
      vertex -7.39104 5.59257 9.07786
      vertex -7.57544 10.1817 5.18166
      vertex -7.39104 9.83522 4.83522
    endloop
  endfacet
  facet normal 0.000336533 -0.708547 0.705664
    outer loop
      vertex -1.56072 13.3055 16.7908
      vertex -2.07055 13.2215 16.7067
      vertex -1.04421 13.3658 16.8511
    endloop
  endfacet
  facet normal -0.634492 0.546537 0.54655
    outer loop
      vertex -5.27477 16.253 11.253
      vertex -4.87009 12.2452 15.7305
      vertex -4.87009 16.4879 11.4879
    endloop
  endfacet
  facet normal -0.634331 0.546644 0.546631
    outer loop
      vertex -4.87009 12.2452 15.7305
      vertex -5.27477 16.253 11.253
      vertex -5.27477 12.0104 15.4957
    endloop
  endfacet
  facet normal -0.29039 0.676636 0.676636
    outer loop
      vertex -2.07055 17.4641 12.4641
      vertex -2.57152 17.3566 12.3566
      vertex -2.07055 13.2215 16.7067
    endloop
  endfacet
  facet normal -0.000656215 -0.706541 0.707672
    outer loop
      vertex -4.44456 12.4609 15.9461
      vertex -5.65685 11.7574 15.2426
      vertex -4 12.6563 16.1416
    endloop
  endfacet
  facet normal 0.00131149 -0.708235 0.705975
    outer loop
      vertex -4.87009 12.2452 15.7305
      vertex -5.65685 11.7574 15.2426
      vertex -4.44456 12.4609 15.9461
    endloop
  endfacet
  facet normal -2.06994e-14 -0.707107 0.707107
    outer loop
      vertex -6.34683 11.201 14.6863
      vertex -6.9282 10.5858 14.0711
      vertex -6.01472 11.4872 14.9725
    endloop
  endfacet
  facet normal -0.849168 0.373435 0.373444
    outer loop
      vertex -6.65176 15.1428 10.1428
      vertex -6.9282 10.5858 14.0711
      vertex -6.65176 10.9001 14.3854
    endloop
  endfacet
  facet normal 6.12411e-14 -0.707107 0.707107
    outer loop
      vertex -6.65176 10.9001 14.3854
      vertex -6.9282 10.5858 14.0711
      vertex -6.34683 11.201 14.6863
    endloop
  endfacet
  facet normal -0.956946 0.20525 0.205247
    outer loop
      vertex -7.57544 13.8183 8.81834
      vertex -7.72741 9.22146 12.7067
      vertex -7.57544 9.5757 13.061
    endloop
  endfacet
  facet normal 0.00194904 -0.707583 0.706627
    outer loop
      vertex -7.57544 9.5757 13.061
      vertex -7.72741 9.22146 12.7067
      vertex -7.39104 9.92214 13.4074
    endloop
  endfacet
  facet normal -0.986641 0.115193 0.115194
    outer loop
      vertex -7.93156 12.7384 7.73837
      vertex -7.93156 8.49573 11.981
      vertex -7.84628 8.86096 12.3462
    endloop
  endfacet
  facet normal -0.999465 0.0231371 0.0231373
    outer loop
      vertex -8 12 7
      vertex -8 7.75736 11.2426
      vertex -7.98287 8.12733 11.6126
    endloop
  endfacet
  facet normal -0.986641 0.115193 0.115194
    outer loop
      vertex -7.84628 13.1036 8.1036
      vertex -7.93156 12.7384 7.73837
      vertex -7.84628 8.86096 12.3462
    endloop
  endfacet
  facet normal 0 -0.707107 0.707107
    outer loop
      vertex 3.53831 2.68388 6.16916
      vertex 3.30217 2.61472 6.1
      vertex 3.32244 2.61472 6.1
    endloop
  endfacet
  facet normal 0.412699 -0.644096 -0.644065
    outer loop
      vertex 3.41964 2.677 6.1
      vertex 3.53831 2.68388 6.16916
      vertex 3.32244 2.61472 6.1
    endloop
  endfacet
  facet normal 0.412696 -0.644077 -0.644086
    outer loop
      vertex 3.53831 2.85304 6
      vertex 3.41964 2.677 6.1
      vertex 3.3775 2.75 6
    endloop
  endfacet
  facet normal 0.412705 -0.644079 -0.644079
    outer loop
      vertex 3.41964 2.677 6.1
      vertex 3.53831 2.85304 6
      vertex 3.53831 2.68388 6.16916
    endloop
  endfacet
  facet normal 0.634379 -0.546607 -0.546612
    outer loop
      vertex 5.27477 7.74695 2.74695
      vertex 4.87009 6.34683 3.6774
      vertex 4.87009 7.51212 2.51212
    endloop
  endfacet
  facet normal 0.634387 -0.546605 -0.546605
    outer loop
      vertex 4.87009 6.34683 3.6774
      vertex 5.27477 7.74695 2.74695
      vertex 5.27477 6.01472 4.47918
    endloop
  endfacet
  facet normal 0.634387 -0.546605 -0.546605
    outer loop
      vertex 5.27477 3.50431 6.98959
      vertex 4.87009 4.02423 6
      vertex 5.27477 4.4939 6
    endloop
  endfacet
  facet normal 0.634387 -0.546605 -0.546605
    outer loop
      vertex 4.87009 4.02423 6
      vertex 5.27477 3.50431 6.98959
      vertex 4.87009 3.26947 6.75476
    endloop
  endfacet
  facet normal 0.582481 -0.574768 -0.574768
    outer loop
      vertex 4.87009 3.26947 6.75476
      vertex 4.44456 3.59299 6
      vertex 4.87009 4.02423 6
    endloop
  endfacet
  facet normal 0.582472 -0.574778 -0.574767
    outer loop
      vertex 4.44456 3.59299 6
      vertex 4.87009 3.26947 6.75476
      vertex 4.44456 3.05386 6.53914
    endloop
  endfacet
  facet normal 0.582481 -0.574768 -0.574768
    outer loop
      vertex 4.87009 7.51212 2.51212
      vertex 4.44456 6.65176 2.94124
      vertex 4.44456 7.2965 2.2965
    endloop
  endfacet
  facet normal 0.582476 -0.574768 -0.574773
    outer loop
      vertex 4.44456 6.65176 2.94124
      vertex 4.87009 7.51212 2.51212
      vertex 4.87009 6.34683 3.6774
    endloop
  endfacet
  facet normal 0.849206 -0.373397 -0.373397
    outer loop
      vertex 6.9282 4.92893 8.41421
      vertex 6.65176 4.61458 8.09986
      vertex 6.65176 8.85722 3.85722
    endloop
  endfacet
  facet normal 0.773 -0.448594 -0.448593
    outer loop
      vertex 6.34683 4.31368 7.79897
      vertex 6.01472 8.27018 3.27018
      vertex 6.34683 8.55632 3.55632
    endloop
  endfacet
  facet normal 0.812852 -0.411869 -0.411869
    outer loop
      vertex 6.65176 4.61458 8.09986
      vertex 6.34683 8.55632 3.55632
      vertex 6.65176 8.85722 3.85722
    endloop
  endfacet
  facet normal 0.812847 -0.411874 -0.411873
    outer loop
      vertex 6.34683 8.55632 3.55632
      vertex 6.65176 4.61458 8.09986
      vertex 6.34683 4.31368 7.79897
    endloop
  endfacet
  facet normal 0.773005 -0.448588 -0.448588
    outer loop
      vertex 6.34683 4.31368 7.79897
      vertex 6.01472 4.02754 7.51282
      vertex 6.01472 8.27018 3.27018
    endloop
  endfacet
  facet normal 0.973879 -0.160561 -0.160562
    outer loop
      vertex 7.84628 6.65376 10.139
      vertex 7.72741 10.5359 5.5359
      vertex 7.84628 10.8964 5.8964
    endloop
  endfacet
  facet normal 0.973876 -0.16057 -0.16057
    outer loop
      vertex 7.72741 10.5359 5.5359
      vertex 7.84628 6.65376 10.139
      vertex 7.72741 6.29326 9.77854
    endloop
  endfacet
  facet normal 0.956939 -0.205264 -0.205266
    outer loop
      vertex 7.72741 6.29326 9.77854
      vertex 7.57544 5.93902 9.4243
      vertex 7.57544 10.1817 5.18166
    endloop
  endfacet
  facet normal 0.995185 -0.0693051 -0.0693041
    outer loop
      vertex 7.98287 7.38738 10.8727
      vertex 7.93156 7.01899 10.5043
      vertex 7.93156 11.2616 6.26163
    endloop
  endfacet
  facet normal -0.00123486 -0.70703 0.707183
    outer loop
      vertex 7.98287 7.38738 10.8727
      vertex 7.84628 6.65376 10.139
      vertex 7.93156 7.01899 10.5043
    endloop
  endfacet
  facet normal 0.471399 0.623604 0.623619
    outer loop
      vertex 4 12.6563 16.1416
      vertex 3.53831 17.0735 12.0735
      vertex 3.53831 12.8308 16.3161
    endloop
  endfacet
  facet normal 0.471399 0.623604 0.623619
    outer loop
      vertex 3.53831 17.0735 12.0735
      vertex 4 12.6563 16.1416
      vertex 4 16.899 11.899
    endloop
  endfacet
  facet normal 2.06994e-14 -0.707107 0.707107
    outer loop
      vertex 6.34683 11.201 14.6863
      vertex 6.01472 11.4872 14.9725
      vertex 6.9282 10.5858 14.0711
    endloop
  endfacet
  facet normal 0.773065 0.448542 0.448532
    outer loop
      vertex 6.01472 15.7298 10.7298
      vertex 6.01472 11.4872 14.9725
      vertex 6.34683 11.201 14.6863
    endloop
  endfacet
  facet normal -6.12411e-14 -0.707107 0.707107
    outer loop
      vertex 6.65176 10.9001 14.3854
      vertex 6.34683 11.201 14.6863
      vertex 6.9282 10.5858 14.0711
    endloop
  endfacet
  facet normal 0.986641 0.115193 0.115194
    outer loop
      vertex 7.93156 12.7384 7.73837
      vertex 7.84628 8.86096 12.3462
      vertex 7.93156 8.49573 11.981
    endloop
  endfacet
  facet normal -0.000616419 -0.70715 0.707064
    outer loop
      vertex 7.93156 8.49573 11.981
      vertex 7.84628 8.86096 12.3462
      vertex 7.98287 8.12733 11.6126
    endloop
  endfacet
  facet normal 0.986641 0.115193 0.115194
    outer loop
      vertex 7.84628 13.1036 8.1036
      vertex 7.84628 8.86096 12.3462
      vertex 7.93156 12.7384 7.73837
    endloop
  endfacet
  facet normal 0 -0.707107 0.707107
    outer loop
      vertex -3.23948 2.61472 6.1
      vertex -3.53831 2.68388 6.16916
      vertex -3.30217 2.61472 6.1
    endloop
  endfacet
  facet normal 2.73053e-15 -0.707107 0.707107
    outer loop
      vertex -3.53831 2.68388 6.16916
      vertex -3.23948 2.61472 6.1
      vertex -4 2.85838 6.34366
    endloop
  endfacet
  facet normal -0.956935 -0.205275 -0.205275
    outer loop
      vertex -7.57544 10.1817 5.18166
      vertex -7.72741 6.29326 9.77854
      vertex -7.72741 10.5359 5.5359
    endloop
  endfacet
  facet normal -0.849206 -0.373397 -0.373397
    outer loop
      vertex -6.65176 4.61458 8.09986
      vertex -6.9282 4.92893 8.41421
      vertex -6.65176 8.85722 3.85722
    endloop
  endfacet
  facet normal -0.812852 -0.411869 -0.411869
    outer loop
      vertex -6.34683 8.55632 3.55632
      vertex -6.65176 4.61458 8.09986
      vertex -6.65176 8.85722 3.85722
    endloop
  endfacet
  facet normal -0.812847 -0.411874 -0.411873
    outer loop
      vertex -6.65176 4.61458 8.09986
      vertex -6.34683 8.55632 3.55632
      vertex -6.34683 4.31368 7.79897
    endloop
  endfacet
  facet normal -0.986641 -0.115193 -0.115194
    outer loop
      vertex -7.84628 6.65376 10.139
      vertex -7.93156 11.2616 6.26163
      vertex -7.84628 10.8964 5.8964
    endloop
  endfacet
  facet normal -0.995185 -0.0693051 -0.0693041
    outer loop
      vertex -7.93156 11.2616 6.26163
      vertex -7.98287 7.38738 10.8727
      vertex -7.98287 11.63 6.63002
    endloop
  endfacet
  facet normal 0 -0.707107 0.707107
    outer loop
      vertex -3.30217 2.61472 6.1
      vertex -3.53831 2.68388 6.16916
      vertex -3.32244 2.61472 6.1
    endloop
  endfacet
  facet normal -0.162897 0.697654 0.69767
    outer loop
      vertex -1.56072 17.5482 12.5482
      vertex -1.04421 13.3658 16.8511
      vertex -1.04421 17.6085 12.6085
    endloop
  endfacet
  facet normal -0.162897 0.697654 0.69767
    outer loop
      vertex -1.04421 13.3658 16.8511
      vertex -1.56072 17.5482 12.5482
      vertex -1.56072 13.3055 16.7908
    endloop
  endfacet
  facet normal -0.227056 0.68863 0.688646
    outer loop
      vertex -1.56072 17.5482 12.5482
      vertex -2.07055 13.2215 16.7067
      vertex -1.56072 13.3055 16.7908
    endloop
  endfacet
  facet normal -0.0977939 0.703726 0.703709
    outer loop
      vertex -1.04421 17.6085 12.6085
      vertex -0.523225 13.4021 16.8874
      vertex -0.523225 17.6447 12.6447
    endloop
  endfacet
  facet normal -0.0980614 0.70369 0.703707
    outer loop
      vertex -0.523225 13.4021 16.8874
      vertex -1.04421 17.6085 12.6085
      vertex -1.04421 13.3658 16.8511
    endloop
  endfacet
  facet normal -0.683602 0.516085 0.516085
    outer loop
      vertex -5.65685 16 11
      vertex -5.65685 11.7574 15.2426
      vertex -5.27477 12.0104 15.4957
    endloop
  endfacet
  facet normal -0.68353 0.516139 0.516127
    outer loop
      vertex -5.27477 16.253 11.253
      vertex -5.65685 16 11
      vertex -5.27477 12.0104 15.4957
    endloop
  endfacet
  facet normal -0.352266 0.661789 0.661773
    outer loop
      vertex -2.57152 17.3566 12.3566
      vertex -3.06147 12.9836 16.4689
      vertex -2.57152 13.114 16.5993
    endloop
  endfacet
  facet normal -0.471399 0.623604 0.623619
    outer loop
      vertex -3.53831 17.0735 12.0735
      vertex -4 12.6563 16.1416
      vertex -3.53831 12.8308 16.3161
    endloop
  endfacet
  facet normal -0.471399 0.623604 0.623619
    outer loop
      vertex -4 12.6563 16.1416
      vertex -3.53831 17.0735 12.0735
      vertex -4 16.899 11.899
    endloop
  endfacet
  facet normal -0.849232 0.37337 0.373363
    outer loop
      vertex -6.9282 14.8284 9.82843
      vertex -6.9282 10.5858 14.0711
      vertex -6.65176 15.1428 10.1428
    endloop
  endfacet
  facet normal -0.773065 0.448542 0.448532
    outer loop
      vertex -6.01472 15.7298 10.7298
      vertex -6.34683 11.201 14.6863
      vertex -6.01472 11.4872 14.9725
    endloop
  endfacet
  facet normal -0.881903 0.333355 0.33335
    outer loop
      vertex -7.17498 14.502 9.50196
      vertex -6.9282 10.5858 14.0711
      vertex -6.9282 14.8284 9.82843
    endloop
  endfacet
  facet normal -0.881942 0.333299 0.333303
    outer loop
      vertex -6.9282 10.5858 14.0711
      vertex -7.17498 14.502 9.50196
      vertex -7.17498 10.2593 13.7446
    endloop
  endfacet
  facet normal -0.910865 0.291824 0.291828
    outer loop
      vertex -7.39104 14.1648 9.16478
      vertex -7.17498 10.2593 13.7446
      vertex -7.17498 14.502 9.50196
    endloop
  endfacet
  facet normal -0.910861 0.291832 0.291834
    outer loop
      vertex -7.17498 10.2593 13.7446
      vertex -7.39104 14.1648 9.16478
      vertex -7.39104 9.92214 13.4074
    endloop
  endfacet
  facet normal -0.995185 0.0693042 0.069305
    outer loop
      vertex -7.98287 12.37 7.36998
      vertex -7.98287 8.12733 11.6126
      vertex -7.93156 12.7384 7.73837
    endloop
  endfacet
  facet normal -2.66985e-15 -0.707107 0.707107
    outer loop
      vertex 3.23948 2.61472 6.1
      vertex 3.53831 2.68388 6.16916
      vertex 4 2.85838 6.34366
    endloop
  endfacet
  facet normal 0 -0.707107 0.707107
    outer loop
      vertex 3.53831 2.68388 6.16916
      vertex 3.23948 2.61472 6.1
      vertex 3.30217 2.61472 6.1
    endloop
  endfacet
  facet normal 0.471399 -0.623611 -0.623611
    outer loop
      vertex 4 3.20204 6
      vertex 3.53831 2.68388 6.16916
      vertex 3.53831 2.85304 6
    endloop
  endfacet
  facet normal 0.471399 -0.623611 -0.623611
    outer loop
      vertex 3.53831 2.68388 6.16916
      vertex 4 3.20204 6
      vertex 4 2.85838 6.34366
    endloop
  endfacet
  facet normal 0.471371 -0.623622 -0.623622
    outer loop
      vertex 4 6.9282 2.27384
      vertex 3.8106 7.02944 2.02944
      vertex 4 7.10102 2.10102
    endloop
  endfacet
  facet normal 0.683602 -0.516085 -0.516085
    outer loop
      vertex 5.65685 8 3
      vertex 5.27477 6.01472 4.47918
      vertex 5.27477 7.74695 2.74695
    endloop
  endfacet
  facet normal 0.683607 -0.516083 -0.516082
    outer loop
      vertex 5.27477 6.01472 4.47918
      vertex 5.65685 8 3
      vertex 5.47239 5.82962 4.92605
    endloop
  endfacet
  facet normal 0.683627 -0.516069 -0.516069
    outer loop
      vertex 5.36954 4.61944 6
      vertex 5.27477 3.50431 6.98959
      vertex 5.27477 4.4939 6
    endloop
  endfacet
  facet normal -0.000131003 -0.706994 0.70722
    outer loop
      vertex 5.65685 3.75736 7.24264
      vertex 4.44456 3.05386 6.53914
      vertex 4.87009 3.26947 6.75476
    endloop
  endfacet
  facet normal 0 -0.707107 0.707107
    outer loop
      vertex 5.65685 3.75736 7.24264
      vertex 4 2.85838 6.34366
      vertex 4.44456 3.05386 6.53914
    endloop
  endfacet
  facet normal 0.910861 -0.291833 -0.291833
    outer loop
      vertex 7.39104 5.59257 9.07786
      vertex 7.17498 9.49804 4.49804
      vertex 7.39104 9.83522 4.83522
    endloop
  endfacet
  facet normal 0.910858 -0.291837 -0.291837
    outer loop
      vertex 7.17498 9.49804 4.49804
      vertex 7.39104 5.59257 9.07786
      vertex 7.17498 5.2554 8.74068
    endloop
  endfacet
  facet normal -0.000167851 -0.707022 0.707192
    outer loop
      vertex 6.9282 4.92893 8.41421
      vertex 6.01472 4.02754 7.51282
      vertex 6.34683 4.31368 7.79897
    endloop
  endfacet
  facet normal 0.000175363 -0.707184 0.70703
    outer loop
      vertex 6.9282 4.92893 8.41421
      vertex 6.34683 4.31368 7.79897
      vertex 6.65176 4.61458 8.09986
    endloop
  endfacet
  facet normal 0.995185 -0.0693051 -0.0693041
    outer loop
      vertex 7.98287 7.38738 10.8727
      vertex 7.93156 11.2616 6.26163
      vertex 7.98287 11.63 6.63002
    endloop
  endfacet
  facet normal 0.999465 -0.0231368 -0.023137
    outer loop
      vertex 8 7.75736 11.2426
      vertex 7.98287 11.63 6.63002
      vertex 8 12 7
    endloop
  endfacet
  facet normal 0.999464 -0.0231402 -0.0231398
    outer loop
      vertex 7.98287 11.63 6.63002
      vertex 8 7.75736 11.2426
      vertex 7.98287 7.38738 10.8727
    endloop
  endfacet
  facet normal 0.227184 0.688617 0.688617
    outer loop
      vertex 2.07055 17.4641 12.4641
      vertex 1.56072 17.5482 12.5482
      vertex 2.07055 13.2215 16.7067
    endloop
  endfacet
  facet normal 0.29039 0.676636 0.676636
    outer loop
      vertex 2.07055 17.4641 12.4641
      vertex 2.07055 13.2215 16.7067
      vertex 2.57152 17.3566 12.3566
    endloop
  endfacet
  facet normal -0.000197659 -0.707149 0.707064
    outer loop
      vertex -7.39104 5.59257 9.07786
      vertex -7.72741 6.29326 9.77854
      vertex -7.57544 5.93902 9.4243
    endloop
  endfacet
  facet normal -0.935908 -0.249074 -0.249076
    outer loop
      vertex -7.39104 5.59257 9.07786
      vertex -7.57544 5.93902 9.4243
      vertex -7.57544 10.1817 5.18166
    endloop
  endfacet
  facet normal -0.973879 -0.160561 -0.160562
    outer loop
      vertex -7.72741 10.5359 5.5359
      vertex -7.84628 6.65376 10.139
      vertex -7.84628 10.8964 5.8964
    endloop
  endfacet
  facet normal -0.973876 -0.16057 -0.16057
    outer loop
      vertex -7.84628 6.65376 10.139
      vertex -7.72741 10.5359 5.5359
      vertex -7.72741 6.29326 9.77854
    endloop
  endfacet
  facet normal -0.995185 -0.0693051 -0.0693041
    outer loop
      vertex -7.93156 7.01899 10.5043
      vertex -7.98287 7.38738 10.8727
      vertex -7.93156 11.2616 6.26163
    endloop
  endfacet
  facet normal -0.582445 0.574786 0.574786
    outer loop
      vertex -4.87009 16.4879 11.4879
      vertex -4.44456 12.4609 15.9461
      vertex -4.44456 16.7035 11.7035
    endloop
  endfacet
  facet normal -0.582534 0.574734 0.574748
    outer loop
      vertex -4.44456 12.4609 15.9461
      vertex -4.87009 16.4879 11.4879
      vertex -4.87009 12.2452 15.7305
    endloop
  endfacet
  facet normal 5.60883e-14 -0.707107 0.707107
    outer loop
      vertex -3.06147 12.9836 16.4689
      vertex -3.53831 12.8308 16.3161
      vertex -2.57152 13.114 16.5993
    endloop
  endfacet
  facet normal -0.412768 0.644051 0.644066
    outer loop
      vertex -3.53831 17.0735 12.0735
      vertex -3.06147 12.9836 16.4689
      vertex -3.06147 17.2263 12.2263
    endloop
  endfacet
  facet normal -0.412768 0.644051 0.644066
    outer loop
      vertex -3.06147 12.9836 16.4689
      vertex -3.53831 17.0735 12.0735
      vertex -3.53831 12.8308 16.3161
    endloop
  endfacet
  facet normal -0.352029 0.661836 0.661852
    outer loop
      vertex -3.06147 17.2263 12.2263
      vertex -3.06147 12.9836 16.4689
      vertex -2.57152 17.3566 12.3566
    endloop
  endfacet
  facet normal -0.956935 0.205275 0.205276
    outer loop
      vertex -7.72741 13.4641 8.4641
      vertex -7.72741 9.22146 12.7067
      vertex -7.57544 13.8183 8.81834
    endloop
  endfacet
  facet normal -0.973879 0.160561 0.160562
    outer loop
      vertex -7.84628 13.1036 8.1036
      vertex -7.72741 9.22146 12.7067
      vertex -7.72741 13.4641 8.4641
    endloop
  endfacet
  facet normal -0.973879 0.160561 0.160562
    outer loop
      vertex -7.72741 9.22146 12.7067
      vertex -7.84628 13.1036 8.1036
      vertex -7.84628 8.86096 12.3462
    endloop
  endfacet
  facet normal -0.935899 0.249092 0.249089
    outer loop
      vertex -7.57544 13.8183 8.81834
      vertex -7.57544 9.5757 13.061
      vertex -7.39104 9.92214 13.4074
    endloop
  endfacet
  facet normal -0.935916 0.249058 0.24906
    outer loop
      vertex -7.39104 14.1648 9.16478
      vertex -7.57544 13.8183 8.81834
      vertex -7.39104 9.92214 13.4074
    endloop
  endfacet
  facet normal 0.000197659 -0.707149 0.707064
    outer loop
      vertex 7.72741 6.29326 9.77854
      vertex 7.39104 5.59257 9.07786
      vertex 7.57544 5.93902 9.4243
    endloop
  endfacet
  facet normal -0.683594 -0.516091 -0.516091
    outer loop
      vertex -5.36954 4.61944 6
      vertex -5.65685 3.75736 7.24264
      vertex -5.65685 5 6
    endloop
  endfacet
  facet normal -0.683602 -0.516083 -0.516087
    outer loop
      vertex -5.65685 3.75736 7.24264
      vertex -5.36954 4.61944 6
      vertex -5.27477 3.50431 6.98959
    endloop
  endfacet
  facet normal -0.683583 -0.516097 -0.516099
    outer loop
      vertex -5.47239 5.82962 4.92605
      vertex -5.65685 5.65685 5.34314
      vertex -5.65685 8 3
    endloop
  endfacet
  facet normal 0.00123486 -0.70703 0.707183
    outer loop
      vertex -7.84628 6.65376 10.139
      vertex -7.98287 7.38738 10.8727
      vertex -7.93156 7.01899 10.5043
    endloop
  endfacet
  facet normal -0.910861 -0.291833 -0.291833
    outer loop
      vertex -7.17498 9.49804 4.49804
      vertex -7.39104 5.59257 9.07786
      vertex -7.39104 9.83522 4.83522
    endloop
  endfacet
  facet normal -0.910858 -0.291837 -0.291837
    outer loop
      vertex -7.39104 5.59257 9.07786
      vertex -7.17498 9.49804 4.49804
      vertex -7.17498 5.2554 8.74068
    endloop
  endfacet
  facet normal -0.881924 -0.333325 -0.333325
    outer loop
      vertex -6.9282 9.17157 4.17157
      vertex -7.17498 5.2554 8.74068
      vertex -7.17498 9.49804 4.49804
    endloop
  endfacet
  facet normal -0.881924 -0.333325 -0.333325
    outer loop
      vertex -7.17498 5.2554 8.74068
      vertex -6.9282 9.17157 4.17157
      vertex -6.9282 4.92893 8.41421
    endloop
  endfacet
  facet normal -0.528114 0.600449 0.600463
    outer loop
      vertex -4.44456 16.7035 11.7035
      vertex -4 12.6563 16.1416
      vertex -4 16.899 11.899
    endloop
  endfacet
  facet normal -0.528017 0.600499 0.600499
    outer loop
      vertex -4 12.6563 16.1416
      vertex -4.44456 16.7035 11.7035
      vertex -4.44456 12.4609 15.9461
    endloop
  endfacet
  facet normal 0.000131003 -0.706994 0.70722
    outer loop
      vertex -4.44456 3.05386 6.53914
      vertex -5.65685 3.75736 7.24264
      vertex -4.87009 3.26947 6.75476
    endloop
  endfacet
  facet normal -0.582481 -0.574768 -0.574768
    outer loop
      vertex -4.44456 3.59299 6
      vertex -4.87009 3.26947 6.75476
      vertex -4.87009 4.02423 6
    endloop
  endfacet
  facet normal -0.582472 -0.574778 -0.574767
    outer loop
      vertex -4.87009 3.26947 6.75476
      vertex -4.44456 3.59299 6
      vertex -4.44456 3.05386 6.53914
    endloop
  endfacet
  facet normal -0.582481 -0.574768 -0.574768
    outer loop
      vertex -4.44456 6.65176 2.94124
      vertex -4.87009 7.51212 2.51212
      vertex -4.44456 7.2965 2.2965
    endloop
  endfacet
  facet normal -0.582476 -0.574768 -0.574773
    outer loop
      vertex -4.87009 7.51212 2.51212
      vertex -4.44456 6.65176 2.94124
      vertex -4.87009 6.34683 3.6774
    endloop
  endfacet
  facet normal -0.683627 -0.516069 -0.516069
    outer loop
      vertex -5.27477 3.50431 6.98959
      vertex -5.36954 4.61944 6
      vertex -5.27477 4.4939 6
    endloop
  endfacet
  facet normal -0.683602 -0.516085 -0.516085
    outer loop
      vertex -5.27477 6.01472 4.47918
      vertex -5.65685 8 3
      vertex -5.27477 7.74695 2.74695
    endloop
  endfacet
  facet normal -0.683607 -0.516083 -0.516082
    outer loop
      vertex -5.65685 8 3
      vertex -5.27477 6.01472 4.47918
      vertex -5.47239 5.82962 4.92605
    endloop
  endfacet
  facet normal -0.634387 -0.546605 -0.546605
    outer loop
      vertex -4.87009 4.02423 6
      vertex -5.27477 3.50431 6.98959
      vertex -5.27477 4.4939 6
    endloop
  endfacet
  facet normal -0.634387 -0.546605 -0.546605
    outer loop
      vertex -5.27477 3.50431 6.98959
      vertex -4.87009 4.02423 6
      vertex -4.87009 3.26947 6.75476
    endloop
  endfacet
  facet normal -0.634379 -0.546607 -0.546612
    outer loop
      vertex -4.87009 6.34683 3.6774
      vertex -5.27477 7.74695 2.74695
      vertex -4.87009 7.51212 2.51212
    endloop
  endfacet
  facet normal -0.634387 -0.546605 -0.546605
    outer loop
      vertex -5.27477 7.74695 2.74695
      vertex -4.87009 6.34683 3.6774
      vertex -5.27477 6.01472 4.47918
    endloop
  endfacet
  facet normal -0.000141131 -0.707213 0.707
    outer loop
      vertex -4.87009 3.26947 6.75476
      vertex -5.65685 3.75736 7.24264
      vertex -5.27477 3.50431 6.98959
    endloop
  endfacet
  facet normal -0.528075 -0.600479 -0.600468
    outer loop
      vertex -4.44456 3.59299 6
      vertex -4 2.85838 6.34366
      vertex -4.44456 3.05386 6.53914
    endloop
  endfacet
  facet normal -0.528065 -0.600478 -0.600478
    outer loop
      vertex -4 2.85838 6.34366
      vertex -4.44456 3.59299 6
      vertex -4 3.20204 6
    endloop
  endfacet
  facet normal -0.528075 -0.600473 -0.600473
    outer loop
      vertex -4.44456 7.2965 2.2965
      vertex -4 6.9282 2.27384
      vertex -4.44456 6.65176 2.94124
    endloop
  endfacet
  facet normal -0.528075 -0.600473 -0.600473
    outer loop
      vertex -4 6.9282 2.27384
      vertex -4.44456 7.2965 2.2965
      vertex -4 7.10102 2.10102
    endloop
  endfacet
  facet normal 0 -0.707107 0.707107
    outer loop
      vertex -4 2.85838 6.34366
      vertex -5.65685 3.75736 7.24264
      vertex -4.44456 3.05386 6.53914
    endloop
  endfacet
  facet normal -0.999465 -0.032714 0
    outer loop
      vertex 2.7 0 0
      vertex 2.69422 0.176588 2.5
      vertex 2.69422 0.176588 0
    endloop
  endfacet
  facet normal -0.999465 -0.032714 0
    outer loop
      vertex 2.69422 0.176588 2.5
      vertex 2.7 0 0
      vertex 2.7 0 2.5
    endloop
  endfacet
  facet normal 0.999465 -0.032714 0
    outer loop
      vertex -2.7 0 2.5
      vertex -2.69422 0.176588 0
      vertex -2.69422 0.176588 2.5
    endloop
  endfacet
  facet normal 0.999465 -0.032714 0
    outer loop
      vertex -2.69422 0.176588 0
      vertex -2.7 0 2.5
      vertex -2.7 0 0
    endloop
  endfacet
  facet normal -0.032714 -0.999465 0
    outer loop
      vertex 0 2.7 0
      vertex 0.176588 2.69422 2.5
      vertex 0 2.7 2.5
    endloop
  endfacet
  facet normal -0.032714 -0.999465 -0
    outer loop
      vertex 0.176588 2.69422 2.5
      vertex 0 2.7 0
      vertex 0.176588 2.69422 0
    endloop
  endfacet
  facet normal -0.032714 -0.999465 0
    outer loop
      vertex 0 2.7 6.1
      vertex 0.176588 2.69422 6.1795
      vertex 0 2.7 6.18528
    endloop
  endfacet
  facet normal -0.032714 -0.999465 -0
    outer loop
      vertex 0.176588 2.69422 6.1795
      vertex 0 2.7 6.1
      vertex 0.176588 2.69422 6.1
    endloop
  endfacet
  facet normal 0.032714 0.999465 -0
    outer loop
      vertex 0 -2.7 0
      vertex -0.176588 -2.69422 2.5
      vertex 0 -2.7 2.5
    endloop
  endfacet
  facet normal 0.032714 0.999465 0
    outer loop
      vertex -0.176588 -2.69422 2.5
      vertex 0 -2.7 0
      vertex -0.176588 -2.69422 0
    endloop
  endfacet
  facet normal -0.729876 -0.68358 0
    outer loop
      vertex 2.02997 1.78023 0
      vertex 1.90919 1.90919 2.5
      vertex 1.90919 1.90919 0
    endloop
  endfacet
  facet normal -0.729876 -0.68358 0
    outer loop
      vertex 1.90919 1.90919 2.5
      vertex 2.02997 1.78023 0
      vertex 2.02997 1.78023 2.5
    endloop
  endfacet
  facet normal 0.68358 -0.729876 0
    outer loop
      vertex -1.90919 1.90919 0
      vertex -1.78023 2.02997 2.5
      vertex -1.90919 1.90919 2.5
    endloop
  endfacet
  facet normal 0.68358 -0.729876 0
    outer loop
      vertex -1.78023 2.02997 2.5
      vertex -1.90919 1.90919 0
      vertex -1.78023 2.02997 0
    endloop
  endfacet
  facet normal 0.352259 -0.935903 0
    outer loop
      vertex -1.03325 2.49447 0
      vertex -0.867887 2.55671 2.5
      vertex -1.03325 2.49447 2.5
    endloop
  endfacet
  facet normal 0.352259 -0.935903 0
    outer loop
      vertex -0.867887 2.55671 2.5
      vertex -1.03325 2.49447 0
      vertex -0.867887 2.55671 0
    endloop
  endfacet
  facet normal -0.935903 -0.352259 0
    outer loop
      vertex 2.55671 0.867887 0
      vertex 2.49447 1.03325 2.5
      vertex 2.49447 1.03325 0
    endloop
  endfacet
  facet normal -0.935903 -0.352259 0
    outer loop
      vertex 2.49447 1.03325 2.5
      vertex 2.55671 0.867887 0
      vertex 2.55671 0.867887 2.5
    endloop
  endfacet
  facet normal -0.773011 -0.634393 0
    outer loop
      vertex 2.14205 1.64366 0
      vertex 2.02997 1.78023 2.5
      vertex 2.02997 1.78023 0
    endloop
  endfacet
  facet normal -0.773011 -0.634393 0
    outer loop
      vertex 2.02997 1.78023 2.5
      vertex 2.14205 1.64366 0
      vertex 2.14205 1.64366 2.5
    endloop
  endfacet
  facet normal -0.471408 -0.881915 0
    outer loop
      vertex 1.19418 2.42156 0
      vertex 1.35 2.33827 2.5
      vertex 1.19418 2.42156 2.5
    endloop
  endfacet
  facet normal -0.471408 -0.881915 -0
    outer loop
      vertex 1.35 2.33827 2.5
      vertex 1.19418 2.42156 0
      vertex 1.35 2.33827 0
    endloop
  endfacet
  facet normal 0.849204 -0.528064 0
    outer loop
      vertex -2.33827 1.35 2.5
      vertex -2.24497 1.50004 0
      vertex -2.24497 1.50004 2.5
    endloop
  endfacet
  facet normal 0.849204 -0.528064 0
    outer loop
      vertex -2.24497 1.50004 0
      vertex -2.33827 1.35 2.5
      vertex -2.33827 1.35 0
    endloop
  endfacet
  facet normal 0.812838 -0.58249 0
    outer loop
      vertex -2.24497 1.50004 2.5
      vertex -2.14205 1.64366 0
      vertex -2.14205 1.64366 2.5
    endloop
  endfacet
  facet normal 0.812838 -0.58249 0
    outer loop
      vertex -2.14205 1.64366 0
      vertex -2.24497 1.50004 2.5
      vertex -2.24497 1.50004 0
    endloop
  endfacet
  facet normal 0.634393 -0.773011 0
    outer loop
      vertex -1.78023 2.02997 0
      vertex -1.64366 2.14205 2.5
      vertex -1.78023 2.02997 2.5
    endloop
  endfacet
  facet normal 0.634393 -0.773011 0
    outer loop
      vertex -1.64366 2.14205 2.5
      vertex -1.78023 2.02997 0
      vertex -1.64366 2.14205 0
    endloop
  endfacet
  facet normal 0.162891 -0.986644 0
    outer loop
      vertex -0.526743 2.64812 0
      vertex -0.35242 2.6769 2.5
      vertex -0.526743 2.64812 2.5
    endloop
  endfacet
  facet normal 0.162891 -0.986644 0
    outer loop
      vertex -0.35242 2.6769 2.5
      vertex -0.526743 2.64812 0
      vertex -0.35242 2.6769 0
    endloop
  endfacet
  facet normal 0.162891 -0.986644 0
    outer loop
      vertex -0.35242 2.6769 6.1
      vertex -0.526743 2.64812 6.1334
      vertex -0.526743 2.64812 6.1
    endloop
  endfacet
  facet normal 0.162891 -0.986644 0
    outer loop
      vertex -0.526743 2.64812 6.1334
      vertex -0.35242 2.6769 6.1
      vertex -0.35242 2.6769 6.16218
    endloop
  endfacet
  facet normal -0.881915 0.471408 0
    outer loop
      vertex 2.33827 -1.35 0
      vertex 2.42156 -1.19418 2.5
      vertex 2.42156 -1.19418 0
    endloop
  endfacet
  facet normal -0.881915 0.471408 0
    outer loop
      vertex 2.42156 -1.19418 2.5
      vertex 2.33827 -1.35 0
      vertex 2.33827 -1.35 2.5
    endloop
  endfacet
  facet normal -0.227073 0.973878 0
    outer loop
      vertex 0.698811 -2.608 0
      vertex 0.526743 -2.64812 2.5
      vertex 0.698811 -2.608 2.5
    endloop
  endfacet
  facet normal -0.227073 0.973878 0
    outer loop
      vertex 0.526743 -2.64812 2.5
      vertex 0.698811 -2.608 0
      vertex 0.526743 -2.64812 0
    endloop
  endfacet
  facet normal -0.634393 0.773011 0
    outer loop
      vertex 1.78023 -2.02997 0
      vertex 1.64366 -2.14205 2.5
      vertex 1.78023 -2.02997 2.5
    endloop
  endfacet
  facet normal -0.634393 0.773011 0
    outer loop
      vertex 1.64366 -2.14205 2.5
      vertex 1.78023 -2.02997 0
      vertex 1.64366 -2.14205 0
    endloop
  endfacet
  facet normal 0.352259 0.935903 -0
    outer loop
      vertex -0.867887 -2.55671 0
      vertex -1.03325 -2.49447 2.5
      vertex -0.867887 -2.55671 2.5
    endloop
  endfacet
  facet normal 0.352259 0.935903 0
    outer loop
      vertex -1.03325 -2.49447 2.5
      vertex -0.867887 -2.55671 0
      vertex -1.03325 -2.49447 0
    endloop
  endfacet
  facet normal 0.773011 0.634393 0
    outer loop
      vertex -2.02997 -1.78023 2.5
      vertex -2.14205 -1.64366 0
      vertex -2.14205 -1.64366 2.5
    endloop
  endfacet
  facet normal 0.773011 0.634393 0
    outer loop
      vertex -2.14205 -1.64366 0
      vertex -2.02997 -1.78023 2.5
      vertex -2.02997 -1.78023 0
    endloop
  endfacet
  facet normal 0.812838 0.58249 0
    outer loop
      vertex -2.14205 -1.64366 2.5
      vertex -2.24497 -1.50004 0
      vertex -2.24497 -1.50004 2.5
    endloop
  endfacet
  facet normal 0.812838 0.58249 0
    outer loop
      vertex -2.24497 -1.50004 0
      vertex -2.14205 -1.64366 2.5
      vertex -2.14205 -1.64366 0
    endloop
  endfacet
  facet normal -0.986644 -0.162891 0
    outer loop
      vertex 2.6769 0.35242 0
      vertex 2.64812 0.526743 2.5
      vertex 2.64812 0.526743 0
    endloop
  endfacet
  facet normal -0.986644 -0.162891 0
    outer loop
      vertex 2.64812 0.526743 2.5
      vertex 2.6769 0.35242 0
      vertex 2.6769 0.35242 2.5
    endloop
  endfacet
  facet normal -0.995184 -0.0980287 0
    outer loop
      vertex 2.69422 0.176588 0
      vertex 2.6769 0.35242 2.5
      vertex 2.6769 0.35242 0
    endloop
  endfacet
  facet normal -0.995184 -0.0980287 0
    outer loop
      vertex 2.6769 0.35242 2.5
      vertex 2.69422 0.176588 0
      vertex 2.69422 0.176588 2.5
    endloop
  endfacet
  facet normal -0.973878 -0.227073 0
    outer loop
      vertex 2.64812 0.526743 0
      vertex 2.608 0.698811 2.5
      vertex 2.608 0.698811 0
    endloop
  endfacet
  facet normal -0.973878 -0.227073 0
    outer loop
      vertex 2.608 0.698811 2.5
      vertex 2.64812 0.526743 0
      vertex 2.64812 0.526743 2.5
    endloop
  endfacet
  facet normal -0.849204 -0.528064 0
    outer loop
      vertex 2.33827 1.35 0
      vertex 2.24497 1.50004 2.5
      vertex 2.24497 1.50004 0
    endloop
  endfacet
  facet normal -0.849204 -0.528064 0
    outer loop
      vertex 2.24497 1.50004 2.5
      vertex 2.33827 1.35 0
      vertex 2.33827 1.35 2.5
    endloop
  endfacet
  facet normal -0.227073 -0.973878 0
    outer loop
      vertex 0.526743 2.64812 0
      vertex 0.698811 2.608 2.5
      vertex 0.526743 2.64812 2.5
    endloop
  endfacet
  facet normal -0.227073 -0.973878 -0
    outer loop
      vertex 0.698811 2.608 2.5
      vertex 0.526743 2.64812 0
      vertex 0.698811 2.608 0
    endloop
  endfacet
  facet normal -0.227064 -0.97388 0
    outer loop
      vertex 0.669996 2.61472 6.1
      vertex 0.526743 2.64812 6.1334
      vertex 0.526743 2.64812 6.1
    endloop
  endfacet
  facet normal -0.352259 -0.935903 0
    outer loop
      vertex 0.867887 2.55671 0
      vertex 1.03325 2.49447 2.5
      vertex 0.867887 2.55671 2.5
    endloop
  endfacet
  facet normal -0.352259 -0.935903 -0
    outer loop
      vertex 1.03325 2.49447 2.5
      vertex 0.867887 2.55671 0
      vertex 1.03325 2.49447 0
    endloop
  endfacet
  facet normal -0.162891 -0.986644 0
    outer loop
      vertex 0.35242 2.6769 0
      vertex 0.526743 2.64812 2.5
      vertex 0.35242 2.6769 2.5
    endloop
  endfacet
  facet normal -0.162891 -0.986644 -0
    outer loop
      vertex 0.526743 2.64812 2.5
      vertex 0.35242 2.6769 0
      vertex 0.526743 2.64812 0
    endloop
  endfacet
  facet normal -0.162891 -0.986644 0
    outer loop
      vertex 0.35242 2.6769 6.1
      vertex 0.526743 2.64812 6.1334
      vertex 0.35242 2.6769 6.16218
    endloop
  endfacet
  facet normal -0.162891 -0.986644 -0
    outer loop
      vertex 0.526743 2.64812 6.1334
      vertex 0.35242 2.6769 6.1
      vertex 0.526743 2.64812 6.1
    endloop
  endfacet
  facet normal -0.58249 -0.812838 0
    outer loop
      vertex 1.50004 2.24497 0
      vertex 1.64366 2.14205 2.5
      vertex 1.50004 2.24497 2.5
    endloop
  endfacet
  facet normal -0.58249 -0.812838 -0
    outer loop
      vertex 1.64366 2.14205 2.5
      vertex 1.50004 2.24497 0
      vertex 1.64366 2.14205 0
    endloop
  endfacet
  facet normal 0.973878 -0.227073 0
    outer loop
      vertex -2.64812 0.526743 2.5
      vertex -2.608 0.698811 0
      vertex -2.608 0.698811 2.5
    endloop
  endfacet
  facet normal 0.973878 -0.227073 0
    outer loop
      vertex -2.608 0.698811 0
      vertex -2.64812 0.526743 2.5
      vertex -2.64812 0.526743 0
    endloop
  endfacet
  facet normal 0.935903 -0.352259 0
    outer loop
      vertex -2.55671 0.867887 2.5
      vertex -2.49447 1.03325 0
      vertex -2.49447 1.03325 2.5
    endloop
  endfacet
  facet normal 0.935903 -0.352259 0
    outer loop
      vertex -2.49447 1.03325 0
      vertex -2.55671 0.867887 2.5
      vertex -2.55671 0.867887 0
    endloop
  endfacet
  facet normal 0.986644 -0.162891 0
    outer loop
      vertex -2.6769 0.35242 2.5
      vertex -2.64812 0.526743 0
      vertex -2.64812 0.526743 2.5
    endloop
  endfacet
  facet normal 0.986644 -0.162891 0
    outer loop
      vertex -2.64812 0.526743 0
      vertex -2.6769 0.35242 2.5
      vertex -2.6769 0.35242 0
    endloop
  endfacet
  facet normal 0.528064 -0.849204 0
    outer loop
      vertex -1.50004 2.24497 0
      vertex -1.35 2.33827 2.5
      vertex -1.50004 2.24497 2.5
    endloop
  endfacet
  facet normal 0.528064 -0.849204 0
    outer loop
      vertex -1.35 2.33827 2.5
      vertex -1.50004 2.24497 0
      vertex -1.35 2.33827 0
    endloop
  endfacet
  facet normal 0.0980287 -0.995184 0
    outer loop
      vertex -0.35242 2.6769 0
      vertex -0.176588 2.69422 2.5
      vertex -0.35242 2.6769 2.5
    endloop
  endfacet
  facet normal 0.0980287 -0.995184 0
    outer loop
      vertex -0.176588 2.69422 2.5
      vertex -0.35242 2.6769 0
      vertex -0.176588 2.69422 0
    endloop
  endfacet
  facet normal 0.0980287 -0.995184 0
    outer loop
      vertex -0.176588 2.69422 6.1
      vertex -0.35242 2.6769 6.16218
      vertex -0.35242 2.6769 6.1
    endloop
  endfacet
  facet normal 0.0980287 -0.995184 0
    outer loop
      vertex -0.35242 2.6769 6.16218
      vertex -0.176588 2.69422 6.1
      vertex -0.176588 2.69422 6.1795
    endloop
  endfacet
  facet normal -0.471408 0.881915 0
    outer loop
      vertex 1.35 -2.33827 0
      vertex 1.19418 -2.42156 2.5
      vertex 1.35 -2.33827 2.5
    endloop
  endfacet
  facet normal -0.471408 0.881915 0
    outer loop
      vertex 1.19418 -2.42156 2.5
      vertex 1.35 -2.33827 0
      vertex 1.19418 -2.42156 0
    endloop
  endfacet
  facet normal -0.58249 0.812838 0
    outer loop
      vertex 1.64366 -2.14205 0
      vertex 1.50004 -2.24497 2.5
      vertex 1.64366 -2.14205 2.5
    endloop
  endfacet
  facet normal -0.58249 0.812838 0
    outer loop
      vertex 1.50004 -2.24497 2.5
      vertex 1.64366 -2.14205 0
      vertex 1.50004 -2.24497 0
    endloop
  endfacet
  facet normal -0.528064 0.849204 0
    outer loop
      vertex 1.50004 -2.24497 0
      vertex 1.35 -2.33827 2.5
      vertex 1.50004 -2.24497 2.5
    endloop
  endfacet
  facet normal -0.528064 0.849204 0
    outer loop
      vertex 1.35 -2.33827 2.5
      vertex 1.50004 -2.24497 0
      vertex 1.35 -2.33827 0
    endloop
  endfacet
  facet normal -0.986644 0.162891 0
    outer loop
      vertex 2.64812 -0.526743 0
      vertex 2.6769 -0.35242 2.5
      vertex 2.6769 -0.35242 0
    endloop
  endfacet
  facet normal -0.986644 0.162891 0
    outer loop
      vertex 2.6769 -0.35242 2.5
      vertex 2.64812 -0.526743 0
      vertex 2.64812 -0.526743 2.5
    endloop
  endfacet
  facet normal -0.995184 0.0980287 0
    outer loop
      vertex 2.6769 -0.35242 0
      vertex 2.69422 -0.176588 2.5
      vertex 2.69422 -0.176588 0
    endloop
  endfacet
  facet normal -0.995184 0.0980287 0
    outer loop
      vertex 2.69422 -0.176588 2.5
      vertex 2.6769 -0.35242 0
      vertex 2.6769 -0.35242 2.5
    endloop
  endfacet
  facet normal 0.58249 0.812838 -0
    outer loop
      vertex -1.50004 -2.24497 0
      vertex -1.64366 -2.14205 2.5
      vertex -1.50004 -2.24497 2.5
    endloop
  endfacet
  facet normal 0.58249 0.812838 0
    outer loop
      vertex -1.64366 -2.14205 2.5
      vertex -1.50004 -2.24497 0
      vertex -1.64366 -2.14205 0
    endloop
  endfacet
  facet normal 0.528064 0.849204 -0
    outer loop
      vertex -1.35 -2.33827 0
      vertex -1.50004 -2.24497 2.5
      vertex -1.35 -2.33827 2.5
    endloop
  endfacet
  facet normal 0.528064 0.849204 0
    outer loop
      vertex -1.50004 -2.24497 2.5
      vertex -1.35 -2.33827 0
      vertex -1.50004 -2.24497 0
    endloop
  endfacet
  facet normal 0.162891 0.986644 -0
    outer loop
      vertex -0.35242 -2.6769 0
      vertex -0.526743 -2.64812 2.5
      vertex -0.35242 -2.6769 2.5
    endloop
  endfacet
  facet normal 0.162891 0.986644 0
    outer loop
      vertex -0.526743 -2.64812 2.5
      vertex -0.35242 -2.6769 0
      vertex -0.526743 -2.64812 0
    endloop
  endfacet
  facet normal 0.910878 0.412677 0
    outer loop
      vertex -2.42156 -1.19418 2.5
      vertex -2.49447 -1.03325 0
      vertex -2.49447 -1.03325 2.5
    endloop
  endfacet
  facet normal 0.910878 0.412677 0
    outer loop
      vertex -2.49447 -1.03325 0
      vertex -2.42156 -1.19418 2.5
      vertex -2.42156 -1.19418 0
    endloop
  endfacet
  facet normal -0.956938 -0.290292 0
    outer loop
      vertex 2.608 0.698811 0
      vertex 2.55671 0.867887 2.5
      vertex 2.55671 0.867887 0
    endloop
  endfacet
  facet normal -0.956938 -0.290292 0
    outer loop
      vertex 2.55671 0.867887 2.5
      vertex 2.608 0.698811 0
      vertex 2.608 0.698811 2.5
    endloop
  endfacet
  facet normal -0.812838 -0.58249 0
    outer loop
      vertex 2.24497 1.50004 0
      vertex 2.14205 1.64366 2.5
      vertex 2.14205 1.64366 0
    endloop
  endfacet
  facet normal -0.812838 -0.58249 0
    outer loop
      vertex 2.14205 1.64366 2.5
      vertex 2.24497 1.50004 0
      vertex 2.24497 1.50004 2.5
    endloop
  endfacet
  facet normal -0.881915 -0.471408 0
    outer loop
      vertex 2.42156 1.19418 0
      vertex 2.33827 1.35 2.5
      vertex 2.33827 1.35 0
    endloop
  endfacet
  facet normal -0.881915 -0.471408 0
    outer loop
      vertex 2.33827 1.35 2.5
      vertex 2.42156 1.19418 0
      vertex 2.42156 1.19418 2.5
    endloop
  endfacet
  facet normal -0.910878 -0.412677 0
    outer loop
      vertex 2.49447 1.03325 0
      vertex 2.42156 1.19418 2.5
      vertex 2.42156 1.19418 0
    endloop
  endfacet
  facet normal -0.910878 -0.412677 0
    outer loop
      vertex 2.42156 1.19418 2.5
      vertex 2.49447 1.03325 0
      vertex 2.49447 1.03325 2.5
    endloop
  endfacet
  facet normal -0.290292 -0.956938 0
    outer loop
      vertex 0.698811 2.608 0
      vertex 0.867887 2.55671 2.5
      vertex 0.698811 2.608 2.5
    endloop
  endfacet
  facet normal -0.290292 -0.956938 -0
    outer loop
      vertex 0.867887 2.55671 2.5
      vertex 0.698811 2.608 0
      vertex 0.867887 2.55671 0
    endloop
  endfacet
  facet normal -0.0980287 -0.995184 0
    outer loop
      vertex 0.176588 2.69422 0
      vertex 0.35242 2.6769 2.5
      vertex 0.176588 2.69422 2.5
    endloop
  endfacet
  facet normal -0.0980287 -0.995184 -0
    outer loop
      vertex 0.35242 2.6769 2.5
      vertex 0.176588 2.69422 0
      vertex 0.35242 2.6769 0
    endloop
  endfacet
  facet normal -0.0980287 -0.995184 0
    outer loop
      vertex 0.176588 2.69422 6.1
      vertex 0.35242 2.6769 6.16218
      vertex 0.176588 2.69422 6.1795
    endloop
  endfacet
  facet normal -0.0980287 -0.995184 -0
    outer loop
      vertex 0.35242 2.6769 6.16218
      vertex 0.176588 2.69422 6.1
      vertex 0.35242 2.6769 6.1
    endloop
  endfacet
  facet normal -0.412677 -0.910878 0
    outer loop
      vertex 1.03325 2.49447 0
      vertex 1.19418 2.42156 2.5
      vertex 1.03325 2.49447 2.5
    endloop
  endfacet
  facet normal -0.412677 -0.910878 -0
    outer loop
      vertex 1.19418 2.42156 2.5
      vertex 1.03325 2.49447 0
      vertex 1.19418 2.42156 0
    endloop
  endfacet
  facet normal -0.528064 -0.849204 0
    outer loop
      vertex 1.35 2.33827 0
      vertex 1.50004 2.24497 2.5
      vertex 1.35 2.33827 2.5
    endloop
  endfacet
  facet normal -0.528064 -0.849204 -0
    outer loop
      vertex 1.50004 2.24497 2.5
      vertex 1.35 2.33827 0
      vertex 1.50004 2.24497 0
    endloop
  endfacet
  facet normal -0.634393 -0.773011 0
    outer loop
      vertex 1.64366 2.14205 0
      vertex 1.78023 2.02997 2.5
      vertex 1.64366 2.14205 2.5
    endloop
  endfacet
  facet normal -0.634393 -0.773011 -0
    outer loop
      vertex 1.78023 2.02997 2.5
      vertex 1.64366 2.14205 0
      vertex 1.78023 2.02997 0
    endloop
  endfacet
  facet normal -0.68358 -0.729876 0
    outer loop
      vertex 1.78023 2.02997 0
      vertex 1.90919 1.90919 2.5
      vertex 1.78023 2.02997 2.5
    endloop
  endfacet
  facet normal -0.68358 -0.729876 -0
    outer loop
      vertex 1.90919 1.90919 2.5
      vertex 1.78023 2.02997 0
      vertex 1.90919 1.90919 0
    endloop
  endfacet
  facet normal 0.773011 -0.634393 0
    outer loop
      vertex -2.14205 1.64366 2.5
      vertex -2.02997 1.78023 0
      vertex -2.02997 1.78023 2.5
    endloop
  endfacet
  facet normal 0.773011 -0.634393 0
    outer loop
      vertex -2.02997 1.78023 0
      vertex -2.14205 1.64366 2.5
      vertex -2.14205 1.64366 0
    endloop
  endfacet
  facet normal 0.910878 -0.412677 0
    outer loop
      vertex -2.49447 1.03325 2.5
      vertex -2.42156 1.19418 0
      vertex -2.42156 1.19418 2.5
    endloop
  endfacet
  facet normal 0.910878 -0.412677 0
    outer loop
      vertex -2.42156 1.19418 0
      vertex -2.49447 1.03325 2.5
      vertex -2.49447 1.03325 0
    endloop
  endfacet
  facet normal 0.881915 -0.471408 0
    outer loop
      vertex -2.42156 1.19418 2.5
      vertex -2.33827 1.35 0
      vertex -2.33827 1.35 2.5
    endloop
  endfacet
  facet normal 0.881915 -0.471408 0
    outer loop
      vertex -2.33827 1.35 0
      vertex -2.42156 1.19418 2.5
      vertex -2.42156 1.19418 0
    endloop
  endfacet
  facet normal 0.956938 -0.290292 0
    outer loop
      vertex -2.608 0.698811 2.5
      vertex -2.55671 0.867887 0
      vertex -2.55671 0.867887 2.5
    endloop
  endfacet
  facet normal 0.956938 -0.290292 0
    outer loop
      vertex -2.55671 0.867887 0
      vertex -2.608 0.698811 2.5
      vertex -2.608 0.698811 0
    endloop
  endfacet
  facet normal 0.995184 -0.0980287 0
    outer loop
      vertex -2.69422 0.176588 2.5
      vertex -2.6769 0.35242 0
      vertex -2.6769 0.35242 2.5
    endloop
  endfacet
  facet normal 0.995184 -0.0980287 0
    outer loop
      vertex -2.6769 0.35242 0
      vertex -2.69422 0.176588 2.5
      vertex -2.69422 0.176588 0
    endloop
  endfacet
  facet normal 0.412677 -0.910878 0
    outer loop
      vertex -1.19418 2.42156 0
      vertex -1.03325 2.49447 2.5
      vertex -1.19418 2.42156 2.5
    endloop
  endfacet
  facet normal 0.412677 -0.910878 0
    outer loop
      vertex -1.03325 2.49447 2.5
      vertex -1.19418 2.42156 0
      vertex -1.03325 2.49447 0
    endloop
  endfacet
  facet normal 0.58249 -0.812838 0
    outer loop
      vertex -1.64366 2.14205 0
      vertex -1.50004 2.24497 2.5
      vertex -1.64366 2.14205 2.5
    endloop
  endfacet
  facet normal 0.58249 -0.812838 0
    outer loop
      vertex -1.50004 2.24497 2.5
      vertex -1.64366 2.14205 0
      vertex -1.50004 2.24497 0
    endloop
  endfacet
  facet normal 0.471408 -0.881915 0
    outer loop
      vertex -1.35 2.33827 0
      vertex -1.19418 2.42156 2.5
      vertex -1.35 2.33827 2.5
    endloop
  endfacet
  facet normal 0.471408 -0.881915 0
    outer loop
      vertex -1.19418 2.42156 2.5
      vertex -1.35 2.33827 0
      vertex -1.19418 2.42156 0
    endloop
  endfacet
  facet normal 0.227073 -0.973878 0
    outer loop
      vertex -0.698811 2.608 0
      vertex -0.526743 2.64812 2.5
      vertex -0.698811 2.608 2.5
    endloop
  endfacet
  facet normal 0.227073 -0.973878 0
    outer loop
      vertex -0.526743 2.64812 2.5
      vertex -0.698811 2.608 0
      vertex -0.526743 2.64812 0
    endloop
  endfacet
  facet normal 0.227064 -0.97388 0
    outer loop
      vertex -0.526743 2.64812 6.1
      vertex -0.526743 2.64812 6.1334
      vertex -0.669996 2.61472 6.1
    endloop
  endfacet
  facet normal 0.290292 -0.956938 0
    outer loop
      vertex -0.867887 2.55671 0
      vertex -0.698811 2.608 2.5
      vertex -0.867887 2.55671 2.5
    endloop
  endfacet
  facet normal 0.290292 -0.956938 0
    outer loop
      vertex -0.698811 2.608 2.5
      vertex -0.867887 2.55671 0
      vertex -0.698811 2.608 0
    endloop
  endfacet
  facet normal 0.032714 -0.999465 0
    outer loop
      vertex -0.176588 2.69422 0
      vertex 0 2.7 2.5
      vertex -0.176588 2.69422 2.5
    endloop
  endfacet
  facet normal 0.032714 -0.999465 0
    outer loop
      vertex 0 2.7 2.5
      vertex -0.176588 2.69422 0
      vertex 0 2.7 0
    endloop
  endfacet
  facet normal 0.032714 -0.999465 0
    outer loop
      vertex 0 2.7 6.1
      vertex -0.176588 2.69422 6.1795
      vertex -0.176588 2.69422 6.1
    endloop
  endfacet
  facet normal 0.032714 -0.999465 0
    outer loop
      vertex -0.176588 2.69422 6.1795
      vertex 0 2.7 6.1
      vertex 0 2.7 6.18528
    endloop
  endfacet
  facet normal -0.999465 0.032714 0
    outer loop
      vertex 2.69422 -0.176588 0
      vertex 2.7 0 2.5
      vertex 2.7 0 0
    endloop
  endfacet
  facet normal -0.999465 0.032714 0
    outer loop
      vertex 2.7 0 2.5
      vertex 2.69422 -0.176588 0
      vertex 2.69422 -0.176588 2.5
    endloop
  endfacet
  facet normal -0.032714 0.999465 0
    outer loop
      vertex 0.176588 -2.69422 0
      vertex 0 -2.7 2.5
      vertex 0.176588 -2.69422 2.5
    endloop
  endfacet
  facet normal -0.032714 0.999465 0
    outer loop
      vertex 0 -2.7 2.5
      vertex 0.176588 -2.69422 0
      vertex 0 -2.7 0
    endloop
  endfacet
  facet normal -0.162891 0.986644 0
    outer loop
      vertex 0.526743 -2.64812 0
      vertex 0.35242 -2.6769 2.5
      vertex 0.526743 -2.64812 2.5
    endloop
  endfacet
  facet normal -0.162891 0.986644 0
    outer loop
      vertex 0.35242 -2.6769 2.5
      vertex 0.526743 -2.64812 0
      vertex 0.35242 -2.6769 0
    endloop
  endfacet
  facet normal -0.352259 0.935903 0
    outer loop
      vertex 1.03325 -2.49447 0
      vertex 0.867887 -2.55671 2.5
      vertex 1.03325 -2.49447 2.5
    endloop
  endfacet
  facet normal -0.352259 0.935903 0
    outer loop
      vertex 0.867887 -2.55671 2.5
      vertex 1.03325 -2.49447 0
      vertex 0.867887 -2.55671 0
    endloop
  endfacet
  facet normal -0.68358 0.729876 0
    outer loop
      vertex 1.90919 -1.90919 0
      vertex 1.78023 -2.02997 2.5
      vertex 1.90919 -1.90919 2.5
    endloop
  endfacet
  facet normal -0.68358 0.729876 0
    outer loop
      vertex 1.78023 -2.02997 2.5
      vertex 1.90919 -1.90919 0
      vertex 1.78023 -2.02997 0
    endloop
  endfacet
  facet normal -0.412677 0.910878 0
    outer loop
      vertex 1.19418 -2.42156 0
      vertex 1.03325 -2.49447 2.5
      vertex 1.19418 -2.42156 2.5
    endloop
  endfacet
  facet normal -0.412677 0.910878 0
    outer loop
      vertex 1.03325 -2.49447 2.5
      vertex 1.19418 -2.42156 0
      vertex 1.03325 -2.49447 0
    endloop
  endfacet
  facet normal -0.729876 0.68358 0
    outer loop
      vertex 1.90919 -1.90919 0
      vertex 2.02997 -1.78023 2.5
      vertex 2.02997 -1.78023 0
    endloop
  endfacet
  facet normal -0.729876 0.68358 0
    outer loop
      vertex 2.02997 -1.78023 2.5
      vertex 1.90919 -1.90919 0
      vertex 1.90919 -1.90919 2.5
    endloop
  endfacet
  facet normal -0.812838 0.58249 0
    outer loop
      vertex 2.14205 -1.64366 0
      vertex 2.24497 -1.50004 2.5
      vertex 2.24497 -1.50004 0
    endloop
  endfacet
  facet normal -0.812838 0.58249 0
    outer loop
      vertex 2.24497 -1.50004 2.5
      vertex 2.14205 -1.64366 0
      vertex 2.14205 -1.64366 2.5
    endloop
  endfacet
  facet normal -0.935903 0.352259 0
    outer loop
      vertex 2.49447 -1.03325 0
      vertex 2.55671 -0.867887 2.5
      vertex 2.55671 -0.867887 0
    endloop
  endfacet
  facet normal -0.935903 0.352259 0
    outer loop
      vertex 2.55671 -0.867887 2.5
      vertex 2.49447 -1.03325 0
      vertex 2.49447 -1.03325 2.5
    endloop
  endfacet
  facet normal -0.956938 0.290292 0
    outer loop
      vertex 2.55671 -0.867887 0
      vertex 2.608 -0.698811 2.5
      vertex 2.608 -0.698811 0
    endloop
  endfacet
  facet normal -0.956938 0.290292 0
    outer loop
      vertex 2.608 -0.698811 2.5
      vertex 2.55671 -0.867887 0
      vertex 2.55671 -0.867887 2.5
    endloop
  endfacet
  facet normal -0.973878 0.227073 0
    outer loop
      vertex 2.608 -0.698811 0
      vertex 2.64812 -0.526743 2.5
      vertex 2.64812 -0.526743 0
    endloop
  endfacet
  facet normal -0.973878 0.227073 0
    outer loop
      vertex 2.64812 -0.526743 2.5
      vertex 2.608 -0.698811 0
      vertex 2.608 -0.698811 2.5
    endloop
  endfacet
  facet normal 0.68358 0.729876 -0
    outer loop
      vertex -1.78023 -2.02997 0
      vertex -1.90919 -1.90919 2.5
      vertex -1.78023 -2.02997 2.5
    endloop
  endfacet
  facet normal 0.68358 0.729876 0
    outer loop
      vertex -1.90919 -1.90919 2.5
      vertex -1.78023 -2.02997 0
      vertex -1.90919 -1.90919 0
    endloop
  endfacet
  facet normal 0.634393 0.773011 -0
    outer loop
      vertex -1.64366 -2.14205 0
      vertex -1.78023 -2.02997 2.5
      vertex -1.64366 -2.14205 2.5
    endloop
  endfacet
  facet normal 0.634393 0.773011 0
    outer loop
      vertex -1.78023 -2.02997 2.5
      vertex -1.64366 -2.14205 0
      vertex -1.78023 -2.02997 0
    endloop
  endfacet
  facet normal 0.471408 0.881915 -0
    outer loop
      vertex -1.19418 -2.42156 0
      vertex -1.35 -2.33827 2.5
      vertex -1.19418 -2.42156 2.5
    endloop
  endfacet
  facet normal 0.471408 0.881915 0
    outer loop
      vertex -1.35 -2.33827 2.5
      vertex -1.19418 -2.42156 0
      vertex -1.35 -2.33827 0
    endloop
  endfacet
  facet normal 0.290292 0.956938 -0
    outer loop
      vertex -0.698811 -2.608 0
      vertex -0.867887 -2.55671 2.5
      vertex -0.698811 -2.608 2.5
    endloop
  endfacet
  facet normal 0.290292 0.956938 0
    outer loop
      vertex -0.867887 -2.55671 2.5
      vertex -0.698811 -2.608 0
      vertex -0.867887 -2.55671 0
    endloop
  endfacet
  facet normal 0.0980287 0.995184 -0
    outer loop
      vertex -0.176588 -2.69422 0
      vertex -0.35242 -2.6769 2.5
      vertex -0.176588 -2.69422 2.5
    endloop
  endfacet
  facet normal 0.0980287 0.995184 0
    outer loop
      vertex -0.35242 -2.6769 2.5
      vertex -0.176588 -2.69422 0
      vertex -0.35242 -2.6769 0
    endloop
  endfacet
  facet normal 0.729876 0.68358 0
    outer loop
      vertex -1.90919 -1.90919 2.5
      vertex -2.02997 -1.78023 0
      vertex -2.02997 -1.78023 2.5
    endloop
  endfacet
  facet normal 0.729876 0.68358 0
    outer loop
      vertex -2.02997 -1.78023 0
      vertex -1.90919 -1.90919 2.5
      vertex -1.90919 -1.90919 0
    endloop
  endfacet
  facet normal 0.849204 0.528064 0
    outer loop
      vertex -2.24497 -1.50004 2.5
      vertex -2.33827 -1.35 0
      vertex -2.33827 -1.35 2.5
    endloop
  endfacet
  facet normal 0.849204 0.528064 0
    outer loop
      vertex -2.33827 -1.35 0
      vertex -2.24497 -1.50004 2.5
      vertex -2.24497 -1.50004 0
    endloop
  endfacet
  facet normal 0.973878 0.227073 0
    outer loop
      vertex -2.608 -0.698811 2.5
      vertex -2.64812 -0.526743 0
      vertex -2.64812 -0.526743 2.5
    endloop
  endfacet
  facet normal 0.973878 0.227073 0
    outer loop
      vertex -2.64812 -0.526743 0
      vertex -2.608 -0.698811 2.5
      vertex -2.608 -0.698811 0
    endloop
  endfacet
  facet normal 0.935903 0.352259 0
    outer loop
      vertex -2.49447 -1.03325 2.5
      vertex -2.55671 -0.867887 0
      vertex -2.55671 -0.867887 2.5
    endloop
  endfacet
  facet normal 0.935903 0.352259 0
    outer loop
      vertex -2.55671 -0.867887 0
      vertex -2.49447 -1.03325 2.5
      vertex -2.49447 -1.03325 0
    endloop
  endfacet
  facet normal 0.986644 0.162891 0
    outer loop
      vertex -2.64812 -0.526743 2.5
      vertex -2.6769 -0.35242 0
      vertex -2.6769 -0.35242 2.5
    endloop
  endfacet
  facet normal 0.986644 0.162891 0
    outer loop
      vertex -2.6769 -0.35242 0
      vertex -2.64812 -0.526743 2.5
      vertex -2.64812 -0.526743 0
    endloop
  endfacet
  facet normal 0.999465 0.032714 0
    outer loop
      vertex -2.69422 -0.176588 2.5
      vertex -2.7 0 0
      vertex -2.7 0 2.5
    endloop
  endfacet
  facet normal 0.999465 0.032714 0
    outer loop
      vertex -2.7 0 0
      vertex -2.69422 -0.176588 2.5
      vertex -2.69422 -0.176588 0
    endloop
  endfacet
  facet normal 0.729876 -0.68358 0
    outer loop
      vertex -2.02997 1.78023 2.5
      vertex -1.90919 1.90919 0
      vertex -1.90919 1.90919 2.5
    endloop
  endfacet
  facet normal 0.729876 -0.68358 0
    outer loop
      vertex -1.90919 1.90919 0
      vertex -2.02997 1.78023 2.5
      vertex -2.02997 1.78023 0
    endloop
  endfacet
  facet normal -0.0980287 0.995184 0
    outer loop
      vertex 0.35242 -2.6769 0
      vertex 0.176588 -2.69422 2.5
      vertex 0.35242 -2.6769 2.5
    endloop
  endfacet
  facet normal -0.0980287 0.995184 0
    outer loop
      vertex 0.176588 -2.69422 2.5
      vertex 0.35242 -2.6769 0
      vertex 0.176588 -2.69422 0
    endloop
  endfacet
  facet normal -0.290292 0.956938 0
    outer loop
      vertex 0.867887 -2.55671 0
      vertex 0.698811 -2.608 2.5
      vertex 0.867887 -2.55671 2.5
    endloop
  endfacet
  facet normal -0.290292 0.956938 0
    outer loop
      vertex 0.698811 -2.608 2.5
      vertex 0.867887 -2.55671 0
      vertex 0.698811 -2.608 0
    endloop
  endfacet
  facet normal -0.849204 0.528064 0
    outer loop
      vertex 2.24497 -1.50004 0
      vertex 2.33827 -1.35 2.5
      vertex 2.33827 -1.35 0
    endloop
  endfacet
  facet normal -0.849204 0.528064 0
    outer loop
      vertex 2.33827 -1.35 2.5
      vertex 2.24497 -1.50004 0
      vertex 2.24497 -1.50004 2.5
    endloop
  endfacet
  facet normal -0.773011 0.634393 0
    outer loop
      vertex 2.02997 -1.78023 0
      vertex 2.14205 -1.64366 2.5
      vertex 2.14205 -1.64366 0
    endloop
  endfacet
  facet normal -0.773011 0.634393 0
    outer loop
      vertex 2.14205 -1.64366 2.5
      vertex 2.02997 -1.78023 0
      vertex 2.02997 -1.78023 2.5
    endloop
  endfacet
  facet normal -0.910878 0.412677 0
    outer loop
      vertex 2.42156 -1.19418 0
      vertex 2.49447 -1.03325 2.5
      vertex 2.49447 -1.03325 0
    endloop
  endfacet
  facet normal -0.910878 0.412677 0
    outer loop
      vertex 2.49447 -1.03325 2.5
      vertex 2.42156 -1.19418 0
      vertex 2.42156 -1.19418 2.5
    endloop
  endfacet
  facet normal 0.412677 0.910878 -0
    outer loop
      vertex -1.03325 -2.49447 0
      vertex -1.19418 -2.42156 2.5
      vertex -1.03325 -2.49447 2.5
    endloop
  endfacet
  facet normal 0.412677 0.910878 0
    outer loop
      vertex -1.19418 -2.42156 2.5
      vertex -1.03325 -2.49447 0
      vertex -1.19418 -2.42156 0
    endloop
  endfacet
  facet normal 0.227073 0.973878 -0
    outer loop
      vertex -0.526743 -2.64812 0
      vertex -0.698811 -2.608 2.5
      vertex -0.526743 -2.64812 2.5
    endloop
  endfacet
  facet normal 0.227073 0.973878 0
    outer loop
      vertex -0.698811 -2.608 2.5
      vertex -0.526743 -2.64812 0
      vertex -0.698811 -2.608 0
    endloop
  endfacet
  facet normal 0.881915 0.471408 0
    outer loop
      vertex -2.33827 -1.35 2.5
      vertex -2.42156 -1.19418 0
      vertex -2.42156 -1.19418 2.5
    endloop
  endfacet
  facet normal 0.881915 0.471408 0
    outer loop
      vertex -2.42156 -1.19418 0
      vertex -2.33827 -1.35 2.5
      vertex -2.33827 -1.35 0
    endloop
  endfacet
  facet normal 0.956938 0.290292 0
    outer loop
      vertex -2.55671 -0.867887 2.5
      vertex -2.608 -0.698811 0
      vertex -2.608 -0.698811 2.5
    endloop
  endfacet
  facet normal 0.956938 0.290292 0
    outer loop
      vertex -2.608 -0.698811 0
      vertex -2.55671 -0.867887 2.5
      vertex -2.55671 -0.867887 0
    endloop
  endfacet
  facet normal 0.995184 0.0980287 0
    outer loop
      vertex -2.6769 -0.35242 2.5
      vertex -2.69422 -0.176588 0
      vertex -2.69422 -0.176588 2.5
    endloop
  endfacet
  facet normal 0.995184 0.0980287 0
    outer loop
      vertex -2.69422 -0.176588 0
      vertex -2.6769 -0.35242 2.5
      vertex -2.6769 -0.35242 0
    endloop
  endfacet
  facet normal -0.999465 -0.0231326 -0.0231326
    outer loop
      vertex 2.7 9.5322 9.4678
      vertex 2.69422 7.88223 11.3675
      vertex 2.69422 9.65706 9.59267
    endloop
  endfacet
  facet normal -0.999465 -0.0231286 -0.0231292
    outer loop
      vertex 2.69422 7.88223 11.3675
      vertex 2.7 9.5322 9.4678
      vertex 2.7 7.75736 11.2426
    endloop
  endfacet
  facet normal 0.0327374 0.706728 0.706728
    outer loop
      vertex 0 5.84817 9.33345
      vertex -0.176588 7.6271 7.5627
      vertex -0.176588 5.85226 9.33754
    endloop
  endfacet
  facet normal 0.0327374 0.706728 0.706728
    outer loop
      vertex -0.176588 7.6271 7.5627
      vertex 0 5.84817 9.33345
      vertex 0 7.62301 7.55861
    endloop
  endfacet
  facet normal -0.995184 -0.0693143 -0.0693159
    outer loop
      vertex 2.69422 9.65706 9.59267
      vertex 2.6769 8.00656 11.4918
      vertex 2.6769 9.7814 9.717
    endloop
  endfacet
  facet normal -0.995182 -0.0693261 -0.0693261
    outer loop
      vertex 2.6769 8.00656 11.4918
      vertex 2.69422 9.65706 9.59267
      vertex 2.69422 7.88223 11.3675
    endloop
  endfacet
  facet normal -0.0327774 -0.706717 -0.706737
    outer loop
      vertex 0 11.4414 11.377
      vertex 0.176588 9.66246 13.1477
      vertex 0 9.66655 13.1518
    endloop
  endfacet
  facet normal -0.0328174 -0.706718 -0.706734
    outer loop
      vertex 0.176588 9.66246 13.1477
      vertex 0 11.4414 11.377
      vertex 0.176588 11.4373 11.3729
    endloop
  endfacet
  facet normal 0.935874 -0.249144 -0.249134
    outer loop
      vertex -2.49447 8.48797 11.9733
      vertex -2.55671 10.1459 10.0815
      vertex -2.49447 10.2628 10.1984
    endloop
  endfacet
  facet normal 0.935933 -0.249024 -0.249031
    outer loop
      vertex -2.55671 10.1459 10.0815
      vertex -2.49447 8.48797 11.9733
      vertex -2.55671 8.37105 11.8563
    endloop
  endfacet
  facet normal -0.528075 0.600475 0.600472
    outer loop
      vertex 1.50004 7.94476 7.88037
      vertex 1.35 6.10395 9.58924
      vertex 1.50004 6.16993 9.65521
    endloop
  endfacet
  facet normal -0.528047 0.600486 0.600486
    outer loop
      vertex 1.35 6.10395 9.58924
      vertex 1.50004 7.94476 7.88037
      vertex 1.35 7.87879 7.8144
    endloop
  endfacet
  facet normal -0.986644 -0.115181 -0.115182
    outer loop
      vertex 2.6769 9.7814 9.717
      vertex 2.64812 8.12982 11.6151
      vertex 2.64812 9.90466 9.84027
    endloop
  endfacet
  facet normal -0.986647 -0.115166 -0.115169
    outer loop
      vertex 2.64812 8.12982 11.6151
      vertex 2.6769 9.7814 9.717
      vertex 2.6769 8.00656 11.4918
    endloop
  endfacet
  facet normal 0.0327774 -0.706717 -0.706737
    outer loop
      vertex -0.176588 9.66246 13.1477
      vertex 0 11.4414 11.377
      vertex 0 9.66655 13.1518
    endloop
  endfacet
  facet normal 0.0328174 -0.706718 -0.706734
    outer loop
      vertex 0 11.4414 11.377
      vertex -0.176588 9.66246 13.1477
      vertex -0.176588 11.4373 11.3729
    endloop
  endfacet
  facet normal 0.352222 -0.66178 -0.661806
    outer loop
      vertex -1.03325 9.52122 13.0065
      vertex -0.867887 11.3401 11.2757
      vertex -0.867887 9.56523 13.0505
    endloop
  endfacet
  facet normal 0.352186 -0.661787 -0.661817
    outer loop
      vertex -0.867887 11.3401 11.2757
      vertex -1.03325 9.52122 13.0065
      vertex -1.03325 11.2961 11.2317
    endloop
  endfacet
  facet normal -0.935898 0.249096 0.249089
    outer loop
      vertex 2.49447 8.80158 8.73719
      vertex 2.55671 7.14367 10.629
      vertex 2.55671 8.91851 8.85411
    endloop
  endfacet
  facet normal -0.935938 0.249016 0.24902
    outer loop
      vertex 2.55671 7.14367 10.629
      vertex 2.49447 8.80158 8.73719
      vertex 2.49447 7.02674 10.512
    endloop
  endfacet
  facet normal -0.0327374 0.706728 0.706728
    outer loop
      vertex 0.176588 7.6271 7.5627
      vertex 0 5.84817 9.33345
      vertex 0.176588 5.85226 9.33754
    endloop
  endfacet
  facet normal -0.0327374 0.706728 0.706728
    outer loop
      vertex 0 5.84817 9.33345
      vertex 0.176588 7.6271 7.5627
      vertex 0 7.62301 7.55861
    endloop
  endfacet
  facet normal -0.63462 -0.546457 -0.546482
    outer loop
      vertex 1.78023 10.9676 10.9032
      vertex 1.64366 9.27202 12.7573
      vertex 1.64366 11.0469 10.9825
    endloop
  endfacet
  facet normal -0.634524 -0.546519 -0.546531
    outer loop
      vertex 1.64366 9.27202 12.7573
      vertex 1.78023 10.9676 10.9032
      vertex 1.78023 9.19276 12.678
    endloop
  endfacet
  facet normal 0.729919 -0.483326 -0.483337
    outer loop
      vertex -1.90919 9.10736 12.5926
      vertex -2.02997 10.791 10.7266
      vertex -1.90919 10.8822 10.8178
    endloop
  endfacet
  facet normal 0.729713 -0.483496 -0.483477
    outer loop
      vertex -2.02997 10.791 10.7266
      vertex -1.90919 9.10736 12.5926
      vertex -2.02997 9.01617 12.5015
    endloop
  endfacet
  facet normal 0.471439 -0.623589 -0.623603
    outer loop
      vertex -1.35 9.41076 12.896
      vertex -1.19418 11.2445 11.1801
      vertex -1.19418 9.46966 12.9549
    endloop
  endfacet
  facet normal 0.471439 -0.623589 -0.623603
    outer loop
      vertex -1.19418 11.2445 11.1801
      vertex -1.35 9.41076 12.896
      vertex -1.35 11.1856 11.1212
    endloop
  endfacet
  facet normal -0.881913 0.333337 0.333341
    outer loop
      vertex 2.33827 8.5776 8.51321
      vertex 2.42156 6.91295 10.3982
      vertex 2.42156 8.68778 8.62339
    endloop
  endfacet
  facet normal -0.88194 0.333299 0.333308
    outer loop
      vertex 2.42156 6.91295 10.3982
      vertex 2.33827 8.5776 8.51321
      vertex 2.33827 6.80276 10.288
    endloop
  endfacet
  facet normal 0.352257 0.661784 0.661784
    outer loop
      vertex -0.867887 5.94949 9.43477
      vertex -1.03325 7.76834 7.70394
      vertex -1.03325 5.9935 9.47878
    endloop
  endfacet
  facet normal 0.352222 0.661791 0.661795
    outer loop
      vertex -1.03325 7.76834 7.70394
      vertex -0.867887 5.94949 9.43477
      vertex -0.867887 7.72433 7.65994
    endloop
  endfacet
  facet normal 0.935898 0.249096 0.249089
    outer loop
      vertex -2.55671 7.14367 10.629
      vertex -2.49447 8.80158 8.73719
      vertex -2.55671 8.91851 8.85411
    endloop
  endfacet
  facet normal 0.935938 0.249016 0.24902
    outer loop
      vertex -2.49447 8.80158 8.73719
      vertex -2.55671 7.14367 10.629
      vertex -2.49447 7.02674 10.512
    endloop
  endfacet
  facet normal 0.986644 -0.115181 -0.115182
    outer loop
      vertex -2.64812 8.12982 11.6151
      vertex -2.6769 9.7814 9.717
      vertex -2.64812 9.90466 9.84027
    endloop
  endfacet
  facet normal 0.986647 -0.115166 -0.115169
    outer loop
      vertex -2.6769 9.7814 9.717
      vertex -2.64812 8.12982 11.6151
      vertex -2.6769 8.00656 11.4918
    endloop
  endfacet
  facet normal -0.527845 -0.600568 -0.600582
    outer loop
      vertex 1.35 11.1856 11.1212
      vertex 1.50004 9.34479 12.8301
      vertex 1.35 9.41076 12.896
    endloop
  endfacet
  facet normal -0.52822 -0.600425 -0.600395
    outer loop
      vertex 1.50004 9.34479 12.8301
      vertex 1.35 11.1856 11.1212
      vertex 1.50004 11.1196 11.0552
    endloop
  endfacet
  facet normal 0.956955 -0.205225 -0.20523
    outer loop
      vertex -2.55671 8.37105 11.8563
      vertex -2.608 10.0263 9.96194
      vertex -2.55671 10.1459 10.0815
    endloop
  endfacet
  facet normal 0.956921 -0.205309 -0.205303
    outer loop
      vertex -2.608 10.0263 9.96194
      vertex -2.55671 8.37105 11.8563
      vertex -2.608 8.25149 11.7368
    endloop
  endfacet
  facet normal 0.812689 -0.412041 -0.412018
    outer loop
      vertex -2.14205 8.9196 12.4049
      vertex -2.24497 10.5929 10.5285
      vertex -2.14205 10.6944 10.63
    endloop
  endfacet
  facet normal 0.812893 -0.411823 -0.411834
    outer loop
      vertex -2.24497 10.5929 10.5285
      vertex -2.14205 8.9196 12.4049
      vertex -2.24497 8.81805 12.3033
    endloop
  endfacet
  facet normal 0.849217 -0.373378 -0.373389
    outer loop
      vertex -2.24497 8.81805 12.3033
      vertex -2.33827 10.4868 10.4224
      vertex -2.24497 10.5929 10.5285
    endloop
  endfacet
  facet normal 0.849217 -0.373378 -0.373389
    outer loop
      vertex -2.33827 10.4868 10.4224
      vertex -2.24497 8.81805 12.3033
      vertex -2.33827 8.71195 12.1972
    endloop
  endfacet
  facet normal 0.773109 -0.448508 -0.44849
    outer loop
      vertex -2.02997 9.01617 12.5015
      vertex -2.14205 10.6944 10.63
      vertex -2.02997 10.791 10.7266
    endloop
  endfacet
  facet normal 0.77306 -0.448553 -0.448528
    outer loop
      vertex -2.14205 10.6944 10.63
      vertex -2.02997 9.01617 12.5015
      vertex -2.14205 8.9196 12.4049
    endloop
  endfacet
  facet normal 0.163081 -0.697633 -0.697648
    outer loop
      vertex -0.526743 11.4047 11.3403
      vertex -0.35242 9.65021 13.1355
      vertex -0.526743 9.62986 13.1151
    endloop
  endfacet
  facet normal 0.163276 -0.6976 -0.697635
    outer loop
      vertex -0.35242 9.65021 13.1355
      vertex -0.526743 11.4047 11.3403
      vertex -0.35242 11.4251 11.3607
    endloop
  endfacet
  facet normal 0.582091 -0.57498 -0.574951
    outer loop
      vertex -1.50004 9.34479 12.8301
      vertex -1.64366 11.0469 10.9825
      vertex -1.50004 11.1196 11.0552
    endloop
  endfacet
  facet normal 0.582541 -0.574724 -0.57475
    outer loop
      vertex -1.64366 11.0469 10.9825
      vertex -1.50004 9.34479 12.8301
      vertex -1.64366 9.27202 12.7573
    endloop
  endfacet
  facet normal 0.986644 0.11518 0.115182
    outer loop
      vertex -2.6769 7.50816 10.9934
      vertex -2.64812 9.15973 9.09534
      vertex -2.6769 9.283 9.2186
    endloop
  endfacet
  facet normal 0.986637 0.115214 0.115212
    outer loop
      vertex -2.64812 9.15973 9.09534
      vertex -2.6769 7.50816 10.9934
      vertex -2.64812 7.3849 10.8702
    endloop
  endfacet
  facet normal 0.995184 0.0693155 0.0693147
    outer loop
      vertex -2.69422 7.63249 11.1178
      vertex -2.6769 9.283 9.2186
      vertex -2.69422 9.40733 9.34294
    endloop
  endfacet
  facet normal 0.995186 0.0692978 0.0692993
    outer loop
      vertex -2.6769 9.283 9.2186
      vertex -2.69422 7.63249 11.1178
      vertex -2.6769 7.50816 10.9934
    endloop
  endfacet
  facet normal 0.973878 0.160567 0.160564
    outer loop
      vertex -2.64812 7.3849 10.8702
      vertex -2.608 9.03806 8.97367
      vertex -2.64812 9.15973 9.09534
    endloop
  endfacet
  facet normal 0.973886 0.16054 0.160541
    outer loop
      vertex -2.608 9.03806 8.97367
      vertex -2.64812 7.3849 10.8702
      vertex -2.608 7.26322 10.7485
    endloop
  endfacet
  facet normal 0.999465 0.0231323 0.0231329
    outer loop
      vertex -2.7 7.75736 11.2426
      vertex -2.69422 9.40733 9.34294
      vertex -2.7 9.5322 9.4678
    endloop
  endfacet
  facet normal 0.999464 0.0231383 0.023138
    outer loop
      vertex -2.69422 9.40733 9.34294
      vertex -2.7 7.75736 11.2426
      vertex -2.69422 7.63249 11.1178
    endloop
  endfacet
  facet normal -0.986644 0.11518 0.115182
    outer loop
      vertex 2.64812 9.15973 9.09534
      vertex 2.6769 7.50816 10.9934
      vertex 2.6769 9.283 9.2186
    endloop
  endfacet
  facet normal -0.986637 0.115214 0.115212
    outer loop
      vertex 2.6769 7.50816 10.9934
      vertex 2.64812 9.15973 9.09534
      vertex 2.64812 7.3849 10.8702
    endloop
  endfacet
  facet normal 0.162926 0.697661 0.697657
    outer loop
      vertex -0.35242 5.8645 9.34979
      vertex -0.526743 7.65969 7.5953
      vertex -0.526743 5.88486 9.37014
    endloop
  endfacet
  facet normal 0.162887 0.697663 0.697663
    outer loop
      vertex -0.526743 7.65969 7.5953
      vertex -0.35242 5.8645 9.34979
      vertex -0.35242 7.63934 7.57495
    endloop
  endfacet
  facet normal 0.290237 0.676667 0.676671
    outer loop
      vertex -0.698811 5.91323 9.39851
      vertex -0.867887 7.72433 7.65994
      vertex -0.867887 5.94949 9.43477
    endloop
  endfacet
  facet normal 0.29031 0.676655 0.676652
    outer loop
      vertex -0.867887 7.72433 7.65994
      vertex -0.698811 5.91323 9.39851
      vertex -0.698811 7.68806 7.62367
    endloop
  endfacet
  facet normal 0.0980121 0.703702 0.703702
    outer loop
      vertex -0.176588 5.85226 9.33754
      vertex -0.35242 7.63934 7.57495
      vertex -0.35242 5.8645 9.34979
    endloop
  endfacet
  facet normal 0.0980121 0.703702 0.703702
    outer loop
      vertex -0.35242 7.63934 7.57495
      vertex -0.176588 5.85226 9.33754
      vertex -0.176588 7.6271 7.5627
    endloop
  endfacet
  facet normal 0.812825 0.411901 0.41189
    outer loop
      vertex -2.24497 6.69667 10.182
      vertex -2.14205 8.36996 8.30556
      vertex -2.24497 8.47151 8.40711
    endloop
  endfacet
  facet normal 0.812893 0.411828 0.411828
    outer loop
      vertex -2.14205 8.36996 8.30556
      vertex -2.24497 6.69667 10.182
      vertex -2.14205 6.59512 10.0804
    endloop
  endfacet
  facet normal -0.956955 -0.205225 -0.20523
    outer loop
      vertex 2.608 10.0263 9.96194
      vertex 2.55671 8.37105 11.8563
      vertex 2.55671 10.1459 10.0815
    endloop
  endfacet
  facet normal -0.956921 -0.205309 -0.205303
    outer loop
      vertex 2.55671 8.37105 11.8563
      vertex 2.608 10.0263 9.96194
      vertex 2.608 8.25149 11.7368
    endloop
  endfacet
  facet normal -0.935874 -0.249144 -0.249134
    outer loop
      vertex 2.55671 10.1459 10.0815
      vertex 2.49447 8.48797 11.9733
      vertex 2.49447 10.2628 10.1984
    endloop
  endfacet
  facet normal -0.935933 -0.249024 -0.249031
    outer loop
      vertex 2.49447 8.48797 11.9733
      vertex 2.55671 10.1459 10.0815
      vertex 2.55671 8.37105 11.8563
    endloop
  endfacet
  facet normal 0.0978536 -0.703695 -0.703731
    outer loop
      vertex -0.35242 11.4251 11.3607
      vertex -0.176588 9.66246 13.1477
      vertex -0.35242 9.65021 13.1355
    endloop
  endfacet
  facet normal 0.0976554 -0.703719 -0.703735
    outer loop
      vertex -0.176588 9.66246 13.1477
      vertex -0.35242 11.4251 11.3607
      vertex -0.176588 11.4373 11.3729
    endloop
  endfacet
  facet normal 0.527845 -0.600568 -0.600582
    outer loop
      vertex -1.50004 9.34479 12.8301
      vertex -1.35 11.1856 11.1212
      vertex -1.35 9.41076 12.896
    endloop
  endfacet
  facet normal 0.52822 -0.600425 -0.600395
    outer loop
      vertex -1.35 11.1856 11.1212
      vertex -1.50004 9.34479 12.8301
      vertex -1.50004 11.1196 11.0552
    endloop
  endfacet
  facet normal 0.973871 -0.160586 -0.160582
    outer loop
      vertex -2.608 8.25149 11.7368
      vertex -2.64812 9.90466 9.84027
      vertex -2.608 10.0263 9.96194
    endloop
  endfacet
  facet normal 0.973884 -0.160546 -0.160547
    outer loop
      vertex -2.64812 9.90466 9.84027
      vertex -2.608 8.25149 11.7368
      vertex -2.64812 8.12982 11.6151
    endloop
  endfacet
  facet normal 0.995184 -0.0693143 -0.0693159
    outer loop
      vertex -2.6769 8.00656 11.4918
      vertex -2.69422 9.65706 9.59267
      vertex -2.6769 9.7814 9.717
    endloop
  endfacet
  facet normal 0.995182 -0.0693261 -0.0693261
    outer loop
      vertex -2.69422 9.65706 9.59267
      vertex -2.6769 8.00656 11.4918
      vertex -2.69422 7.88223 11.3675
    endloop
  endfacet
  facet normal 0.999465 -0.0231326 -0.0231326
    outer loop
      vertex -2.69422 7.88223 11.3675
      vertex -2.7 9.5322 9.4678
      vertex -2.69422 9.65706 9.59267
    endloop
  endfacet
  facet normal 0.999465 -0.0231286 -0.0231292
    outer loop
      vertex -2.7 9.5322 9.4678
      vertex -2.69422 7.88223 11.3675
      vertex -2.7 7.75736 11.2426
    endloop
  endfacet
  facet normal 0.881949 -0.333287 -0.333296
    outer loop
      vertex -2.33827 8.71195 12.1972
      vertex -2.42156 10.3766 10.3122
      vertex -2.33827 10.4868 10.4224
    endloop
  endfacet
  facet normal 0.881842 -0.333439 -0.333426
    outer loop
      vertex -2.42156 10.3766 10.3122
      vertex -2.33827 8.71195 12.1972
      vertex -2.42156 8.60177 12.0871
    endloop
  endfacet
  facet normal 0.956938 0.205266 0.205267
    outer loop
      vertex -2.608 7.26322 10.7485
      vertex -2.55671 8.91851 8.85411
      vertex -2.608 9.03806 8.97367
    endloop
  endfacet
  facet normal 0.956918 0.205317 0.205311
    outer loop
      vertex -2.55671 8.91851 8.85411
      vertex -2.608 7.26322 10.7485
      vertex -2.55671 7.14367 10.629
    endloop
  endfacet
  facet normal -0.412709 0.644077 0.644077
    outer loop
      vertex 1.19418 7.8199 7.7555
      vertex 1.03325 5.9935 9.47878
      vertex 1.19418 6.04506 9.53034
    endloop
  endfacet
  facet normal -0.412709 0.644077 0.644077
    outer loop
      vertex 1.03325 5.9935 9.47878
      vertex 1.19418 7.8199 7.7555
      vertex 1.03325 7.76834 7.70394
    endloop
  endfacet
  facet normal -0.582488 0.574764 0.574764
    outer loop
      vertex 1.50004 7.94476 7.88037
      vertex 1.64366 6.2427 9.72798
      vertex 1.64366 8.01754 7.95314
    endloop
  endfacet
  facet normal -0.582462 0.574779 0.574776
    outer loop
      vertex 1.64366 6.2427 9.72798
      vertex 1.50004 7.94476 7.88037
      vertex 1.50004 6.16993 9.65521
    endloop
  endfacet
  facet normal -0.956938 0.205266 0.205267
    outer loop
      vertex 2.55671 8.91851 8.85411
      vertex 2.608 7.26322 10.7485
      vertex 2.608 9.03806 8.97367
    endloop
  endfacet
  facet normal -0.956918 0.205317 0.205311
    outer loop
      vertex 2.608 7.26322 10.7485
      vertex 2.55671 8.91851 8.85411
      vertex 2.55671 7.14367 10.629
    endloop
  endfacet
  facet normal -0.812825 0.411901 0.41189
    outer loop
      vertex 2.14205 8.36996 8.30556
      vertex 2.24497 6.69667 10.182
      vertex 2.24497 8.47151 8.40711
    endloop
  endfacet
  facet normal -0.812893 0.411828 0.411828
    outer loop
      vertex 2.24497 6.69667 10.182
      vertex 2.14205 8.36996 8.30556
      vertex 2.14205 6.59512 10.0804
    endloop
  endfacet
  facet normal -0.773028 0.448568 0.448568
    outer loop
      vertex 2.02997 8.27338 8.20899
      vertex 2.14205 6.59512 10.0804
      vertex 2.14205 8.36996 8.30556
    endloop
  endfacet
  facet normal -0.773028 0.448568 0.448568
    outer loop
      vertex 2.14205 6.59512 10.0804
      vertex 2.02997 8.27338 8.20899
      vertex 2.02997 6.49854 9.98383
    endloop
  endfacet
  facet normal 0.683582 0.516098 0.516098
    outer loop
      vertex -1.90919 6.40736 9.89264
      vertex -1.78023 8.09679 8.0324
      vertex -1.90919 8.1822 8.1178
    endloop
  endfacet
  facet normal 0.683561 0.516114 0.516111
    outer loop
      vertex -1.78023 8.09679 8.0324
      vertex -1.90919 6.40736 9.89264
      vertex -1.78023 6.32196 9.80724
    endloop
  endfacet
  facet normal 0.528075 0.600475 0.600472
    outer loop
      vertex -1.35 6.10395 9.58924
      vertex -1.50004 7.94476 7.88037
      vertex -1.50004 6.16993 9.65521
    endloop
  endfacet
  facet normal 0.528047 0.600486 0.600486
    outer loop
      vertex -1.50004 7.94476 7.88037
      vertex -1.35 6.10395 9.58924
      vertex -1.35 7.87879 7.8144
    endloop
  endfacet
  facet normal 0.22708 0.688636 0.688633
    outer loop
      vertex -0.698811 5.91323 9.39851
      vertex -0.526743 7.65969 7.5953
      vertex -0.698811 7.68806 7.62367
    endloop
  endfacet
  facet normal 0.22708 0.688636 0.688633
    outer loop
      vertex -0.526743 7.65969 7.5953
      vertex -0.698811 5.91323 9.39851
      vertex -0.526743 5.88486 9.37014
    endloop
  endfacet
  facet normal 0.881913 0.333337 0.333341
    outer loop
      vertex -2.42156 6.91295 10.3982
      vertex -2.33827 8.5776 8.51321
      vertex -2.42156 8.68778 8.62339
    endloop
  endfacet
  facet normal 0.88194 0.333299 0.333308
    outer loop
      vertex -2.33827 8.5776 8.51321
      vertex -2.42156 6.91295 10.3982
      vertex -2.33827 6.80276 10.288
    endloop
  endfacet
  facet normal 0.773028 0.448568 0.448568
    outer loop
      vertex -2.14205 6.59512 10.0804
      vertex -2.02997 8.27338 8.20899
      vertex -2.14205 8.36996 8.30556
    endloop
  endfacet
  facet normal 0.773028 0.448568 0.448568
    outer loop
      vertex -2.02997 8.27338 8.20899
      vertex -2.14205 6.59512 10.0804
      vertex -2.02997 6.49854 9.98383
    endloop
  endfacet
  facet normal -0.973871 -0.160586 -0.160582
    outer loop
      vertex 2.64812 9.90466 9.84027
      vertex 2.608 8.25149 11.7368
      vertex 2.608 10.0263 9.96194
    endloop
  endfacet
  facet normal -0.973884 -0.160546 -0.160547
    outer loop
      vertex 2.608 8.25149 11.7368
      vertex 2.64812 9.90466 9.84027
      vertex 2.64812 8.12982 11.6151
    endloop
  endfacet
  facet normal -0.729919 -0.483326 -0.483337
    outer loop
      vertex 2.02997 10.791 10.7266
      vertex 1.90919 9.10736 12.5926
      vertex 1.90919 10.8822 10.8178
    endloop
  endfacet
  facet normal -0.729713 -0.483496 -0.483477
    outer loop
      vertex 1.90919 9.10736 12.5926
      vertex 2.02997 10.791 10.7266
      vertex 2.02997 9.01617 12.5015
    endloop
  endfacet
  facet normal -0.471439 -0.623589 -0.623603
    outer loop
      vertex 1.19418 11.2445 11.1801
      vertex 1.35 9.41076 12.896
      vertex 1.19418 9.46966 12.9549
    endloop
  endfacet
  facet normal -0.471439 -0.623589 -0.623603
    outer loop
      vertex 1.35 9.41076 12.896
      vertex 1.19418 11.2445 11.1801
      vertex 1.35 11.1856 11.1212
    endloop
  endfacet
  facet normal 0.290383 -0.676625 -0.676651
    outer loop
      vertex -0.867887 11.3401 11.2757
      vertex -0.698811 9.60149 13.0868
      vertex -0.867887 9.56523 13.0505
    endloop
  endfacet
  facet normal 0.289797 -0.676781 -0.676746
    outer loop
      vertex -0.698811 9.60149 13.0868
      vertex -0.867887 11.3401 11.2757
      vertex -0.698811 11.3763 11.3119
    endloop
  endfacet
  facet normal 0.910903 -0.291772 -0.291761
    outer loop
      vertex -2.42156 8.60177 12.0871
      vertex -2.48261 10.2813 10.2169
      vertex -2.42156 10.3766 10.3122
    endloop
  endfacet
  facet normal 0.910885 -0.291803 -0.291788
    outer loop
      vertex -2.49447 8.48797 11.9733
      vertex -2.48261 10.2813 10.2169
      vertex -2.42156 8.60177 12.0871
    endloop
  endfacet
  facet normal 0.910789 -0.291951 -0.291939
    outer loop
      vertex -2.48261 10.2813 10.2169
      vertex -2.49447 8.48797 11.9733
      vertex -2.49447 10.2628 10.1984
    endloop
  endfacet
  facet normal -0.995184 0.0693155 0.0693147
    outer loop
      vertex 2.6769 9.283 9.2186
      vertex 2.69422 7.63249 11.1178
      vertex 2.69422 9.40733 9.34294
    endloop
  endfacet
  facet normal -0.995186 0.0692978 0.0692993
    outer loop
      vertex 2.69422 7.63249 11.1178
      vertex 2.6769 9.283 9.2186
      vertex 2.6769 7.50816 10.9934
    endloop
  endfacet
  facet normal -0.999465 0.0231323 0.0231329
    outer loop
      vertex 2.69422 9.40733 9.34294
      vertex 2.7 7.75736 11.2426
      vertex 2.7 9.5322 9.4678
    endloop
  endfacet
  facet normal -0.999464 0.0231383 0.023138
    outer loop
      vertex 2.7 7.75736 11.2426
      vertex 2.69422 9.40733 9.34294
      vertex 2.69422 7.63249 11.1178
    endloop
  endfacet
  facet normal -0.471408 0.623608 0.623608
    outer loop
      vertex 1.35 7.87879 7.8144
      vertex 1.19418 6.04506 9.53034
      vertex 1.35 6.10395 9.58924
    endloop
  endfacet
  facet normal -0.471408 0.623608 0.623608
    outer loop
      vertex 1.19418 6.04506 9.53034
      vertex 1.35 7.87879 7.8144
      vertex 1.19418 7.8199 7.7555
    endloop
  endfacet
  facet normal -0.729863 0.483374 0.483374
    outer loop
      vertex 1.90919 8.1822 8.1178
      vertex 2.02997 6.49854 9.98383
      vertex 2.02997 8.27338 8.20899
    endloop
  endfacet
  facet normal -0.729863 0.483374 0.483374
    outer loop
      vertex 2.02997 6.49854 9.98383
      vertex 1.90919 8.1822 8.1178
      vertex 1.90919 6.40736 9.89264
    endloop
  endfacet
  facet normal -0.162926 0.697661 0.697657
    outer loop
      vertex 0.526743 7.65969 7.5953
      vertex 0.35242 5.8645 9.34979
      vertex 0.526743 5.88486 9.37014
    endloop
  endfacet
  facet normal -0.162887 0.697663 0.697663
    outer loop
      vertex 0.35242 5.8645 9.34979
      vertex 0.526743 7.65969 7.5953
      vertex 0.35242 7.63934 7.57495
    endloop
  endfacet
  facet normal -0.973878 0.160567 0.160564
    outer loop
      vertex 2.608 9.03806 8.97367
      vertex 2.64812 7.3849 10.8702
      vertex 2.64812 9.15973 9.09534
    endloop
  endfacet
  facet normal -0.973886 0.16054 0.160541
    outer loop
      vertex 2.64812 7.3849 10.8702
      vertex 2.608 9.03806 8.97367
      vertex 2.608 7.26322 10.7485
    endloop
  endfacet
  facet normal -0.910957 0.291681 0.291686
    outer loop
      vertex 2.48261 8.78306 8.71867
      vertex 2.49447 7.02674 10.512
      vertex 2.49447 8.80158 8.73719
    endloop
  endfacet
  facet normal -0.910871 0.291815 0.291819
    outer loop
      vertex 2.42156 6.91295 10.3982
      vertex 2.48261 8.78306 8.71867
      vertex 2.42156 8.68778 8.62339
    endloop
  endfacet
  facet normal -0.910878 0.291805 0.291807
    outer loop
      vertex 2.48261 8.78306 8.71867
      vertex 2.42156 6.91295 10.3982
      vertex 2.49447 7.02674 10.512
    endloop
  endfacet
  facet normal -0.849206 0.373391 0.373401
    outer loop
      vertex 2.24497 8.47151 8.40711
      vertex 2.33827 6.80276 10.288
      vertex 2.33827 8.5776 8.51321
    endloop
  endfacet
  facet normal -0.849094 0.373528 0.373518
    outer loop
      vertex 2.33827 6.80276 10.288
      vertex 2.24497 8.47151 8.40711
      vertex 2.24497 6.69667 10.182
    endloop
  endfacet
  facet normal 0.582488 0.574764 0.574764
    outer loop
      vertex -1.64366 6.2427 9.72798
      vertex -1.50004 7.94476 7.88037
      vertex -1.64366 8.01754 7.95314
    endloop
  endfacet
  facet normal 0.582462 0.574779 0.574776
    outer loop
      vertex -1.50004 7.94476 7.88037
      vertex -1.64366 6.2427 9.72798
      vertex -1.50004 6.16993 9.65521
    endloop
  endfacet
  facet normal 0.471408 0.623608 0.623608
    outer loop
      vertex -1.19418 6.04506 9.53034
      vertex -1.35 7.87879 7.8144
      vertex -1.35 6.10395 9.58924
    endloop
  endfacet
  facet normal 0.471408 0.623608 0.623608
    outer loop
      vertex -1.35 7.87879 7.8144
      vertex -1.19418 6.04506 9.53034
      vertex -1.19418 7.8199 7.7555
    endloop
  endfacet
  facet normal 0.910957 0.291681 0.291686
    outer loop
      vertex -2.49447 7.02674 10.512
      vertex -2.48261 8.78306 8.71867
      vertex -2.49447 8.80158 8.73719
    endloop
  endfacet
  facet normal 0.910878 0.291805 0.291807
    outer loop
      vertex -2.42156 6.91295 10.3982
      vertex -2.48261 8.78306 8.71867
      vertex -2.49447 7.02674 10.512
    endloop
  endfacet
  facet normal 0.910871 0.291815 0.291819
    outer loop
      vertex -2.48261 8.78306 8.71867
      vertex -2.42156 6.91295 10.3982
      vertex -2.42156 8.68778 8.62339
    endloop
  endfacet
  facet normal 0.849206 0.373391 0.373401
    outer loop
      vertex -2.33827 6.80276 10.288
      vertex -2.24497 8.47151 8.40711
      vertex -2.33827 8.5776 8.51321
    endloop
  endfacet
  facet normal 0.849094 0.373528 0.373518
    outer loop
      vertex -2.24497 8.47151 8.40711
      vertex -2.33827 6.80276 10.288
      vertex -2.24497 6.69667 10.182
    endloop
  endfacet
  facet normal 0.729863 0.483374 0.483374
    outer loop
      vertex -2.02997 6.49854 9.98383
      vertex -1.90919 8.1822 8.1178
      vertex -2.02997 8.27338 8.20899
    endloop
  endfacet
  facet normal 0.729863 0.483374 0.483374
    outer loop
      vertex -1.90919 8.1822 8.1178
      vertex -2.02997 6.49854 9.98383
      vertex -1.90919 6.40736 9.89264
    endloop
  endfacet
  facet normal -0.812689 -0.412041 -0.412018
    outer loop
      vertex 2.24497 10.5929 10.5285
      vertex 2.14205 8.9196 12.4049
      vertex 2.14205 10.6944 10.63
    endloop
  endfacet
  facet normal -0.812893 -0.411823 -0.411834
    outer loop
      vertex 2.14205 8.9196 12.4049
      vertex 2.24497 10.5929 10.5285
      vertex 2.24497 8.81805 12.3033
    endloop
  endfacet
  facet normal -0.352222 -0.66178 -0.661806
    outer loop
      vertex 0.867887 11.3401 11.2757
      vertex 1.03325 9.52122 13.0065
      vertex 0.867887 9.56523 13.0505
    endloop
  endfacet
  facet normal -0.352186 -0.661787 -0.661817
    outer loop
      vertex 1.03325 9.52122 13.0065
      vertex 0.867887 11.3401 11.2757
      vertex 1.03325 11.2961 11.2317
    endloop
  endfacet
  facet normal -0.226814 -0.688696 -0.688661
    outer loop
      vertex 0.526743 9.62986 13.1151
      vertex 0.698811 11.3763 11.3119
      vertex 0.698811 9.60149 13.0868
    endloop
  endfacet
  facet normal -0.227307 -0.688589 -0.688605
    outer loop
      vertex 0.698811 11.3763 11.3119
      vertex 0.526743 9.62986 13.1151
      vertex 0.526743 11.4047 11.3403
    endloop
  endfacet
  facet normal -0.412842 -0.64402 -0.644049
    outer loop
      vertex 1.03325 11.2961 11.2317
      vertex 1.19418 9.46966 12.9549
      vertex 1.03325 9.52122 13.0065
    endloop
  endfacet
  facet normal -0.412975 -0.643985 -0.643999
    outer loop
      vertex 1.19418 9.46966 12.9549
      vertex 1.03325 11.2961 11.2317
      vertex 1.19418 11.2445 11.1801
    endloop
  endfacet
  facet normal -0.582091 -0.57498 -0.574951
    outer loop
      vertex 1.64366 11.0469 10.9825
      vertex 1.50004 9.34479 12.8301
      vertex 1.50004 11.1196 11.0552
    endloop
  endfacet
  facet normal -0.582541 -0.574724 -0.57475
    outer loop
      vertex 1.50004 9.34479 12.8301
      vertex 1.64366 11.0469 10.9825
      vertex 1.64366 9.27202 12.7573
    endloop
  endfacet
  facet normal 0.226814 -0.688696 -0.688661
    outer loop
      vertex -0.698811 11.3763 11.3119
      vertex -0.526743 9.62986 13.1151
      vertex -0.698811 9.60149 13.0868
    endloop
  endfacet
  facet normal 0.227307 -0.688589 -0.688605
    outer loop
      vertex -0.526743 9.62986 13.1151
      vertex -0.698811 11.3763 11.3119
      vertex -0.526743 11.4047 11.3403
    endloop
  endfacet
  facet normal 0.63462 -0.546457 -0.546482
    outer loop
      vertex -1.64366 9.27202 12.7573
      vertex -1.78023 10.9676 10.9032
      vertex -1.64366 11.0469 10.9825
    endloop
  endfacet
  facet normal 0.634524 -0.546519 -0.546531
    outer loop
      vertex -1.78023 10.9676 10.9032
      vertex -1.64366 9.27202 12.7573
      vertex -1.78023 9.19276 12.678
    endloop
  endfacet
  facet normal 0.683561 -0.516107 -0.516118
    outer loop
      vertex -1.78023 9.19276 12.678
      vertex -1.90919 10.8822 10.8178
      vertex -1.78023 10.9676 10.9032
    endloop
  endfacet
  facet normal 0.683561 -0.516107 -0.516118
    outer loop
      vertex -1.90919 10.8822 10.8178
      vertex -1.78023 9.19276 12.678
      vertex -1.90919 9.10736 12.5926
    endloop
  endfacet
  facet normal 0.412842 -0.64402 -0.644049
    outer loop
      vertex -1.19418 9.46966 12.9549
      vertex -1.03325 11.2961 11.2317
      vertex -1.03325 9.52122 13.0065
    endloop
  endfacet
  facet normal 0.412975 -0.643985 -0.643999
    outer loop
      vertex -1.03325 11.2961 11.2317
      vertex -1.19418 9.46966 12.9549
      vertex -1.19418 11.2445 11.1801
    endloop
  endfacet
  facet normal -0.0980121 0.703702 0.703702
    outer loop
      vertex 0.35242 7.63934 7.57495
      vertex 0.176588 5.85226 9.33754
      vertex 0.35242 5.8645 9.34979
    endloop
  endfacet
  facet normal -0.0980121 0.703702 0.703702
    outer loop
      vertex 0.176588 5.85226 9.33754
      vertex 0.35242 7.63934 7.57495
      vertex 0.176588 7.6271 7.5627
    endloop
  endfacet
  facet normal -0.352257 0.661784 0.661784
    outer loop
      vertex 1.03325 7.76834 7.70394
      vertex 0.867887 5.94949 9.43477
      vertex 1.03325 5.9935 9.47878
    endloop
  endfacet
  facet normal -0.352222 0.661791 0.661795
    outer loop
      vertex 0.867887 5.94949 9.43477
      vertex 1.03325 7.76834 7.70394
      vertex 0.867887 7.72433 7.65994
    endloop
  endfacet
  facet normal -0.634405 0.546596 0.546593
    outer loop
      vertex 1.64366 8.01754 7.95314
      vertex 1.78023 6.32196 9.80724
      vertex 1.78023 8.09679 8.0324
    endloop
  endfacet
  facet normal -0.634429 0.54658 0.54658
    outer loop
      vertex 1.78023 6.32196 9.80724
      vertex 1.64366 8.01754 7.95314
      vertex 1.64366 6.2427 9.72798
    endloop
  endfacet
  facet normal -0.683582 0.516098 0.516098
    outer loop
      vertex 1.78023 8.09679 8.0324
      vertex 1.90919 6.40736 9.89264
      vertex 1.90919 8.1822 8.1178
    endloop
  endfacet
  facet normal -0.683561 0.516114 0.516111
    outer loop
      vertex 1.90919 6.40736 9.89264
      vertex 1.78023 8.09679 8.0324
      vertex 1.78023 6.32196 9.80724
    endloop
  endfacet
  facet normal 0.634405 0.546596 0.546593
    outer loop
      vertex -1.78023 6.32196 9.80724
      vertex -1.64366 8.01754 7.95314
      vertex -1.78023 8.09679 8.0324
    endloop
  endfacet
  facet normal 0.634429 0.54658 0.54658
    outer loop
      vertex -1.64366 8.01754 7.95314
      vertex -1.78023 6.32196 9.80724
      vertex -1.64366 6.2427 9.72798
    endloop
  endfacet
  facet normal 0.412709 0.644077 0.644077
    outer loop
      vertex -1.03325 5.9935 9.47878
      vertex -1.19418 7.8199 7.7555
      vertex -1.19418 6.04506 9.53034
    endloop
  endfacet
  facet normal 0.412709 0.644077 0.644077
    outer loop
      vertex -1.19418 7.8199 7.7555
      vertex -1.03325 5.9935 9.47878
      vertex -1.03325 7.76834 7.70394
    endloop
  endfacet
  facet normal -0.773109 -0.448508 -0.44849
    outer loop
      vertex 2.14205 10.6944 10.63
      vertex 2.02997 9.01617 12.5015
      vertex 2.02997 10.791 10.7266
    endloop
  endfacet
  facet normal -0.77306 -0.448553 -0.448528
    outer loop
      vertex 2.02997 9.01617 12.5015
      vertex 2.14205 10.6944 10.63
      vertex 2.14205 8.9196 12.4049
    endloop
  endfacet
  facet normal -0.910903 -0.291772 -0.291761
    outer loop
      vertex 2.48261 10.2813 10.2169
      vertex 2.42156 8.60177 12.0871
      vertex 2.42156 10.3766 10.3122
    endloop
  endfacet
  facet normal -0.910789 -0.291951 -0.291939
    outer loop
      vertex 2.49447 8.48797 11.9733
      vertex 2.48261 10.2813 10.2169
      vertex 2.49447 10.2628 10.1984
    endloop
  endfacet
  facet normal -0.910885 -0.291803 -0.291788
    outer loop
      vertex 2.48261 10.2813 10.2169
      vertex 2.49447 8.48797 11.9733
      vertex 2.42156 8.60177 12.0871
    endloop
  endfacet
  facet normal -0.881949 -0.333287 -0.333296
    outer loop
      vertex 2.42156 10.3766 10.3122
      vertex 2.33827 8.71195 12.1972
      vertex 2.33827 10.4868 10.4224
    endloop
  endfacet
  facet normal -0.881842 -0.333439 -0.333426
    outer loop
      vertex 2.33827 8.71195 12.1972
      vertex 2.42156 10.3766 10.3122
      vertex 2.42156 8.60177 12.0871
    endloop
  endfacet
  facet normal -0.163081 -0.697633 -0.697648
    outer loop
      vertex 0.35242 9.65021 13.1355
      vertex 0.526743 11.4047 11.3403
      vertex 0.526743 9.62986 13.1151
    endloop
  endfacet
  facet normal -0.163276 -0.6976 -0.697635
    outer loop
      vertex 0.526743 11.4047 11.3403
      vertex 0.35242 9.65021 13.1355
      vertex 0.35242 11.4251 11.3607
    endloop
  endfacet
  facet normal -0.0978536 -0.703695 -0.703731
    outer loop
      vertex 0.176588 9.66246 13.1477
      vertex 0.35242 11.4251 11.3607
      vertex 0.35242 9.65021 13.1355
    endloop
  endfacet
  facet normal -0.0976554 -0.703719 -0.703735
    outer loop
      vertex 0.35242 11.4251 11.3607
      vertex 0.176588 9.66246 13.1477
      vertex 0.176588 11.4373 11.3729
    endloop
  endfacet
  facet normal -0.683561 -0.516107 -0.516118
    outer loop
      vertex 1.90919 10.8822 10.8178
      vertex 1.78023 9.19276 12.678
      vertex 1.78023 10.9676 10.9032
    endloop
  endfacet
  facet normal -0.683561 -0.516107 -0.516118
    outer loop
      vertex 1.78023 9.19276 12.678
      vertex 1.90919 10.8822 10.8178
      vertex 1.90919 9.10736 12.5926
    endloop
  endfacet
  facet normal -0.22708 0.688636 0.688633
    outer loop
      vertex 0.526743 7.65969 7.5953
      vertex 0.698811 5.91323 9.39851
      vertex 0.698811 7.68806 7.62367
    endloop
  endfacet
  facet normal -0.22708 0.688636 0.688633
    outer loop
      vertex 0.698811 5.91323 9.39851
      vertex 0.526743 7.65969 7.5953
      vertex 0.526743 5.88486 9.37014
    endloop
  endfacet
  facet normal -0.290237 0.676667 0.676671
    outer loop
      vertex 0.867887 7.72433 7.65994
      vertex 0.698811 5.91323 9.39851
      vertex 0.867887 5.94949 9.43477
    endloop
  endfacet
  facet normal -0.29031 0.676655 0.676652
    outer loop
      vertex 0.698811 5.91323 9.39851
      vertex 0.867887 7.72433 7.65994
      vertex 0.698811 7.68806 7.62367
    endloop
  endfacet
  facet normal -0.849217 -0.373378 -0.373389
    outer loop
      vertex 2.33827 10.4868 10.4224
      vertex 2.24497 8.81805 12.3033
      vertex 2.24497 10.5929 10.5285
    endloop
  endfacet
  facet normal -0.849217 -0.373378 -0.373389
    outer loop
      vertex 2.24497 8.81805 12.3033
      vertex 2.33827 10.4868 10.4224
      vertex 2.33827 8.71195 12.1972
    endloop
  endfacet
  facet normal -0.290383 -0.676625 -0.676651
    outer loop
      vertex 0.698811 9.60149 13.0868
      vertex 0.867887 11.3401 11.2757
      vertex 0.867887 9.56523 13.0505
    endloop
  endfacet
  facet normal -0.289797 -0.676781 -0.676746
    outer loop
      vertex 0.867887 11.3401 11.2757
      vertex 0.698811 9.60149 13.0868
      vertex 0.698811 11.3763 11.3119
    endloop
  endfacet
  facet normal -0.866026 -0.499999 0
    outer loop
      vertex 2.48261 4.3 2.5
      vertex 3.3775 2.75 6
      vertex 2.48261 4.3 6.1
    endloop
  endfacet
  facet normal -0.866026 -0.499999 -1.7263e-07
    outer loop
      vertex 4.96521 0 2.5
      vertex 3.3775 2.75 6
      vertex 2.48261 4.3 2.5
    endloop
  endfacet
  facet normal -0.866026 -0.499999 0
    outer loop
      vertex 3.3775 2.75 6
      vertex 4.96521 0 2.5
      vertex 4.96521 0 6
    endloop
  endfacet
  facet normal -0.866028 -0.499996 -5.31996e-05
    outer loop
      vertex 2.48261 4.3 6.1
      vertex 3.3775 2.75 6
      vertex 3.41964 2.677 6.1
    endloop
  endfacet
  facet normal 0.866026 -0.499999 0
    outer loop
      vertex -2.48261 4.3 6.1
      vertex -3.3775 2.75 6
      vertex -2.48261 4.3 2.5
    endloop
  endfacet
  facet normal 0.866028 -0.499996 -5.31996e-05
    outer loop
      vertex -3.3775 2.75 6
      vertex -2.48261 4.3 6.1
      vertex -3.41964 2.677 6.1
    endloop
  endfacet
  facet normal 0.866026 -0.499999 0
    outer loop
      vertex -4.96521 0 2.5
      vertex -3.3775 2.75 6
      vertex -4.96521 0 6
    endloop
  endfacet
  facet normal 0.866026 -0.499999 -1.7263e-07
    outer loop
      vertex -3.3775 2.75 6
      vertex -4.96521 0 2.5
      vertex -2.48261 4.3 2.5
    endloop
  endfacet
  facet normal 0 -1 0
    outer loop
      vertex -2.48261 4.3 2.5
      vertex 2.48261 4.3 6.1
      vertex -2.48261 4.3 6.1
    endloop
  endfacet
  facet normal 0 -1 -0
    outer loop
      vertex 2.48261 4.3 6.1
      vertex -2.48261 4.3 2.5
      vertex 2.48261 4.3 2.5
    endloop
  endfacet
  facet normal 0 0 -1
    outer loop
      vertex 3.30217 2.61472 6.1
      vertex 3.41964 2.677 6.1
      vertex 3.32244 2.61472 6.1
    endloop
  endfacet
  facet normal 0 0 -1
    outer loop
      vertex 3.23948 2.61472 6.1
      vertex 3.41964 2.677 6.1
      vertex 3.30217 2.61472 6.1
    endloop
  endfacet
  facet normal 0 0 -1
    outer loop
      vertex 3.05821 2.61472 6.1
      vertex 3.41964 2.677 6.1
      vertex 3.23948 2.61472 6.1
    endloop
  endfacet
  facet normal 0 0 -1
    outer loop
      vertex 3.05821 2.61472 6.1
      vertex 2.48261 4.3 6.1
      vertex 3.41964 2.677 6.1
    endloop
  endfacet
  facet normal 0 0 -1
    outer loop
      vertex 0.669996 2.61472 6.1
      vertex 2.48261 4.3 6.1
      vertex 3.05821 2.61472 6.1
    endloop
  endfacet
  facet normal 0 0 -1
    outer loop
      vertex 0.526743 2.64812 6.1
      vertex 2.48261 4.3 6.1
      vertex 0.669996 2.61472 6.1
    endloop
  endfacet
  facet normal 0 0 -1
    outer loop
      vertex 0.35242 2.6769 6.1
      vertex 2.48261 4.3 6.1
      vertex 0.526743 2.64812 6.1
    endloop
  endfacet
  facet normal 0 0 -1
    outer loop
      vertex 0.176588 2.69422 6.1
      vertex 2.48261 4.3 6.1
      vertex 0.35242 2.6769 6.1
    endloop
  endfacet
  facet normal 0 0 -1
    outer loop
      vertex 0 2.7 6.1
      vertex 2.48261 4.3 6.1
      vertex 0.176588 2.69422 6.1
    endloop
  endfacet
  facet normal 0 0 -1
    outer loop
      vertex -2.48261 4.3 6.1
      vertex 0 2.7 6.1
      vertex -0.176588 2.69422 6.1
    endloop
  endfacet
  facet normal 0 0 -1
    outer loop
      vertex -2.48261 4.3 6.1
      vertex -0.176588 2.69422 6.1
      vertex -0.35242 2.6769 6.1
    endloop
  endfacet
  facet normal 0 0 -1
    outer loop
      vertex -2.48261 4.3 6.1
      vertex -0.35242 2.6769 6.1
      vertex -0.526743 2.64812 6.1
    endloop
  endfacet
  facet normal 0 0 -1
    outer loop
      vertex -2.48261 4.3 6.1
      vertex -0.526743 2.64812 6.1
      vertex -0.669996 2.61472 6.1
    endloop
  endfacet
  facet normal 0 0 -1
    outer loop
      vertex 0 2.7 6.1
      vertex -2.48261 4.3 6.1
      vertex 2.48261 4.3 6.1
    endloop
  endfacet
  facet normal 0 0 -1
    outer loop
      vertex -3.05821 2.61472 6.1
      vertex -2.48261 4.3 6.1
      vertex -0.669996 2.61472 6.1
    endloop
  endfacet
  facet normal 0 0 -1
    outer loop
      vertex -3.41964 2.677 6.1
      vertex -3.05821 2.61472 6.1
      vertex -3.23948 2.61472 6.1
    endloop
  endfacet
  facet normal 0 0 -1
    outer loop
      vertex -3.41964 2.677 6.1
      vertex -3.23948 2.61472 6.1
      vertex -3.30217 2.61472 6.1
    endloop
  endfacet
  facet normal 0 0 -1
    outer loop
      vertex -3.41964 2.677 6.1
      vertex -3.30217 2.61472 6.1
      vertex -3.32244 2.61472 6.1
    endloop
  endfacet
  facet normal 0 0 -1
    outer loop
      vertex -3.05821 2.61472 6.1
      vertex -3.41964 2.677 6.1
      vertex -2.48261 4.3 6.1
    endloop
  endfacet
  facet normal -0.866026 0.499999 0
    outer loop
      vertex 2.48261 -4.3 2.5
      vertex 4.96521 0 6
      vertex 4.96521 0 2.5
    endloop
  endfacet
  facet normal -0.866026 0.499999 0
    outer loop
      vertex 4.96521 0 6
      vertex 2.48261 -4.3 2.5
      vertex 2.48261 -4.3 6
    endloop
  endfacet
  facet normal 0 0 1
    outer loop
      vertex 4.96521 0 2.5
      vertex 2.69422 0.176588 2.5
      vertex 2.7 0 2.5
    endloop
  endfacet
  facet normal 0 0 1
    outer loop
      vertex 4.96521 0 2.5
      vertex 2.6769 0.35242 2.5
      vertex 2.69422 0.176588 2.5
    endloop
  endfacet
  facet normal 0 0 1
    outer loop
      vertex 4.96521 0 2.5
      vertex 2.64812 0.526743 2.5
      vertex 2.6769 0.35242 2.5
    endloop
  endfacet
  facet normal 0 0 1
    outer loop
      vertex 4.96521 0 2.5
      vertex 2.608 0.698811 2.5
      vertex 2.64812 0.526743 2.5
    endloop
  endfacet
  facet normal 0 0 1
    outer loop
      vertex 4.96521 0 2.5
      vertex 2.55671 0.867887 2.5
      vertex 2.608 0.698811 2.5
    endloop
  endfacet
  facet normal 0 0 1
    outer loop
      vertex 4.96521 0 2.5
      vertex 2.49447 1.03325 2.5
      vertex 2.55671 0.867887 2.5
    endloop
  endfacet
  facet normal -0 0 1
    outer loop
      vertex 2.33827 1.35 2.5
      vertex 4.96521 0 2.5
      vertex 2.48261 4.3 2.5
    endloop
  endfacet
  facet normal 0 0 1
    outer loop
      vertex 4.96521 0 2.5
      vertex 2.42156 1.19418 2.5
      vertex 2.49447 1.03325 2.5
    endloop
  endfacet
  facet normal 0 0 1
    outer loop
      vertex 4.96521 0 2.5
      vertex 2.33827 1.35 2.5
      vertex 2.42156 1.19418 2.5
    endloop
  endfacet
  facet normal 0 0 1
    outer loop
      vertex 2.48261 4.3 2.5
      vertex 2.24497 1.50004 2.5
      vertex 2.33827 1.35 2.5
    endloop
  endfacet
  facet normal 0 0 1
    outer loop
      vertex 2.48261 4.3 2.5
      vertex 2.14205 1.64366 2.5
      vertex 2.24497 1.50004 2.5
    endloop
  endfacet
  facet normal 0 0 1
    outer loop
      vertex 2.48261 4.3 2.5
      vertex 2.02997 1.78023 2.5
      vertex 2.14205 1.64366 2.5
    endloop
  endfacet
  facet normal 0 0 1
    outer loop
      vertex 2.48261 4.3 2.5
      vertex 1.90919 1.90919 2.5
      vertex 2.02997 1.78023 2.5
    endloop
  endfacet
  facet normal 0 0 1
    outer loop
      vertex 2.48261 4.3 2.5
      vertex 1.78023 2.02997 2.5
      vertex 1.90919 1.90919 2.5
    endloop
  endfacet
  facet normal 0 0 1
    outer loop
      vertex 2.48261 4.3 2.5
      vertex 1.64366 2.14205 2.5
      vertex 1.78023 2.02997 2.5
    endloop
  endfacet
  facet normal 0 0 1
    outer loop
      vertex 2.48261 4.3 2.5
      vertex 1.50004 2.24497 2.5
      vertex 1.64366 2.14205 2.5
    endloop
  endfacet
  facet normal 0 0 1
    outer loop
      vertex 2.48261 4.3 2.5
      vertex 1.35 2.33827 2.5
      vertex 1.50004 2.24497 2.5
    endloop
  endfacet
  facet normal 0 0 1
    outer loop
      vertex 2.48261 4.3 2.5
      vertex 1.19418 2.42156 2.5
      vertex 1.35 2.33827 2.5
    endloop
  endfacet
  facet normal 0 0 1
    outer loop
      vertex 2.48261 4.3 2.5
      vertex 1.03325 2.49447 2.5
      vertex 1.19418 2.42156 2.5
    endloop
  endfacet
  facet normal 0 0 1
    outer loop
      vertex 2.48261 4.3 2.5
      vertex 0.867887 2.55671 2.5
      vertex 1.03325 2.49447 2.5
    endloop
  endfacet
  facet normal 0 0 1
    outer loop
      vertex 2.48261 4.3 2.5
      vertex 0.698811 2.608 2.5
      vertex 0.867887 2.55671 2.5
    endloop
  endfacet
  facet normal 0 0 1
    outer loop
      vertex 2.48261 4.3 2.5
      vertex 0.526743 2.64812 2.5
      vertex 0.698811 2.608 2.5
    endloop
  endfacet
  facet normal 0 0 1
    outer loop
      vertex 2.48261 4.3 2.5
      vertex 0.35242 2.6769 2.5
      vertex 0.526743 2.64812 2.5
    endloop
  endfacet
  facet normal 0 0 1
    outer loop
      vertex 2.48261 4.3 2.5
      vertex 0.176588 2.69422 2.5
      vertex 0.35242 2.6769 2.5
    endloop
  endfacet
  facet normal 0 0 1
    outer loop
      vertex 2.48261 4.3 2.5
      vertex 0 2.7 2.5
      vertex 0.176588 2.69422 2.5
    endloop
  endfacet
  facet normal -0 0 1
    outer loop
      vertex -2.48261 4.3 2.5
      vertex 0 2.7 2.5
      vertex 2.48261 4.3 2.5
    endloop
  endfacet
  facet normal 0 0 1
    outer loop
      vertex 0 2.7 2.5
      vertex -2.48261 4.3 2.5
      vertex -0.176588 2.69422 2.5
    endloop
  endfacet
  facet normal 0 0 1
    outer loop
      vertex -0.176588 2.69422 2.5
      vertex -2.48261 4.3 2.5
      vertex -0.35242 2.6769 2.5
    endloop
  endfacet
  facet normal 0 0 1
    outer loop
      vertex -0.35242 2.6769 2.5
      vertex -2.48261 4.3 2.5
      vertex -0.526743 2.64812 2.5
    endloop
  endfacet
  facet normal 0 0 1
    outer loop
      vertex -0.526743 2.64812 2.5
      vertex -2.48261 4.3 2.5
      vertex -0.698811 2.608 2.5
    endloop
  endfacet
  facet normal 0 0 1
    outer loop
      vertex -0.698811 2.608 2.5
      vertex -2.48261 4.3 2.5
      vertex -0.867887 2.55671 2.5
    endloop
  endfacet
  facet normal 0 0 1
    outer loop
      vertex -0.867887 2.55671 2.5
      vertex -2.48261 4.3 2.5
      vertex -1.03325 2.49447 2.5
    endloop
  endfacet
  facet normal 0 0 1
    outer loop
      vertex -1.03325 2.49447 2.5
      vertex -2.48261 4.3 2.5
      vertex -1.19418 2.42156 2.5
    endloop
  endfacet
  facet normal 0 0 1
    outer loop
      vertex -2.48261 4.3 2.5
      vertex -1.35 2.33827 2.5
      vertex -1.19418 2.42156 2.5
    endloop
  endfacet
  facet normal 0 0 1
    outer loop
      vertex -2.48261 4.3 2.5
      vertex -1.50004 2.24497 2.5
      vertex -1.35 2.33827 2.5
    endloop
  endfacet
  facet normal 0 0 1
    outer loop
      vertex -2.48261 4.3 2.5
      vertex -1.64366 2.14205 2.5
      vertex -1.50004 2.24497 2.5
    endloop
  endfacet
  facet normal 0 0 1
    outer loop
      vertex -2.48261 4.3 2.5
      vertex -1.78023 2.02997 2.5
      vertex -1.64366 2.14205 2.5
    endloop
  endfacet
  facet normal 0 0 1
    outer loop
      vertex -2.48261 4.3 2.5
      vertex -1.90919 1.90919 2.5
      vertex -1.78023 2.02997 2.5
    endloop
  endfacet
  facet normal 0 0 1
    outer loop
      vertex -2.48261 4.3 2.5
      vertex -2.02997 1.78023 2.5
      vertex -1.90919 1.90919 2.5
    endloop
  endfacet
  facet normal 0 0 1
    outer loop
      vertex -2.48261 4.3 2.5
      vertex -2.14205 1.64366 2.5
      vertex -2.02997 1.78023 2.5
    endloop
  endfacet
  facet normal 0 0 1
    outer loop
      vertex -2.48261 4.3 2.5
      vertex -2.24497 1.50004 2.5
      vertex -2.14205 1.64366 2.5
    endloop
  endfacet
  facet normal 0 0 1
    outer loop
      vertex -2.48261 4.3 2.5
      vertex -2.33827 1.35 2.5
      vertex -2.24497 1.50004 2.5
    endloop
  endfacet
  facet normal 0 0 1
    outer loop
      vertex -4.96521 0 2.5
      vertex -2.33827 1.35 2.5
      vertex -2.48261 4.3 2.5
    endloop
  endfacet
  facet normal 0 0 1
    outer loop
      vertex -2.33827 1.35 2.5
      vertex -4.96521 0 2.5
      vertex -2.42156 1.19418 2.5
    endloop
  endfacet
  facet normal 0 0 1
    outer loop
      vertex -2.42156 1.19418 2.5
      vertex -4.96521 0 2.5
      vertex -2.49447 1.03325 2.5
    endloop
  endfacet
  facet normal 0 0 1
    outer loop
      vertex -2.49447 1.03325 2.5
      vertex -4.96521 0 2.5
      vertex -2.55671 0.867887 2.5
    endloop
  endfacet
  facet normal 0 0 1
    outer loop
      vertex -2.55671 0.867887 2.5
      vertex -4.96521 0 2.5
      vertex -2.608 0.698811 2.5
    endloop
  endfacet
  facet normal 0 0 1
    outer loop
      vertex -2.608 0.698811 2.5
      vertex -4.96521 0 2.5
      vertex -2.64812 0.526743 2.5
    endloop
  endfacet
  facet normal 0 0 1
    outer loop
      vertex -2.64812 0.526743 2.5
      vertex -4.96521 0 2.5
      vertex -2.6769 0.35242 2.5
    endloop
  endfacet
  facet normal 0 0 1
    outer loop
      vertex -2.69422 0.176588 2.5
      vertex -4.96521 0 2.5
      vertex -2.7 0 2.5
    endloop
  endfacet
  facet normal 0 0 1
    outer loop
      vertex -2.6769 0.35242 2.5
      vertex -4.96521 0 2.5
      vertex -2.69422 0.176588 2.5
    endloop
  endfacet
  facet normal 0 0 1
    outer loop
      vertex 2.69422 -0.176588 2.5
      vertex 4.96521 0 2.5
      vertex 2.7 0 2.5
    endloop
  endfacet
  facet normal 0 0 1
    outer loop
      vertex 2.6769 -0.35242 2.5
      vertex 4.96521 0 2.5
      vertex 2.69422 -0.176588 2.5
    endloop
  endfacet
  facet normal 0 0 1
    outer loop
      vertex 2.64812 -0.526743 2.5
      vertex 4.96521 0 2.5
      vertex 2.6769 -0.35242 2.5
    endloop
  endfacet
  facet normal 0 0 1
    outer loop
      vertex 2.608 -0.698811 2.5
      vertex 4.96521 0 2.5
      vertex 2.64812 -0.526743 2.5
    endloop
  endfacet
  facet normal 0 0 1
    outer loop
      vertex 2.55671 -0.867887 2.5
      vertex 4.96521 0 2.5
      vertex 2.608 -0.698811 2.5
    endloop
  endfacet
  facet normal 0 0 1
    outer loop
      vertex 2.49447 -1.03325 2.5
      vertex 4.96521 0 2.5
      vertex 2.55671 -0.867887 2.5
    endloop
  endfacet
  facet normal 0 0 1
    outer loop
      vertex 2.42156 -1.19418 2.5
      vertex 4.96521 0 2.5
      vertex 2.49447 -1.03325 2.5
    endloop
  endfacet
  facet normal 0 0 1
    outer loop
      vertex 2.33827 -1.35 2.5
      vertex 4.96521 0 2.5
      vertex 2.42156 -1.19418 2.5
    endloop
  endfacet
  facet normal 0 0 1
    outer loop
      vertex 4.96521 0 2.5
      vertex 2.33827 -1.35 2.5
      vertex 2.48261 -4.3 2.5
    endloop
  endfacet
  facet normal -0 0 1
    outer loop
      vertex 2.24497 -1.50004 2.5
      vertex 2.48261 -4.3 2.5
      vertex 2.33827 -1.35 2.5
    endloop
  endfacet
  facet normal -0 0 1
    outer loop
      vertex 2.14205 -1.64366 2.5
      vertex 2.48261 -4.3 2.5
      vertex 2.24497 -1.50004 2.5
    endloop
  endfacet
  facet normal -0 0 1
    outer loop
      vertex 2.02997 -1.78023 2.5
      vertex 2.48261 -4.3 2.5
      vertex 2.14205 -1.64366 2.5
    endloop
  endfacet
  facet normal -0 0 1
    outer loop
      vertex 1.90919 -1.90919 2.5
      vertex 2.48261 -4.3 2.5
      vertex 2.02997 -1.78023 2.5
    endloop
  endfacet
  facet normal -0 0 1
    outer loop
      vertex 1.78023 -2.02997 2.5
      vertex 2.48261 -4.3 2.5
      vertex 1.90919 -1.90919 2.5
    endloop
  endfacet
  facet normal -0 0 1
    outer loop
      vertex 1.64366 -2.14205 2.5
      vertex 2.48261 -4.3 2.5
      vertex 1.78023 -2.02997 2.5
    endloop
  endfacet
  facet normal -0 0 1
    outer loop
      vertex 1.50004 -2.24497 2.5
      vertex 2.48261 -4.3 2.5
      vertex 1.64366 -2.14205 2.5
    endloop
  endfacet
  facet normal -0 0 1
    outer loop
      vertex 1.35 -2.33827 2.5
      vertex 2.48261 -4.3 2.5
      vertex 1.50004 -2.24497 2.5
    endloop
  endfacet
  facet normal -0 0 1
    outer loop
      vertex 1.19418 -2.42156 2.5
      vertex 2.48261 -4.3 2.5
      vertex 1.35 -2.33827 2.5
    endloop
  endfacet
  facet normal -0 0 1
    outer loop
      vertex 1.03325 -2.49447 2.5
      vertex 2.48261 -4.3 2.5
      vertex 1.19418 -2.42156 2.5
    endloop
  endfacet
  facet normal -0 0 1
    outer loop
      vertex 0.867887 -2.55671 2.5
      vertex 2.48261 -4.3 2.5
      vertex 1.03325 -2.49447 2.5
    endloop
  endfacet
  facet normal -0 0 1
    outer loop
      vertex 0.698811 -2.608 2.5
      vertex 2.48261 -4.3 2.5
      vertex 0.867887 -2.55671 2.5
    endloop
  endfacet
  facet normal -0 0 1
    outer loop
      vertex 0.526743 -2.64812 2.5
      vertex 2.48261 -4.3 2.5
      vertex 0.698811 -2.608 2.5
    endloop
  endfacet
  facet normal -0 0 1
    outer loop
      vertex 0.35242 -2.6769 2.5
      vertex 2.48261 -4.3 2.5
      vertex 0.526743 -2.64812 2.5
    endloop
  endfacet
  facet normal -0 0 1
    outer loop
      vertex 0.176588 -2.69422 2.5
      vertex 2.48261 -4.3 2.5
      vertex 0.35242 -2.6769 2.5
    endloop
  endfacet
  facet normal -0 0 1
    outer loop
      vertex 0 -2.7 2.5
      vertex 2.48261 -4.3 2.5
      vertex 0.176588 -2.69422 2.5
    endloop
  endfacet
  facet normal 0 0 1
    outer loop
      vertex -2.48261 -4.3 2.5
      vertex 0 -2.7 2.5
      vertex -0.176588 -2.69422 2.5
    endloop
  endfacet
  facet normal 0 0 1
    outer loop
      vertex -2.48261 -4.3 2.5
      vertex -0.176588 -2.69422 2.5
      vertex -0.35242 -2.6769 2.5
    endloop
  endfacet
  facet normal 0 0 1
    outer loop
      vertex -2.48261 -4.3 2.5
      vertex -0.35242 -2.6769 2.5
      vertex -0.526743 -2.64812 2.5
    endloop
  endfacet
  facet normal 0 0 1
    outer loop
      vertex -2.48261 -4.3 2.5
      vertex -0.526743 -2.64812 2.5
      vertex -0.698811 -2.608 2.5
    endloop
  endfacet
  facet normal 0 0 1
    outer loop
      vertex -2.48261 -4.3 2.5
      vertex -0.698811 -2.608 2.5
      vertex -0.867887 -2.55671 2.5
    endloop
  endfacet
  facet normal 0 0 1
    outer loop
      vertex -2.48261 -4.3 2.5
      vertex -0.867887 -2.55671 2.5
      vertex -1.03325 -2.49447 2.5
    endloop
  endfacet
  facet normal 0 0 1
    outer loop
      vertex -2.48261 -4.3 2.5
      vertex -1.03325 -2.49447 2.5
      vertex -1.19418 -2.42156 2.5
    endloop
  endfacet
  facet normal 0 0 1
    outer loop
      vertex 0 -2.7 2.5
      vertex -2.48261 -4.3 2.5
      vertex 2.48261 -4.3 2.5
    endloop
  endfacet
  facet normal 0 0 1
    outer loop
      vertex -1.35 -2.33827 2.5
      vertex -2.48261 -4.3 2.5
      vertex -1.19418 -2.42156 2.5
    endloop
  endfacet
  facet normal 0 0 1
    outer loop
      vertex -1.50004 -2.24497 2.5
      vertex -2.48261 -4.3 2.5
      vertex -1.35 -2.33827 2.5
    endloop
  endfacet
  facet normal 0 0 1
    outer loop
      vertex -1.64366 -2.14205 2.5
      vertex -2.48261 -4.3 2.5
      vertex -1.50004 -2.24497 2.5
    endloop
  endfacet
  facet normal 0 0 1
    outer loop
      vertex -1.78023 -2.02997 2.5
      vertex -2.48261 -4.3 2.5
      vertex -1.64366 -2.14205 2.5
    endloop
  endfacet
  facet normal 0 0 1
    outer loop
      vertex -1.90919 -1.90919 2.5
      vertex -2.48261 -4.3 2.5
      vertex -1.78023 -2.02997 2.5
    endloop
  endfacet
  facet normal 0 0 1
    outer loop
      vertex -2.02997 -1.78023 2.5
      vertex -2.48261 -4.3 2.5
      vertex -1.90919 -1.90919 2.5
    endloop
  endfacet
  facet normal 0 0 1
    outer loop
      vertex -2.14205 -1.64366 2.5
      vertex -2.48261 -4.3 2.5
      vertex -2.02997 -1.78023 2.5
    endloop
  endfacet
  facet normal 0 0 1
    outer loop
      vertex -2.24497 -1.50004 2.5
      vertex -2.48261 -4.3 2.5
      vertex -2.14205 -1.64366 2.5
    endloop
  endfacet
  facet normal 0 0 1
    outer loop
      vertex -2.33827 -1.35 2.5
      vertex -2.48261 -4.3 2.5
      vertex -2.24497 -1.50004 2.5
    endloop
  endfacet
  facet normal 0 0 1
    outer loop
      vertex -4.96521 0 2.5
      vertex -2.33827 -1.35 2.5
      vertex -2.42156 -1.19418 2.5
    endloop
  endfacet
  facet normal 0 0 1
    outer loop
      vertex -4.96521 0 2.5
      vertex -2.42156 -1.19418 2.5
      vertex -2.49447 -1.03325 2.5
    endloop
  endfacet
  facet normal 0 0 1
    outer loop
      vertex -4.96521 0 2.5
      vertex -2.49447 -1.03325 2.5
      vertex -2.55671 -0.867887 2.5
    endloop
  endfacet
  facet normal 0 0 1
    outer loop
      vertex -4.96521 0 2.5
      vertex -2.55671 -0.867887 2.5
      vertex -2.608 -0.698811 2.5
    endloop
  endfacet
  facet normal 0 0 1
    outer loop
      vertex -4.96521 0 2.5
      vertex -2.608 -0.698811 2.5
      vertex -2.64812 -0.526743 2.5
    endloop
  endfacet
  facet normal 0 0 1
    outer loop
      vertex -4.96521 0 2.5
      vertex -2.64812 -0.526743 2.5
      vertex -2.6769 -0.35242 2.5
    endloop
  endfacet
  facet normal 0 0 1
    outer loop
      vertex -4.96521 0 2.5
      vertex -2.6769 -0.35242 2.5
      vertex -2.69422 -0.176588 2.5
    endloop
  endfacet
  facet normal 0 0 1
    outer loop
      vertex -2.33827 -1.35 2.5
      vertex -4.96521 0 2.5
      vertex -2.48261 -4.3 2.5
    endloop
  endfacet
  facet normal -0 0 1
    outer loop
      vertex -4.96521 0 2.5
      vertex -2.69422 -0.176588 2.5
      vertex -2.7 0 2.5
    endloop
  endfacet
  facet normal 0 1 -0
    outer loop
      vertex 2.48261 -4.3 2.5
      vertex -2.48261 -4.3 6
      vertex 2.48261 -4.3 6
    endloop
  endfacet
  facet normal 0 1 0
    outer loop
      vertex -2.48261 -4.3 6
      vertex 2.48261 -4.3 2.5
      vertex -2.48261 -4.3 2.5
    endloop
  endfacet
  facet normal 0.866026 0.499999 0
    outer loop
      vertex -2.48261 -4.3 6
      vertex -4.96521 0 2.5
      vertex -4.96521 0 6
    endloop
  endfacet
  facet normal 0.866026 0.499999 0
    outer loop
      vertex -4.96521 0 2.5
      vertex -2.48261 -4.3 6
      vertex -2.48261 -4.3 2.5
    endloop
  endfacet
  facet normal -0.866028 -0.35355 -0.35355
    outer loop
      vertex 2.48261 15.0406 10.0406
      vertex 4.95812 12.0087 7.00869
      vertex 2.48261 12.5728 12.5084
    endloop
  endfacet
  facet normal -0.866313 -0.353201 -0.353201
    outer loop
      vertex 4.96521 9.5322 9.4678
      vertex 4.95812 12.0087 7.00869
      vertex 4.96521 12 7
    endloop
  endfacet
  facet normal -0.866029 -0.353548 -0.353551
    outer loop
      vertex 4.95812 12.0087 7.00869
      vertex 4.96521 9.5322 9.4678
      vertex 2.48261 12.5728 12.5084
    endloop
  endfacet
  facet normal 0.866025 0.353554 0.353554
    outer loop
      vertex -2.48261 6.49164 6.42724
      vertex -2.48261 8.95944 3.95944
      vertex -4.95812 11.9913 6.99131
    endloop
  endfacet
  facet normal -2.54309e-14 0.707107 -0.707107
    outer loop
      vertex -4.96521 9.5322 9.4678
      vertex -2.48261 10.2813 10.2169
      vertex -2.49447 10.2628 10.1984
    endloop
  endfacet
  facet normal 3.2259e-15 0.707107 -0.707107
    outer loop
      vertex -4.96521 9.5322 9.4678
      vertex -2.49447 10.2628 10.1984
      vertex -2.55671 10.1459 10.0815
    endloop
  endfacet
  facet normal 6.76644e-05 0.706974 -0.70724
    outer loop
      vertex -4.96521 9.5322 9.4678
      vertex -2.55671 10.1459 10.0815
      vertex -2.608 10.0263 9.96194
    endloop
  endfacet
  facet normal -2.63763e-05 0.707198 -0.707015
    outer loop
      vertex -4.96521 9.5322 9.4678
      vertex -2.608 10.0263 9.96194
      vertex -2.64812 9.90466 9.84027
    endloop
  endfacet
  facet normal -6.41008e-06 0.707136 -0.707077
    outer loop
      vertex -4.96521 9.5322 9.4678
      vertex -2.64812 9.90466 9.84027
      vertex -2.6769 9.7814 9.717
    endloop
  endfacet
  facet normal 6.28874e-06 0.707078 -0.707136
    outer loop
      vertex -4.96521 9.5322 9.4678
      vertex -2.6769 9.7814 9.717
      vertex -2.69422 9.65706 9.59267
    endloop
  endfacet
  facet normal 1.65596e-16 0.707107 -0.707107
    outer loop
      vertex -2.48261 10.2813 10.2169
      vertex -4.96521 9.5322 9.4678
      vertex -2.48261 12.5728 12.5084
    endloop
  endfacet
  facet normal 0 0.707135 -0.707078
    outer loop
      vertex -2.7 9.5322 9.4678
      vertex -4.96521 9.5322 9.4678
      vertex -2.69422 9.65706 9.59267
    endloop
  endfacet
  facet normal 0 0.707078 -0.707135
    outer loop
      vertex -2.69422 9.40733 9.34294
      vertex -4.96521 9.5322 9.4678
      vertex -2.7 9.5322 9.4678
    endloop
  endfacet
  facet normal 6.28874e-06 0.707136 -0.707078
    outer loop
      vertex -2.6769 9.283 9.2186
      vertex -4.96521 9.5322 9.4678
      vertex -2.69422 9.40733 9.34294
    endloop
  endfacet
  facet normal -6.41008e-06 0.707077 -0.707136
    outer loop
      vertex -2.64812 9.15973 9.09534
      vertex -4.96521 9.5322 9.4678
      vertex -2.6769 9.283 9.2186
    endloop
  endfacet
  facet normal 3.22251e-06 0.707107 -0.707106
    outer loop
      vertex -2.608 9.03806 8.97367
      vertex -4.96521 9.5322 9.4678
      vertex -2.64812 9.15973 9.09534
    endloop
  endfacet
  facet normal 1.69198e-05 0.70714 -0.707074
    outer loop
      vertex -2.55671 8.91851 8.85411
      vertex -4.96521 9.5322 9.4678
      vertex -2.608 9.03806 8.97367
    endloop
  endfacet
  facet normal -1.78271e-05 0.707072 -0.707142
    outer loop
      vertex -2.49447 8.80158 8.73719
      vertex -4.96521 9.5322 9.4678
      vertex -2.55671 8.91851 8.85411
    endloop
  endfacet
  facet normal 3.53048e-06 0.707108 -0.707106
    outer loop
      vertex -2.48261 8.78306 8.71867
      vertex -4.96521 9.5322 9.4678
      vertex -2.49447 8.80158 8.73719
    endloop
  endfacet
  facet normal 3.77943e-06 0.707108 -0.707105
    outer loop
      vertex -4.96521 9.5322 9.4678
      vertex -2.48261 8.78306 8.71867
      vertex -2.48261 6.49164 6.42724
    endloop
  endfacet
  facet normal -0.866313 0.353201 0.353201
    outer loop
      vertex 4.95812 11.9913 6.99131
      vertex 4.96521 9.5322 9.4678
      vertex 4.96521 12 7
    endloop
  endfacet
  facet normal -0.866026 0.353554 0.353551
    outer loop
      vertex 4.96521 9.5322 9.4678
      vertex 4.95812 11.9913 6.99131
      vertex 2.48261 6.49164 6.42724
    endloop
  endfacet
  facet normal -1.65596e-16 0.707107 -0.707107
    outer loop
      vertex 4.96521 9.5322 9.4678
      vertex 2.48261 10.2813 10.2169
      vertex 2.48261 12.5728 12.5084
    endloop
  endfacet
  facet normal 2.53978e-14 0.707107 -0.707107
    outer loop
      vertex 2.48261 10.2813 10.2169
      vertex 4.96521 9.5322 9.4678
      vertex 2.49447 10.2628 10.1984
    endloop
  endfacet
  facet normal -3.18558e-15 0.707107 -0.707107
    outer loop
      vertex 2.49447 10.2628 10.1984
      vertex 4.96521 9.5322 9.4678
      vertex 2.55671 10.1459 10.0815
    endloop
  endfacet
  facet normal -6.76644e-05 0.706974 -0.70724
    outer loop
      vertex 2.55671 10.1459 10.0815
      vertex 4.96521 9.5322 9.4678
      vertex 2.608 10.0263 9.96194
    endloop
  endfacet
  facet normal 2.63763e-05 0.707198 -0.707015
    outer loop
      vertex 2.608 10.0263 9.96194
      vertex 4.96521 9.5322 9.4678
      vertex 2.64812 9.90466 9.84027
    endloop
  endfacet
  facet normal 6.41008e-06 0.707136 -0.707077
    outer loop
      vertex 2.64812 9.90466 9.84027
      vertex 4.96521 9.5322 9.4678
      vertex 2.6769 9.7814 9.717
    endloop
  endfacet
  facet normal -6.28874e-06 0.707078 -0.707136
    outer loop
      vertex 2.6769 9.7814 9.717
      vertex 4.96521 9.5322 9.4678
      vertex 2.69422 9.65706 9.59267
    endloop
  endfacet
  facet normal 0 0.707135 -0.707078
    outer loop
      vertex 4.96521 9.5322 9.4678
      vertex 2.7 9.5322 9.4678
      vertex 2.69422 9.65706 9.59267
    endloop
  endfacet
  facet normal 0 0.707078 -0.707135
    outer loop
      vertex 4.96521 9.5322 9.4678
      vertex 2.69422 9.40733 9.34294
      vertex 2.7 9.5322 9.4678
    endloop
  endfacet
  facet normal -6.28874e-06 0.707136 -0.707078
    outer loop
      vertex 4.96521 9.5322 9.4678
      vertex 2.6769 9.283 9.2186
      vertex 2.69422 9.40733 9.34294
    endloop
  endfacet
  facet normal 6.41008e-06 0.707077 -0.707136
    outer loop
      vertex 4.96521 9.5322 9.4678
      vertex 2.64812 9.15973 9.09534
      vertex 2.6769 9.283 9.2186
    endloop
  endfacet
  facet normal -3.22251e-06 0.707107 -0.707106
    outer loop
      vertex 4.96521 9.5322 9.4678
      vertex 2.608 9.03806 8.97367
      vertex 2.64812 9.15973 9.09534
    endloop
  endfacet
  facet normal -1.69198e-05 0.70714 -0.707074
    outer loop
      vertex 4.96521 9.5322 9.4678
      vertex 2.55671 8.91851 8.85411
      vertex 2.608 9.03806 8.97367
    endloop
  endfacet
  facet normal 1.78271e-05 0.707072 -0.707142
    outer loop
      vertex 4.96521 9.5322 9.4678
      vertex 2.49447 8.80158 8.73719
      vertex 2.55671 8.91851 8.85411
    endloop
  endfacet
  facet normal -3.53048e-06 0.707108 -0.707106
    outer loop
      vertex 4.96521 9.5322 9.4678
      vertex 2.48261 8.78306 8.71867
      vertex 2.49447 8.80158 8.73719
    endloop
  endfacet
  facet normal -3.77943e-06 0.707108 -0.707105
    outer loop
      vertex 2.48261 8.78306 8.71867
      vertex 4.96521 9.5322 9.4678
      vertex 2.48261 6.49164 6.42724
    endloop
  endfacet
  facet normal -0.866025 0.353554 0.353554
    outer loop
      vertex 4.95812 11.9913 6.99131
      vertex 2.48261 8.95944 3.95944
      vertex 2.48261 6.49164 6.42724
    endloop
  endfacet
  facet normal -0 0.707107 0.707107
    outer loop
      vertex -2.48261 8.95944 3.95944
      vertex 2.48261 6.49164 6.42724
      vertex 2.48261 8.95944 3.95944
    endloop
  endfacet
  facet normal 0 0.707107 0.707107
    outer loop
      vertex 2.48261 6.49164 6.42724
      vertex -2.48261 8.95944 3.95944
      vertex -2.48261 6.49164 6.42724
    endloop
  endfacet
  facet normal 0 0.707107 -0.707107
    outer loop
      vertex 2.48261 12.5728 12.5084
      vertex 0 11.4414 11.377
      vertex -2.48261 12.5728 12.5084
    endloop
  endfacet
  facet normal -6.72992e-15 0.707107 -0.707107
    outer loop
      vertex 2.48261 12.5728 12.5084
      vertex 0.176588 11.4373 11.3729
      vertex 0 11.4414 11.377
    endloop
  endfacet
  facet normal 0 0.707107 -0.707107
    outer loop
      vertex 2.48261 12.5728 12.5084
      vertex 0.35242 11.4251 11.3607
      vertex 0.176588 11.4373 11.3729
    endloop
  endfacet
  facet normal 0 0.707107 -0.707107
    outer loop
      vertex 2.48261 12.5728 12.5084
      vertex 0.526743 11.4047 11.3403
      vertex 0.35242 11.4251 11.3607
    endloop
  endfacet
  facet normal 0 0.707107 -0.707107
    outer loop
      vertex 2.48261 12.5728 12.5084
      vertex 0.698811 11.3763 11.3119
      vertex 0.526743 11.4047 11.3403
    endloop
  endfacet
  facet normal 5.29497e-15 0.707107 -0.707107
    outer loop
      vertex 2.48261 12.5728 12.5084
      vertex 0.867887 11.3401 11.2757
      vertex 0.698811 11.3763 11.3119
    endloop
  endfacet
  facet normal 0 0.707107 -0.707107
    outer loop
      vertex 2.48261 12.5728 12.5084
      vertex 1.03325 11.2961 11.2317
      vertex 0.867887 11.3401 11.2757
    endloop
  endfacet
  facet normal -6.1628e-15 0.707107 -0.707107
    outer loop
      vertex 2.48261 12.5728 12.5084
      vertex 1.19418 11.2445 11.1801
      vertex 1.03325 11.2961 11.2317
    endloop
  endfacet
  facet normal 0 0.707107 -0.707107
    outer loop
      vertex 2.48261 12.5728 12.5084
      vertex 1.35 11.1856 11.1212
      vertex 1.19418 11.2445 11.1801
    endloop
  endfacet
  facet normal 0 0.707107 -0.707107
    outer loop
      vertex 2.48261 12.5728 12.5084
      vertex 1.50004 11.1196 11.0552
      vertex 1.35 11.1856 11.1212
    endloop
  endfacet
  facet normal 0 0.707107 -0.707107
    outer loop
      vertex 2.48261 12.5728 12.5084
      vertex 1.64366 11.0469 10.9825
      vertex 1.50004 11.1196 11.0552
    endloop
  endfacet
  facet normal 6.85328e-15 0.707107 -0.707107
    outer loop
      vertex 2.48261 12.5728 12.5084
      vertex 1.78023 10.9676 10.9032
      vertex 1.64366 11.0469 10.9825
    endloop
  endfacet
  facet normal 0 0.707107 -0.707107
    outer loop
      vertex 2.48261 12.5728 12.5084
      vertex 1.90919 10.8822 10.8178
      vertex 1.78023 10.9676 10.9032
    endloop
  endfacet
  facet normal -8.57015e-15 0.707107 -0.707107
    outer loop
      vertex 2.48261 12.5728 12.5084
      vertex 2.02997 10.791 10.7266
      vertex 1.90919 10.8822 10.8178
    endloop
  endfacet
  facet normal 9.02985e-15 0.707107 -0.707107
    outer loop
      vertex 2.48261 12.5728 12.5084
      vertex 2.14205 10.6944 10.63
      vertex 2.02997 10.791 10.7266
    endloop
  endfacet
  facet normal -1.10234e-14 0.707107 -0.707107
    outer loop
      vertex 2.48261 12.5728 12.5084
      vertex 2.24497 10.5929 10.5285
      vertex 2.14205 10.6944 10.63
    endloop
  endfacet
  facet normal 0 0.707107 -0.707107
    outer loop
      vertex 2.48261 12.5728 12.5084
      vertex 2.33827 10.4868 10.4224
      vertex 2.24497 10.5929 10.5285
    endloop
  endfacet
  facet normal 1.32463e-14 0.707107 -0.707107
    outer loop
      vertex 2.48261 12.5728 12.5084
      vertex 2.42156 10.3766 10.3122
      vertex 2.33827 10.4868 10.4224
    endloop
  endfacet
  facet normal -8.41746e-16 0.707107 -0.707107
    outer loop
      vertex 2.42156 10.3766 10.3122
      vertex 2.48261 12.5728 12.5084
      vertex 2.48261 10.2813 10.2169
    endloop
  endfacet
  facet normal 6.79418e-15 0.707107 -0.707107
    outer loop
      vertex -0.176588 11.4373 11.3729
      vertex -2.48261 12.5728 12.5084
      vertex 0 11.4414 11.377
    endloop
  endfacet
  facet normal 0 0.707107 -0.707107
    outer loop
      vertex -0.35242 11.4251 11.3607
      vertex -2.48261 12.5728 12.5084
      vertex -0.176588 11.4373 11.3729
    endloop
  endfacet
  facet normal 0 0.707107 -0.707107
    outer loop
      vertex -0.526743 11.4047 11.3403
      vertex -2.48261 12.5728 12.5084
      vertex -0.35242 11.4251 11.3607
    endloop
  endfacet
  facet normal 0 0.707107 -0.707107
    outer loop
      vertex -0.698811 11.3763 11.3119
      vertex -2.48261 12.5728 12.5084
      vertex -0.526743 11.4047 11.3403
    endloop
  endfacet
  facet normal -5.6259e-15 0.707107 -0.707107
    outer loop
      vertex -0.867887 11.3401 11.2757
      vertex -2.48261 12.5728 12.5084
      vertex -0.698811 11.3763 11.3119
    endloop
  endfacet
  facet normal 1.9634e-16 0.707107 -0.707107
    outer loop
      vertex -1.03325 11.2961 11.2317
      vertex -2.48261 12.5728 12.5084
      vertex -0.867887 11.3401 11.2757
    endloop
  endfacet
  facet normal 5.9527e-15 0.707107 -0.707107
    outer loop
      vertex -1.19418 11.2445 11.1801
      vertex -2.48261 12.5728 12.5084
      vertex -1.03325 11.2961 11.2317
    endloop
  endfacet
  facet normal 0 0.707107 -0.707107
    outer loop
      vertex -1.35 11.1856 11.1212
      vertex -2.48261 12.5728 12.5084
      vertex -1.19418 11.2445 11.1801
    endloop
  endfacet
  facet normal 0 0.707107 -0.707107
    outer loop
      vertex -1.50004 11.1196 11.0552
      vertex -2.48261 12.5728 12.5084
      vertex -1.35 11.1856 11.1212
    endloop
  endfacet
  facet normal 0 0.707107 -0.707107
    outer loop
      vertex -1.64366 11.0469 10.9825
      vertex -2.48261 12.5728 12.5084
      vertex -1.50004 11.1196 11.0552
    endloop
  endfacet
  facet normal -6.99606e-15 0.707107 -0.707107
    outer loop
      vertex -1.78023 10.9676 10.9032
      vertex -2.48261 12.5728 12.5084
      vertex -1.64366 11.0469 10.9825
    endloop
  endfacet
  facet normal 4.41054e-16 0.707107 -0.707107
    outer loop
      vertex -1.90919 10.8822 10.8178
      vertex -2.48261 12.5728 12.5084
      vertex -1.78023 10.9676 10.9032
    endloop
  endfacet
  facet normal 8.72319e-15 0.707107 -0.707107
    outer loop
      vertex -2.02997 10.791 10.7266
      vertex -2.48261 12.5728 12.5084
      vertex -1.90919 10.8822 10.8178
    endloop
  endfacet
  facet normal -9.1911e-15 0.707107 -0.707107
    outer loop
      vertex -2.14205 10.6944 10.63
      vertex -2.48261 12.5728 12.5084
      vertex -2.02997 10.791 10.7266
    endloop
  endfacet
  facet normal 1.09373e-14 0.707107 -0.707107
    outer loop
      vertex -2.24497 10.5929 10.5285
      vertex -2.48261 12.5728 12.5084
      vertex -2.14205 10.6944 10.63
    endloop
  endfacet
  facet normal 0 0.707107 -0.707107
    outer loop
      vertex -2.33827 10.4868 10.4224
      vertex -2.48261 12.5728 12.5084
      vertex -2.24497 10.5929 10.5285
    endloop
  endfacet
  facet normal -1.38672e-14 0.707107 -0.707107
    outer loop
      vertex -2.42156 10.3766 10.3122
      vertex -2.48261 12.5728 12.5084
      vertex -2.33827 10.4868 10.4224
    endloop
  endfacet
  facet normal 4.48931e-15 0.707107 -0.707107
    outer loop
      vertex -2.48261 12.5728 12.5084
      vertex -2.42156 10.3766 10.3122
      vertex -2.48261 10.2813 10.2169
    endloop
  endfacet
  facet normal 0 0.707107 -0.707107
    outer loop
      vertex 0.176588 7.6271 7.5627
      vertex 2.48261 6.49164 6.42724
      vertex 0 7.62301 7.55861
    endloop
  endfacet
  facet normal 3.52319e-05 0.707143 -0.707071
    outer loop
      vertex 0.35242 7.63934 7.57495
      vertex 2.48261 6.49164 6.42724
      vertex 0.176588 7.6271 7.5627
    endloop
  endfacet
  facet normal -5.91142e-07 0.707109 -0.707104
    outer loop
      vertex 0.526743 7.65969 7.5953
      vertex 2.48261 6.49164 6.42724
      vertex 0.35242 7.63934 7.57495
    endloop
  endfacet
  facet normal -7.82173e-07 0.707109 -0.707104
    outer loop
      vertex 0.698811 7.68806 7.62367
      vertex 2.48261 6.49164 6.42724
      vertex 0.526743 7.65969 7.5953
    endloop
  endfacet
  facet normal -9.60606e-07 0.707109 -0.707105
    outer loop
      vertex 0.867887 7.72433 7.65994
      vertex 2.48261 6.49164 6.42724
      vertex 0.698811 7.68806 7.62367
    endloop
  endfacet
  facet normal -3.28399e-05 0.707088 -0.707125
    outer loop
      vertex 1.03325 7.76834 7.70394
      vertex 2.48261 6.49164 6.42724
      vertex 0.867887 7.72433 7.65994
    endloop
  endfacet
  facet normal 0 0.707107 -0.707107
    outer loop
      vertex 1.19418 7.8199 7.7555
      vertex 2.48261 6.49164 6.42724
      vertex 1.03325 7.76834 7.70394
    endloop
  endfacet
  facet normal 3.32055e-05 0.707123 -0.707091
    outer loop
      vertex 1.35 7.87879 7.8144
      vertex 2.48261 6.49164 6.42724
      vertex 1.19418 7.8199 7.7555
    endloop
  endfacet
  facet normal -1.64922e-06 0.707109 -0.707105
    outer loop
      vertex 1.50004 7.94476 7.88037
      vertex 2.48261 6.49164 6.42724
      vertex 1.35 7.87879 7.8144
    endloop
  endfacet
  facet normal -3.85067e-05 0.707096 -0.707117
    outer loop
      vertex 1.64366 8.01754 7.95314
      vertex 2.48261 6.49164 6.42724
      vertex 1.50004 7.94476 7.88037
    endloop
  endfacet
  facet normal 3.92521e-05 0.707118 -0.707096
    outer loop
      vertex 1.78023 8.09679 8.0324
      vertex 2.48261 6.49164 6.42724
      vertex 1.64366 8.01754 7.95314
    endloop
  endfacet
  facet normal -4.47739e-05 0.707099 -0.707114
    outer loop
      vertex 1.90919 8.1822 8.1178
      vertex 2.48261 6.49164 6.42724
      vertex 1.78023 8.09679 8.0324
    endloop
  endfacet
  facet normal 4.66094e-05 0.707115 -0.707099
    outer loop
      vertex 2.02997 8.27338 8.20899
      vertex 2.48261 6.49164 6.42724
      vertex 1.90919 8.1822 8.1178
    endloop
  endfacet
  facet normal -5.45649e-05 0.707102 -0.707112
    outer loop
      vertex 2.14205 8.36996 8.30556
      vertex 2.48261 6.49164 6.42724
      vertex 2.02997 8.27338 8.20899
    endloop
  endfacet
  facet normal 3.44469e-16 0.707107 -0.707107
    outer loop
      vertex 2.24497 8.47151 8.40711
      vertex 2.48261 6.49164 6.42724
      vertex 2.14205 8.36996 8.30556
    endloop
  endfacet
  facet normal 6.66866e-05 0.707111 -0.707103
    outer loop
      vertex 2.33827 8.5776 8.51321
      vertex 2.48261 6.49164 6.42724
      vertex 2.24497 8.47151 8.40711
    endloop
  endfacet
  facet normal -4.10819e-06 0.707108 -0.707105
    outer loop
      vertex 2.42156 8.68778 8.62339
      vertex 2.48261 6.49164 6.42724
      vertex 2.33827 8.5776 8.51321
    endloop
  endfacet
  facet normal -4.8161e-06 0.707108 -0.707105
    outer loop
      vertex 2.48261 6.49164 6.42724
      vertex 2.42156 8.68778 8.62339
      vertex 2.48261 8.78306 8.71867
    endloop
  endfacet
  facet normal 0 0.707107 -0.707107
    outer loop
      vertex -2.48261 6.49164 6.42724
      vertex 0 7.62301 7.55861
      vertex 2.48261 6.49164 6.42724
    endloop
  endfacet
  facet normal 0 0.707107 -0.707107
    outer loop
      vertex 0 7.62301 7.55861
      vertex -2.48261 6.49164 6.42724
      vertex -0.176588 7.6271 7.5627
    endloop
  endfacet
  facet normal -3.52319e-05 0.707143 -0.707071
    outer loop
      vertex -0.176588 7.6271 7.5627
      vertex -2.48261 6.49164 6.42724
      vertex -0.35242 7.63934 7.57495
    endloop
  endfacet
  facet normal 5.91142e-07 0.707109 -0.707104
    outer loop
      vertex -0.35242 7.63934 7.57495
      vertex -2.48261 6.49164 6.42724
      vertex -0.526743 7.65969 7.5953
    endloop
  endfacet
  facet normal 7.82173e-07 0.707109 -0.707104
    outer loop
      vertex -0.526743 7.65969 7.5953
      vertex -2.48261 6.49164 6.42724
      vertex -0.698811 7.68806 7.62367
    endloop
  endfacet
  facet normal 9.60606e-07 0.707109 -0.707105
    outer loop
      vertex -0.698811 7.68806 7.62367
      vertex -2.48261 6.49164 6.42724
      vertex -0.867887 7.72433 7.65994
    endloop
  endfacet
  facet normal 3.28399e-05 0.707088 -0.707125
    outer loop
      vertex -0.867887 7.72433 7.65994
      vertex -2.48261 6.49164 6.42724
      vertex -1.03325 7.76834 7.70394
    endloop
  endfacet
  facet normal 4.8161e-06 0.707108 -0.707105
    outer loop
      vertex -2.42156 8.68778 8.62339
      vertex -2.48261 6.49164 6.42724
      vertex -2.48261 8.78306 8.71867
    endloop
  endfacet
  facet normal 4.10819e-06 0.707108 -0.707105
    outer loop
      vertex -2.33827 8.5776 8.51321
      vertex -2.48261 6.49164 6.42724
      vertex -2.42156 8.68778 8.62339
    endloop
  endfacet
  facet normal -6.66866e-05 0.707111 -0.707103
    outer loop
      vertex -2.24497 8.47151 8.40711
      vertex -2.48261 6.49164 6.42724
      vertex -2.33827 8.5776 8.51321
    endloop
  endfacet
  facet normal -2.58352e-16 0.707107 -0.707107
    outer loop
      vertex -2.14205 8.36996 8.30556
      vertex -2.48261 6.49164 6.42724
      vertex -2.24497 8.47151 8.40711
    endloop
  endfacet
  facet normal 5.45649e-05 0.707102 -0.707112
    outer loop
      vertex -2.02997 8.27338 8.20899
      vertex -2.48261 6.49164 6.42724
      vertex -2.14205 8.36996 8.30556
    endloop
  endfacet
  facet normal -4.66094e-05 0.707115 -0.707099
    outer loop
      vertex -1.90919 8.1822 8.1178
      vertex -2.48261 6.49164 6.42724
      vertex -2.02997 8.27338 8.20899
    endloop
  endfacet
  facet normal 4.47739e-05 0.707099 -0.707114
    outer loop
      vertex -1.78023 8.09679 8.0324
      vertex -2.48261 6.49164 6.42724
      vertex -1.90919 8.1822 8.1178
    endloop
  endfacet
  facet normal -3.92521e-05 0.707118 -0.707096
    outer loop
      vertex -1.64366 8.01754 7.95314
      vertex -2.48261 6.49164 6.42724
      vertex -1.78023 8.09679 8.0324
    endloop
  endfacet
  facet normal 3.85067e-05 0.707096 -0.707117
    outer loop
      vertex -1.50004 7.94476 7.88037
      vertex -2.48261 6.49164 6.42724
      vertex -1.64366 8.01754 7.95314
    endloop
  endfacet
  facet normal 1.64922e-06 0.707109 -0.707105
    outer loop
      vertex -1.35 7.87879 7.8144
      vertex -2.48261 6.49164 6.42724
      vertex -1.50004 7.94476 7.88037
    endloop
  endfacet
  facet normal -3.32055e-05 0.707123 -0.707091
    outer loop
      vertex -1.19418 7.8199 7.7555
      vertex -2.48261 6.49164 6.42724
      vertex -1.35 7.87879 7.8144
    endloop
  endfacet
  facet normal 0 0.707107 -0.707107
    outer loop
      vertex -1.03325 7.76834 7.70394
      vertex -2.48261 6.49164 6.42724
      vertex -1.19418 7.8199 7.7555
    endloop
  endfacet
  facet normal 0 -0.707107 -0.707107
    outer loop
      vertex -2.48261 15.0406 10.0406
      vertex 2.48261 12.5728 12.5084
      vertex -2.48261 12.5728 12.5084
    endloop
  endfacet
  facet normal 0 -0.707107 -0.707107
    outer loop
      vertex 2.48261 12.5728 12.5084
      vertex -2.48261 15.0406 10.0406
      vertex 2.48261 15.0406 10.0406
    endloop
  endfacet
  facet normal 0.866028 -0.35355 -0.35355
    outer loop
      vertex -2.48261 15.0406 10.0406
      vertex -2.48261 12.5728 12.5084
      vertex -4.95812 12.0087 7.00869
    endloop
  endfacet
  facet normal 0.866029 -0.353548 -0.353551
    outer loop
      vertex -4.96521 9.5322 9.4678
      vertex -4.95812 12.0087 7.00869
      vertex -2.48261 12.5728 12.5084
    endloop
  endfacet
  facet normal 0.866313 -0.353201 -0.353201
    outer loop
      vertex -4.95812 12.0087 7.00869
      vertex -4.96521 9.5322 9.4678
      vertex -4.96521 12 7
    endloop
  endfacet
  facet normal 0.866313 0.353201 0.353201
    outer loop
      vertex -4.96521 9.5322 9.4678
      vertex -4.95812 11.9913 6.99131
      vertex -4.96521 12 7
    endloop
  endfacet
  facet normal 0.866026 0.353554 0.353551
    outer loop
      vertex -4.95812 11.9913 6.99131
      vertex -4.96521 9.5322 9.4678
      vertex -2.48261 6.49164 6.42724
    endloop
  endfacet
endsolid OpenSCAD_Model
